t(s)	Amplitude
0.0000000000	0.0000000000
0.0001000000	0.0000000000
0.0002000000	0.0000000000
0.0003000000	0.0000000000
0.0004000000	0.0000000000
0.0005000000	0.0000000000
0.0006000000	0.0000000000
0.0007000000	0.0000000000
0.0008000000	0.0000000000
0.0009000000	0.0000000001
0.0010000000	0.0000000002
0.0011000000	0.0000000005
0.0012000000	0.0000000010
0.0013000000	0.0000000019
0.0014000000	0.0000000035
0.0015000000	0.0000000062
0.0016000000	0.0000000106
0.0017000000	0.0000000175
0.0018000000	0.0000000279
0.0019000000	0.0000000433
0.0020000000	0.0000000656
0.0021000000	0.0000000970
0.0022000000	0.0000001403
0.0023000000	0.0000001992
0.0024000000	0.0000002776
0.0025000000	0.0000003804
0.0026000000	0.0000005131
0.0027000000	0.0000006822
0.0028000000	0.0000008947
0.0029000000	0.0000011584
0.0030000000	0.0000014820
0.0031000000	0.0000018746
0.0032000000	0.0000023461
0.0033000000	0.0000029067
0.0034000000	0.0000035670
0.0035000000	0.0000043379
0.0036000000	0.0000052302
0.0037000000	0.0000062545
0.0038000000	0.0000074211
0.0039000000	0.0000087398
0.0040000000	0.0000102195
0.0041000000	0.0000118684
0.0042000000	0.0000136930
0.0043000000	0.0000156990
0.0044000000	0.0000178900
0.0045000000	0.0000202681
0.0046000000	0.0000228335
0.0047000000	0.0000255842
0.0048000000	0.0000285164
0.0049000000	0.0000316236
0.0050000000	0.0000348975
0.0051000000	0.0000383274
0.0052000000	0.0000419003
0.0053000000	0.0000456014
0.0054000000	0.0000494136
0.0055000000	0.0000533180
0.0056000000	0.0000572941
0.0057000000	0.0000613200
0.0058000000	0.0000653723
0.0059000000	0.0000694270
0.0060000000	0.0000734591
0.0061000000	0.0000774435
0.0062000000	0.0000813548
0.0063000000	0.0000851680
0.0064000000	0.0000888586
0.0065000000	0.0000924031
0.0066000000	0.0000957790
0.0067000000	0.0000989654
0.0068000000	0.0001019432
0.0069000000	0.0001046952
0.0070000000	0.0001072064
0.0071000000	0.0001094644
0.0072000000	0.0001114592
0.0073000000	0.0001131835
0.0074000000	0.0001146328
0.0075000000	0.0001158054
0.0076000000	0.0001167026
0.0077000000	0.0001173282
0.0078000000	0.0001176890
0.0079000000	0.0001177942
0.0080000000	0.0001176557
0.0081000000	0.0001172874
0.0082000000	0.0001167056
0.0083000000	0.0001159282
0.0084000000	0.0001149749
0.0085000000	0.0001138666
0.0086000000	0.0001126254
0.0087000000	0.0001112740
0.0088000000	0.0001098357
0.0089000000	0.0001083338
0.0090000000	0.0001067916
0.0091000000	0.0001052318
0.0092000000	0.0001036766
0.0093000000	0.0001021471
0.0094000000	0.0001006632
0.0095000000	0.0000992434
0.0096000000	0.0000979044
0.0097000000	0.0000966615
0.0098000000	0.0000955276
0.0099000000	0.0000945139
0.0100000000	0.0000936293
0.0101000000	0.0000928806
0.0102000000	0.0000922723
0.0103000000	0.0000918071
0.0104000000	0.0000914850
0.0105000000	0.0000913046
0.0106000000	0.0000912620
0.0107000000	0.0000913519
0.0108000000	0.0000915671
0.0109000000	0.0000918989
0.0110000000	0.0000923373
0.0111000000	0.0000928713
0.0112000000	0.0000934888
0.0113000000	0.0000941770
0.0114000000	0.0000949228
0.0115000000	0.0000957124
0.0116000000	0.0000965324
0.0117000000	0.0000973691
0.0118000000	0.0000982093
0.0119000000	0.0000990403
0.0120000000	0.0000998500
0.0121000000	0.0001006272
0.0122000000	0.0001013615
0.0123000000	0.0001020437
0.0124000000	0.0001026656
0.0125000000	0.0001032204
0.0126000000	0.0001037025
0.0127000000	0.0001041077
0.0128000000	0.0001044329
0.0129000000	0.0001046765
0.0130000000	0.0001048383
0.0131000000	0.0001049191
0.0132000000	0.0001049211
0.0133000000	0.0001048474
0.0134000000	0.0001047024
0.0135000000	0.0001044910
0.0136000000	0.0001042193
0.0137000000	0.0001038939
0.0138000000	0.0001035219
0.0139000000	0.0001031109
0.0140000000	0.0001026688
0.0141000000	0.0001022036
0.0142000000	0.0001017234
0.0143000000	0.0001012361
0.0144000000	0.0001007495
0.0145000000	0.0001002711
0.0146000000	0.0000998079
0.0147000000	0.0000993663
0.0148000000	0.0000989523
0.0149000000	0.0000985711
0.0150000000	0.0000982274
0.0151000000	0.0000979248
0.0152000000	0.0000976664
0.0153000000	0.0000974544
0.0154000000	0.0000972902
0.0155000000	0.0000971745
0.0156000000	0.0000971071
0.0157000000	0.0000970871
0.0158000000	0.0000971130
0.0159000000	0.0000971826
0.0160000000	0.0000972929
0.0161000000	0.0000974408
0.0162000000	0.0000976225
0.0163000000	0.0000978338
0.0164000000	0.0000980703
0.0165000000	0.0000983273
0.0166000000	0.0000986001
0.0167000000	0.0000988838
0.0168000000	0.0000991737
0.0169000000	0.0000994650
0.0170000000	0.0000997532
0.0171000000	0.0001000338
0.0172000000	0.0001003030
0.0173000000	0.0001005569
0.0174000000	0.0001007923
0.0175000000	0.0001010063
0.0176000000	0.0001011963
0.0177000000	0.0001013603
0.0178000000	0.0001014969
0.0179000000	0.0001016051
0.0180000000	0.0001016841
0.0181000000	0.0001017340
0.0182000000	0.0001017552
0.0183000000	0.0001017483
0.0184000000	0.0001017147
0.0185000000	0.0001016558
0.0186000000	0.0001015737
0.0187000000	0.0001014703
0.0188000000	0.0001013482
0.0189000000	0.0001012100
0.0190000000	0.0001010585
0.0191000000	0.0001008964
0.0192000000	0.0001007268
0.0193000000	0.0001005525
0.0194000000	0.0001003765
0.0195000000	0.0001002014
0.0196000000	0.0001000301
0.0197000000	0.0000998649
0.0198000000	0.0000997082
0.0199000000	0.0000995621
0.0200000000	0.0000994285
0.0201000000	0.0000993089
0.0202000000	0.0000992047
0.0203000000	0.0000991168
0.0204000000	0.0000990460
0.0205000000	0.0000989927
0.0206000000	0.0000989571
0.0207000000	0.0000989390
0.0208000000	0.0000989381
0.0209000000	0.0000989536
0.0210000000	0.0000989848
0.0211000000	0.0000990305
0.0212000000	0.0000990894
0.0213000000	0.0000991602
0.0214000000	0.0000992413
0.0215000000	0.0000993310
0.0216000000	0.0000994276
0.0217000000	0.0000995294
0.0218000000	0.0000996345
0.0219000000	0.0000997412
0.0220000000	0.0000998479
0.0221000000	0.0000999528
0.0222000000	0.0001000544
0.0223000000	0.0001001513
0.0224000000	0.0001002421
0.0225000000	0.0001003256
0.0226000000	0.0001004010
0.0227000000	0.0001004672
0.0228000000	0.0001005237
0.0229000000	0.0001005699
0.0230000000	0.0001006055
0.0231000000	0.0001006304
0.0232000000	0.0001006446
0.0233000000	0.0001006482
0.0234000000	0.0001006418
0.0235000000	0.0001006256
0.0236000000	0.0001006004
0.0237000000	0.0001005670
0.0238000000	0.0001005260
0.0239000000	0.0001004785
0.0240000000	0.0001004254
0.0241000000	0.0001003678
0.0242000000	0.0001003068
0.0243000000	0.0001002433
0.0244000000	0.0001001786
0.0245000000	0.0001001136
0.0246000000	0.0001000494
0.0247000000	0.0000999868
0.0248000000	0.0000999270
0.0249000000	0.0000998705
0.0250000000	0.0000998183
0.0251000000	0.0000997708
0.0252000000	0.0000997288
0.0253000000	0.0000996926
0.0254000000	0.0000996626
0.0255000000	0.0000996389
0.0256000000	0.0000996218
0.0257000000	0.0000996112
0.0258000000	0.0000996070
0.0259000000	0.0000996091
0.0260000000	0.0000996172
0.0261000000	0.0000996309
0.0262000000	0.0000996498
0.0263000000	0.0000996734
0.0264000000	0.0000997011
0.0265000000	0.0000997324
0.0266000000	0.0000997667
0.0267000000	0.0000998033
0.0268000000	0.0000998415
0.0269000000	0.0000998808
0.0270000000	0.0000999204
0.0271000000	0.0000999597
0.0272000000	0.0000999981
0.0273000000	0.0001000351
0.0274000000	0.0001000701
0.0275000000	0.0001001028
0.0276000000	0.0001001326
0.0277000000	0.0001001592
0.0278000000	0.0001001823
0.0279000000	0.0001002018
0.0280000000	0.0001002174
0.0281000000	0.0001002290
0.0282000000	0.0001002367
0.0283000000	0.0001002404
0.0284000000	0.0001002403
0.0285000000	0.0001002365
0.0286000000	0.0001002292
0.0287000000	0.0001002186
0.0288000000	0.0001002051
0.0289000000	0.0001001890
0.0290000000	0.0001001705
0.0291000000	0.0001001502
0.0292000000	0.0001001283
0.0293000000	0.0001001053
0.0294000000	0.0001000815
0.0295000000	0.0001000575
0.0296000000	0.0001000334
0.0297000000	0.0001000098
0.0298000000	0.0000999870
0.0299000000	0.0000999653
0.0300000000	0.0000999449
0.0301000000	0.0000999262
0.0302000000	0.0000999094
0.0303000000	0.0000998947
0.0304000000	0.0000998821
0.0305000000	0.0000998719
0.0306000000	0.0000998641
0.0307000000	0.0000998586
0.0308000000	0.0000998556
0.0309000000	0.0000998550
0.0310000000	0.0000998566
0.0311000000	0.0000998604
0.0312000000	0.0000998663
0.0313000000	0.0000998740
0.0314000000	0.0000998834
0.0315000000	0.0000998942
0.0316000000	0.0000999062
0.0317000000	0.0000999193
0.0318000000	0.0000999331
0.0319000000	0.0000999475
0.0320000000	0.0000999621
0.0321000000	0.0000999767
0.0322000000	0.0000999912
0.0323000000	0.0001000053
0.0324000000	0.0001000187
0.0325000000	0.0001000314
0.0326000000	0.0001000431
0.0327000000	0.0001000537
0.0328000000	0.0001000631
0.0329000000	0.0001000711
0.0330000000	0.0001000778
0.0331000000	0.0001000830
0.0332000000	0.0001000868
0.0333000000	0.0001000891
0.0334000000	0.0001000899
0.0335000000	0.0001000893
0.0336000000	0.0001000874
0.0337000000	0.0001000842
0.0338000000	0.0001000799
0.0339000000	0.0001000745
0.0340000000	0.0001000681
0.0341000000	0.0001000610
0.0342000000	0.0001000532
0.0343000000	0.0001000449
0.0344000000	0.0001000363
0.0345000000	0.0001000274
0.0346000000	0.0001000185
0.0347000000	0.0001000096
0.0348000000	0.0001000010
0.0349000000	0.0000999927
0.0350000000	0.0000999848
0.0351000000	0.0000999775
0.0352000000	0.0000999708
0.0353000000	0.0000999648
0.0354000000	0.0000999597
0.0355000000	0.0000999554
0.0356000000	0.0000999519
0.0357000000	0.0000999493
0.0358000000	0.0000999477
0.0359000000	0.0000999469
0.0360000000	0.0000999470
0.0361000000	0.0000999479
0.0362000000	0.0000999496
0.0363000000	0.0000999521
0.0364000000	0.0000999552
0.0365000000	0.0000999589
0.0366000000	0.0000999631
0.0367000000	0.0000999677
0.0368000000	0.0000999726
0.0369000000	0.0000999778
0.0370000000	0.0000999832
0.0371000000	0.0000999886
0.0372000000	0.0000999941
0.0373000000	0.0000999994
0.0374000000	0.0001000045
0.0375000000	0.0001000094
0.0376000000	0.0001000140
0.0377000000	0.0001000181
0.0378000000	0.0001000219
0.0379000000	0.0001000252
0.0380000000	0.0001000280
0.0381000000	0.0001000303
0.0382000000	0.0001000320
0.0383000000	0.0001000332
0.0384000000	0.0001000338
0.0385000000	0.0001000339
0.0386000000	0.0001000335
0.0387000000	0.0001000326
0.0388000000	0.0001000313
0.0389000000	0.0001000295
0.0390000000	0.0001000273
0.0391000000	0.0001000249
0.0392000000	0.0001000221
0.0393000000	0.0001000192
0.0394000000	0.0001000160
0.0395000000	0.0001000128
0.0396000000	0.0001000095
0.0397000000	0.0001000062
0.0398000000	0.0001000029
0.0399000000	0.0000999998
0.0400000000	0.0000999967
0.0401000000	0.0000999939
0.0402000000	0.0000999913
0.0403000000	0.0000999889
0.0404000000	0.0000999868
0.0405000000	0.0000999850
0.0406000000	0.0000999835
0.0407000000	0.0000999824
0.0408000000	0.0000999816
0.0409000000	0.0000999811
0.0410000000	0.0000999809
0.0411000000	0.0000999811
0.0412000000	0.0000999815
0.0413000000	0.0000999823
0.0414000000	0.0000999833
0.0415000000	0.0000999845
0.0416000000	0.0000999859
0.0417000000	0.0000999876
0.0418000000	0.0000999893
0.0419000000	0.0000999912
0.0420000000	0.0000999932
0.0421000000	0.0000999952
0.0422000000	0.0000999972
0.0423000000	0.0000999992
0.0424000000	0.0001000011
0.0425000000	0.0001000030
0.0426000000	0.0001000048
0.0427000000	0.0001000064
0.0428000000	0.0001000079
0.0429000000	0.0001000092
0.0430000000	0.0001000104
0.0431000000	0.0001000113
0.0432000000	0.0001000121
0.0433000000	0.0001000127
0.0434000000	0.0001000130
0.0435000000	0.0001000132
0.0436000000	0.0001000131
0.0437000000	0.0001000129
0.0438000000	0.0001000125
0.0439000000	0.0001000120
0.0440000000	0.0001000113
0.0441000000	0.0001000104
0.0442000000	0.0001000095
0.0443000000	0.0001000084
0.0444000000	0.0001000073
0.0445000000	0.0001000061
0.0446000000	0.0001000049
0.0447000000	0.0001000037
0.0448000000	0.0001000024
0.0449000000	0.0001000012
0.0450000000	0.0001000001
0.0451000000	0.0000999990
0.0452000000	0.0000999980
0.0453000000	0.0000999970
0.0454000000	0.0000999962
0.0455000000	0.0000999955
0.0456000000	0.0000999948
0.0457000000	0.0000999943
0.0458000000	0.0000999940
0.0459000000	0.0000999937
0.0460000000	0.0000999936
0.0461000000	0.0000999935
0.0462000000	0.0000999936
0.0463000000	0.0000999939
0.0464000000	0.0000999942
0.0465000000	0.0000999946
0.0466000000	0.0000999951
0.0467000000	0.0000999956
0.0468000000	0.0000999962
0.0469000000	0.0000999969
0.0470000000	0.0000999976
0.0471000000	0.0000999984
0.0472000000	0.0000999991
0.0473000000	0.0000999999
0.0474000000	0.0001000006
0.0475000000	0.0001000013
0.0476000000	0.0001000020
0.0477000000	0.0001000026
0.0478000000	0.0001000032
0.0479000000	0.0001000037
0.0480000000	0.0001000042
0.0481000000	0.0001000046
0.0482000000	0.0001000049
0.0483000000	0.0001000052
0.0484000000	0.0001000054
0.0485000000	0.0001000055
0.0486000000	0.0001000055
0.0487000000	0.0001000055
0.0488000000	0.0001000054
0.0489000000	0.0001000052
0.0490000000	0.0001000050
0.0491000000	0.0001000047
0.0492000000	0.0001000043
0.0493000000	0.0001000040
0.0494000000	0.0001000036
0.0495000000	0.0001000031
0.0496000000	0.0001000027
0.0497000000	0.0001000023
0.0498000000	0.0001000018
0.0499000000	0.0001000013
0.0500000000	0.0001000009
0.0501000000	0.0001000005
0.0502000000	0.0001000001
0.0503000000	0.0000999997
0.0504000000	0.0000999994
0.0505000000	0.0000999991
0.0506000000	0.0000999988
0.0507000000	0.0000999986
0.0508000000	0.0000999985
0.0509000000	0.0000999983
0.0510000000	0.0000999983
0.0511000000	0.0000999982
0.0512000000	0.0000999982
0.0513000000	0.0000999983
0.0514000000	0.0000999984
0.0515000000	0.0000999985
0.0516000000	0.0000999987
0.0517000000	0.0000999989
0.0518000000	0.0000999991
0.0519000000	0.0000999993
0.0520000000	0.0000999996
0.0521000000	0.0000999998
0.0522000000	0.0001000001
0.0523000000	0.0001000004
0.0524000000	0.0001000007
0.0525000000	0.0001000009
0.0526000000	0.0001000012
0.0527000000	0.0001000014
0.0528000000	0.0001000017
0.0529000000	0.0001000019
0.0530000000	0.0001000021
0.0531000000	0.0001000022
0.0532000000	0.0001000024
0.0533000000	0.0001000025
0.0534000000	0.0001000026
0.0535000000	0.0001000026
0.0536000000	0.0001000026
0.0537000000	0.0001000027
0.0538000000	0.0001000026
0.0539000000	0.0001000026
0.0540000000	0.0001000025
0.0541000000	0.0001000024
0.0542000000	0.0001000023
0.0543000000	0.0001000022
0.0544000000	0.0001000020
0.0545000000	0.0001000019
0.0546000000	0.0001000017
0.0547000000	0.0001000016
0.0548000000	0.0001000014
0.0549000000	0.0001000012
0.0550000000	0.0001000011
0.0551000000	0.0001000009
0.0552000000	0.0001000007
0.0553000000	0.0001000006
0.0554000000	0.0001000005
0.0555000000	0.0001000003
0.0556000000	0.0001000002
0.0557000000	0.0001000002
0.0558000000	0.0001000001
0.0559000000	0.0001000000
0.0560000000	0.0001000000
0.0561000000	0.0001000000
0.0562000000	0.0001000000
0.0563000000	0.0001000000
0.0564000000	0.0001000000
0.0565000000	0.0001000000
0.0566000000	0.0001000001
0.0567000000	0.0001000001
0.0568000000	0.0001000002
0.0569000000	0.0001000003
0.0570000000	0.0001000004
0.0571000000	0.0001000005
0.0572000000	0.0001000006
0.0573000000	0.0001000007
0.0574000000	0.0001000008
0.0575000000	0.0001000009
0.0576000000	0.0001000010
0.0577000000	0.0001000011
0.0578000000	0.0001000012
0.0579000000	0.0001000013
0.0580000000	0.0001000013
0.0581000000	0.0001000014
0.0582000000	0.0001000015
0.0583000000	0.0001000015
0.0584000000	0.0001000015
0.0585000000	0.0001000016
0.0586000000	0.0001000016
0.0587000000	0.0001000016
0.0588000000	0.0001000016
0.0589000000	0.0001000016
0.0590000000	0.0001000016
0.0591000000	0.0001000015
0.0592000000	0.0001000015
0.0593000000	0.0001000014
0.0594000000	0.0001000014
0.0595000000	0.0001000013
0.0596000000	0.0001000013
0.0597000000	0.0001000012
0.0598000000	0.0001000012
0.0599000000	0.0001000011
0.0600000000	0.0001000010
0.0601000000	0.0001000010
0.0602000000	0.0001000009
0.0603000000	0.0001000009
0.0604000000	0.0001000008
0.0605000000	0.0001000008
0.0606000000	0.0001000007
0.0607000000	0.0001000007
0.0608000000	0.0001000007
0.0609000000	0.0001000006
0.0610000000	0.0001000006
0.0611000000	0.0001000006
0.0612000000	0.0001000006
0.0613000000	0.0001000006
0.0614000000	0.0001000006
0.0615000000	0.0001000006
0.0616000000	0.0001000006
0.0617000000	0.0001000007
0.0618000000	0.0001000007
0.0619000000	0.0001000007
0.0620000000	0.0001000007
0.0621000000	0.0001000008
0.0622000000	0.0001000008
0.0623000000	0.0001000008
0.0624000000	0.0001000009
0.0625000000	0.0001000009
0.0626000000	0.0001000010
0.0627000000	0.0001000010
0.0628000000	0.0001000010
0.0629000000	0.0001000011
0.0630000000	0.0001000011
0.0631000000	0.0001000011
0.0632000000	0.0001000011
0.0633000000	0.0001000012
0.0634000000	0.0001000012
0.0635000000	0.0001000012
0.0636000000	0.0001000012
0.0637000000	0.0001000012
0.0638000000	0.0001000012
0.0639000000	0.0001000012
0.0640000000	0.0001000012
0.0641000000	0.0001000012
0.0642000000	0.0001000012
0.0643000000	0.0001000012
0.0644000000	0.0001000011
0.0645000000	0.0001000011
0.0646000000	0.0001000011
0.0647000000	0.0001000011
0.0648000000	0.0001000011
0.0649000000	0.0001000010
0.0650000000	0.0001000010
0.0651000000	0.0001000010
0.0652000000	0.0001000010
0.0653000000	0.0001000009
0.0654000000	0.0001000009
0.0655000000	0.0001000009
0.0656000000	0.0001000009
0.0657000000	0.0001000009
0.0658000000	0.0001000009
0.0659000000	0.0001000009
0.0660000000	0.0001000008
0.0661000000	0.0001000008
0.0662000000	0.0001000008
0.0663000000	0.0001000008
0.0664000000	0.0001000008
0.0665000000	0.0001000008
0.0666000000	0.0001000008
0.0667000000	0.0001000009
0.0668000000	0.0001000009
0.0669000000	0.0001000009
0.0670000000	0.0001000009
0.0671000000	0.0001000009
0.0672000000	0.0001000009
0.0673000000	0.0001000009
0.0674000000	0.0001000009
0.0675000000	0.0001000009
0.0676000000	0.0001000010
0.0677000000	0.0001000010
0.0678000000	0.0001000010
0.0679000000	0.0001000010
0.0680000000	0.0001000010
0.0681000000	0.0001000010
0.0682000000	0.0001000010
0.0683000000	0.0001000010
0.0684000000	0.0001000010
0.0685000000	0.0001000011
0.0686000000	0.0001000011
0.0687000000	0.0001000011
0.0688000000	0.0001000011
0.0689000000	0.0001000011
0.0690000000	0.0001000011
0.0691000000	0.0001000011
0.0692000000	0.0001000011
0.0693000000	0.0001000010
0.0694000000	0.0001000010
0.0695000000	0.0001000010
0.0696000000	0.0001000010
0.0697000000	0.0001000010
0.0698000000	0.0001000010
0.0699000000	0.0001000010
0.0700000000	0.0001000010
0.0701000000	0.0001000010
0.0702000000	0.0001000010
0.0703000000	0.0001000010
0.0704000000	0.0001000010
0.0705000000	0.0001000010
0.0706000000	0.0001000009
0.0707000000	0.0001000009
0.0708000000	0.0001000009
0.0709000000	0.0001000009
0.0710000000	0.0001000009
0.0711000000	0.0001000009
0.0712000000	0.0001000009
0.0713000000	0.0001000009
0.0714000000	0.0001000009
0.0715000000	0.0001000009
0.0716000000	0.0001000009
0.0717000000	0.0001000009
0.0718000000	0.0001000009
0.0719000000	0.0001000009
0.0720000000	0.0001000009
0.0721000000	0.0001000009
0.0722000000	0.0001000009
0.0723000000	0.0001000010
0.0724000000	0.0001000010
0.0725000000	0.0001000010
0.0726000000	0.0001000010
0.0727000000	0.0001000010
0.0728000000	0.0001000010
0.0729000000	0.0001000010
0.0730000000	0.0001000010
0.0731000000	0.0001000010
0.0732000000	0.0001000010
0.0733000000	0.0001000010
0.0734000000	0.0001000010
0.0735000000	0.0001000010
0.0736000000	0.0001000010
0.0737000000	0.0001000010
0.0738000000	0.0001000010
0.0739000000	0.0001000010
0.0740000000	0.0001000010
0.0741000000	0.0001000010
0.0742000000	0.0001000010
0.0743000000	0.0001000010
0.0744000000	0.0001000010
0.0745000000	0.0001000010
0.0746000000	0.0001000010
0.0747000000	0.0001000010
0.0748000000	0.0001000010
0.0749000000	0.0001000010
0.0750000000	0.0001000010
0.0751000000	0.0001000010
0.0752000000	0.0001000010
0.0753000000	0.0001000010
0.0754000000	0.0001000010
0.0755000000	0.0001000010
0.0756000000	0.0001000010
0.0757000000	0.0001000010
0.0758000000	0.0001000010
0.0759000000	0.0001000010
0.0760000000	0.0001000010
0.0761000000	0.0001000010
0.0762000000	0.0001000010
0.0763000000	0.0001000010
0.0764000000	0.0001000010
0.0765000000	0.0001000010
0.0766000000	0.0001000010
0.0767000000	0.0001000010
0.0768000000	0.0001000010
0.0769000000	0.0001000010
0.0770000000	0.0001000010
0.0771000000	0.0001000010
0.0772000000	0.0001000010
0.0773000000	0.0001000010
0.0774000000	0.0001000010
0.0775000000	0.0001000010
0.0776000000	0.0001000010
0.0777000000	0.0001000010
0.0778000000	0.0001000010
0.0779000000	0.0001000010
0.0780000000	0.0001000010
0.0781000000	0.0001000010
0.0782000000	0.0001000010
0.0783000000	0.0001000010
0.0784000000	0.0001000010
0.0785000000	0.0001000010
0.0786000000	0.0001000010
0.0787000000	0.0001000010
0.0788000000	0.0001000010
0.0789000000	0.0001000010
0.0790000000	0.0001000010
0.0791000000	0.0001000010
0.0792000000	0.0001000010
0.0793000000	0.0001000010
0.0794000000	0.0001000010
0.0795000000	0.0001000010
0.0796000000	0.0001000010
0.0797000000	0.0001000010
0.0798000000	0.0001000010
0.0799000000	0.0001000010
0.0800000000	0.0001000010
0.0801000000	0.0001000010
0.0802000000	0.0001000010
0.0803000000	0.0001000010
0.0804000000	0.0001000010
0.0805000000	0.0001000010
0.0806000000	0.0001000010
0.0807000000	0.0001000010
0.0808000000	0.0001000010
0.0809000000	0.0001000010
0.0810000000	0.0001000010
0.0811000000	0.0001000010
0.0812000000	0.0001000010
0.0813000000	0.0001000010
0.0814000000	0.0001000010
0.0815000000	0.0001000010
0.0816000000	0.0001000010
0.0817000000	0.0001000010
0.0818000000	0.0001000010
0.0819000000	0.0001000010
0.0820000000	0.0001000010
0.0821000000	0.0001000010
0.0822000000	0.0001000010
0.0823000000	0.0001000010
0.0824000000	0.0001000010
0.0825000000	0.0001000010
0.0826000000	0.0001000010
0.0827000000	0.0001000010
0.0828000000	0.0001000010
0.0829000000	0.0001000010
0.0830000000	0.0001000010
0.0831000000	0.0001000010
0.0832000000	0.0001000010
0.0833000000	0.0001000010
0.0834000000	0.0001000010
0.0835000000	0.0001000010
0.0836000000	0.0001000010
0.0837000000	0.0001000010
0.0838000000	0.0001000010
0.0839000000	0.0001000010
0.0840000000	0.0001000010
0.0841000000	0.0001000010
0.0842000000	0.0001000010
0.0843000000	0.0001000010
0.0844000000	0.0001000010
0.0845000000	0.0001000010
0.0846000000	0.0001000010
0.0847000000	0.0001000010
0.0848000000	0.0001000010
0.0849000000	0.0001000010
0.0850000000	0.0001000010
0.0851000000	0.0001000010
0.0852000000	0.0001000010
0.0853000000	0.0001000010
0.0854000000	0.0001000010
0.0855000000	0.0001000010
0.0856000000	0.0001000010
0.0857000000	0.0001000010
0.0858000000	0.0001000010
0.0859000000	0.0001000010
0.0860000000	0.0001000010
0.0861000000	0.0001000010
0.0862000000	0.0001000010
0.0863000000	0.0001000010
0.0864000000	0.0001000010
0.0865000000	0.0001000010
0.0866000000	0.0001000010
0.0867000000	0.0001000010
0.0868000000	0.0001000010
0.0869000000	0.0001000010
0.0870000000	0.0001000010
0.0871000000	0.0001000010
0.0872000000	0.0001000010
0.0873000000	0.0001000010
0.0874000000	0.0001000010
0.0875000000	0.0001000010
0.0876000000	0.0001000010
0.0877000000	0.0001000010
0.0878000000	0.0001000010
0.0879000000	0.0001000010
0.0880000000	0.0001000010
0.0881000000	0.0001000010
0.0882000000	0.0001000010
0.0883000000	0.0001000010
0.0884000000	0.0001000010
0.0885000000	0.0001000010
0.0886000000	0.0001000010
0.0887000000	0.0001000010
0.0888000000	0.0001000010
0.0889000000	0.0001000010
0.0890000000	0.0001000010
0.0891000000	0.0001000010
0.0892000000	0.0001000010
0.0893000000	0.0001000010
0.0894000000	0.0001000010
0.0895000000	0.0001000010
0.0896000000	0.0001000010
0.0897000000	0.0001000010
0.0898000000	0.0001000010
0.0899000000	0.0001000010
0.0900000000	0.0001000010
0.0901000000	0.0001000010
0.0902000000	0.0001000010
0.0903000000	0.0001000010
0.0904000000	0.0001000010
0.0905000000	0.0001000010
0.0906000000	0.0001000010
0.0907000000	0.0001000010
0.0908000000	0.0001000010
0.0909000000	0.0001000010
0.0910000000	0.0001000010
0.0911000000	0.0001000010
0.0912000000	0.0001000010
0.0913000000	0.0001000010
0.0914000000	0.0001000010
0.0915000000	0.0001000010
0.0916000000	0.0001000010
0.0917000000	0.0001000010
0.0918000000	0.0001000010
0.0919000000	0.0001000010
0.0920000000	0.0001000010
0.0921000000	0.0001000010
0.0922000000	0.0001000010
0.0923000000	0.0001000010
0.0924000000	0.0001000010
0.0925000000	0.0001000010
0.0926000000	0.0001000010
0.0927000000	0.0001000010
0.0928000000	0.0001000010
0.0929000000	0.0001000010
0.0930000000	0.0001000010
0.0931000000	0.0001000010
0.0932000000	0.0001000010
0.0933000000	0.0001000010
0.0934000000	0.0001000010
0.0935000000	0.0001000010
0.0936000000	0.0001000010
0.0937000000	0.0001000010
0.0938000000	0.0001000010
0.0939000000	0.0001000010
0.0940000000	0.0001000010
0.0941000000	0.0001000010
0.0942000000	0.0001000010
0.0943000000	0.0001000010
0.0944000000	0.0001000010
0.0945000000	0.0001000010
0.0946000000	0.0001000010
0.0947000000	0.0001000010
0.0948000000	0.0001000010
0.0949000000	0.0001000010
0.0950000000	0.0001000010
0.0951000000	0.0001000010
0.0952000000	0.0001000010
0.0953000000	0.0001000010
0.0954000000	0.0001000010
0.0955000000	0.0001000010
0.0956000000	0.0001000010
0.0957000000	0.0001000010
0.0958000000	0.0001000010
0.0959000000	0.0001000010
0.0960000000	0.0001000010
0.0961000000	0.0001000010
0.0962000000	0.0001000010
0.0963000000	0.0001000010
0.0964000000	0.0001000010
0.0965000000	0.0001000010
0.0966000000	0.0001000010
0.0967000000	0.0001000010
0.0968000000	0.0001000010
0.0969000000	0.0001000010
0.0970000000	0.0001000010
0.0971000000	0.0001000010
0.0972000000	0.0001000010
0.0973000000	0.0001000010
0.0974000000	0.0001000010
0.0975000000	0.0001000010
0.0976000000	0.0001000010
0.0977000000	0.0001000010
0.0978000000	0.0001000010
0.0979000000	0.0001000010
0.0980000000	0.0001000010
0.0981000000	0.0001000010
0.0982000000	0.0001000010
0.0983000000	0.0001000010
0.0984000000	0.0001000010
0.0985000000	0.0001000010
0.0986000000	0.0001000010
0.0987000000	0.0001000010
0.0988000000	0.0001000010
0.0989000000	0.0001000010
0.0990000000	0.0001000010
0.0991000000	0.0001000010
0.0992000000	0.0001000010
0.0993000000	0.0001000010
0.0994000000	0.0001000010
0.0995000000	0.0001000010
0.0996000000	0.0001000010
0.0997000000	0.0001000010
0.0998000000	0.0001000010
0.0999000000	0.0001000010
0.1000000000	0.0001000010
0.1001000000	0.0001000010
0.1002000000	0.0001000010
0.1003000000	0.0001000010
0.1004000000	0.0001000010
0.1005000000	0.0001000010
0.1006000000	0.0001000010
0.1007000000	0.0001000010
0.1008000000	0.0001000010
0.1009000000	0.0001000010
0.1010000000	0.0001000010
0.1011000000	0.0001000010
0.1012000000	0.0001000010
0.1013000000	0.0001000010
0.1014000000	0.0001000010
0.1015000000	0.0001000010
0.1016000000	0.0001000010
0.1017000000	0.0001000010
0.1018000000	0.0001000010
0.1019000000	0.0001000010
0.1020000000	0.0001000010
0.1021000000	0.0001000010
0.1022000000	0.0001000010
0.1023000000	0.0001000010
0.1024000000	0.0001000010
0.1025000000	0.0001000010
0.1026000000	0.0001000010
0.1027000000	0.0001000010
0.1028000000	0.0001000010
0.1029000000	0.0001000010
0.1030000000	0.0001000010
0.1031000000	0.0001000010
0.1032000000	0.0001000010
0.1033000000	0.0001000010
0.1034000000	0.0001000010
0.1035000000	0.0001000010
0.1036000000	0.0001000010
0.1037000000	0.0001000010
0.1038000000	0.0001000010
0.1039000000	0.0001000010
0.1040000000	0.0001000010
0.1041000000	0.0001000010
0.1042000000	0.0001000010
0.1043000000	0.0001000010
0.1044000000	0.0001000010
0.1045000000	0.0001000010
0.1046000000	0.0001000010
0.1047000000	0.0001000010
0.1048000000	0.0001000010
0.1049000000	0.0001000010
0.1050000000	0.0001000010
0.1051000000	0.0001000010
0.1052000000	0.0001000010
0.1053000000	0.0001000010
0.1054000000	0.0001000010
0.1055000000	0.0001000010
0.1056000000	0.0001000010
0.1057000000	0.0001000010
0.1058000000	0.0001000010
0.1059000000	0.0001000010
0.1060000000	0.0001000010
0.1061000000	0.0001000010
0.1062000000	0.0001000010
0.1063000000	0.0001000010
0.1064000000	0.0001000010
0.1065000000	0.0001000010
0.1066000000	0.0001000010
0.1067000000	0.0001000010
0.1068000000	0.0001000010
0.1069000000	0.0001000010
0.1070000000	0.0001000010
0.1071000000	0.0001000010
0.1072000000	0.0001000010
0.1073000000	0.0001000010
0.1074000000	0.0001000010
0.1075000000	0.0001000010
0.1076000000	0.0001000010
0.1077000000	0.0001000010
0.1078000000	0.0001000010
0.1079000000	0.0001000010
0.1080000000	0.0001000010
0.1081000000	0.0001000010
0.1082000000	0.0001000010
0.1083000000	0.0001000010
0.1084000000	0.0001000010
0.1085000000	0.0001000010
0.1086000000	0.0001000010
0.1087000000	0.0001000010
0.1088000000	0.0001000010
0.1089000000	0.0001000010
0.1090000000	0.0001000010
0.1091000000	0.0001000010
0.1092000000	0.0001000010
0.1093000000	0.0001000010
0.1094000000	0.0001000010
0.1095000000	0.0001000010
0.1096000000	0.0001000010
0.1097000000	0.0001000010
0.1098000000	0.0001000010
0.1099000000	0.0001000010
0.1100000000	0.0001000010
0.1101000000	0.0001000010
0.1102000000	0.0001000010
0.1103000000	0.0001000010
0.1104000000	0.0001000010
0.1105000000	0.0001000010
0.1106000000	0.0001000010
0.1107000000	0.0001000010
0.1108000000	0.0001000010
0.1109000000	0.0001000010
0.1110000000	0.0001000010
0.1111000000	0.0001000010
0.1112000000	0.0001000010
0.1113000000	0.0001000010
0.1114000000	0.0001000010
0.1115000000	0.0001000010
0.1116000000	0.0001000010
0.1117000000	0.0001000010
0.1118000000	0.0001000010
0.1119000000	0.0001000010
0.1120000000	0.0001000010
0.1121000000	0.0001000010
0.1122000000	0.0001000010
0.1123000000	0.0001000010
0.1124000000	0.0001000010
0.1125000000	0.0001000010
0.1126000000	0.0001000010
0.1127000000	0.0001000010
0.1128000000	0.0001000010
0.1129000000	0.0001000010
0.1130000000	0.0001000010
0.1131000000	0.0001000010
0.1132000000	0.0001000010
0.1133000000	0.0001000010
0.1134000000	0.0001000010
0.1135000000	0.0001000010
0.1136000000	0.0001000010
0.1137000000	0.0001000010
0.1138000000	0.0001000010
0.1139000000	0.0001000010
0.1140000000	0.0001000010
0.1141000000	0.0001000010
0.1142000000	0.0001000010
0.1143000000	0.0001000010
0.1144000000	0.0001000010
0.1145000000	0.0001000010
0.1146000000	0.0001000010
0.1147000000	0.0001000010
0.1148000000	0.0001000010
0.1149000000	0.0001000010
0.1150000000	0.0001000010
0.1151000000	0.0001000010
0.1152000000	0.0001000010
0.1153000000	0.0001000010
0.1154000000	0.0001000010
0.1155000000	0.0001000010
0.1156000000	0.0001000010
0.1157000000	0.0001000010
0.1158000000	0.0001000010
0.1159000000	0.0001000010
0.1160000000	0.0001000010
0.1161000000	0.0001000010
0.1162000000	0.0001000010
0.1163000000	0.0001000010
0.1164000000	0.0001000010
0.1165000000	0.0001000010
0.1166000000	0.0001000010
0.1167000000	0.0001000010
0.1168000000	0.0001000010
0.1169000000	0.0001000010
0.1170000000	0.0001000010
0.1171000000	0.0001000010
0.1172000000	0.0001000010
0.1173000000	0.0001000010
0.1174000000	0.0001000010
0.1175000000	0.0001000010
0.1176000000	0.0001000010
0.1177000000	0.0001000010
0.1178000000	0.0001000010
0.1179000000	0.0001000010
0.1180000000	0.0001000010
0.1181000000	0.0001000010
0.1182000000	0.0001000010
0.1183000000	0.0001000010
0.1184000000	0.0001000010
0.1185000000	0.0001000010
0.1186000000	0.0001000010
0.1187000000	0.0001000010
0.1188000000	0.0001000010
0.1189000000	0.0001000010
0.1190000000	0.0001000010
0.1191000000	0.0001000010
0.1192000000	0.0001000010
0.1193000000	0.0001000010
0.1194000000	0.0001000010
0.1195000000	0.0001000010
0.1196000000	0.0001000010
0.1197000000	0.0001000010
0.1198000000	0.0001000010
0.1199000000	0.0001000010
0.1200000000	0.0001000010
0.1201000000	0.0001000010
0.1202000000	0.0001000010
0.1203000000	0.0001000010
0.1204000000	0.0001000010
0.1205000000	0.0001000010
0.1206000000	0.0001000010
0.1207000000	0.0001000010
0.1208000000	0.0001000010
0.1209000000	0.0001000010
0.1210000000	0.0001000010
0.1211000000	0.0001000010
0.1212000000	0.0001000010
0.1213000000	0.0001000010
0.1214000000	0.0001000010
0.1215000000	0.0001000010
0.1216000000	0.0001000010
0.1217000000	0.0001000010
0.1218000000	0.0001000010
0.1219000000	0.0001000010
0.1220000000	0.0001000010
0.1221000000	0.0001000010
0.1222000000	0.0001000010
0.1223000000	0.0001000010
0.1224000000	0.0001000010
0.1225000000	0.0001000010
0.1226000000	0.0001000010
0.1227000000	0.0001000010
0.1228000000	0.0001000010
0.1229000000	0.0001000010
0.1230000000	0.0001000010
0.1231000000	0.0001000010
0.1232000000	0.0001000010
0.1233000000	0.0001000010
0.1234000000	0.0001000010
0.1235000000	0.0001000010
0.1236000000	0.0001000010
0.1237000000	0.0001000010
0.1238000000	0.0001000010
0.1239000000	0.0001000010
0.1240000000	0.0001000010
0.1241000000	0.0001000010
0.1242000000	0.0001000010
0.1243000000	0.0001000010
0.1244000000	0.0001000010
0.1245000000	0.0001000010
0.1246000000	0.0001000010
0.1247000000	0.0001000010
0.1248000000	0.0001000010
0.1249000000	0.0001000010
0.1250000000	0.0001000010
0.1251000000	0.0001000010
0.1252000000	0.0001000010
0.1253000000	0.0001000010
0.1254000000	0.0001000010
0.1255000000	0.0001000010
0.1256000000	0.0001000010
0.1257000000	0.0001000010
0.1258000000	0.0001000010
0.1259000000	0.0001000010
0.1260000000	0.0001000010
0.1261000000	0.0001000010
0.1262000000	0.0001000010
0.1263000000	0.0001000010
0.1264000000	0.0001000010
0.1265000000	0.0001000010
0.1266000000	0.0001000010
0.1267000000	0.0001000010
0.1268000000	0.0001000010
0.1269000000	0.0001000010
0.1270000000	0.0001000010
0.1271000000	0.0001000010
0.1272000000	0.0001000010
0.1273000000	0.0001000010
0.1274000000	0.0001000010
0.1275000000	0.0001000010
0.1276000000	0.0001000010
0.1277000000	0.0001000010
0.1278000000	0.0001000010
0.1279000000	0.0001000010
0.1280000000	0.0001000010
0.1281000000	0.0001000010
0.1282000000	0.0001000010
0.1283000000	0.0001000010
0.1284000000	0.0001000010
0.1285000000	0.0001000010
0.1286000000	0.0001000010
0.1287000000	0.0001000010
0.1288000000	0.0001000010
0.1289000000	0.0001000010
0.1290000000	0.0001000010
0.1291000000	0.0001000010
0.1292000000	0.0001000010
0.1293000000	0.0001000010
0.1294000000	0.0001000010
0.1295000000	0.0001000010
0.1296000000	0.0001000010
0.1297000000	0.0001000010
0.1298000000	0.0001000010
0.1299000000	0.0001000010
0.1300000000	0.0001000010
0.1301000000	0.0001000010
0.1302000000	0.0001000010
0.1303000000	0.0001000010
0.1304000000	0.0001000010
0.1305000000	0.0001000010
0.1306000000	0.0001000010
0.1307000000	0.0001000010
0.1308000000	0.0001000010
0.1309000000	0.0001000010
0.1310000000	0.0001000010
0.1311000000	0.0001000010
0.1312000000	0.0001000010
0.1313000000	0.0001000010
0.1314000000	0.0001000010
0.1315000000	0.0001000010
0.1316000000	0.0001000010
0.1317000000	0.0001000010
0.1318000000	0.0001000010
0.1319000000	0.0001000010
0.1320000000	0.0001000010
0.1321000000	0.0001000010
0.1322000000	0.0001000010
0.1323000000	0.0001000010
0.1324000000	0.0001000010
0.1325000000	0.0001000010
0.1326000000	0.0001000010
0.1327000000	0.0001000010
0.1328000000	0.0001000010
0.1329000000	0.0001000010
0.1330000000	0.0001000010
0.1331000000	0.0001000010
0.1332000000	0.0001000010
0.1333000000	0.0001000010
0.1334000000	0.0001000010
0.1335000000	0.0001000010
0.1336000000	0.0001000010
0.1337000000	0.0001000010
0.1338000000	0.0001000010
0.1339000000	0.0001000010
0.1340000000	0.0001000010
0.1341000000	0.0001000010
0.1342000000	0.0001000010
0.1343000000	0.0001000010
0.1344000000	0.0001000010
0.1345000000	0.0001000010
0.1346000000	0.0001000010
0.1347000000	0.0001000010
0.1348000000	0.0001000010
0.1349000000	0.0001000010
0.1350000000	0.0001000010
0.1351000000	0.0001000010
0.1352000000	0.0001000010
0.1353000000	0.0001000010
0.1354000000	0.0001000010
0.1355000000	0.0001000010
0.1356000000	0.0001000010
0.1357000000	0.0001000010
0.1358000000	0.0001000010
0.1359000000	0.0001000010
0.1360000000	0.0001000010
0.1361000000	0.0001000010
0.1362000000	0.0001000010
0.1363000000	0.0001000010
0.1364000000	0.0001000010
0.1365000000	0.0001000010
0.1366000000	0.0001000010
0.1367000000	0.0001000010
0.1368000000	0.0001000010
0.1369000000	0.0001000010
0.1370000000	0.0001000010
0.1371000000	0.0001000010
0.1372000000	0.0001000010
0.1373000000	0.0001000010
0.1374000000	0.0001000010
0.1375000000	0.0001000010
0.1376000000	0.0001000010
0.1377000000	0.0001000010
0.1378000000	0.0001000010
0.1379000000	0.0001000010
0.1380000000	0.0001000010
0.1381000000	0.0001000010
0.1382000000	0.0001000010
0.1383000000	0.0001000010
0.1384000000	0.0001000010
0.1385000000	0.0001000010
0.1386000000	0.0001000010
0.1387000000	0.0001000010
0.1388000000	0.0001000010
0.1389000000	0.0001000010
0.1390000000	0.0001000010
0.1391000000	0.0001000010
0.1392000000	0.0001000010
0.1393000000	0.0001000010
0.1394000000	0.0001000010
0.1395000000	0.0001000010
0.1396000000	0.0001000010
0.1397000000	0.0001000010
0.1398000000	0.0001000010
0.1399000000	0.0001000010
0.1400000000	0.0001000010
0.1401000000	0.0001000010
0.1402000000	0.0001000010
0.1403000000	0.0001000010
0.1404000000	0.0001000010
0.1405000000	0.0001000010
0.1406000000	0.0001000010
0.1407000000	0.0001000010
0.1408000000	0.0001000010
0.1409000000	0.0001000010
0.1410000000	0.0001000010
0.1411000000	0.0001000010
0.1412000000	0.0001000010
0.1413000000	0.0001000010
0.1414000000	0.0001000010
0.1415000000	0.0001000010
0.1416000000	0.0001000010
0.1417000000	0.0001000010
0.1418000000	0.0001000010
0.1419000000	0.0001000010
0.1420000000	0.0001000010
0.1421000000	0.0001000010
0.1422000000	0.0001000010
0.1423000000	0.0001000010
0.1424000000	0.0001000010
0.1425000000	0.0001000010
0.1426000000	0.0001000010
0.1427000000	0.0001000010
0.1428000000	0.0001000010
0.1429000000	0.0001000010
0.1430000000	0.0001000010
0.1431000000	0.0001000010
0.1432000000	0.0001000010
0.1433000000	0.0001000010
0.1434000000	0.0001000010
0.1435000000	0.0001000010
0.1436000000	0.0001000010
0.1437000000	0.0001000010
0.1438000000	0.0001000010
0.1439000000	0.0001000010
0.1440000000	0.0001000010
0.1441000000	0.0001000010
0.1442000000	0.0001000010
0.1443000000	0.0001000010
0.1444000000	0.0001000010
0.1445000000	0.0001000010
0.1446000000	0.0001000010
0.1447000000	0.0001000010
0.1448000000	0.0001000010
0.1449000000	0.0001000010
0.1450000000	0.0001000010
0.1451000000	0.0001000010
0.1452000000	0.0001000010
0.1453000000	0.0001000010
0.1454000000	0.0001000010
0.1455000000	0.0001000010
0.1456000000	0.0001000010
0.1457000000	0.0001000010
0.1458000000	0.0001000010
0.1459000000	0.0001000010
0.1460000000	0.0001000010
0.1461000000	0.0001000010
0.1462000000	0.0001000010
0.1463000000	0.0001000010
0.1464000000	0.0001000010
0.1465000000	0.0001000010
0.1466000000	0.0001000010
0.1467000000	0.0001000010
0.1468000000	0.0001000010
0.1469000000	0.0001000010
0.1470000000	0.0001000010
0.1471000000	0.0001000010
0.1472000000	0.0001000010
0.1473000000	0.0001000010
0.1474000000	0.0001000010
0.1475000000	0.0001000010
0.1476000000	0.0001000010
0.1477000000	0.0001000010
0.1478000000	0.0001000010
0.1479000000	0.0001000010
0.1480000000	0.0001000010
0.1481000000	0.0001000010
0.1482000000	0.0001000010
0.1483000000	0.0001000010
0.1484000000	0.0001000010
0.1485000000	0.0001000010
0.1486000000	0.0001000010
0.1487000000	0.0001000010
0.1488000000	0.0001000010
0.1489000000	0.0001000010
0.1490000000	0.0001000010
0.1491000000	0.0001000010
0.1492000000	0.0001000010
0.1493000000	0.0001000010
0.1494000000	0.0001000010
0.1495000000	0.0001000010
0.1496000000	0.0001000010
0.1497000000	0.0001000010
0.1498000000	0.0001000010
0.1499000000	0.0001000010
0.1500000000	0.0001000010
0.1501000000	0.0001000010
0.1502000000	0.0001000010
0.1503000000	0.0001000010
0.1504000000	0.0001000010
0.1505000000	0.0001000010
0.1506000000	0.0001000010
0.1507000000	0.0001000010
0.1508000000	0.0001000010
0.1509000000	0.0001000010
0.1510000000	0.0001000010
0.1511000000	0.0001000010
0.1512000000	0.0001000010
0.1513000000	0.0001000010
0.1514000000	0.0001000010
0.1515000000	0.0001000010
0.1516000000	0.0001000010
0.1517000000	0.0001000010
0.1518000000	0.0001000010
0.1519000000	0.0001000010
0.1520000000	0.0001000010
0.1521000000	0.0001000010
0.1522000000	0.0001000010
0.1523000000	0.0001000010
0.1524000000	0.0001000010
0.1525000000	0.0001000010
0.1526000000	0.0001000010
0.1527000000	0.0001000010
0.1528000000	0.0001000010
0.1529000000	0.0001000010
0.1530000000	0.0001000010
0.1531000000	0.0001000010
0.1532000000	0.0001000010
0.1533000000	0.0001000010
0.1534000000	0.0001000010
0.1535000000	0.0001000010
0.1536000000	0.0001000010
0.1537000000	0.0001000010
0.1538000000	0.0001000010
0.1539000000	0.0001000010
0.1540000000	0.0001000010
0.1541000000	0.0001000010
0.1542000000	0.0001000010
0.1543000000	0.0001000010
0.1544000000	0.0001000010
0.1545000000	0.0001000010
0.1546000000	0.0001000010
0.1547000000	0.0001000010
0.1548000000	0.0001000010
0.1549000000	0.0001000010
0.1550000000	0.0001000010
0.1551000000	0.0001000010
0.1552000000	0.0001000010
0.1553000000	0.0001000010
0.1554000000	0.0001000010
0.1555000000	0.0001000010
0.1556000000	0.0001000010
0.1557000000	0.0001000010
0.1558000000	0.0001000010
0.1559000000	0.0001000010
0.1560000000	0.0001000010
0.1561000000	0.0001000010
0.1562000000	0.0001000010
0.1563000000	0.0001000010
0.1564000000	0.0001000010
0.1565000000	0.0001000010
0.1566000000	0.0001000010
0.1567000000	0.0001000010
0.1568000000	0.0001000010
0.1569000000	0.0001000010
0.1570000000	0.0001000010
0.1571000000	0.0001000010
0.1572000000	0.0001000010
0.1573000000	0.0001000010
0.1574000000	0.0001000010
0.1575000000	0.0001000010
0.1576000000	0.0001000010
0.1577000000	0.0001000010
0.1578000000	0.0001000010
0.1579000000	0.0001000010
0.1580000000	0.0001000010
0.1581000000	0.0001000010
0.1582000000	0.0001000010
0.1583000000	0.0001000010
0.1584000000	0.0001000010
0.1585000000	0.0001000010
0.1586000000	0.0001000010
0.1587000000	0.0001000010
0.1588000000	0.0001000010
0.1589000000	0.0001000010
0.1590000000	0.0001000010
0.1591000000	0.0001000010
0.1592000000	0.0001000010
0.1593000000	0.0001000010
0.1594000000	0.0001000010
0.1595000000	0.0001000010
0.1596000000	0.0001000010
0.1597000000	0.0001000010
0.1598000000	0.0001000010
0.1599000000	0.0001000010
0.1600000000	0.0001000010
0.1601000000	0.0001000010
0.1602000000	0.0001000010
0.1603000000	0.0001000010
0.1604000000	0.0001000010
0.1605000000	0.0001000010
0.1606000000	0.0001000010
0.1607000000	0.0001000010
0.1608000000	0.0001000010
0.1609000000	0.0001000010
0.1610000000	0.0001000010
0.1611000000	0.0001000010
0.1612000000	0.0001000010
0.1613000000	0.0001000010
0.1614000000	0.0001000010
0.1615000000	0.0001000010
0.1616000000	0.0001000010
0.1617000000	0.0001000010
0.1618000000	0.0001000010
0.1619000000	0.0001000010
0.1620000000	0.0001000010
0.1621000000	0.0001000010
0.1622000000	0.0001000010
0.1623000000	0.0001000010
0.1624000000	0.0001000010
0.1625000000	0.0001000010
0.1626000000	0.0001000010
0.1627000000	0.0001000010
0.1628000000	0.0001000010
0.1629000000	0.0001000010
0.1630000000	0.0001000010
0.1631000000	0.0001000010
0.1632000000	0.0001000010
0.1633000000	0.0001000010
0.1634000000	0.0001000010
0.1635000000	0.0001000010
0.1636000000	0.0001000010
0.1637000000	0.0001000010
0.1638000000	0.0001000010
0.1639000000	0.0001000010
0.1640000000	0.0001000010
0.1641000000	0.0001000010
0.1642000000	0.0001000010
0.1643000000	0.0001000010
0.1644000000	0.0001000010
0.1645000000	0.0001000010
0.1646000000	0.0001000010
0.1647000000	0.0001000010
0.1648000000	0.0001000010
0.1649000000	0.0001000010
0.1650000000	0.0001000010
0.1651000000	0.0001000010
0.1652000000	0.0001000010
0.1653000000	0.0001000010
0.1654000000	0.0001000010
0.1655000000	0.0001000010
0.1656000000	0.0001000010
0.1657000000	0.0001000010
0.1658000000	0.0001000010
0.1659000000	0.0001000010
0.1660000000	0.0001000010
0.1661000000	0.0001000010
0.1662000000	0.0001000010
0.1663000000	0.0001000010
0.1664000000	0.0001000010
0.1665000000	0.0001000010
0.1666000000	0.0001000010
0.1667000000	0.0001000010
0.1668000000	0.0001000010
0.1669000000	0.0001000010
0.1670000000	0.0001000010
0.1671000000	0.0001000010
0.1672000000	0.0001000010
0.1673000000	0.0001000010
0.1674000000	0.0001000010
0.1675000000	0.0001000010
0.1676000000	0.0001000010
0.1677000000	0.0001000010
0.1678000000	0.0001000010
0.1679000000	0.0001000010
0.1680000000	0.0001000010
0.1681000000	0.0001000010
0.1682000000	0.0001000010
0.1683000000	0.0001000010
0.1684000000	0.0001000010
0.1685000000	0.0001000010
0.1686000000	0.0001000010
0.1687000000	0.0001000010
0.1688000000	0.0001000010
0.1689000000	0.0001000010
0.1690000000	0.0001000010
0.1691000000	0.0001000010
0.1692000000	0.0001000010
0.1693000000	0.0001000010
0.1694000000	0.0001000010
0.1695000000	0.0001000010
0.1696000000	0.0001000010
0.1697000000	0.0001000010
0.1698000000	0.0001000010
0.1699000000	0.0001000010
0.1700000000	0.0001000010
0.1701000000	0.0001000010
0.1702000000	0.0001000010
0.1703000000	0.0001000010
0.1704000000	0.0001000010
0.1705000000	0.0001000010
0.1706000000	0.0001000010
0.1707000000	0.0001000010
0.1708000000	0.0001000010
0.1709000000	0.0001000010
0.1710000000	0.0001000010
0.1711000000	0.0001000010
0.1712000000	0.0001000010
0.1713000000	0.0001000010
0.1714000000	0.0001000010
0.1715000000	0.0001000010
0.1716000000	0.0001000010
0.1717000000	0.0001000010
0.1718000000	0.0001000010
0.1719000000	0.0001000010
0.1720000000	0.0001000010
0.1721000000	0.0001000010
0.1722000000	0.0001000010
0.1723000000	0.0001000010
0.1724000000	0.0001000010
0.1725000000	0.0001000010
0.1726000000	0.0001000010
0.1727000000	0.0001000010
0.1728000000	0.0001000010
0.1729000000	0.0001000010
0.1730000000	0.0001000010
0.1731000000	0.0001000010
0.1732000000	0.0001000010
0.1733000000	0.0001000010
0.1734000000	0.0001000010
0.1735000000	0.0001000010
0.1736000000	0.0001000010
0.1737000000	0.0001000010
0.1738000000	0.0001000010
0.1739000000	0.0001000010
0.1740000000	0.0001000010
0.1741000000	0.0001000010
0.1742000000	0.0001000010
0.1743000000	0.0001000010
0.1744000000	0.0001000010
0.1745000000	0.0001000010
0.1746000000	0.0001000010
0.1747000000	0.0001000010
0.1748000000	0.0001000010
0.1749000000	0.0001000010
0.1750000000	0.0001000010
0.1751000000	0.0001000010
0.1752000000	0.0001000010
0.1753000000	0.0001000010
0.1754000000	0.0001000010
0.1755000000	0.0001000010
0.1756000000	0.0001000010
0.1757000000	0.0001000010
0.1758000000	0.0001000010
0.1759000000	0.0001000010
0.1760000000	0.0001000010
0.1761000000	0.0001000010
0.1762000000	0.0001000010
0.1763000000	0.0001000010
0.1764000000	0.0001000010
0.1765000000	0.0001000010
0.1766000000	0.0001000010
0.1767000000	0.0001000010
0.1768000000	0.0001000010
0.1769000000	0.0001000010
0.1770000000	0.0001000010
0.1771000000	0.0001000010
0.1772000000	0.0001000010
0.1773000000	0.0001000010
0.1774000000	0.0001000010
0.1775000000	0.0001000010
0.1776000000	0.0001000010
0.1777000000	0.0001000010
0.1778000000	0.0001000010
0.1779000000	0.0001000010
0.1780000000	0.0001000010
0.1781000000	0.0001000010
0.1782000000	0.0001000010
0.1783000000	0.0001000010
0.1784000000	0.0001000010
0.1785000000	0.0001000010
0.1786000000	0.0001000010
0.1787000000	0.0001000010
0.1788000000	0.0001000010
0.1789000000	0.0001000010
0.1790000000	0.0001000010
0.1791000000	0.0001000010
0.1792000000	0.0001000010
0.1793000000	0.0001000010
0.1794000000	0.0001000010
0.1795000000	0.0001000010
0.1796000000	0.0001000010
0.1797000000	0.0001000010
0.1798000000	0.0001000010
0.1799000000	0.0001000010
0.1800000000	0.0001000010
0.1801000000	0.0001000010
0.1802000000	0.0001000010
0.1803000000	0.0001000010
0.1804000000	0.0001000010
0.1805000000	0.0001000010
0.1806000000	0.0001000010
0.1807000000	0.0001000010
0.1808000000	0.0001000010
0.1809000000	0.0001000010
0.1810000000	0.0001000010
0.1811000000	0.0001000010
0.1812000000	0.0001000010
0.1813000000	0.0001000010
0.1814000000	0.0001000010
0.1815000000	0.0001000010
0.1816000000	0.0001000010
0.1817000000	0.0001000010
0.1818000000	0.0001000010
0.1819000000	0.0001000010
0.1820000000	0.0001000010
0.1821000000	0.0001000010
0.1822000000	0.0001000010
0.1823000000	0.0001000010
0.1824000000	0.0001000010
0.1825000000	0.0001000010
0.1826000000	0.0001000010
0.1827000000	0.0001000010
0.1828000000	0.0001000010
0.1829000000	0.0001000010
0.1830000000	0.0001000010
0.1831000000	0.0001000010
0.1832000000	0.0001000010
0.1833000000	0.0001000010
0.1834000000	0.0001000010
0.1835000000	0.0001000010
0.1836000000	0.0001000010
0.1837000000	0.0001000010
0.1838000000	0.0001000010
0.1839000000	0.0001000010
0.1840000000	0.0001000010
0.1841000000	0.0001000010
0.1842000000	0.0001000010
0.1843000000	0.0001000010
0.1844000000	0.0001000010
0.1845000000	0.0001000010
0.1846000000	0.0001000010
0.1847000000	0.0001000010
0.1848000000	0.0001000010
0.1849000000	0.0001000010
0.1850000000	0.0001000010
0.1851000000	0.0001000010
0.1852000000	0.0001000010
0.1853000000	0.0001000010
0.1854000000	0.0001000010
0.1855000000	0.0001000010
0.1856000000	0.0001000010
0.1857000000	0.0001000010
0.1858000000	0.0001000010
0.1859000000	0.0001000010
0.1860000000	0.0001000010
0.1861000000	0.0001000010
0.1862000000	0.0001000010
0.1863000000	0.0001000010
0.1864000000	0.0001000010
0.1865000000	0.0001000010
0.1866000000	0.0001000010
0.1867000000	0.0001000010
0.1868000000	0.0001000010
0.1869000000	0.0001000010
0.1870000000	0.0001000010
0.1871000000	0.0001000010
0.1872000000	0.0001000010
0.1873000000	0.0001000010
0.1874000000	0.0001000010
0.1875000000	0.0001000010
0.1876000000	0.0001000010
0.1877000000	0.0001000010
0.1878000000	0.0001000010
0.1879000000	0.0001000010
0.1880000000	0.0001000010
0.1881000000	0.0001000010
0.1882000000	0.0001000010
0.1883000000	0.0001000010
0.1884000000	0.0001000010
0.1885000000	0.0001000010
0.1886000000	0.0001000010
0.1887000000	0.0001000010
0.1888000000	0.0001000010
0.1889000000	0.0001000010
0.1890000000	0.0001000010
0.1891000000	0.0001000010
0.1892000000	0.0001000010
0.1893000000	0.0001000010
0.1894000000	0.0001000010
0.1895000000	0.0001000010
0.1896000000	0.0001000010
0.1897000000	0.0001000010
0.1898000000	0.0001000010
0.1899000000	0.0001000010
0.1900000000	0.0001000010
0.1901000000	0.0001000010
0.1902000000	0.0001000010
0.1903000000	0.0001000010
0.1904000000	0.0001000010
0.1905000000	0.0001000010
0.1906000000	0.0001000010
0.1907000000	0.0001000010
0.1908000000	0.0001000010
0.1909000000	0.0001000010
0.1910000000	0.0001000010
0.1911000000	0.0001000010
0.1912000000	0.0001000010
0.1913000000	0.0001000010
0.1914000000	0.0001000010
0.1915000000	0.0001000010
0.1916000000	0.0001000010
0.1917000000	0.0001000010
0.1918000000	0.0001000010
0.1919000000	0.0001000010
0.1920000000	0.0001000010
0.1921000000	0.0001000010
0.1922000000	0.0001000010
0.1923000000	0.0001000010
0.1924000000	0.0001000010
0.1925000000	0.0001000010
0.1926000000	0.0001000010
0.1927000000	0.0001000010
0.1928000000	0.0001000010
0.1929000000	0.0001000010
0.1930000000	0.0001000010
0.1931000000	0.0001000010
0.1932000000	0.0001000010
0.1933000000	0.0001000010
0.1934000000	0.0001000010
0.1935000000	0.0001000010
0.1936000000	0.0001000010
0.1937000000	0.0001000010
0.1938000000	0.0001000010
0.1939000000	0.0001000010
0.1940000000	0.0001000010
0.1941000000	0.0001000010
0.1942000000	0.0001000010
0.1943000000	0.0001000010
0.1944000000	0.0001000010
0.1945000000	0.0001000010
0.1946000000	0.0001000010
0.1947000000	0.0001000010
0.1948000000	0.0001000010
0.1949000000	0.0001000010
0.1950000000	0.0001000010
0.1951000000	0.0001000010
0.1952000000	0.0001000010
0.1953000000	0.0001000010
0.1954000000	0.0001000010
0.1955000000	0.0001000010
0.1956000000	0.0001000010
0.1957000000	0.0001000010
0.1958000000	0.0001000010
0.1959000000	0.0001000010
0.1960000000	0.0001000010
0.1961000000	0.0001000010
0.1962000000	0.0001000010
0.1963000000	0.0001000010
0.1964000000	0.0001000010
0.1965000000	0.0001000010
0.1966000000	0.0001000010
0.1967000000	0.0001000010
0.1968000000	0.0001000010
0.1969000000	0.0001000010
0.1970000000	0.0001000010
0.1971000000	0.0001000010
0.1972000000	0.0001000010
0.1973000000	0.0001000010
0.1974000000	0.0001000010
0.1975000000	0.0001000010
0.1976000000	0.0001000010
0.1977000000	0.0001000010
0.1978000000	0.0001000010
0.1979000000	0.0001000010
0.1980000000	0.0001000010
0.1981000000	0.0001000010
0.1982000000	0.0001000010
0.1983000000	0.0001000010
0.1984000000	0.0001000010
0.1985000000	0.0001000010
0.1986000000	0.0001000010
0.1987000000	0.0001000010
0.1988000000	0.0001000010
0.1989000000	0.0001000010
0.1990000000	0.0001000010
0.1991000000	0.0001000010
0.1992000000	0.0001000010
0.1993000000	0.0001000010
0.1994000000	0.0001000010
0.1995000000	0.0001000010
0.1996000000	0.0001000010
0.1997000000	0.0001000010
0.1998000000	0.0001000010
0.1999000000	0.0001000010
0.2000000000	0.0001000010
0.2001000000	0.0001000010
0.2002000000	0.0001000010
0.2003000000	0.0001000010
0.2004000000	0.0001000010
0.2005000000	0.0001000010
0.2006000000	0.0001000010
0.2007000000	0.0001000010
0.2008000000	0.0001000010
0.2009000000	0.0001000010
0.2010000000	0.0001000010
0.2011000000	0.0001000010
0.2012000000	0.0001000010
0.2013000000	0.0001000010
0.2014000000	0.0001000010
0.2015000000	0.0001000010
0.2016000000	0.0001000010
0.2017000000	0.0001000010
0.2018000000	0.0001000010
0.2019000000	0.0001000010
0.2020000000	0.0001000010
0.2021000000	0.0001000010
0.2022000000	0.0001000010
0.2023000000	0.0001000010
0.2024000000	0.0001000010
0.2025000000	0.0001000010
0.2026000000	0.0001000010
0.2027000000	0.0001000010
0.2028000000	0.0001000010
0.2029000000	0.0001000010
0.2030000000	0.0001000010
0.2031000000	0.0001000010
0.2032000000	0.0001000010
0.2033000000	0.0001000010
0.2034000000	0.0001000010
0.2035000000	0.0001000010
0.2036000000	0.0001000010
0.2037000000	0.0001000010
0.2038000000	0.0001000010
0.2039000000	0.0001000010
0.2040000000	0.0001000010
0.2041000000	0.0001000010
0.2042000000	0.0001000010
0.2043000000	0.0001000010
0.2044000000	0.0001000010
0.2045000000	0.0001000010
0.2046000000	0.0001000010
0.2047000000	0.0001000010
0.2048000000	0.0001000010
0.2049000000	0.0001000010
0.2050000000	0.0001000010
0.2051000000	0.0001000010
0.2052000000	0.0001000010
0.2053000000	0.0001000010
0.2054000000	0.0001000010
0.2055000000	0.0001000010
0.2056000000	0.0001000010
0.2057000000	0.0001000010
0.2058000000	0.0001000010
0.2059000000	0.0001000010
0.2060000000	0.0001000010
0.2061000000	0.0001000010
0.2062000000	0.0001000010
0.2063000000	0.0001000010
0.2064000000	0.0001000010
0.2065000000	0.0001000010
0.2066000000	0.0001000010
0.2067000000	0.0001000010
0.2068000000	0.0001000010
0.2069000000	0.0001000010
0.2070000000	0.0001000010
0.2071000000	0.0001000010
0.2072000000	0.0001000010
0.2073000000	0.0001000010
0.2074000000	0.0001000010
0.2075000000	0.0001000010
0.2076000000	0.0001000010
0.2077000000	0.0001000010
0.2078000000	0.0001000010
0.2079000000	0.0001000010
0.2080000000	0.0001000010
0.2081000000	0.0001000010
0.2082000000	0.0001000010
0.2083000000	0.0001000010
0.2084000000	0.0001000010
0.2085000000	0.0001000010
0.2086000000	0.0001000010
0.2087000000	0.0001000010
0.2088000000	0.0001000010
0.2089000000	0.0001000010
0.2090000000	0.0001000010
0.2091000000	0.0001000010
0.2092000000	0.0001000010
0.2093000000	0.0001000010
0.2094000000	0.0001000010
0.2095000000	0.0001000010
0.2096000000	0.0001000010
0.2097000000	0.0001000010
0.2098000000	0.0001000010
0.2099000000	0.0001000010
0.2100000000	0.0001000010
0.2101000000	0.0001000010
0.2102000000	0.0001000010
0.2103000000	0.0001000010
0.2104000000	0.0001000010
0.2105000000	0.0001000010
0.2106000000	0.0001000010
0.2107000000	0.0001000010
0.2108000000	0.0001000010
0.2109000000	0.0001000010
0.2110000000	0.0001000010
0.2111000000	0.0001000010
0.2112000000	0.0001000010
0.2113000000	0.0001000010
0.2114000000	0.0001000010
0.2115000000	0.0001000010
0.2116000000	0.0001000010
0.2117000000	0.0001000010
0.2118000000	0.0001000010
0.2119000000	0.0001000010
0.2120000000	0.0001000010
0.2121000000	0.0001000010
0.2122000000	0.0001000010
0.2123000000	0.0001000010
0.2124000000	0.0001000010
0.2125000000	0.0001000010
0.2126000000	0.0001000010
0.2127000000	0.0001000010
0.2128000000	0.0001000010
0.2129000000	0.0001000010
0.2130000000	0.0001000010
0.2131000000	0.0001000010
0.2132000000	0.0001000010
0.2133000000	0.0001000010
0.2134000000	0.0001000010
0.2135000000	0.0001000010
0.2136000000	0.0001000010
0.2137000000	0.0001000010
0.2138000000	0.0001000010
0.2139000000	0.0001000010
0.2140000000	0.0001000010
0.2141000000	0.0001000010
0.2142000000	0.0001000010
0.2143000000	0.0001000010
0.2144000000	0.0001000010
0.2145000000	0.0001000010
0.2146000000	0.0001000010
0.2147000000	0.0001000010
0.2148000000	0.0001000010
0.2149000000	0.0001000010
0.2150000000	0.0001000010
0.2151000000	0.0001000010
0.2152000000	0.0001000010
0.2153000000	0.0001000010
0.2154000000	0.0001000010
0.2155000000	0.0001000010
0.2156000000	0.0001000010
0.2157000000	0.0001000010
0.2158000000	0.0001000010
0.2159000000	0.0001000010
0.2160000000	0.0001000010
0.2161000000	0.0001000010
0.2162000000	0.0001000010
0.2163000000	0.0001000010
0.2164000000	0.0001000010
0.2165000000	0.0001000010
0.2166000000	0.0001000010
0.2167000000	0.0001000010
0.2168000000	0.0001000010
0.2169000000	0.0001000010
0.2170000000	0.0001000010
0.2171000000	0.0001000010
0.2172000000	0.0001000010
0.2173000000	0.0001000010
0.2174000000	0.0001000010
0.2175000000	0.0001000010
0.2176000000	0.0001000010
0.2177000000	0.0001000010
0.2178000000	0.0001000010
0.2179000000	0.0001000010
0.2180000000	0.0001000010
0.2181000000	0.0001000010
0.2182000000	0.0001000010
0.2183000000	0.0001000010
0.2184000000	0.0001000010
0.2185000000	0.0001000010
0.2186000000	0.0001000010
0.2187000000	0.0001000010
0.2188000000	0.0001000010
0.2189000000	0.0001000010
0.2190000000	0.0001000010
0.2191000000	0.0001000010
0.2192000000	0.0001000010
0.2193000000	0.0001000010
0.2194000000	0.0001000010
0.2195000000	0.0001000010
0.2196000000	0.0001000010
0.2197000000	0.0001000010
0.2198000000	0.0001000010
0.2199000000	0.0001000010
0.2200000000	0.0001000010
0.2201000000	0.0001000010
0.2202000000	0.0001000010
0.2203000000	0.0001000010
0.2204000000	0.0001000010
0.2205000000	0.0001000010
0.2206000000	0.0001000010
0.2207000000	0.0001000010
0.2208000000	0.0001000010
0.2209000000	0.0001000010
0.2210000000	0.0001000010
0.2211000000	0.0001000010
0.2212000000	0.0001000010
0.2213000000	0.0001000010
0.2214000000	0.0001000010
0.2215000000	0.0001000010
0.2216000000	0.0001000010
0.2217000000	0.0001000010
0.2218000000	0.0001000010
0.2219000000	0.0001000010
0.2220000000	0.0001000010
0.2221000000	0.0001000010
0.2222000000	0.0001000010
0.2223000000	0.0001000010
0.2224000000	0.0001000010
0.2225000000	0.0001000010
0.2226000000	0.0001000010
0.2227000000	0.0001000010
0.2228000000	0.0001000010
0.2229000000	0.0001000010
0.2230000000	0.0001000010
0.2231000000	0.0001000010
0.2232000000	0.0001000010
0.2233000000	0.0001000010
0.2234000000	0.0001000010
0.2235000000	0.0001000010
0.2236000000	0.0001000010
0.2237000000	0.0001000010
0.2238000000	0.0001000010
0.2239000000	0.0001000010
0.2240000000	0.0001000010
0.2241000000	0.0001000010
0.2242000000	0.0001000010
0.2243000000	0.0001000010
0.2244000000	0.0001000010
0.2245000000	0.0001000010
0.2246000000	0.0001000010
0.2247000000	0.0001000010
0.2248000000	0.0001000010
0.2249000000	0.0001000010
0.2250000000	0.0001000010
0.2251000000	0.0001000010
0.2252000000	0.0001000010
0.2253000000	0.0001000010
0.2254000000	0.0001000010
0.2255000000	0.0001000010
0.2256000000	0.0001000010
0.2257000000	0.0001000010
0.2258000000	0.0001000010
0.2259000000	0.0001000010
0.2260000000	0.0001000010
0.2261000000	0.0001000010
0.2262000000	0.0001000010
0.2263000000	0.0001000010
0.2264000000	0.0001000010
0.2265000000	0.0001000010
0.2266000000	0.0001000010
0.2267000000	0.0001000010
0.2268000000	0.0001000010
0.2269000000	0.0001000010
0.2270000000	0.0001000010
0.2271000000	0.0001000010
0.2272000000	0.0001000010
0.2273000000	0.0001000010
0.2274000000	0.0001000010
0.2275000000	0.0001000010
0.2276000000	0.0001000010
0.2277000000	0.0001000010
0.2278000000	0.0001000010
0.2279000000	0.0001000010
0.2280000000	0.0001000010
0.2281000000	0.0001000010
0.2282000000	0.0001000010
0.2283000000	0.0001000010
0.2284000000	0.0001000010
0.2285000000	0.0001000010
0.2286000000	0.0001000010
0.2287000000	0.0001000010
0.2288000000	0.0001000010
0.2289000000	0.0001000010
0.2290000000	0.0001000010
0.2291000000	0.0001000010
0.2292000000	0.0001000010
0.2293000000	0.0001000010
0.2294000000	0.0001000010
0.2295000000	0.0001000010
0.2296000000	0.0001000010
0.2297000000	0.0001000010
0.2298000000	0.0001000010
0.2299000000	0.0001000010
0.2300000000	0.0001000010
0.2301000000	0.0001000010
0.2302000000	0.0001000010
0.2303000000	0.0001000010
0.2304000000	0.0001000010
0.2305000000	0.0001000010
0.2306000000	0.0001000010
0.2307000000	0.0001000010
0.2308000000	0.0001000010
0.2309000000	0.0001000010
0.2310000000	0.0001000010
0.2311000000	0.0001000010
0.2312000000	0.0001000010
0.2313000000	0.0001000010
0.2314000000	0.0001000010
0.2315000000	0.0001000010
0.2316000000	0.0001000010
0.2317000000	0.0001000010
0.2318000000	0.0001000010
0.2319000000	0.0001000010
0.2320000000	0.0001000010
0.2321000000	0.0001000010
0.2322000000	0.0001000010
0.2323000000	0.0001000010
0.2324000000	0.0001000010
0.2325000000	0.0001000010
0.2326000000	0.0001000010
0.2327000000	0.0001000010
0.2328000000	0.0001000010
0.2329000000	0.0001000010
0.2330000000	0.0001000010
0.2331000000	0.0001000010
0.2332000000	0.0001000010
0.2333000000	0.0001000010
0.2334000000	0.0001000010
0.2335000000	0.0001000010
0.2336000000	0.0001000010
0.2337000000	0.0001000010
0.2338000000	0.0001000010
0.2339000000	0.0001000010
0.2340000000	0.0001000010
0.2341000000	0.0001000010
0.2342000000	0.0001000010
0.2343000000	0.0001000010
0.2344000000	0.0001000010
0.2345000000	0.0001000010
0.2346000000	0.0001000010
0.2347000000	0.0001000010
0.2348000000	0.0001000010
0.2349000000	0.0001000010
0.2350000000	0.0001000010
0.2351000000	0.0001000010
0.2352000000	0.0001000010
0.2353000000	0.0001000010
0.2354000000	0.0001000010
0.2355000000	0.0001000010
0.2356000000	0.0001000010
0.2357000000	0.0001000010
0.2358000000	0.0001000010
0.2359000000	0.0001000010
0.2360000000	0.0001000010
0.2361000000	0.0001000010
0.2362000000	0.0001000010
0.2363000000	0.0001000010
0.2364000000	0.0001000010
0.2365000000	0.0001000010
0.2366000000	0.0001000010
0.2367000000	0.0001000010
0.2368000000	0.0001000010
0.2369000000	0.0001000010
0.2370000000	0.0001000010
0.2371000000	0.0001000010
0.2372000000	0.0001000010
0.2373000000	0.0001000010
0.2374000000	0.0001000010
0.2375000000	0.0001000010
0.2376000000	0.0001000010
0.2377000000	0.0001000010
0.2378000000	0.0001000010
0.2379000000	0.0001000010
0.2380000000	0.0001000010
0.2381000000	0.0001000010
0.2382000000	0.0001000010
0.2383000000	0.0001000010
0.2384000000	0.0001000010
0.2385000000	0.0001000010
0.2386000000	0.0001000010
0.2387000000	0.0001000010
0.2388000000	0.0001000010
0.2389000000	0.0001000010
0.2390000000	0.0001000010
0.2391000000	0.0001000010
0.2392000000	0.0001000010
0.2393000000	0.0001000010
0.2394000000	0.0001000010
0.2395000000	0.0001000010
0.2396000000	0.0001000010
0.2397000000	0.0001000010
0.2398000000	0.0001000010
0.2399000000	0.0001000010
0.2400000000	0.0001000010
0.2401000000	0.0001000010
0.2402000000	0.0001000010
0.2403000000	0.0001000010
0.2404000000	0.0001000010
0.2405000000	0.0001000010
0.2406000000	0.0001000010
0.2407000000	0.0001000010
0.2408000000	0.0001000010
0.2409000000	0.0001000010
0.2410000000	0.0001000010
0.2411000000	0.0001000010
0.2412000000	0.0001000010
0.2413000000	0.0001000010
0.2414000000	0.0001000010
0.2415000000	0.0001000010
0.2416000000	0.0001000010
0.2417000000	0.0001000010
0.2418000000	0.0001000010
0.2419000000	0.0001000010
0.2420000000	0.0001000010
0.2421000000	0.0001000010
0.2422000000	0.0001000010
0.2423000000	0.0001000010
0.2424000000	0.0001000010
0.2425000000	0.0001000010
0.2426000000	0.0001000010
0.2427000000	0.0001000010
0.2428000000	0.0001000010
0.2429000000	0.0001000010
0.2430000000	0.0001000010
0.2431000000	0.0001000010
0.2432000000	0.0001000010
0.2433000000	0.0001000010
0.2434000000	0.0001000010
0.2435000000	0.0001000010
0.2436000000	0.0001000010
0.2437000000	0.0001000010
0.2438000000	0.0001000010
0.2439000000	0.0001000010
0.2440000000	0.0001000010
0.2441000000	0.0001000010
0.2442000000	0.0001000010
0.2443000000	0.0001000010
0.2444000000	0.0001000010
0.2445000000	0.0001000010
0.2446000000	0.0001000010
0.2447000000	0.0001000010
0.2448000000	0.0001000010
0.2449000000	0.0001000010
0.2450000000	0.0001000010
0.2451000000	0.0001000010
0.2452000000	0.0001000010
0.2453000000	0.0001000010
0.2454000000	0.0001000010
0.2455000000	0.0001000010
0.2456000000	0.0001000010
0.2457000000	0.0001000010
0.2458000000	0.0001000010
0.2459000000	0.0001000010
0.2460000000	0.0001000010
0.2461000000	0.0001000010
0.2462000000	0.0001000010
0.2463000000	0.0001000010
0.2464000000	0.0001000010
0.2465000000	0.0001000010
0.2466000000	0.0001000010
0.2467000000	0.0001000010
0.2468000000	0.0001000010
0.2469000000	0.0001000010
0.2470000000	0.0001000010
0.2471000000	0.0001000010
0.2472000000	0.0001000010
0.2473000000	0.0001000010
0.2474000000	0.0001000010
0.2475000000	0.0001000010
0.2476000000	0.0001000010
0.2477000000	0.0001000010
0.2478000000	0.0001000010
0.2479000000	0.0001000010
0.2480000000	0.0001000010
0.2481000000	0.0001000010
0.2482000000	0.0001000010
0.2483000000	0.0001000010
0.2484000000	0.0001000010
0.2485000000	0.0001000010
0.2486000000	0.0001000010
0.2487000000	0.0001000010
0.2488000000	0.0001000010
0.2489000000	0.0001000010
0.2490000000	0.0001000010
0.2491000000	0.0001000010
0.2492000000	0.0001000010
0.2493000000	0.0001000010
0.2494000000	0.0001000010
0.2495000000	0.0001000010
0.2496000000	0.0001000010
0.2497000000	0.0001000010
0.2498000000	0.0001000010
0.2499000000	0.0001000010
0.2500000000	0.0001000010
0.2501000000	0.0001000010
0.2502000000	0.0001000010
0.2503000000	0.0001000010
0.2504000000	0.0001000010
0.2505000000	0.0001000010
0.2506000000	0.0001000010
0.2507000000	0.0001000010
0.2508000000	0.0001000010
0.2509000000	0.0001000010
0.2510000000	0.0001000010
0.2511000000	0.0001000010
0.2512000000	0.0001000010
0.2513000000	0.0001000010
0.2514000000	0.0001000010
0.2515000000	0.0001000010
0.2516000000	0.0001000010
0.2517000000	0.0001000010
0.2518000000	0.0001000010
0.2519000000	0.0001000010
0.2520000000	0.0001000010
0.2521000000	0.0001000010
0.2522000000	0.0001000010
0.2523000000	0.0001000010
0.2524000000	0.0001000010
0.2525000000	0.0001000010
0.2526000000	0.0001000010
0.2527000000	0.0001000010
0.2528000000	0.0001000010
0.2529000000	0.0001000010
0.2530000000	0.0001000010
0.2531000000	0.0001000010
0.2532000000	0.0001000010
0.2533000000	0.0001000010
0.2534000000	0.0001000010
0.2535000000	0.0001000010
0.2536000000	0.0001000010
0.2537000000	0.0001000010
0.2538000000	0.0001000010
0.2539000000	0.0001000010
0.2540000000	0.0001000010
0.2541000000	0.0001000010
0.2542000000	0.0001000010
0.2543000000	0.0001000010
0.2544000000	0.0001000010
0.2545000000	0.0001000010
0.2546000000	0.0001000010
0.2547000000	0.0001000010
0.2548000000	0.0001000010
0.2549000000	0.0001000010
0.2550000000	0.0001000010
0.2551000000	0.0001000010
0.2552000000	0.0001000010
0.2553000000	0.0001000010
0.2554000000	0.0001000010
0.2555000000	0.0001000010
0.2556000000	0.0001000010
0.2557000000	0.0001000010
0.2558000000	0.0001000010
0.2559000000	0.0001000010
0.2560000000	0.0001000010
0.2561000000	0.0001000010
0.2562000000	0.0001000010
0.2563000000	0.0001000010
0.2564000000	0.0001000010
0.2565000000	0.0001000010
0.2566000000	0.0001000010
0.2567000000	0.0001000010
0.2568000000	0.0001000010
0.2569000000	0.0001000010
0.2570000000	0.0001000010
0.2571000000	0.0001000010
0.2572000000	0.0001000010
0.2573000000	0.0001000010
0.2574000000	0.0001000010
0.2575000000	0.0001000010
0.2576000000	0.0001000010
0.2577000000	0.0001000010
0.2578000000	0.0001000010
0.2579000000	0.0001000010
0.2580000000	0.0001000010
0.2581000000	0.0001000010
0.2582000000	0.0001000010
0.2583000000	0.0001000010
0.2584000000	0.0001000010
0.2585000000	0.0001000010
0.2586000000	0.0001000010
0.2587000000	0.0001000010
0.2588000000	0.0001000010
0.2589000000	0.0001000010
0.2590000000	0.0001000010
0.2591000000	0.0001000010
0.2592000000	0.0001000010
0.2593000000	0.0001000010
0.2594000000	0.0001000010
0.2595000000	0.0001000010
0.2596000000	0.0001000010
0.2597000000	0.0001000010
0.2598000000	0.0001000010
0.2599000000	0.0001000010
0.2600000000	0.0001000010
0.2601000000	0.0001000010
0.2602000000	0.0001000010
0.2603000000	0.0001000010
0.2604000000	0.0001000010
0.2605000000	0.0001000010
0.2606000000	0.0001000010
0.2607000000	0.0001000010
0.2608000000	0.0001000010
0.2609000000	0.0001000010
0.2610000000	0.0001000010
0.2611000000	0.0001000010
0.2612000000	0.0001000010
0.2613000000	0.0001000010
0.2614000000	0.0001000010
0.2615000000	0.0001000010
0.2616000000	0.0001000010
0.2617000000	0.0001000010
0.2618000000	0.0001000010
0.2619000000	0.0001000010
0.2620000000	0.0001000010
0.2621000000	0.0001000010
0.2622000000	0.0001000010
0.2623000000	0.0001000010
0.2624000000	0.0001000010
0.2625000000	0.0001000010
0.2626000000	0.0001000010
0.2627000000	0.0001000010
0.2628000000	0.0001000010
0.2629000000	0.0001000010
0.2630000000	0.0001000010
0.2631000000	0.0001000010
0.2632000000	0.0001000010
0.2633000000	0.0001000010
0.2634000000	0.0001000010
0.2635000000	0.0001000010
0.2636000000	0.0001000010
0.2637000000	0.0001000010
0.2638000000	0.0001000010
0.2639000000	0.0001000010
0.2640000000	0.0001000010
0.2641000000	0.0001000010
0.2642000000	0.0001000010
0.2643000000	0.0001000010
0.2644000000	0.0001000010
0.2645000000	0.0001000010
0.2646000000	0.0001000010
0.2647000000	0.0001000010
0.2648000000	0.0001000010
0.2649000000	0.0001000010
0.2650000000	0.0001000010
0.2651000000	0.0001000010
0.2652000000	0.0001000010
0.2653000000	0.0001000010
0.2654000000	0.0001000010
0.2655000000	0.0001000010
0.2656000000	0.0001000010
0.2657000000	0.0001000010
0.2658000000	0.0001000010
0.2659000000	0.0001000010
0.2660000000	0.0001000010
0.2661000000	0.0001000010
0.2662000000	0.0001000010
0.2663000000	0.0001000010
0.2664000000	0.0001000010
0.2665000000	0.0001000010
0.2666000000	0.0001000010
0.2667000000	0.0001000010
0.2668000000	0.0001000010
0.2669000000	0.0001000010
0.2670000000	0.0001000010
0.2671000000	0.0001000010
0.2672000000	0.0001000010
0.2673000000	0.0001000010
0.2674000000	0.0001000010
0.2675000000	0.0001000010
0.2676000000	0.0001000010
0.2677000000	0.0001000010
0.2678000000	0.0001000010
0.2679000000	0.0001000010
0.2680000000	0.0001000010
0.2681000000	0.0001000010
0.2682000000	0.0001000010
0.2683000000	0.0001000010
0.2684000000	0.0001000010
0.2685000000	0.0001000010
0.2686000000	0.0001000010
0.2687000000	0.0001000010
0.2688000000	0.0001000010
0.2689000000	0.0001000010
0.2690000000	0.0001000010
0.2691000000	0.0001000010
0.2692000000	0.0001000010
0.2693000000	0.0001000010
0.2694000000	0.0001000010
0.2695000000	0.0001000010
0.2696000000	0.0001000010
0.2697000000	0.0001000010
0.2698000000	0.0001000010
0.2699000000	0.0001000010
0.2700000000	0.0001000010
0.2701000000	0.0001000010
0.2702000000	0.0001000010
0.2703000000	0.0001000010
0.2704000000	0.0001000010
0.2705000000	0.0001000010
0.2706000000	0.0001000010
0.2707000000	0.0001000010
0.2708000000	0.0001000010
0.2709000000	0.0001000010
0.2710000000	0.0001000010
0.2711000000	0.0001000010
0.2712000000	0.0001000010
0.2713000000	0.0001000010
0.2714000000	0.0001000010
0.2715000000	0.0001000010
0.2716000000	0.0001000010
0.2717000000	0.0001000010
0.2718000000	0.0001000010
0.2719000000	0.0001000010
0.2720000000	0.0001000010
0.2721000000	0.0001000010
0.2722000000	0.0001000010
0.2723000000	0.0001000010
0.2724000000	0.0001000010
0.2725000000	0.0001000010
0.2726000000	0.0001000010
0.2727000000	0.0001000010
0.2728000000	0.0001000010
0.2729000000	0.0001000010
0.2730000000	0.0001000010
0.2731000000	0.0001000010
0.2732000000	0.0001000010
0.2733000000	0.0001000010
0.2734000000	0.0001000010
0.2735000000	0.0001000010
0.2736000000	0.0001000010
0.2737000000	0.0001000010
0.2738000000	0.0001000010
0.2739000000	0.0001000010
0.2740000000	0.0001000010
0.2741000000	0.0001000010
0.2742000000	0.0001000010
0.2743000000	0.0001000010
0.2744000000	0.0001000010
0.2745000000	0.0001000010
0.2746000000	0.0001000010
0.2747000000	0.0001000010
0.2748000000	0.0001000010
0.2749000000	0.0001000010
0.2750000000	0.0001000010
0.2751000000	0.0001000010
0.2752000000	0.0001000010
0.2753000000	0.0001000010
0.2754000000	0.0001000010
0.2755000000	0.0001000010
0.2756000000	0.0001000010
0.2757000000	0.0001000010
0.2758000000	0.0001000010
0.2759000000	0.0001000010
0.2760000000	0.0001000010
0.2761000000	0.0001000010
0.2762000000	0.0001000010
0.2763000000	0.0001000010
0.2764000000	0.0001000010
0.2765000000	0.0001000010
0.2766000000	0.0001000010
0.2767000000	0.0001000010
0.2768000000	0.0001000010
0.2769000000	0.0001000010
0.2770000000	0.0001000010
0.2771000000	0.0001000010
0.2772000000	0.0001000010
0.2773000000	0.0001000010
0.2774000000	0.0001000010
0.2775000000	0.0001000010
0.2776000000	0.0001000010
0.2777000000	0.0001000010
0.2778000000	0.0001000010
0.2779000000	0.0001000010
0.2780000000	0.0001000010
0.2781000000	0.0001000010
0.2782000000	0.0001000010
0.2783000000	0.0001000010
0.2784000000	0.0001000010
0.2785000000	0.0001000010
0.2786000000	0.0001000010
0.2787000000	0.0001000010
0.2788000000	0.0001000010
0.2789000000	0.0001000010
0.2790000000	0.0001000010
0.2791000000	0.0001000010
0.2792000000	0.0001000010
0.2793000000	0.0001000010
0.2794000000	0.0001000010
0.2795000000	0.0001000010
0.2796000000	0.0001000010
0.2797000000	0.0001000010
0.2798000000	0.0001000010
0.2799000000	0.0001000010
0.2800000000	0.0001000010
0.2801000000	0.0001000010
0.2802000000	0.0001000010
0.2803000000	0.0001000010
0.2804000000	0.0001000010
0.2805000000	0.0001000010
0.2806000000	0.0001000010
0.2807000000	0.0001000010
0.2808000000	0.0001000010
0.2809000000	0.0001000010
0.2810000000	0.0001000010
0.2811000000	0.0001000010
0.2812000000	0.0001000010
0.2813000000	0.0001000010
0.2814000000	0.0001000010
0.2815000000	0.0001000010
0.2816000000	0.0001000010
0.2817000000	0.0001000010
0.2818000000	0.0001000010
0.2819000000	0.0001000010
0.2820000000	0.0001000010
0.2821000000	0.0001000010
0.2822000000	0.0001000010
0.2823000000	0.0001000010
0.2824000000	0.0001000010
0.2825000000	0.0001000010
0.2826000000	0.0001000010
0.2827000000	0.0001000010
0.2828000000	0.0001000010
0.2829000000	0.0001000010
0.2830000000	0.0001000010
0.2831000000	0.0001000010
0.2832000000	0.0001000010
0.2833000000	0.0001000010
0.2834000000	0.0001000010
0.2835000000	0.0001000010
0.2836000000	0.0001000010
0.2837000000	0.0001000010
0.2838000000	0.0001000010
0.2839000000	0.0001000010
0.2840000000	0.0001000010
0.2841000000	0.0001000010
0.2842000000	0.0001000010
0.2843000000	0.0001000010
0.2844000000	0.0001000010
0.2845000000	0.0001000010
0.2846000000	0.0001000010
0.2847000000	0.0001000010
0.2848000000	0.0001000010
0.2849000000	0.0001000010
0.2850000000	0.0001000010
0.2851000000	0.0001000010
0.2852000000	0.0001000010
0.2853000000	0.0001000010
0.2854000000	0.0001000010
0.2855000000	0.0001000010
0.2856000000	0.0001000010
0.2857000000	0.0001000010
0.2858000000	0.0001000010
0.2859000000	0.0001000010
0.2860000000	0.0001000010
0.2861000000	0.0001000010
0.2862000000	0.0001000010
0.2863000000	0.0001000010
0.2864000000	0.0001000010
0.2865000000	0.0001000010
0.2866000000	0.0001000010
0.2867000000	0.0001000010
0.2868000000	0.0001000010
0.2869000000	0.0001000010
0.2870000000	0.0001000010
0.2871000000	0.0001000010
0.2872000000	0.0001000010
0.2873000000	0.0001000010
0.2874000000	0.0001000010
0.2875000000	0.0001000010
0.2876000000	0.0001000010
0.2877000000	0.0001000010
0.2878000000	0.0001000010
0.2879000000	0.0001000010
0.2880000000	0.0001000010
0.2881000000	0.0001000010
0.2882000000	0.0001000010
0.2883000000	0.0001000010
0.2884000000	0.0001000010
0.2885000000	0.0001000010
0.2886000000	0.0001000010
0.2887000000	0.0001000010
0.2888000000	0.0001000010
0.2889000000	0.0001000010
0.2890000000	0.0001000010
0.2891000000	0.0001000010
0.2892000000	0.0001000010
0.2893000000	0.0001000010
0.2894000000	0.0001000010
0.2895000000	0.0001000010
0.2896000000	0.0001000010
0.2897000000	0.0001000010
0.2898000000	0.0001000010
0.2899000000	0.0001000010
0.2900000000	0.0001000010
0.2901000000	0.0001000010
0.2902000000	0.0001000010
0.2903000000	0.0001000010
0.2904000000	0.0001000010
0.2905000000	0.0001000010
0.2906000000	0.0001000010
0.2907000000	0.0001000010
0.2908000000	0.0001000010
0.2909000000	0.0001000010
0.2910000000	0.0001000010
0.2911000000	0.0001000010
0.2912000000	0.0001000010
0.2913000000	0.0001000010
0.2914000000	0.0001000010
0.2915000000	0.0001000010
0.2916000000	0.0001000010
0.2917000000	0.0001000010
0.2918000000	0.0001000010
0.2919000000	0.0001000010
0.2920000000	0.0001000010
0.2921000000	0.0001000010
0.2922000000	0.0001000010
0.2923000000	0.0001000010
0.2924000000	0.0001000010
0.2925000000	0.0001000010
0.2926000000	0.0001000010
0.2927000000	0.0001000010
0.2928000000	0.0001000010
0.2929000000	0.0001000010
0.2930000000	0.0001000010
0.2931000000	0.0001000010
0.2932000000	0.0001000010
0.2933000000	0.0001000010
0.2934000000	0.0001000010
0.2935000000	0.0001000010
0.2936000000	0.0001000010
0.2937000000	0.0001000010
0.2938000000	0.0001000010
0.2939000000	0.0001000010
0.2940000000	0.0001000010
0.2941000000	0.0001000010
0.2942000000	0.0001000010
0.2943000000	0.0001000010
0.2944000000	0.0001000010
0.2945000000	0.0001000010
0.2946000000	0.0001000010
0.2947000000	0.0001000010
0.2948000000	0.0001000010
0.2949000000	0.0001000010
0.2950000000	0.0001000010
0.2951000000	0.0001000010
0.2952000000	0.0001000010
0.2953000000	0.0001000010
0.2954000000	0.0001000010
0.2955000000	0.0001000010
0.2956000000	0.0001000010
0.2957000000	0.0001000010
0.2958000000	0.0001000010
0.2959000000	0.0001000010
0.2960000000	0.0001000010
0.2961000000	0.0001000010
0.2962000000	0.0001000010
0.2963000000	0.0001000010
0.2964000000	0.0001000010
0.2965000000	0.0001000010
0.2966000000	0.0001000010
0.2967000000	0.0001000010
0.2968000000	0.0001000010
0.2969000000	0.0001000010
0.2970000000	0.0001000010
0.2971000000	0.0001000010
0.2972000000	0.0001000010
0.2973000000	0.0001000010
0.2974000000	0.0001000010
0.2975000000	0.0001000010
0.2976000000	0.0001000010
0.2977000000	0.0001000010
0.2978000000	0.0001000010
0.2979000000	0.0001000010
0.2980000000	0.0001000010
0.2981000000	0.0001000010
0.2982000000	0.0001000010
0.2983000000	0.0001000010
0.2984000000	0.0001000010
0.2985000000	0.0001000010
0.2986000000	0.0001000010
0.2987000000	0.0001000010
0.2988000000	0.0001000010
0.2989000000	0.0001000010
0.2990000000	0.0001000010
0.2991000000	0.0001000010
0.2992000000	0.0001000010
0.2993000000	0.0001000010
0.2994000000	0.0001000010
0.2995000000	0.0001000010
0.2996000000	0.0001000010
0.2997000000	0.0001000010
0.2998000000	0.0001000010
0.2999000000	0.0001000010
0.3000000000	0.0001000010
0.3001000000	0.0001000010
0.3002000000	0.0001000010
0.3003000000	0.0001000010
0.3004000000	0.0001000010
0.3005000000	0.0001000010
0.3006000000	0.0001000010
0.3007000000	0.0001000010
0.3008000000	0.0001000010
0.3009000000	0.0001000010
0.3010000000	0.0001000010
0.3011000000	0.0001000010
0.3012000000	0.0001000010
0.3013000000	0.0001000010
0.3014000000	0.0001000010
0.3015000000	0.0001000010
0.3016000000	0.0001000010
0.3017000000	0.0001000010
0.3018000000	0.0001000010
0.3019000000	0.0001000010
0.3020000000	0.0001000010
0.3021000000	0.0001000010
0.3022000000	0.0001000010
0.3023000000	0.0001000010
0.3024000000	0.0001000010
0.3025000000	0.0001000010
0.3026000000	0.0001000010
0.3027000000	0.0001000010
0.3028000000	0.0001000010
0.3029000000	0.0001000010
0.3030000000	0.0001000010
0.3031000000	0.0001000010
0.3032000000	0.0001000010
0.3033000000	0.0001000010
0.3034000000	0.0001000010
0.3035000000	0.0001000010
0.3036000000	0.0001000010
0.3037000000	0.0001000010
0.3038000000	0.0001000010
0.3039000000	0.0001000010
0.3040000000	0.0001000010
0.3041000000	0.0001000010
0.3042000000	0.0001000010
0.3043000000	0.0001000010
0.3044000000	0.0001000010
0.3045000000	0.0001000010
0.3046000000	0.0001000010
0.3047000000	0.0001000010
0.3048000000	0.0001000010
0.3049000000	0.0001000010
0.3050000000	0.0001000010
0.3051000000	0.0001000010
0.3052000000	0.0001000010
0.3053000000	0.0001000010
0.3054000000	0.0001000010
0.3055000000	0.0001000010
0.3056000000	0.0001000010
0.3057000000	0.0001000010
0.3058000000	0.0001000010
0.3059000000	0.0001000010
0.3060000000	0.0001000010
0.3061000000	0.0001000010
0.3062000000	0.0001000010
0.3063000000	0.0001000010
0.3064000000	0.0001000010
0.3065000000	0.0001000010
0.3066000000	0.0001000010
0.3067000000	0.0001000010
0.3068000000	0.0001000010
0.3069000000	0.0001000010
0.3070000000	0.0001000010
0.3071000000	0.0001000010
0.3072000000	0.0001000010
0.3073000000	0.0001000010
0.3074000000	0.0001000010
0.3075000000	0.0001000010
0.3076000000	0.0001000010
0.3077000000	0.0001000010
0.3078000000	0.0001000010
0.3079000000	0.0001000010
0.3080000000	0.0001000010
0.3081000000	0.0001000010
0.3082000000	0.0001000010
0.3083000000	0.0001000010
0.3084000000	0.0001000010
0.3085000000	0.0001000010
0.3086000000	0.0001000010
0.3087000000	0.0001000010
0.3088000000	0.0001000010
0.3089000000	0.0001000010
0.3090000000	0.0001000010
0.3091000000	0.0001000010
0.3092000000	0.0001000010
0.3093000000	0.0001000010
0.3094000000	0.0001000010
0.3095000000	0.0001000010
0.3096000000	0.0001000010
0.3097000000	0.0001000010
0.3098000000	0.0001000010
0.3099000000	0.0001000010
0.3100000000	0.0001000010
0.3101000000	0.0001000010
0.3102000000	0.0001000010
0.3103000000	0.0001000010
0.3104000000	0.0001000010
0.3105000000	0.0001000010
0.3106000000	0.0001000010
0.3107000000	0.0001000010
0.3108000000	0.0001000010
0.3109000000	0.0001000010
0.3110000000	0.0001000010
0.3111000000	0.0001000010
0.3112000000	0.0001000010
0.3113000000	0.0001000010
0.3114000000	0.0001000010
0.3115000000	0.0001000010
0.3116000000	0.0001000010
0.3117000000	0.0001000010
0.3118000000	0.0001000010
0.3119000000	0.0001000010
0.3120000000	0.0001000010
0.3121000000	0.0001000010
0.3122000000	0.0001000010
0.3123000000	0.0001000010
0.3124000000	0.0001000010
0.3125000000	0.0001000010
0.3126000000	0.0001000010
0.3127000000	0.0001000010
0.3128000000	0.0001000010
0.3129000000	0.0001000010
0.3130000000	0.0001000010
0.3131000000	0.0001000010
0.3132000000	0.0001000010
0.3133000000	0.0001000010
0.3134000000	0.0001000010
0.3135000000	0.0001000010
0.3136000000	0.0001000010
0.3137000000	0.0001000010
0.3138000000	0.0001000010
0.3139000000	0.0001000010
0.3140000000	0.0001000010
0.3141000000	0.0001000010
0.3142000000	0.0001000010
0.3143000000	0.0001000010
0.3144000000	0.0001000010
0.3145000000	0.0001000010
0.3146000000	0.0001000010
0.3147000000	0.0001000010
0.3148000000	0.0001000010
0.3149000000	0.0001000010
0.3150000000	0.0001000010
0.3151000000	0.0001000010
0.3152000000	0.0001000010
0.3153000000	0.0001000010
0.3154000000	0.0001000010
0.3155000000	0.0001000010
0.3156000000	0.0001000010
0.3157000000	0.0001000010
0.3158000000	0.0001000010
0.3159000000	0.0001000010
0.3160000000	0.0001000010
0.3161000000	0.0001000010
0.3162000000	0.0001000010
0.3163000000	0.0001000010
0.3164000000	0.0001000010
0.3165000000	0.0001000010
0.3166000000	0.0001000010
0.3167000000	0.0001000010
0.3168000000	0.0001000010
0.3169000000	0.0001000010
0.3170000000	0.0001000010
0.3171000000	0.0001000010
0.3172000000	0.0001000010
0.3173000000	0.0001000010
0.3174000000	0.0001000010
0.3175000000	0.0001000010
0.3176000000	0.0001000010
0.3177000000	0.0001000010
0.3178000000	0.0001000010
0.3179000000	0.0001000010
0.3180000000	0.0001000010
0.3181000000	0.0001000010
0.3182000000	0.0001000010
0.3183000000	0.0001000010
0.3184000000	0.0001000010
0.3185000000	0.0001000010
0.3186000000	0.0001000010
0.3187000000	0.0001000010
0.3188000000	0.0001000010
0.3189000000	0.0001000010
0.3190000000	0.0001000010
0.3191000000	0.0001000010
0.3192000000	0.0001000010
0.3193000000	0.0001000010
0.3194000000	0.0001000010
0.3195000000	0.0001000010
0.3196000000	0.0001000010
0.3197000000	0.0001000010
0.3198000000	0.0001000010
0.3199000000	0.0001000010
0.3200000000	0.0001000010
0.3201000000	0.0001000010
0.3202000000	0.0001000010
0.3203000000	0.0001000010
0.3204000000	0.0001000010
0.3205000000	0.0001000010
0.3206000000	0.0001000010
0.3207000000	0.0001000010
0.3208000000	0.0001000010
0.3209000000	0.0001000010
0.3210000000	0.0001000010
0.3211000000	0.0001000010
0.3212000000	0.0001000010
0.3213000000	0.0001000010
0.3214000000	0.0001000010
0.3215000000	0.0001000010
0.3216000000	0.0001000010
0.3217000000	0.0001000010
0.3218000000	0.0001000010
0.3219000000	0.0001000010
0.3220000000	0.0001000010
0.3221000000	0.0001000010
0.3222000000	0.0001000010
0.3223000000	0.0001000010
0.3224000000	0.0001000010
0.3225000000	0.0001000010
0.3226000000	0.0001000010
0.3227000000	0.0001000010
0.3228000000	0.0001000010
0.3229000000	0.0001000010
0.3230000000	0.0001000010
0.3231000000	0.0001000010
0.3232000000	0.0001000010
0.3233000000	0.0001000010
0.3234000000	0.0001000010
0.3235000000	0.0001000010
0.3236000000	0.0001000010
0.3237000000	0.0001000010
0.3238000000	0.0001000010
0.3239000000	0.0001000010
0.3240000000	0.0001000010
0.3241000000	0.0001000010
0.3242000000	0.0001000010
0.3243000000	0.0001000010
0.3244000000	0.0001000010
0.3245000000	0.0001000010
0.3246000000	0.0001000010
0.3247000000	0.0001000010
0.3248000000	0.0001000010
0.3249000000	0.0001000010
0.3250000000	0.0001000010
0.3251000000	0.0001000010
0.3252000000	0.0001000010
0.3253000000	0.0001000010
0.3254000000	0.0001000010
0.3255000000	0.0001000010
0.3256000000	0.0001000010
0.3257000000	0.0001000010
0.3258000000	0.0001000010
0.3259000000	0.0001000010
0.3260000000	0.0001000010
0.3261000000	0.0001000010
0.3262000000	0.0001000010
0.3263000000	0.0001000010
0.3264000000	0.0001000010
0.3265000000	0.0001000010
0.3266000000	0.0001000010
0.3267000000	0.0001000010
0.3268000000	0.0001000010
0.3269000000	0.0001000010
0.3270000000	0.0001000010
0.3271000000	0.0001000010
0.3272000000	0.0001000010
0.3273000000	0.0001000010
0.3274000000	0.0001000010
0.3275000000	0.0001000010
0.3276000000	0.0001000010
0.3277000000	0.0001000010
0.3278000000	0.0001000010
0.3279000000	0.0001000010
0.3280000000	0.0001000010
0.3281000000	0.0001000010
0.3282000000	0.0001000010
0.3283000000	0.0001000010
0.3284000000	0.0001000010
0.3285000000	0.0001000010
0.3286000000	0.0001000010
0.3287000000	0.0001000010
0.3288000000	0.0001000010
0.3289000000	0.0001000010
0.3290000000	0.0001000010
0.3291000000	0.0001000010
0.3292000000	0.0001000010
0.3293000000	0.0001000010
0.3294000000	0.0001000010
0.3295000000	0.0001000010
0.3296000000	0.0001000010
0.3297000000	0.0001000010
0.3298000000	0.0001000010
0.3299000000	0.0001000010
0.3300000000	0.0001000010
0.3301000000	0.0001000010
0.3302000000	0.0001000010
0.3303000000	0.0001000010
0.3304000000	0.0001000010
0.3305000000	0.0001000010
0.3306000000	0.0001000010
0.3307000000	0.0001000010
0.3308000000	0.0001000010
0.3309000000	0.0001000010
0.3310000000	0.0001000010
0.3311000000	0.0001000010
0.3312000000	0.0001000010
0.3313000000	0.0001000010
0.3314000000	0.0001000010
0.3315000000	0.0001000010
0.3316000000	0.0001000010
0.3317000000	0.0001000010
0.3318000000	0.0001000010
0.3319000000	0.0001000010
0.3320000000	0.0001000010
0.3321000000	0.0001000010
0.3322000000	0.0001000010
0.3323000000	0.0001000010
0.3324000000	0.0001000010
0.3325000000	0.0001000010
0.3326000000	0.0001000010
0.3327000000	0.0001000010
0.3328000000	0.0001000010
0.3329000000	0.0001000010
0.3330000000	0.0001000010
0.3331000000	0.0001000010
0.3332000000	0.0001000010
0.3333000000	0.0001000010
0.3334000000	0.0001000010
0.3335000000	0.0001000010
0.3336000000	0.0001000010
0.3337000000	0.0001000010
0.3338000000	0.0001000010
0.3339000000	0.0001000010
0.3340000000	0.0001000010
0.3341000000	0.0001000010
0.3342000000	0.0001000010
0.3343000000	0.0001000010
0.3344000000	0.0001000010
0.3345000000	0.0001000010
0.3346000000	0.0001000010
0.3347000000	0.0001000010
0.3348000000	0.0001000010
0.3349000000	0.0001000010
0.3350000000	0.0001000010
0.3351000000	0.0001000010
0.3352000000	0.0001000010
0.3353000000	0.0001000010
0.3354000000	0.0001000010
0.3355000000	0.0001000010
0.3356000000	0.0001000010
0.3357000000	0.0001000010
0.3358000000	0.0001000010
0.3359000000	0.0001000010
0.3360000000	0.0001000010
0.3361000000	0.0001000010
0.3362000000	0.0001000010
0.3363000000	0.0001000010
0.3364000000	0.0001000010
0.3365000000	0.0001000010
0.3366000000	0.0001000010
0.3367000000	0.0001000010
0.3368000000	0.0001000010
0.3369000000	0.0001000010
0.3370000000	0.0001000010
0.3371000000	0.0001000010
0.3372000000	0.0001000010
0.3373000000	0.0001000010
0.3374000000	0.0001000010
0.3375000000	0.0001000010
0.3376000000	0.0001000010
0.3377000000	0.0001000010
0.3378000000	0.0001000010
0.3379000000	0.0001000010
0.3380000000	0.0001000010
0.3381000000	0.0001000010
0.3382000000	0.0001000010
0.3383000000	0.0001000010
0.3384000000	0.0001000010
0.3385000000	0.0001000010
0.3386000000	0.0001000010
0.3387000000	0.0001000010
0.3388000000	0.0001000010
0.3389000000	0.0001000010
0.3390000000	0.0001000010
0.3391000000	0.0001000010
0.3392000000	0.0001000010
0.3393000000	0.0001000010
0.3394000000	0.0001000010
0.3395000000	0.0001000010
0.3396000000	0.0001000010
0.3397000000	0.0001000010
0.3398000000	0.0001000010
0.3399000000	0.0001000010
0.3400000000	0.0001000010
0.3401000000	0.0001000010
0.3402000000	0.0001000010
0.3403000000	0.0001000010
0.3404000000	0.0001000010
0.3405000000	0.0001000010
0.3406000000	0.0001000010
0.3407000000	0.0001000010
0.3408000000	0.0001000010
0.3409000000	0.0001000010
0.3410000000	0.0001000010
0.3411000000	0.0001000010
0.3412000000	0.0001000010
0.3413000000	0.0001000010
0.3414000000	0.0001000010
0.3415000000	0.0001000010
0.3416000000	0.0001000010
0.3417000000	0.0001000010
0.3418000000	0.0001000010
0.3419000000	0.0001000010
0.3420000000	0.0001000010
0.3421000000	0.0001000010
0.3422000000	0.0001000010
0.3423000000	0.0001000010
0.3424000000	0.0001000010
0.3425000000	0.0001000010
0.3426000000	0.0001000010
0.3427000000	0.0001000010
0.3428000000	0.0001000010
0.3429000000	0.0001000010
0.3430000000	0.0001000010
0.3431000000	0.0001000010
0.3432000000	0.0001000010
0.3433000000	0.0001000010
0.3434000000	0.0001000010
0.3435000000	0.0001000010
0.3436000000	0.0001000010
0.3437000000	0.0001000010
0.3438000000	0.0001000010
0.3439000000	0.0001000010
0.3440000000	0.0001000010
0.3441000000	0.0001000010
0.3442000000	0.0001000010
0.3443000000	0.0001000010
0.3444000000	0.0001000010
0.3445000000	0.0001000010
0.3446000000	0.0001000010
0.3447000000	0.0001000010
0.3448000000	0.0001000010
0.3449000000	0.0001000010
0.3450000000	0.0001000010
0.3451000000	0.0001000010
0.3452000000	0.0001000010
0.3453000000	0.0001000010
0.3454000000	0.0001000010
0.3455000000	0.0001000010
0.3456000000	0.0001000010
0.3457000000	0.0001000010
0.3458000000	0.0001000010
0.3459000000	0.0001000010
0.3460000000	0.0001000010
0.3461000000	0.0001000010
0.3462000000	0.0001000010
0.3463000000	0.0001000010
0.3464000000	0.0001000010
0.3465000000	0.0001000010
0.3466000000	0.0001000010
0.3467000000	0.0001000010
0.3468000000	0.0001000010
0.3469000000	0.0001000010
0.3470000000	0.0001000010
0.3471000000	0.0001000010
0.3472000000	0.0001000010
0.3473000000	0.0001000010
0.3474000000	0.0001000010
0.3475000000	0.0001000010
0.3476000000	0.0001000010
0.3477000000	0.0001000010
0.3478000000	0.0001000010
0.3479000000	0.0001000010
0.3480000000	0.0001000010
0.3481000000	0.0001000010
0.3482000000	0.0001000010
0.3483000000	0.0001000010
0.3484000000	0.0001000010
0.3485000000	0.0001000010
0.3486000000	0.0001000010
0.3487000000	0.0001000010
0.3488000000	0.0001000010
0.3489000000	0.0001000010
0.3490000000	0.0001000010
0.3491000000	0.0001000010
0.3492000000	0.0001000010
0.3493000000	0.0001000010
0.3494000000	0.0001000010
0.3495000000	0.0001000010
0.3496000000	0.0001000010
0.3497000000	0.0001000010
0.3498000000	0.0001000010
0.3499000000	0.0001000010
0.3500000000	0.0001000010
0.3501000000	0.0001000010
0.3502000000	0.0001000010
0.3503000000	0.0001000010
0.3504000000	0.0001000010
0.3505000000	0.0001000010
0.3506000000	0.0001000010
0.3507000000	0.0001000010
0.3508000000	0.0001000010
0.3509000000	0.0001000010
0.3510000000	0.0001000010
0.3511000000	0.0001000010
0.3512000000	0.0001000010
0.3513000000	0.0001000010
0.3514000000	0.0001000010
0.3515000000	0.0001000010
0.3516000000	0.0001000010
0.3517000000	0.0001000010
0.3518000000	0.0001000010
0.3519000000	0.0001000010
0.3520000000	0.0001000010
0.3521000000	0.0001000010
0.3522000000	0.0001000010
0.3523000000	0.0001000010
0.3524000000	0.0001000010
0.3525000000	0.0001000010
0.3526000000	0.0001000010
0.3527000000	0.0001000010
0.3528000000	0.0001000010
0.3529000000	0.0001000010
0.3530000000	0.0001000010
0.3531000000	0.0001000010
0.3532000000	0.0001000010
0.3533000000	0.0001000010
0.3534000000	0.0001000010
0.3535000000	0.0001000010
0.3536000000	0.0001000010
0.3537000000	0.0001000010
0.3538000000	0.0001000010
0.3539000000	0.0001000010
0.3540000000	0.0001000010
0.3541000000	0.0001000010
0.3542000000	0.0001000010
0.3543000000	0.0001000010
0.3544000000	0.0001000010
0.3545000000	0.0001000010
0.3546000000	0.0001000010
0.3547000000	0.0001000010
0.3548000000	0.0001000010
0.3549000000	0.0001000010
0.3550000000	0.0001000010
0.3551000000	0.0001000010
0.3552000000	0.0001000010
0.3553000000	0.0001000010
0.3554000000	0.0001000010
0.3555000000	0.0001000010
0.3556000000	0.0001000010
0.3557000000	0.0001000010
0.3558000000	0.0001000010
0.3559000000	0.0001000010
0.3560000000	0.0001000010
0.3561000000	0.0001000010
0.3562000000	0.0001000010
0.3563000000	0.0001000010
0.3564000000	0.0001000010
0.3565000000	0.0001000010
0.3566000000	0.0001000010
0.3567000000	0.0001000010
0.3568000000	0.0001000010
0.3569000000	0.0001000010
0.3570000000	0.0001000010
0.3571000000	0.0001000010
0.3572000000	0.0001000010
0.3573000000	0.0001000010
0.3574000000	0.0001000010
0.3575000000	0.0001000010
0.3576000000	0.0001000010
0.3577000000	0.0001000010
0.3578000000	0.0001000010
0.3579000000	0.0001000010
0.3580000000	0.0001000010
0.3581000000	0.0001000010
0.3582000000	0.0001000010
0.3583000000	0.0001000010
0.3584000000	0.0001000010
0.3585000000	0.0001000010
0.3586000000	0.0001000010
0.3587000000	0.0001000010
0.3588000000	0.0001000010
0.3589000000	0.0001000010
0.3590000000	0.0001000010
0.3591000000	0.0001000010
0.3592000000	0.0001000010
0.3593000000	0.0001000010
0.3594000000	0.0001000010
0.3595000000	0.0001000010
0.3596000000	0.0001000010
0.3597000000	0.0001000010
0.3598000000	0.0001000010
0.3599000000	0.0001000010
0.3600000000	0.0001000010
0.3601000000	0.0001000010
0.3602000000	0.0001000010
0.3603000000	0.0001000010
0.3604000000	0.0001000010
0.3605000000	0.0001000010
0.3606000000	0.0001000010
0.3607000000	0.0001000010
0.3608000000	0.0001000010
0.3609000000	0.0001000010
0.3610000000	0.0001000010
0.3611000000	0.0001000010
0.3612000000	0.0001000010
0.3613000000	0.0001000010
0.3614000000	0.0001000010
0.3615000000	0.0001000010
0.3616000000	0.0001000010
0.3617000000	0.0001000010
0.3618000000	0.0001000010
0.3619000000	0.0001000010
0.3620000000	0.0001000010
0.3621000000	0.0001000010
0.3622000000	0.0001000010
0.3623000000	0.0001000010
0.3624000000	0.0001000010
0.3625000000	0.0001000010
0.3626000000	0.0001000010
0.3627000000	0.0001000010
0.3628000000	0.0001000010
0.3629000000	0.0001000010
0.3630000000	0.0001000010
0.3631000000	0.0001000010
0.3632000000	0.0001000010
0.3633000000	0.0001000010
0.3634000000	0.0001000010
0.3635000000	0.0001000010
0.3636000000	0.0001000010
0.3637000000	0.0001000010
0.3638000000	0.0001000010
0.3639000000	0.0001000010
0.3640000000	0.0001000010
0.3641000000	0.0001000010
0.3642000000	0.0001000010
0.3643000000	0.0001000010
0.3644000000	0.0001000010
0.3645000000	0.0001000010
0.3646000000	0.0001000010
0.3647000000	0.0001000010
0.3648000000	0.0001000010
0.3649000000	0.0001000010
0.3650000000	0.0001000010
0.3651000000	0.0001000010
0.3652000000	0.0001000010
0.3653000000	0.0001000010
0.3654000000	0.0001000010
0.3655000000	0.0001000010
0.3656000000	0.0001000010
0.3657000000	0.0001000010
0.3658000000	0.0001000010
0.3659000000	0.0001000010
0.3660000000	0.0001000010
0.3661000000	0.0001000010
0.3662000000	0.0001000010
0.3663000000	0.0001000010
0.3664000000	0.0001000010
0.3665000000	0.0001000010
0.3666000000	0.0001000010
0.3667000000	0.0001000010
0.3668000000	0.0001000010
0.3669000000	0.0001000010
0.3670000000	0.0001000010
0.3671000000	0.0001000010
0.3672000000	0.0001000010
0.3673000000	0.0001000010
0.3674000000	0.0001000010
0.3675000000	0.0001000010
0.3676000000	0.0001000010
0.3677000000	0.0001000010
0.3678000000	0.0001000010
0.3679000000	0.0001000010
0.3680000000	0.0001000010
0.3681000000	0.0001000010
0.3682000000	0.0001000010
0.3683000000	0.0001000010
0.3684000000	0.0001000010
0.3685000000	0.0001000010
0.3686000000	0.0001000010
0.3687000000	0.0001000010
0.3688000000	0.0001000010
0.3689000000	0.0001000010
0.3690000000	0.0001000010
0.3691000000	0.0001000010
0.3692000000	0.0001000010
0.3693000000	0.0001000010
0.3694000000	0.0001000010
0.3695000000	0.0001000010
0.3696000000	0.0001000010
0.3697000000	0.0001000010
0.3698000000	0.0001000010
0.3699000000	0.0001000010
0.3700000000	0.0001000010
0.3701000000	0.0001000010
0.3702000000	0.0001000010
0.3703000000	0.0001000010
0.3704000000	0.0001000010
0.3705000000	0.0001000010
0.3706000000	0.0001000010
0.3707000000	0.0001000010
0.3708000000	0.0001000010
0.3709000000	0.0001000010
0.3710000000	0.0001000010
0.3711000000	0.0001000010
0.3712000000	0.0001000010
0.3713000000	0.0001000010
0.3714000000	0.0001000010
0.3715000000	0.0001000010
0.3716000000	0.0001000010
0.3717000000	0.0001000010
0.3718000000	0.0001000010
0.3719000000	0.0001000010
0.3720000000	0.0001000010
0.3721000000	0.0001000010
0.3722000000	0.0001000010
0.3723000000	0.0001000010
0.3724000000	0.0001000010
0.3725000000	0.0001000010
0.3726000000	0.0001000010
0.3727000000	0.0001000010
0.3728000000	0.0001000010
0.3729000000	0.0001000010
0.3730000000	0.0001000010
0.3731000000	0.0001000010
0.3732000000	0.0001000010
0.3733000000	0.0001000010
0.3734000000	0.0001000010
0.3735000000	0.0001000010
0.3736000000	0.0001000010
0.3737000000	0.0001000010
0.3738000000	0.0001000010
0.3739000000	0.0001000010
0.3740000000	0.0001000010
0.3741000000	0.0001000010
0.3742000000	0.0001000010
0.3743000000	0.0001000010
0.3744000000	0.0001000010
0.3745000000	0.0001000010
0.3746000000	0.0001000010
0.3747000000	0.0001000010
0.3748000000	0.0001000010
0.3749000000	0.0001000010
0.3750000000	0.0001000010
0.3751000000	0.0001000010
0.3752000000	0.0001000010
0.3753000000	0.0001000010
0.3754000000	0.0001000010
0.3755000000	0.0001000010
0.3756000000	0.0001000010
0.3757000000	0.0001000010
0.3758000000	0.0001000010
0.3759000000	0.0001000010
0.3760000000	0.0001000010
0.3761000000	0.0001000010
0.3762000000	0.0001000010
0.3763000000	0.0001000010
0.3764000000	0.0001000010
0.3765000000	0.0001000010
0.3766000000	0.0001000010
0.3767000000	0.0001000010
0.3768000000	0.0001000010
0.3769000000	0.0001000010
0.3770000000	0.0001000010
0.3771000000	0.0001000010
0.3772000000	0.0001000010
0.3773000000	0.0001000010
0.3774000000	0.0001000010
0.3775000000	0.0001000010
0.3776000000	0.0001000010
0.3777000000	0.0001000010
0.3778000000	0.0001000010
0.3779000000	0.0001000010
0.3780000000	0.0001000010
0.3781000000	0.0001000010
0.3782000000	0.0001000010
0.3783000000	0.0001000010
0.3784000000	0.0001000010
0.3785000000	0.0001000010
0.3786000000	0.0001000010
0.3787000000	0.0001000010
0.3788000000	0.0001000010
0.3789000000	0.0001000010
0.3790000000	0.0001000010
0.3791000000	0.0001000010
0.3792000000	0.0001000010
0.3793000000	0.0001000010
0.3794000000	0.0001000010
0.3795000000	0.0001000010
0.3796000000	0.0001000010
0.3797000000	0.0001000010
0.3798000000	0.0001000010
0.3799000000	0.0001000010
0.3800000000	0.0001000010
0.3801000000	0.0001000010
0.3802000000	0.0001000010
0.3803000000	0.0001000010
0.3804000000	0.0001000010
0.3805000000	0.0001000010
0.3806000000	0.0001000010
0.3807000000	0.0001000010
0.3808000000	0.0001000010
0.3809000000	0.0001000010
0.3810000000	0.0001000010
0.3811000000	0.0001000010
0.3812000000	0.0001000010
0.3813000000	0.0001000010
0.3814000000	0.0001000010
0.3815000000	0.0001000010
0.3816000000	0.0001000010
0.3817000000	0.0001000010
0.3818000000	0.0001000010
0.3819000000	0.0001000010
0.3820000000	0.0001000010
0.3821000000	0.0001000010
0.3822000000	0.0001000010
0.3823000000	0.0001000010
0.3824000000	0.0001000010
0.3825000000	0.0001000010
0.3826000000	0.0001000010
0.3827000000	0.0001000010
0.3828000000	0.0001000010
0.3829000000	0.0001000010
0.3830000000	0.0001000010
0.3831000000	0.0001000010
0.3832000000	0.0001000010
0.3833000000	0.0001000010
0.3834000000	0.0001000010
0.3835000000	0.0001000010
0.3836000000	0.0001000010
0.3837000000	0.0001000010
0.3838000000	0.0001000010
0.3839000000	0.0001000010
0.3840000000	0.0001000010
0.3841000000	0.0001000010
0.3842000000	0.0001000010
0.3843000000	0.0001000010
0.3844000000	0.0001000010
0.3845000000	0.0001000010
0.3846000000	0.0001000010
0.3847000000	0.0001000010
0.3848000000	0.0001000010
0.3849000000	0.0001000010
0.3850000000	0.0001000010
0.3851000000	0.0001000010
0.3852000000	0.0001000010
0.3853000000	0.0001000010
0.3854000000	0.0001000010
0.3855000000	0.0001000010
0.3856000000	0.0001000010
0.3857000000	0.0001000010
0.3858000000	0.0001000010
0.3859000000	0.0001000010
0.3860000000	0.0001000010
0.3861000000	0.0001000010
0.3862000000	0.0001000010
0.3863000000	0.0001000010
0.3864000000	0.0001000010
0.3865000000	0.0001000010
0.3866000000	0.0001000010
0.3867000000	0.0001000010
0.3868000000	0.0001000010
0.3869000000	0.0001000010
0.3870000000	0.0001000010
0.3871000000	0.0001000010
0.3872000000	0.0001000010
0.3873000000	0.0001000010
0.3874000000	0.0001000010
0.3875000000	0.0001000010
0.3876000000	0.0001000010
0.3877000000	0.0001000010
0.3878000000	0.0001000010
0.3879000000	0.0001000010
0.3880000000	0.0001000010
0.3881000000	0.0001000010
0.3882000000	0.0001000010
0.3883000000	0.0001000010
0.3884000000	0.0001000010
0.3885000000	0.0001000010
0.3886000000	0.0001000010
0.3887000000	0.0001000010
0.3888000000	0.0001000010
0.3889000000	0.0001000010
0.3890000000	0.0001000010
0.3891000000	0.0001000010
0.3892000000	0.0001000010
0.3893000000	0.0001000010
0.3894000000	0.0001000010
0.3895000000	0.0001000010
0.3896000000	0.0001000010
0.3897000000	0.0001000010
0.3898000000	0.0001000010
0.3899000000	0.0001000010
0.3900000000	0.0001000010
0.3901000000	0.0001000010
0.3902000000	0.0001000010
0.3903000000	0.0001000010
0.3904000000	0.0001000010
0.3905000000	0.0001000010
0.3906000000	0.0001000010
0.3907000000	0.0001000010
0.3908000000	0.0001000010
0.3909000000	0.0001000010
0.3910000000	0.0001000010
0.3911000000	0.0001000010
0.3912000000	0.0001000010
0.3913000000	0.0001000010
0.3914000000	0.0001000010
0.3915000000	0.0001000010
0.3916000000	0.0001000010
0.3917000000	0.0001000010
0.3918000000	0.0001000010
0.3919000000	0.0001000010
0.3920000000	0.0001000010
0.3921000000	0.0001000010
0.3922000000	0.0001000010
0.3923000000	0.0001000010
0.3924000000	0.0001000010
0.3925000000	0.0001000010
0.3926000000	0.0001000010
0.3927000000	0.0001000010
0.3928000000	0.0001000010
0.3929000000	0.0001000010
0.3930000000	0.0001000010
0.3931000000	0.0001000010
0.3932000000	0.0001000010
0.3933000000	0.0001000010
0.3934000000	0.0001000010
0.3935000000	0.0001000010
0.3936000000	0.0001000010
0.3937000000	0.0001000010
0.3938000000	0.0001000010
0.3939000000	0.0001000010
0.3940000000	0.0001000010
0.3941000000	0.0001000010
0.3942000000	0.0001000010
0.3943000000	0.0001000010
0.3944000000	0.0001000010
0.3945000000	0.0001000010
0.3946000000	0.0001000010
0.3947000000	0.0001000010
0.3948000000	0.0001000010
0.3949000000	0.0001000010
0.3950000000	0.0001000010
0.3951000000	0.0001000010
0.3952000000	0.0001000010
0.3953000000	0.0001000010
0.3954000000	0.0001000010
0.3955000000	0.0001000010
0.3956000000	0.0001000010
0.3957000000	0.0001000010
0.3958000000	0.0001000010
0.3959000000	0.0001000010
0.3960000000	0.0001000010
0.3961000000	0.0001000010
0.3962000000	0.0001000010
0.3963000000	0.0001000010
0.3964000000	0.0001000010
0.3965000000	0.0001000010
0.3966000000	0.0001000010
0.3967000000	0.0001000010
0.3968000000	0.0001000010
0.3969000000	0.0001000010
0.3970000000	0.0001000010
0.3971000000	0.0001000010
0.3972000000	0.0001000010
0.3973000000	0.0001000010
0.3974000000	0.0001000010
0.3975000000	0.0001000010
0.3976000000	0.0001000010
0.3977000000	0.0001000010
0.3978000000	0.0001000010
0.3979000000	0.0001000010
0.3980000000	0.0001000010
0.3981000000	0.0001000010
0.3982000000	0.0001000010
0.3983000000	0.0001000010
0.3984000000	0.0001000010
0.3985000000	0.0001000010
0.3986000000	0.0001000010
0.3987000000	0.0001000010
0.3988000000	0.0001000010
0.3989000000	0.0001000010
0.3990000000	0.0001000010
0.3991000000	0.0001000010
0.3992000000	0.0001000010
0.3993000000	0.0001000010
0.3994000000	0.0001000010
0.3995000000	0.0001000010
0.3996000000	0.0001000010
0.3997000000	0.0001000010
0.3998000000	0.0001000010
0.3999000000	0.0001000010
0.4000000000	0.0001000010
0.4001000000	0.0001000010
0.4002000000	0.0001000010
0.4003000000	0.0001000010
0.4004000000	0.0001000010
0.4005000000	0.0001000010
0.4006000000	0.0001000010
0.4007000000	0.0001000010
0.4008000000	0.0001000010
0.4009000000	0.0001000010
0.4010000000	0.0001000010
0.4011000000	0.0001000010
0.4012000000	0.0001000010
0.4013000000	0.0001000010
0.4014000000	0.0001000010
0.4015000000	0.0001000010
0.4016000000	0.0001000010
0.4017000000	0.0001000010
0.4018000000	0.0001000010
0.4019000000	0.0001000010
0.4020000000	0.0001000010
0.4021000000	0.0001000010
0.4022000000	0.0001000010
0.4023000000	0.0001000010
0.4024000000	0.0001000010
0.4025000000	0.0001000010
0.4026000000	0.0001000010
0.4027000000	0.0001000010
0.4028000000	0.0001000010
0.4029000000	0.0001000010
0.4030000000	0.0001000010
0.4031000000	0.0001000010
0.4032000000	0.0001000010
0.4033000000	0.0001000010
0.4034000000	0.0001000010
0.4035000000	0.0001000010
0.4036000000	0.0001000010
0.4037000000	0.0001000010
0.4038000000	0.0001000010
0.4039000000	0.0001000010
0.4040000000	0.0001000010
0.4041000000	0.0001000010
0.4042000000	0.0001000010
0.4043000000	0.0001000010
0.4044000000	0.0001000010
0.4045000000	0.0001000010
0.4046000000	0.0001000010
0.4047000000	0.0001000010
0.4048000000	0.0001000010
0.4049000000	0.0001000010
0.4050000000	0.0001000010
0.4051000000	0.0001000010
0.4052000000	0.0001000010
0.4053000000	0.0001000010
0.4054000000	0.0001000010
0.4055000000	0.0001000010
0.4056000000	0.0001000010
0.4057000000	0.0001000010
0.4058000000	0.0001000010
0.4059000000	0.0001000010
0.4060000000	0.0001000010
0.4061000000	0.0001000010
0.4062000000	0.0001000010
0.4063000000	0.0001000010
0.4064000000	0.0001000010
0.4065000000	0.0001000010
0.4066000000	0.0001000010
0.4067000000	0.0001000010
0.4068000000	0.0001000010
0.4069000000	0.0001000010
0.4070000000	0.0001000010
0.4071000000	0.0001000010
0.4072000000	0.0001000010
0.4073000000	0.0001000010
0.4074000000	0.0001000010
0.4075000000	0.0001000010
0.4076000000	0.0001000010
0.4077000000	0.0001000010
0.4078000000	0.0001000010
0.4079000000	0.0001000010
0.4080000000	0.0001000010
0.4081000000	0.0001000010
0.4082000000	0.0001000010
0.4083000000	0.0001000010
0.4084000000	0.0001000010
0.4085000000	0.0001000010
0.4086000000	0.0001000010
0.4087000000	0.0001000010
0.4088000000	0.0001000010
0.4089000000	0.0001000010
0.4090000000	0.0001000010
0.4091000000	0.0001000010
0.4092000000	0.0001000010
0.4093000000	0.0001000010
0.4094000000	0.0001000010
0.4095000000	0.0001000010
0.4096000000	0.0001000010
0.4097000000	0.0001000010
0.4098000000	0.0001000010
0.4099000000	0.0001000010
0.4100000000	0.0001000010
0.4101000000	0.0001000010
0.4102000000	0.0001000010
0.4103000000	0.0001000010
0.4104000000	0.0001000010
0.4105000000	0.0001000010
0.4106000000	0.0001000010
0.4107000000	0.0001000010
0.4108000000	0.0001000010
0.4109000000	0.0001000010
0.4110000000	0.0001000010
0.4111000000	0.0001000010
0.4112000000	0.0001000010
0.4113000000	0.0001000010
0.4114000000	0.0001000010
0.4115000000	0.0001000010
0.4116000000	0.0001000010
0.4117000000	0.0001000010
0.4118000000	0.0001000010
0.4119000000	0.0001000010
0.4120000000	0.0001000010
0.4121000000	0.0001000010
0.4122000000	0.0001000010
0.4123000000	0.0001000010
0.4124000000	0.0001000010
0.4125000000	0.0001000010
0.4126000000	0.0001000010
0.4127000000	0.0001000010
0.4128000000	0.0001000010
0.4129000000	0.0001000010
0.4130000000	0.0001000010
0.4131000000	0.0001000010
0.4132000000	0.0001000010
0.4133000000	0.0001000010
0.4134000000	0.0001000010
0.4135000000	0.0001000010
0.4136000000	0.0001000010
0.4137000000	0.0001000010
0.4138000000	0.0001000010
0.4139000000	0.0001000010
0.4140000000	0.0001000010
0.4141000000	0.0001000010
0.4142000000	0.0001000010
0.4143000000	0.0001000010
0.4144000000	0.0001000010
0.4145000000	0.0001000010
0.4146000000	0.0001000010
0.4147000000	0.0001000010
0.4148000000	0.0001000010
0.4149000000	0.0001000010
0.4150000000	0.0001000010
0.4151000000	0.0001000010
0.4152000000	0.0001000010
0.4153000000	0.0001000010
0.4154000000	0.0001000010
0.4155000000	0.0001000010
0.4156000000	0.0001000010
0.4157000000	0.0001000010
0.4158000000	0.0001000010
0.4159000000	0.0001000010
0.4160000000	0.0001000010
0.4161000000	0.0001000010
0.4162000000	0.0001000010
0.4163000000	0.0001000010
0.4164000000	0.0001000010
0.4165000000	0.0001000010
0.4166000000	0.0001000010
0.4167000000	0.0001000010
0.4168000000	0.0001000010
0.4169000000	0.0001000010
0.4170000000	0.0001000010
0.4171000000	0.0001000010
0.4172000000	0.0001000010
0.4173000000	0.0001000010
0.4174000000	0.0001000010
0.4175000000	0.0001000010
0.4176000000	0.0001000010
0.4177000000	0.0001000010
0.4178000000	0.0001000010
0.4179000000	0.0001000010
0.4180000000	0.0001000010
0.4181000000	0.0001000010
0.4182000000	0.0001000010
0.4183000000	0.0001000010
0.4184000000	0.0001000010
0.4185000000	0.0001000010
0.4186000000	0.0001000010
0.4187000000	0.0001000010
0.4188000000	0.0001000010
0.4189000000	0.0001000010
0.4190000000	0.0001000010
0.4191000000	0.0001000010
0.4192000000	0.0001000010
0.4193000000	0.0001000010
0.4194000000	0.0001000010
0.4195000000	0.0001000010
0.4196000000	0.0001000010
0.4197000000	0.0001000010
0.4198000000	0.0001000010
0.4199000000	0.0001000010
0.4200000000	0.0001000010
0.4201000000	0.0001000010
0.4202000000	0.0001000010
0.4203000000	0.0001000010
0.4204000000	0.0001000010
0.4205000000	0.0001000010
0.4206000000	0.0001000010
0.4207000000	0.0001000010
0.4208000000	0.0001000010
0.4209000000	0.0001000010
0.4210000000	0.0001000010
0.4211000000	0.0001000010
0.4212000000	0.0001000010
0.4213000000	0.0001000010
0.4214000000	0.0001000010
0.4215000000	0.0001000010
0.4216000000	0.0001000010
0.4217000000	0.0001000010
0.4218000000	0.0001000010
0.4219000000	0.0001000010
0.4220000000	0.0001000010
0.4221000000	0.0001000010
0.4222000000	0.0001000010
0.4223000000	0.0001000010
0.4224000000	0.0001000010
0.4225000000	0.0001000010
0.4226000000	0.0001000010
0.4227000000	0.0001000010
0.4228000000	0.0001000010
0.4229000000	0.0001000010
0.4230000000	0.0001000010
0.4231000000	0.0001000010
0.4232000000	0.0001000010
0.4233000000	0.0001000010
0.4234000000	0.0001000010
0.4235000000	0.0001000010
0.4236000000	0.0001000010
0.4237000000	0.0001000010
0.4238000000	0.0001000010
0.4239000000	0.0001000010
0.4240000000	0.0001000010
0.4241000000	0.0001000010
0.4242000000	0.0001000010
0.4243000000	0.0001000010
0.4244000000	0.0001000010
0.4245000000	0.0001000010
0.4246000000	0.0001000010
0.4247000000	0.0001000010
0.4248000000	0.0001000010
0.4249000000	0.0001000010
0.4250000000	0.0001000010
0.4251000000	0.0001000010
0.4252000000	0.0001000010
0.4253000000	0.0001000010
0.4254000000	0.0001000010
0.4255000000	0.0001000010
0.4256000000	0.0001000010
0.4257000000	0.0001000010
0.4258000000	0.0001000010
0.4259000000	0.0001000010
0.4260000000	0.0001000010
0.4261000000	0.0001000010
0.4262000000	0.0001000010
0.4263000000	0.0001000010
0.4264000000	0.0001000010
0.4265000000	0.0001000010
0.4266000000	0.0001000010
0.4267000000	0.0001000010
0.4268000000	0.0001000010
0.4269000000	0.0001000010
0.4270000000	0.0001000010
0.4271000000	0.0001000010
0.4272000000	0.0001000010
0.4273000000	0.0001000010
0.4274000000	0.0001000010
0.4275000000	0.0001000010
0.4276000000	0.0001000010
0.4277000000	0.0001000010
0.4278000000	0.0001000010
0.4279000000	0.0001000010
0.4280000000	0.0001000010
0.4281000000	0.0001000010
0.4282000000	0.0001000010
0.4283000000	0.0001000010
0.4284000000	0.0001000010
0.4285000000	0.0001000010
0.4286000000	0.0001000010
0.4287000000	0.0001000010
0.4288000000	0.0001000010
0.4289000000	0.0001000010
0.4290000000	0.0001000010
0.4291000000	0.0001000010
0.4292000000	0.0001000010
0.4293000000	0.0001000010
0.4294000000	0.0001000010
0.4295000000	0.0001000010
0.4296000000	0.0001000010
0.4297000000	0.0001000010
0.4298000000	0.0001000010
0.4299000000	0.0001000010
0.4300000000	0.0001000010
0.4301000000	0.0001000010
0.4302000000	0.0001000010
0.4303000000	0.0001000010
0.4304000000	0.0001000010
0.4305000000	0.0001000010
0.4306000000	0.0001000010
0.4307000000	0.0001000010
0.4308000000	0.0001000010
0.4309000000	0.0001000010
0.4310000000	0.0001000010
0.4311000000	0.0001000010
0.4312000000	0.0001000010
0.4313000000	0.0001000010
0.4314000000	0.0001000010
0.4315000000	0.0001000010
0.4316000000	0.0001000010
0.4317000000	0.0001000010
0.4318000000	0.0001000010
0.4319000000	0.0001000010
0.4320000000	0.0001000010
0.4321000000	0.0001000010
0.4322000000	0.0001000010
0.4323000000	0.0001000010
0.4324000000	0.0001000010
0.4325000000	0.0001000010
0.4326000000	0.0001000010
0.4327000000	0.0001000010
0.4328000000	0.0001000010
0.4329000000	0.0001000010
0.4330000000	0.0001000010
0.4331000000	0.0001000010
0.4332000000	0.0001000010
0.4333000000	0.0001000010
0.4334000000	0.0001000010
0.4335000000	0.0001000010
0.4336000000	0.0001000010
0.4337000000	0.0001000010
0.4338000000	0.0001000010
0.4339000000	0.0001000010
0.4340000000	0.0001000010
0.4341000000	0.0001000010
0.4342000000	0.0001000010
0.4343000000	0.0001000010
0.4344000000	0.0001000010
0.4345000000	0.0001000010
0.4346000000	0.0001000010
0.4347000000	0.0001000010
0.4348000000	0.0001000010
0.4349000000	0.0001000010
0.4350000000	0.0001000010
0.4351000000	0.0001000010
0.4352000000	0.0001000010
0.4353000000	0.0001000010
0.4354000000	0.0001000010
0.4355000000	0.0001000010
0.4356000000	0.0001000010
0.4357000000	0.0001000010
0.4358000000	0.0001000010
0.4359000000	0.0001000010
0.4360000000	0.0001000010
0.4361000000	0.0001000010
0.4362000000	0.0001000010
0.4363000000	0.0001000010
0.4364000000	0.0001000010
0.4365000000	0.0001000010
0.4366000000	0.0001000010
0.4367000000	0.0001000010
0.4368000000	0.0001000010
0.4369000000	0.0001000010
0.4370000000	0.0001000010
0.4371000000	0.0001000010
0.4372000000	0.0001000010
0.4373000000	0.0001000010
0.4374000000	0.0001000010
0.4375000000	0.0001000010
0.4376000000	0.0001000010
0.4377000000	0.0001000010
0.4378000000	0.0001000010
0.4379000000	0.0001000010
0.4380000000	0.0001000010
0.4381000000	0.0001000010
0.4382000000	0.0001000010
0.4383000000	0.0001000010
0.4384000000	0.0001000010
0.4385000000	0.0001000010
0.4386000000	0.0001000010
0.4387000000	0.0001000010
0.4388000000	0.0001000010
0.4389000000	0.0001000010
0.4390000000	0.0001000010
0.4391000000	0.0001000010
0.4392000000	0.0001000010
0.4393000000	0.0001000010
0.4394000000	0.0001000010
0.4395000000	0.0001000010
0.4396000000	0.0001000010
0.4397000000	0.0001000010
0.4398000000	0.0001000010
0.4399000000	0.0001000010
0.4400000000	0.0001000010
0.4401000000	0.0001000010
0.4402000000	0.0001000010
0.4403000000	0.0001000010
0.4404000000	0.0001000010
0.4405000000	0.0001000010
0.4406000000	0.0001000010
0.4407000000	0.0001000010
0.4408000000	0.0001000010
0.4409000000	0.0001000010
0.4410000000	0.0001000010
0.4411000000	0.0001000010
0.4412000000	0.0001000010
0.4413000000	0.0001000010
0.4414000000	0.0001000010
0.4415000000	0.0001000010
0.4416000000	0.0001000010
0.4417000000	0.0001000010
0.4418000000	0.0001000010
0.4419000000	0.0001000010
0.4420000000	0.0001000010
0.4421000000	0.0001000010
0.4422000000	0.0001000010
0.4423000000	0.0001000010
0.4424000000	0.0001000010
0.4425000000	0.0001000010
0.4426000000	0.0001000010
0.4427000000	0.0001000010
0.4428000000	0.0001000010
0.4429000000	0.0001000010
0.4430000000	0.0001000010
0.4431000000	0.0001000010
0.4432000000	0.0001000010
0.4433000000	0.0001000010
0.4434000000	0.0001000010
0.4435000000	0.0001000010
0.4436000000	0.0001000010
0.4437000000	0.0001000010
0.4438000000	0.0001000010
0.4439000000	0.0001000010
0.4440000000	0.0001000010
0.4441000000	0.0001000010
0.4442000000	0.0001000010
0.4443000000	0.0001000010
0.4444000000	0.0001000010
0.4445000000	0.0001000010
0.4446000000	0.0001000010
0.4447000000	0.0001000010
0.4448000000	0.0001000010
0.4449000000	0.0001000010
0.4450000000	0.0001000010
0.4451000000	0.0001000010
0.4452000000	0.0001000010
0.4453000000	0.0001000010
0.4454000000	0.0001000010
0.4455000000	0.0001000010
0.4456000000	0.0001000010
0.4457000000	0.0001000010
0.4458000000	0.0001000010
0.4459000000	0.0001000010
0.4460000000	0.0001000010
0.4461000000	0.0001000010
0.4462000000	0.0001000010
0.4463000000	0.0001000010
0.4464000000	0.0001000010
0.4465000000	0.0001000010
0.4466000000	0.0001000010
0.4467000000	0.0001000010
0.4468000000	0.0001000010
0.4469000000	0.0001000010
0.4470000000	0.0001000010
0.4471000000	0.0001000010
0.4472000000	0.0001000010
0.4473000000	0.0001000010
0.4474000000	0.0001000010
0.4475000000	0.0001000010
0.4476000000	0.0001000010
0.4477000000	0.0001000010
0.4478000000	0.0001000010
0.4479000000	0.0001000010
0.4480000000	0.0001000010
0.4481000000	0.0001000010
0.4482000000	0.0001000010
0.4483000000	0.0001000010
0.4484000000	0.0001000010
0.4485000000	0.0001000010
0.4486000000	0.0001000010
0.4487000000	0.0001000010
0.4488000000	0.0001000010
0.4489000000	0.0001000010
0.4490000000	0.0001000010
0.4491000000	0.0001000010
0.4492000000	0.0001000010
0.4493000000	0.0001000010
0.4494000000	0.0001000010
0.4495000000	0.0001000010
0.4496000000	0.0001000010
0.4497000000	0.0001000010
0.4498000000	0.0001000010
0.4499000000	0.0001000010
0.4500000000	0.0001000010
0.4501000000	0.0001000010
0.4502000000	0.0001000010
0.4503000000	0.0001000010
0.4504000000	0.0001000010
0.4505000000	0.0001000010
0.4506000000	0.0001000010
0.4507000000	0.0001000010
0.4508000000	0.0001000010
0.4509000000	0.0001000010
0.4510000000	0.0001000010
0.4511000000	0.0001000010
0.4512000000	0.0001000010
0.4513000000	0.0001000010
0.4514000000	0.0001000010
0.4515000000	0.0001000010
0.4516000000	0.0001000010
0.4517000000	0.0001000010
0.4518000000	0.0001000010
0.4519000000	0.0001000010
0.4520000000	0.0001000010
0.4521000000	0.0001000010
0.4522000000	0.0001000010
0.4523000000	0.0001000010
0.4524000000	0.0001000010
0.4525000000	0.0001000010
0.4526000000	0.0001000010
0.4527000000	0.0001000010
0.4528000000	0.0001000010
0.4529000000	0.0001000010
0.4530000000	0.0001000010
0.4531000000	0.0001000010
0.4532000000	0.0001000010
0.4533000000	0.0001000010
0.4534000000	0.0001000010
0.4535000000	0.0001000010
0.4536000000	0.0001000010
0.4537000000	0.0001000010
0.4538000000	0.0001000010
0.4539000000	0.0001000010
0.4540000000	0.0001000010
0.4541000000	0.0001000010
0.4542000000	0.0001000010
0.4543000000	0.0001000010
0.4544000000	0.0001000010
0.4545000000	0.0001000010
0.4546000000	0.0001000010
0.4547000000	0.0001000010
0.4548000000	0.0001000010
0.4549000000	0.0001000010
0.4550000000	0.0001000010
0.4551000000	0.0001000010
0.4552000000	0.0001000010
0.4553000000	0.0001000010
0.4554000000	0.0001000010
0.4555000000	0.0001000010
0.4556000000	0.0001000010
0.4557000000	0.0001000010
0.4558000000	0.0001000010
0.4559000000	0.0001000010
0.4560000000	0.0001000010
0.4561000000	0.0001000010
0.4562000000	0.0001000010
0.4563000000	0.0001000010
0.4564000000	0.0001000010
0.4565000000	0.0001000010
0.4566000000	0.0001000010
0.4567000000	0.0001000010
0.4568000000	0.0001000010
0.4569000000	0.0001000010
0.4570000000	0.0001000010
0.4571000000	0.0001000010
0.4572000000	0.0001000010
0.4573000000	0.0001000010
0.4574000000	0.0001000010
0.4575000000	0.0001000010
0.4576000000	0.0001000010
0.4577000000	0.0001000010
0.4578000000	0.0001000010
0.4579000000	0.0001000010
0.4580000000	0.0001000010
0.4581000000	0.0001000010
0.4582000000	0.0001000010
0.4583000000	0.0001000010
0.4584000000	0.0001000010
0.4585000000	0.0001000010
0.4586000000	0.0001000010
0.4587000000	0.0001000010
0.4588000000	0.0001000010
0.4589000000	0.0001000010
0.4590000000	0.0001000010
0.4591000000	0.0001000010
0.4592000000	0.0001000010
0.4593000000	0.0001000010
0.4594000000	0.0001000010
0.4595000000	0.0001000010
0.4596000000	0.0001000010
0.4597000000	0.0001000010
0.4598000000	0.0001000010
0.4599000000	0.0001000010
0.4600000000	0.0001000010
0.4601000000	0.0001000010
0.4602000000	0.0001000010
0.4603000000	0.0001000010
0.4604000000	0.0001000010
0.4605000000	0.0001000010
0.4606000000	0.0001000010
0.4607000000	0.0001000010
0.4608000000	0.0001000010
0.4609000000	0.0001000010
0.4610000000	0.0001000010
0.4611000000	0.0001000010
0.4612000000	0.0001000010
0.4613000000	0.0001000010
0.4614000000	0.0001000010
0.4615000000	0.0001000010
0.4616000000	0.0001000010
0.4617000000	0.0001000010
0.4618000000	0.0001000010
0.4619000000	0.0001000010
0.4620000000	0.0001000010
0.4621000000	0.0001000010
0.4622000000	0.0001000010
0.4623000000	0.0001000010
0.4624000000	0.0001000010
0.4625000000	0.0001000010
0.4626000000	0.0001000010
0.4627000000	0.0001000010
0.4628000000	0.0001000010
0.4629000000	0.0001000010
0.4630000000	0.0001000010
0.4631000000	0.0001000010
0.4632000000	0.0001000010
0.4633000000	0.0001000010
0.4634000000	0.0001000010
0.4635000000	0.0001000010
0.4636000000	0.0001000010
0.4637000000	0.0001000010
0.4638000000	0.0001000010
0.4639000000	0.0001000010
0.4640000000	0.0001000010
0.4641000000	0.0001000010
0.4642000000	0.0001000010
0.4643000000	0.0001000010
0.4644000000	0.0001000010
0.4645000000	0.0001000010
0.4646000000	0.0001000010
0.4647000000	0.0001000010
0.4648000000	0.0001000010
0.4649000000	0.0001000010
0.4650000000	0.0001000010
0.4651000000	0.0001000010
0.4652000000	0.0001000010
0.4653000000	0.0001000010
0.4654000000	0.0001000010
0.4655000000	0.0001000010
0.4656000000	0.0001000010
0.4657000000	0.0001000010
0.4658000000	0.0001000010
0.4659000000	0.0001000010
0.4660000000	0.0001000010
0.4661000000	0.0001000010
0.4662000000	0.0001000010
0.4663000000	0.0001000010
0.4664000000	0.0001000010
0.4665000000	0.0001000010
0.4666000000	0.0001000010
0.4667000000	0.0001000010
0.4668000000	0.0001000010
0.4669000000	0.0001000010
0.4670000000	0.0001000010
0.4671000000	0.0001000010
0.4672000000	0.0001000010
0.4673000000	0.0001000010
0.4674000000	0.0001000010
0.4675000000	0.0001000010
0.4676000000	0.0001000010
0.4677000000	0.0001000010
0.4678000000	0.0001000010
0.4679000000	0.0001000010
0.4680000000	0.0001000010
0.4681000000	0.0001000010
0.4682000000	0.0001000010
0.4683000000	0.0001000010
0.4684000000	0.0001000010
0.4685000000	0.0001000010
0.4686000000	0.0001000010
0.4687000000	0.0001000010
0.4688000000	0.0001000010
0.4689000000	0.0001000010
0.4690000000	0.0001000010
0.4691000000	0.0001000010
0.4692000000	0.0001000010
0.4693000000	0.0001000010
0.4694000000	0.0001000010
0.4695000000	0.0001000010
0.4696000000	0.0001000010
0.4697000000	0.0001000010
0.4698000000	0.0001000010
0.4699000000	0.0001000010
0.4700000000	0.0001000010
0.4701000000	0.0001000010
0.4702000000	0.0001000010
0.4703000000	0.0001000010
0.4704000000	0.0001000010
0.4705000000	0.0001000010
0.4706000000	0.0001000010
0.4707000000	0.0001000010
0.4708000000	0.0001000010
0.4709000000	0.0001000010
0.4710000000	0.0001000010
0.4711000000	0.0001000010
0.4712000000	0.0001000010
0.4713000000	0.0001000010
0.4714000000	0.0001000010
0.4715000000	0.0001000010
0.4716000000	0.0001000010
0.4717000000	0.0001000010
0.4718000000	0.0001000010
0.4719000000	0.0001000010
0.4720000000	0.0001000010
0.4721000000	0.0001000010
0.4722000000	0.0001000010
0.4723000000	0.0001000010
0.4724000000	0.0001000010
0.4725000000	0.0001000010
0.4726000000	0.0001000010
0.4727000000	0.0001000010
0.4728000000	0.0001000010
0.4729000000	0.0001000010
0.4730000000	0.0001000010
0.4731000000	0.0001000010
0.4732000000	0.0001000010
0.4733000000	0.0001000010
0.4734000000	0.0001000010
0.4735000000	0.0001000010
0.4736000000	0.0001000010
0.4737000000	0.0001000010
0.4738000000	0.0001000010
0.4739000000	0.0001000010
0.4740000000	0.0001000010
0.4741000000	0.0001000010
0.4742000000	0.0001000010
0.4743000000	0.0001000010
0.4744000000	0.0001000010
0.4745000000	0.0001000010
0.4746000000	0.0001000010
0.4747000000	0.0001000010
0.4748000000	0.0001000010
0.4749000000	0.0001000010
0.4750000000	0.0001000010
0.4751000000	0.0001000010
0.4752000000	0.0001000010
0.4753000000	0.0001000010
0.4754000000	0.0001000010
0.4755000000	0.0001000010
0.4756000000	0.0001000010
0.4757000000	0.0001000010
0.4758000000	0.0001000010
0.4759000000	0.0001000010
0.4760000000	0.0001000010
0.4761000000	0.0001000010
0.4762000000	0.0001000010
0.4763000000	0.0001000010
0.4764000000	0.0001000010
0.4765000000	0.0001000010
0.4766000000	0.0001000010
0.4767000000	0.0001000010
0.4768000000	0.0001000010
0.4769000000	0.0001000010
0.4770000000	0.0001000010
0.4771000000	0.0001000010
0.4772000000	0.0001000010
0.4773000000	0.0001000010
0.4774000000	0.0001000010
0.4775000000	0.0001000010
0.4776000000	0.0001000010
0.4777000000	0.0001000010
0.4778000000	0.0001000010
0.4779000000	0.0001000010
0.4780000000	0.0001000010
0.4781000000	0.0001000010
0.4782000000	0.0001000010
0.4783000000	0.0001000010
0.4784000000	0.0001000010
0.4785000000	0.0001000010
0.4786000000	0.0001000010
0.4787000000	0.0001000010
0.4788000000	0.0001000010
0.4789000000	0.0001000010
0.4790000000	0.0001000010
0.4791000000	0.0001000010
0.4792000000	0.0001000010
0.4793000000	0.0001000010
0.4794000000	0.0001000010
0.4795000000	0.0001000010
0.4796000000	0.0001000010
0.4797000000	0.0001000010
0.4798000000	0.0001000010
0.4799000000	0.0001000010
0.4800000000	0.0001000010
0.4801000000	0.0001000010
0.4802000000	0.0001000010
0.4803000000	0.0001000010
0.4804000000	0.0001000010
0.4805000000	0.0001000010
0.4806000000	0.0001000010
0.4807000000	0.0001000010
0.4808000000	0.0001000010
0.4809000000	0.0001000010
0.4810000000	0.0001000010
0.4811000000	0.0001000010
0.4812000000	0.0001000010
0.4813000000	0.0001000010
0.4814000000	0.0001000010
0.4815000000	0.0001000010
0.4816000000	0.0001000010
0.4817000000	0.0001000010
0.4818000000	0.0001000010
0.4819000000	0.0001000010
0.4820000000	0.0001000010
0.4821000000	0.0001000010
0.4822000000	0.0001000010
0.4823000000	0.0001000010
0.4824000000	0.0001000010
0.4825000000	0.0001000010
0.4826000000	0.0001000010
0.4827000000	0.0001000010
0.4828000000	0.0001000010
0.4829000000	0.0001000010
0.4830000000	0.0001000010
0.4831000000	0.0001000010
0.4832000000	0.0001000010
0.4833000000	0.0001000010
0.4834000000	0.0001000010
0.4835000000	0.0001000010
0.4836000000	0.0001000010
0.4837000000	0.0001000010
0.4838000000	0.0001000010
0.4839000000	0.0001000010
0.4840000000	0.0001000010
0.4841000000	0.0001000010
0.4842000000	0.0001000010
0.4843000000	0.0001000010
0.4844000000	0.0001000010
0.4845000000	0.0001000010
0.4846000000	0.0001000010
0.4847000000	0.0001000010
0.4848000000	0.0001000010
0.4849000000	0.0001000010
0.4850000000	0.0001000010
0.4851000000	0.0001000010
0.4852000000	0.0001000010
0.4853000000	0.0001000010
0.4854000000	0.0001000010
0.4855000000	0.0001000010
0.4856000000	0.0001000010
0.4857000000	0.0001000010
0.4858000000	0.0001000010
0.4859000000	0.0001000010
0.4860000000	0.0001000010
0.4861000000	0.0001000010
0.4862000000	0.0001000010
0.4863000000	0.0001000010
0.4864000000	0.0001000010
0.4865000000	0.0001000010
0.4866000000	0.0001000010
0.4867000000	0.0001000010
0.4868000000	0.0001000010
0.4869000000	0.0001000010
0.4870000000	0.0001000010
0.4871000000	0.0001000010
0.4872000000	0.0001000010
0.4873000000	0.0001000010
0.4874000000	0.0001000010
0.4875000000	0.0001000010
0.4876000000	0.0001000010
0.4877000000	0.0001000010
0.4878000000	0.0001000010
0.4879000000	0.0001000010
0.4880000000	0.0001000010
0.4881000000	0.0001000010
0.4882000000	0.0001000010
0.4883000000	0.0001000010
0.4884000000	0.0001000010
0.4885000000	0.0001000010
0.4886000000	0.0001000010
0.4887000000	0.0001000010
0.4888000000	0.0001000010
0.4889000000	0.0001000010
0.4890000000	0.0001000010
0.4891000000	0.0001000010
0.4892000000	0.0001000010
0.4893000000	0.0001000010
0.4894000000	0.0001000010
0.4895000000	0.0001000010
0.4896000000	0.0001000010
0.4897000000	0.0001000010
0.4898000000	0.0001000010
0.4899000000	0.0001000010
0.4900000000	0.0001000010
0.4901000000	0.0001000010
0.4902000000	0.0001000010
0.4903000000	0.0001000010
0.4904000000	0.0001000010
0.4905000000	0.0001000010
0.4906000000	0.0001000010
0.4907000000	0.0001000010
0.4908000000	0.0001000010
0.4909000000	0.0001000010
0.4910000000	0.0001000010
0.4911000000	0.0001000010
0.4912000000	0.0001000010
0.4913000000	0.0001000010
0.4914000000	0.0001000010
0.4915000000	0.0001000010
0.4916000000	0.0001000010
0.4917000000	0.0001000010
0.4918000000	0.0001000010
0.4919000000	0.0001000010
0.4920000000	0.0001000010
0.4921000000	0.0001000010
0.4922000000	0.0001000010
0.4923000000	0.0001000010
0.4924000000	0.0001000010
0.4925000000	0.0001000010
0.4926000000	0.0001000010
0.4927000000	0.0001000010
0.4928000000	0.0001000010
0.4929000000	0.0001000010
0.4930000000	0.0001000010
0.4931000000	0.0001000010
0.4932000000	0.0001000010
0.4933000000	0.0001000010
0.4934000000	0.0001000010
0.4935000000	0.0001000010
0.4936000000	0.0001000010
0.4937000000	0.0001000010
0.4938000000	0.0001000010
0.4939000000	0.0001000010
0.4940000000	0.0001000010
0.4941000000	0.0001000010
0.4942000000	0.0001000010
0.4943000000	0.0001000010
0.4944000000	0.0001000010
0.4945000000	0.0001000010
0.4946000000	0.0001000010
0.4947000000	0.0001000010
0.4948000000	0.0001000010
0.4949000000	0.0001000010
0.4950000000	0.0001000010
0.4951000000	0.0001000010
0.4952000000	0.0001000010
0.4953000000	0.0001000010
0.4954000000	0.0001000010
0.4955000000	0.0001000010
0.4956000000	0.0001000010
0.4957000000	0.0001000010
0.4958000000	0.0001000010
0.4959000000	0.0001000010
0.4960000000	0.0001000010
0.4961000000	0.0001000010
0.4962000000	0.0001000010
0.4963000000	0.0001000010
0.4964000000	0.0001000010
0.4965000000	0.0001000010
0.4966000000	0.0001000010
0.4967000000	0.0001000010
0.4968000000	0.0001000010
0.4969000000	0.0001000010
0.4970000000	0.0001000010
0.4971000000	0.0001000010
0.4972000000	0.0001000010
0.4973000000	0.0001000010
0.4974000000	0.0001000010
0.4975000000	0.0001000010
0.4976000000	0.0001000010
0.4977000000	0.0001000010
0.4978000000	0.0001000010
0.4979000000	0.0001000010
0.4980000000	0.0001000010
0.4981000000	0.0001000010
0.4982000000	0.0001000010
0.4983000000	0.0001000010
0.4984000000	0.0001000010
0.4985000000	0.0001000010
0.4986000000	0.0001000010
0.4987000000	0.0001000010
0.4988000000	0.0001000010
0.4989000000	0.0001000010
0.4990000000	0.0001000010
0.4991000000	0.0001000010
0.4992000000	0.0001000010
0.4993000000	0.0001000010
0.4994000000	0.0001000010
0.4995000000	0.0001000010
0.4996000000	0.0001000010
0.4997000000	0.0001000010
0.4998000000	0.0001000010
0.4999000000	0.0001000010
0.5000000000	0.0001000010
