10100 5 2 -3 375.000 375.000 375.000
0 -375.000000 -375.000000 0.000000
1 -300.000000 -375.000000 0.000000
2 -225.000000 -375.000000 0.000000
3 -150.000000 -375.000000 0.000000
4 -75.000000 -375.000000 0.000000
5 0.000000 -375.000000 0.000000
6 0.000000 -375.000000 0.000000
7 0.000000 -375.000000 0.000000
8 0.000000 -375.000000 0.000000
9 0.000000 -375.000000 0.000000
10 0.000000 -375.000000 0.000000
11 0.000000 -375.000000 0.000000
12 0.000000 -375.000000 0.000000
13 0.000000 -375.000000 0.000000
14 0.000000 -375.000000 0.000000
15 0.000000 -375.000000 0.000000
16 0.000000 -375.000000 0.000000
17 0.000000 -375.000000 0.000000
18 0.000000 -375.000000 0.000000
19 0.000000 -375.000000 0.000000
20 0.000000 -375.000000 0.000000
21 75.000000 -375.000000 0.000000
22 150.000000 -375.000000 0.000000
23 225.000000 -375.000000 0.000000
24 300.000000 -375.000000 0.000000
25 375.000000 -375.000000 0.000000
26 -375.000000 -300.000000 0.000000
27 -300.000000 -300.000000 0.000000
28 -225.000000 -300.000000 0.000000
29 -150.000000 -300.000000 0.000000
30 -75.000000 -300.000000 0.000000
31 0.000000 -300.000000 0.000000
32 0.000000 -300.000000 0.000000
33 0.000000 -300.000000 0.000000
34 0.000000 -300.000000 0.000000
35 0.000000 -300.000000 0.000000
36 0.000000 -300.000000 0.000000
37 0.000000 -300.000000 0.000000
38 0.000000 -300.000000 0.000000
39 0.000000 -300.000000 0.000000
40 0.000000 -300.000000 0.000000
41 0.000000 -300.000000 0.000000
42 0.000000 -300.000000 0.000000
43 0.000000 -300.000000 0.000000
44 0.000000 -300.000000 0.000000
45 0.000000 -300.000000 0.000000
46 0.000000 -300.000000 0.000000
47 75.000000 -300.000000 0.000000
48 150.000000 -300.000000 0.000000
49 225.000000 -300.000000 0.000000
50 300.000000 -300.000000 0.000000
51 375.000000 -300.000000 0.000000
52 -375.000000 -225.000000 0.000000
53 -300.000000 -225.000000 0.000000
54 -225.000000 -225.000000 0.000000
55 -150.000000 -225.000000 0.000000
56 -75.000000 -225.000000 0.000000
57 0.000000 -225.000000 0.000000
58 0.000000 -225.000000 0.000000
59 0.000000 -225.000000 0.000000
60 0.000000 -225.000000 0.000000
61 0.000000 -225.000000 0.000000
62 0.000000 -225.000000 0.000000
63 0.000000 -225.000000 0.000000
64 0.000000 -225.000000 0.000000
65 0.000000 -225.000000 0.000000
66 0.000000 -225.000000 0.000000
67 0.000000 -225.000000 0.000000
68 0.000000 -225.000000 0.000000
69 0.000000 -225.000000 0.000000
70 0.000000 -225.000000 0.000000
71 0.000000 -225.000000 0.000000
72 0.000000 -225.000000 0.000000
73 75.000000 -225.000000 0.000000
74 150.000000 -225.000000 0.000000
75 225.000000 -225.000000 0.000000
76 300.000000 -225.000000 0.000000
77 375.000000 -225.000000 0.000000
78 -375.000000 -150.000000 0.000000
79 -300.000000 -150.000000 0.000000
80 -225.000000 -150.000000 0.000000
81 -150.000000 -150.000000 0.000000
82 -75.000000 -150.000000 0.000000
83 0.000000 -150.000000 0.000000
84 0.000000 -150.000000 0.000000
85 0.000000 -150.000000 0.000000
86 0.000000 -150.000000 0.000000
87 0.000000 -150.000000 0.000000
88 0.000000 -150.000000 0.000000
89 0.000000 -150.000000 0.000000
90 0.000000 -150.000000 0.000000
91 0.000000 -150.000000 0.000000
92 0.000000 -150.000000 0.000000
93 0.000000 -150.000000 0.000000
94 0.000000 -150.000000 0.000000
95 0.000000 -150.000000 0.000000
96 0.000000 -150.000000 0.000000
97 0.000000 -150.000000 0.000000
98 0.000000 -150.000000 0.000000
99 75.000000 -150.000000 0.000000
100 150.000000 -150.000000 0.000000
101 225.000000 -150.000000 0.000000
102 300.000000 -150.000000 0.000000
103 375.000000 -150.000000 0.000000
104 -375.000000 -75.000000 0.000000
105 -300.000000 -75.000000 0.000000
106 -225.000000 -75.000000 0.000000
107 -150.000000 -75.000000 0.000000
108 -75.000000 -75.000000 0.000000
109 0.000000 -75.000000 0.000000
110 0.000000 -75.000000 0.000000
111 0.000000 -75.000000 0.000000
112 0.000000 -75.000000 0.000000
113 0.000000 -75.000000 0.000000
114 0.000000 -75.000000 0.000000
115 0.000000 -75.000000 0.000000
116 0.000000 -75.000000 0.000000
117 0.000000 -75.000000 0.000000
118 0.000000 -75.000000 0.000000
119 0.000000 -75.000000 0.000000
120 0.000000 -75.000000 0.000000
121 0.000000 -75.000000 0.000000
122 0.000000 -75.000000 0.000000
123 0.000000 -75.000000 0.000000
124 0.000000 -75.000000 0.000000
125 75.000000 -75.000000 0.000000
126 150.000000 -75.000000 0.000000
127 225.000000 -75.000000 0.000000
128 300.000000 -75.000000 0.000000
129 375.000000 -75.000000 0.000000
130 -375.000000 0.000000 0.000000
131 -300.000000 0.000000 0.000000
132 -225.000000 0.000000 0.000000
133 -150.000000 0.000000 0.000000
134 -75.000000 0.000000 0.000000
151 75.000000 0.000000 0.000000
152 150.000000 0.000000 0.000000
153 225.000000 0.000000 0.000000
154 300.000000 0.000000 0.000000
155 375.000000 0.000000 0.000000
156 -375.000000 0.000000 0.000000
157 -300.000000 0.000000 0.000000
158 -225.000000 0.000000 0.000000
159 -150.000000 0.000000 0.000000
160 -75.000000 0.000000 0.000000
177 75.000000 0.000000 0.000000
178 150.000000 0.000000 0.000000
179 225.000000 0.000000 0.000000
180 300.000000 0.000000 0.000000
181 375.000000 0.000000 0.000000
182 -375.000000 0.000000 0.000000
183 -300.000000 0.000000 0.000000
184 -225.000000 0.000000 0.000000
185 -150.000000 0.000000 0.000000
186 -75.000000 0.000000 0.000000
203 75.000000 0.000000 0.000000
204 150.000000 0.000000 0.000000
205 225.000000 0.000000 0.000000
206 300.000000 0.000000 0.000000
207 375.000000 0.000000 0.000000
208 -375.000000 0.000000 0.000000
209 -300.000000 0.000000 0.000000
210 -225.000000 0.000000 0.000000
211 -150.000000 0.000000 0.000000
212 -75.000000 0.000000 0.000000
229 75.000000 0.000000 0.000000
230 150.000000 0.000000 0.000000
231 225.000000 0.000000 0.000000
232 300.000000 0.000000 0.000000
233 375.000000 0.000000 0.000000
234 -375.000000 0.000000 0.000000
235 -300.000000 0.000000 0.000000
236 -225.000000 0.000000 0.000000
237 -150.000000 0.000000 0.000000
238 -75.000000 0.000000 0.000000
255 75.000000 0.000000 0.000000
256 150.000000 0.000000 0.000000
257 225.000000 0.000000 0.000000
258 300.000000 0.000000 0.000000
259 375.000000 0.000000 0.000000
260 -375.000000 0.000000 0.000000
261 -300.000000 0.000000 0.000000
262 -225.000000 0.000000 0.000000
263 -150.000000 0.000000 0.000000
264 -75.000000 0.000000 0.000000
281 75.000000 0.000000 0.000000
282 150.000000 0.000000 0.000000
283 225.000000 0.000000 0.000000
284 300.000000 0.000000 0.000000
285 375.000000 0.000000 0.000000
286 -375.000000 0.000000 0.000000
287 -300.000000 0.000000 0.000000
288 -225.000000 0.000000 0.000000
289 -150.000000 0.000000 0.000000
290 -75.000000 0.000000 0.000000
307 75.000000 0.000000 0.000000
308 150.000000 0.000000 0.000000
309 225.000000 0.000000 0.000000
310 300.000000 0.000000 0.000000
311 375.000000 0.000000 0.000000
312 -375.000000 0.000000 0.000000
313 -300.000000 0.000000 0.000000
314 -225.000000 0.000000 0.000000
315 -150.000000 0.000000 0.000000
316 -75.000000 0.000000 0.000000
333 75.000000 0.000000 0.000000
334 150.000000 0.000000 0.000000
335 225.000000 0.000000 0.000000
336 300.000000 0.000000 0.000000
337 375.000000 0.000000 0.000000
338 -375.000000 0.000000 0.000000
339 -300.000000 0.000000 0.000000
340 -225.000000 0.000000 0.000000
341 -150.000000 0.000000 0.000000
342 -75.000000 0.000000 0.000000
359 75.000000 0.000000 0.000000
360 150.000000 0.000000 0.000000
361 225.000000 0.000000 0.000000
362 300.000000 0.000000 0.000000
363 375.000000 0.000000 0.000000
364 -375.000000 0.000000 0.000000
365 -300.000000 0.000000 0.000000
366 -225.000000 0.000000 0.000000
367 -150.000000 0.000000 0.000000
368 -75.000000 0.000000 0.000000
385 75.000000 0.000000 0.000000
386 150.000000 0.000000 0.000000
387 225.000000 0.000000 0.000000
388 300.000000 0.000000 0.000000
389 375.000000 0.000000 0.000000
390 -375.000000 0.000000 0.000000
391 -300.000000 0.000000 0.000000
392 -225.000000 0.000000 0.000000
393 -150.000000 0.000000 0.000000
394 -75.000000 0.000000 0.000000
411 75.000000 0.000000 0.000000
412 150.000000 0.000000 0.000000
413 225.000000 0.000000 0.000000
414 300.000000 0.000000 0.000000
415 375.000000 0.000000 0.000000
416 -375.000000 0.000000 0.000000
417 -300.000000 0.000000 0.000000
418 -225.000000 0.000000 0.000000
419 -150.000000 0.000000 0.000000
420 -75.000000 0.000000 0.000000
437 75.000000 0.000000 0.000000
438 150.000000 0.000000 0.000000
439 225.000000 0.000000 0.000000
440 300.000000 0.000000 0.000000
441 375.000000 0.000000 0.000000
442 -375.000000 0.000000 0.000000
443 -300.000000 0.000000 0.000000
444 -225.000000 0.000000 0.000000
445 -150.000000 0.000000 0.000000
446 -75.000000 0.000000 0.000000
463 75.000000 0.000000 0.000000
464 150.000000 0.000000 0.000000
465 225.000000 0.000000 0.000000
466 300.000000 0.000000 0.000000
467 375.000000 0.000000 0.000000
468 -375.000000 0.000000 0.000000
469 -300.000000 0.000000 0.000000
470 -225.000000 0.000000 0.000000
471 -150.000000 0.000000 0.000000
472 -75.000000 0.000000 0.000000
489 75.000000 0.000000 0.000000
490 150.000000 0.000000 0.000000
491 225.000000 0.000000 0.000000
492 300.000000 0.000000 0.000000
493 375.000000 0.000000 0.000000
494 -375.000000 0.000000 0.000000
495 -300.000000 0.000000 0.000000
496 -225.000000 0.000000 0.000000
497 -150.000000 0.000000 0.000000
498 -75.000000 0.000000 0.000000
515 75.000000 0.000000 0.000000
516 150.000000 0.000000 0.000000
517 225.000000 0.000000 0.000000
518 300.000000 0.000000 0.000000
519 375.000000 0.000000 0.000000
520 -375.000000 0.000000 0.000000
521 -300.000000 0.000000 0.000000
522 -225.000000 0.000000 0.000000
523 -150.000000 0.000000 0.000000
524 -75.000000 0.000000 0.000000
541 75.000000 0.000000 0.000000
542 150.000000 0.000000 0.000000
543 225.000000 0.000000 0.000000
544 300.000000 0.000000 0.000000
545 375.000000 0.000000 0.000000
546 -375.000000 75.000000 0.000000
547 -300.000000 75.000000 0.000000
548 -225.000000 75.000000 0.000000
549 -150.000000 75.000000 0.000000
550 -75.000000 75.000000 0.000000
551 0.000000 75.000000 0.000000
552 0.000000 75.000000 0.000000
553 0.000000 75.000000 0.000000
554 0.000000 75.000000 0.000000
555 0.000000 75.000000 0.000000
556 0.000000 75.000000 0.000000
557 0.000000 75.000000 0.000000
558 0.000000 75.000000 0.000000
559 0.000000 75.000000 0.000000
560 0.000000 75.000000 0.000000
561 0.000000 75.000000 0.000000
562 0.000000 75.000000 0.000000
563 0.000000 75.000000 0.000000
564 0.000000 75.000000 0.000000
565 0.000000 75.000000 0.000000
566 0.000000 75.000000 0.000000
567 75.000000 75.000000 0.000000
568 150.000000 75.000000 0.000000
569 225.000000 75.000000 0.000000
570 300.000000 75.000000 0.000000
571 375.000000 75.000000 0.000000
572 -375.000000 150.000000 0.000000
573 -300.000000 150.000000 0.000000
574 -225.000000 150.000000 0.000000
575 -150.000000 150.000000 0.000000
576 -75.000000 150.000000 0.000000
577 0.000000 150.000000 0.000000
578 0.000000 150.000000 0.000000
579 0.000000 150.000000 0.000000
580 0.000000 150.000000 0.000000
581 0.000000 150.000000 0.000000
582 0.000000 150.000000 0.000000
583 0.000000 150.000000 0.000000
584 0.000000 150.000000 0.000000
585 0.000000 150.000000 0.000000
586 0.000000 150.000000 0.000000
587 0.000000 150.000000 0.000000
588 0.000000 150.000000 0.000000
589 0.000000 150.000000 0.000000
590 0.000000 150.000000 0.000000
591 0.000000 150.000000 0.000000
592 0.000000 150.000000 0.000000
593 75.000000 150.000000 0.000000
594 150.000000 150.000000 0.000000
595 225.000000 150.000000 0.000000
596 300.000000 150.000000 0.000000
597 375.000000 150.000000 0.000000
598 -375.000000 225.000000 0.000000
599 -300.000000 225.000000 0.000000
600 -225.000000 225.000000 0.000000
601 -150.000000 225.000000 0.000000
602 -75.000000 225.000000 0.000000
603 0.000000 225.000000 0.000000
604 0.000000 225.000000 0.000000
605 0.000000 225.000000 0.000000
606 0.000000 225.000000 0.000000
607 0.000000 225.000000 0.000000
608 0.000000 225.000000 0.000000
609 0.000000 225.000000 0.000000
610 0.000000 225.000000 0.000000
611 0.000000 225.000000 0.000000
612 0.000000 225.000000 0.000000
613 0.000000 225.000000 0.000000
614 0.000000 225.000000 0.000000
615 0.000000 225.000000 0.000000
616 0.000000 225.000000 0.000000
617 0.000000 225.000000 0.000000
618 0.000000 225.000000 0.000000
619 75.000000 225.000000 0.000000
620 150.000000 225.000000 0.000000
621 225.000000 225.000000 0.000000
622 300.000000 225.000000 0.000000
623 375.000000 225.000000 0.000000
624 -375.000000 300.000000 0.000000
625 -300.000000 300.000000 0.000000
626 -225.000000 300.000000 0.000000
627 -150.000000 300.000000 0.000000
628 -75.000000 300.000000 0.000000
629 0.000000 300.000000 0.000000
630 0.000000 300.000000 0.000000
631 0.000000 300.000000 0.000000
632 0.000000 300.000000 0.000000
633 0.000000 300.000000 0.000000
634 0.000000 300.000000 0.000000
635 0.000000 300.000000 0.000000
636 0.000000 300.000000 0.000000
637 0.000000 300.000000 0.000000
638 0.000000 300.000000 0.000000
639 0.000000 300.000000 0.000000
640 0.000000 300.000000 0.000000
641 0.000000 300.000000 0.000000
642 0.000000 300.000000 0.000000
643 0.000000 300.000000 0.000000
644 0.000000 300.000000 0.000000
645 75.000000 300.000000 0.000000
646 150.000000 300.000000 0.000000
647 225.000000 300.000000 0.000000
648 300.000000 300.000000 0.000000
649 375.000000 300.000000 0.000000
650 -375.000000 375.000000 0.000000
651 -300.000000 375.000000 0.000000
652 -225.000000 375.000000 0.000000
653 -150.000000 375.000000 0.000000
654 -75.000000 375.000000 0.000000
655 0.000000 375.000000 0.000000
656 0.000000 375.000000 0.000000
657 0.000000 375.000000 0.000000
658 0.000000 375.000000 0.000000
659 0.000000 375.000000 0.000000
660 0.000000 375.000000 0.000000
661 0.000000 375.000000 0.000000
662 0.000000 375.000000 0.000000
663 0.000000 375.000000 0.000000
664 0.000000 375.000000 0.000000
665 0.000000 375.000000 0.000000
666 0.000000 375.000000 0.000000
667 0.000000 375.000000 0.000000
668 0.000000 375.000000 0.000000
669 0.000000 375.000000 0.000000
670 0.000000 375.000000 0.000000
671 75.000000 375.000000 0.000000
672 150.000000 375.000000 0.000000
673 225.000000 375.000000 0.000000
674 300.000000 375.000000 0.000000
675 375.000000 375.000000 0.000000
676 -375.000000 -375.000000 0.000000
677 -300.000000 -375.000000 0.000000
678 -225.000000 -375.000000 0.000000
679 -150.000000 -375.000000 0.000000
680 -75.000000 -375.000000 0.000000
681 0.000000 -375.000000 0.000000
682 0.000000 -375.000000 0.000000
683 0.000000 -375.000000 0.000000
684 0.000000 -375.000000 0.000000
685 0.000000 -375.000000 0.000000
686 0.000000 -375.000000 0.000000
687 0.000000 -375.000000 0.000000
688 0.000000 -375.000000 0.000000
689 0.000000 -375.000000 0.000000
690 0.000000 -375.000000 0.000000
691 0.000000 -375.000000 0.000000
692 0.000000 -375.000000 0.000000
693 0.000000 -375.000000 0.000000
694 0.000000 -375.000000 0.000000
695 0.000000 -375.000000 0.000000
696 0.000000 -375.000000 0.000000
697 75.000000 -375.000000 0.000000
698 150.000000 -375.000000 0.000000
699 225.000000 -375.000000 0.000000
700 300.000000 -375.000000 0.000000
701 375.000000 -375.000000 0.000000
702 -375.000000 -300.000000 0.000000
703 -300.000000 -300.000000 0.000000
704 -225.000000 -300.000000 0.000000
705 -150.000000 -300.000000 0.000000
706 -75.000000 -300.000000 0.000000
707 0.000000 -300.000000 0.000000
708 0.000000 -300.000000 0.000000
709 0.000000 -300.000000 0.000000
710 0.000000 -300.000000 0.000000
711 0.000000 -300.000000 0.000000
712 0.000000 -300.000000 0.000000
713 0.000000 -300.000000 0.000000
714 0.000000 -300.000000 0.000000
715 0.000000 -300.000000 0.000000
716 0.000000 -300.000000 0.000000
717 0.000000 -300.000000 0.000000
718 0.000000 -300.000000 0.000000
719 0.000000 -300.000000 0.000000
720 0.000000 -300.000000 0.000000
721 0.000000 -300.000000 0.000000
722 0.000000 -300.000000 0.000000
723 75.000000 -300.000000 0.000000
724 150.000000 -300.000000 0.000000
725 225.000000 -300.000000 0.000000
726 300.000000 -300.000000 0.000000
727 375.000000 -300.000000 0.000000
728 -375.000000 -225.000000 0.000000
729 -300.000000 -225.000000 0.000000
730 -225.000000 -225.000000 0.000000
731 -150.000000 -225.000000 0.000000
732 -75.000000 -225.000000 0.000000
733 0.000000 -225.000000 0.000000
734 0.000000 -225.000000 0.000000
735 0.000000 -225.000000 0.000000
736 0.000000 -225.000000 0.000000
737 0.000000 -225.000000 0.000000
738 0.000000 -225.000000 0.000000
739 0.000000 -225.000000 0.000000
740 0.000000 -225.000000 0.000000
741 0.000000 -225.000000 0.000000
742 0.000000 -225.000000 0.000000
743 0.000000 -225.000000 0.000000
744 0.000000 -225.000000 0.000000
745 0.000000 -225.000000 0.000000
746 0.000000 -225.000000 0.000000
747 0.000000 -225.000000 0.000000
748 0.000000 -225.000000 0.000000
749 75.000000 -225.000000 0.000000
750 150.000000 -225.000000 0.000000
751 225.000000 -225.000000 0.000000
752 300.000000 -225.000000 0.000000
753 375.000000 -225.000000 0.000000
754 -375.000000 -150.000000 0.000000
755 -300.000000 -150.000000 0.000000
756 -225.000000 -150.000000 0.000000
757 -150.000000 -150.000000 0.000000
758 -75.000000 -150.000000 0.000000
759 0.000000 -150.000000 0.000000
760 0.000000 -150.000000 0.000000
761 0.000000 -150.000000 0.000000
762 0.000000 -150.000000 0.000000
763 0.000000 -150.000000 0.000000
764 0.000000 -150.000000 0.000000
765 0.000000 -150.000000 0.000000
766 0.000000 -150.000000 0.000000
767 0.000000 -150.000000 0.000000
768 0.000000 -150.000000 0.000000
769 0.000000 -150.000000 0.000000
770 0.000000 -150.000000 0.000000
771 0.000000 -150.000000 0.000000
772 0.000000 -150.000000 0.000000
773 0.000000 -150.000000 0.000000
774 0.000000 -150.000000 0.000000
775 75.000000 -150.000000 0.000000
776 150.000000 -150.000000 0.000000
777 225.000000 -150.000000 0.000000
778 300.000000 -150.000000 0.000000
779 375.000000 -150.000000 0.000000
780 -375.000000 -75.000000 0.000000
781 -300.000000 -75.000000 0.000000
782 -225.000000 -75.000000 0.000000
783 -150.000000 -75.000000 0.000000
784 -75.000000 -75.000000 0.000000
785 0.000000 -75.000000 0.000000
786 0.000000 -75.000000 0.000000
787 0.000000 -75.000000 0.000000
788 0.000000 -75.000000 0.000000
789 0.000000 -75.000000 0.000000
790 0.000000 -75.000000 0.000000
791 0.000000 -75.000000 0.000000
792 0.000000 -75.000000 0.000000
793 0.000000 -75.000000 0.000000
794 0.000000 -75.000000 0.000000
795 0.000000 -75.000000 0.000000
796 0.000000 -75.000000 0.000000
797 0.000000 -75.000000 0.000000
798 0.000000 -75.000000 0.000000
799 0.000000 -75.000000 0.000000
800 0.000000 -75.000000 0.000000
801 75.000000 -75.000000 0.000000
802 150.000000 -75.000000 0.000000
803 225.000000 -75.000000 0.000000
804 300.000000 -75.000000 0.000000
805 375.000000 -75.000000 0.000000
806 -375.000000 0.000000 0.000000
807 -300.000000 0.000000 0.000000
808 -225.000000 0.000000 0.000000
809 -150.000000 0.000000 0.000000
810 -75.000000 0.000000 0.000000
827 75.000000 0.000000 0.000000
828 150.000000 0.000000 0.000000
829 225.000000 0.000000 0.000000
830 300.000000 0.000000 0.000000
831 375.000000 0.000000 0.000000
832 -375.000000 0.000000 0.000000
833 -300.000000 0.000000 0.000000
834 -225.000000 0.000000 0.000000
835 -150.000000 0.000000 0.000000
836 -75.000000 0.000000 0.000000
853 75.000000 0.000000 0.000000
854 150.000000 0.000000 0.000000
855 225.000000 0.000000 0.000000
856 300.000000 0.000000 0.000000
857 375.000000 0.000000 0.000000
858 -375.000000 0.000000 0.000000
859 -300.000000 0.000000 0.000000
860 -225.000000 0.000000 0.000000
861 -150.000000 0.000000 0.000000
862 -75.000000 0.000000 0.000000
879 75.000000 0.000000 0.000000
880 150.000000 0.000000 0.000000
881 225.000000 0.000000 0.000000
882 300.000000 0.000000 0.000000
883 375.000000 0.000000 0.000000
884 -375.000000 0.000000 0.000000
885 -300.000000 0.000000 0.000000
886 -225.000000 0.000000 0.000000
887 -150.000000 0.000000 0.000000
888 -75.000000 0.000000 0.000000
905 75.000000 0.000000 0.000000
906 150.000000 0.000000 0.000000
907 225.000000 0.000000 0.000000
908 300.000000 0.000000 0.000000
909 375.000000 0.000000 0.000000
910 -375.000000 0.000000 0.000000
911 -300.000000 0.000000 0.000000
912 -225.000000 0.000000 0.000000
913 -150.000000 0.000000 0.000000
914 -75.000000 0.000000 0.000000
931 75.000000 0.000000 0.000000
932 150.000000 0.000000 0.000000
933 225.000000 0.000000 0.000000
934 300.000000 0.000000 0.000000
935 375.000000 0.000000 0.000000
936 -375.000000 0.000000 0.000000
937 -300.000000 0.000000 0.000000
938 -225.000000 0.000000 0.000000
939 -150.000000 0.000000 0.000000
940 -75.000000 0.000000 0.000000
957 75.000000 0.000000 0.000000
958 150.000000 0.000000 0.000000
959 225.000000 0.000000 0.000000
960 300.000000 0.000000 0.000000
961 375.000000 0.000000 0.000000
962 -375.000000 0.000000 0.000000
963 -300.000000 0.000000 0.000000
964 -225.000000 0.000000 0.000000
965 -150.000000 0.000000 0.000000
966 -75.000000 0.000000 0.000000
983 75.000000 0.000000 0.000000
984 150.000000 0.000000 0.000000
985 225.000000 0.000000 0.000000
986 300.000000 0.000000 0.000000
987 375.000000 0.000000 0.000000
988 -375.000000 0.000000 0.000000
989 -300.000000 0.000000 0.000000
990 -225.000000 0.000000 0.000000
991 -150.000000 0.000000 0.000000
992 -75.000000 0.000000 0.000000
1009 75.000000 0.000000 0.000000
1010 150.000000 0.000000 0.000000
1011 225.000000 0.000000 0.000000
1012 300.000000 0.000000 0.000000
1013 375.000000 0.000000 0.000000
1014 -375.000000 0.000000 0.000000
1015 -300.000000 0.000000 0.000000
1016 -225.000000 0.000000 0.000000
1017 -150.000000 0.000000 0.000000
1018 -75.000000 0.000000 0.000000
1035 75.000000 0.000000 0.000000
1036 150.000000 0.000000 0.000000
1037 225.000000 0.000000 0.000000
1038 300.000000 0.000000 0.000000
1039 375.000000 0.000000 0.000000
1040 -375.000000 0.000000 0.000000
1041 -300.000000 0.000000 0.000000
1042 -225.000000 0.000000 0.000000
1043 -150.000000 0.000000 0.000000
1044 -75.000000 0.000000 0.000000
1061 75.000000 0.000000 0.000000
1062 150.000000 0.000000 0.000000
1063 225.000000 0.000000 0.000000
1064 300.000000 0.000000 0.000000
1065 375.000000 0.000000 0.000000
1066 -375.000000 0.000000 0.000000
1067 -300.000000 0.000000 0.000000
1068 -225.000000 0.000000 0.000000
1069 -150.000000 0.000000 0.000000
1070 -75.000000 0.000000 0.000000
1087 75.000000 0.000000 0.000000
1088 150.000000 0.000000 0.000000
1089 225.000000 0.000000 0.000000
1090 300.000000 0.000000 0.000000
1091 375.000000 0.000000 0.000000
1092 -375.000000 0.000000 0.000000
1093 -300.000000 0.000000 0.000000
1094 -225.000000 0.000000 0.000000
1095 -150.000000 0.000000 0.000000
1096 -75.000000 0.000000 0.000000
1113 75.000000 0.000000 0.000000
1114 150.000000 0.000000 0.000000
1115 225.000000 0.000000 0.000000
1116 300.000000 0.000000 0.000000
1117 375.000000 0.000000 0.000000
1118 -375.000000 0.000000 0.000000
1119 -300.000000 0.000000 0.000000
1120 -225.000000 0.000000 0.000000
1121 -150.000000 0.000000 0.000000
1122 -75.000000 0.000000 0.000000
1139 75.000000 0.000000 0.000000
1140 150.000000 0.000000 0.000000
1141 225.000000 0.000000 0.000000
1142 300.000000 0.000000 0.000000
1143 375.000000 0.000000 0.000000
1144 -375.000000 0.000000 0.000000
1145 -300.000000 0.000000 0.000000
1146 -225.000000 0.000000 0.000000
1147 -150.000000 0.000000 0.000000
1148 -75.000000 0.000000 0.000000
1165 75.000000 0.000000 0.000000
1166 150.000000 0.000000 0.000000
1167 225.000000 0.000000 0.000000
1168 300.000000 0.000000 0.000000
1169 375.000000 0.000000 0.000000
1170 -375.000000 0.000000 0.000000
1171 -300.000000 0.000000 0.000000
1172 -225.000000 0.000000 0.000000
1173 -150.000000 0.000000 0.000000
1174 -75.000000 0.000000 0.000000
1191 75.000000 0.000000 0.000000
1192 150.000000 0.000000 0.000000
1193 225.000000 0.000000 0.000000
1194 300.000000 0.000000 0.000000
1195 375.000000 0.000000 0.000000
1196 -375.000000 0.000000 0.000000
1197 -300.000000 0.000000 0.000000
1198 -225.000000 0.000000 0.000000
1199 -150.000000 0.000000 0.000000
1200 -75.000000 0.000000 0.000000
1217 75.000000 0.000000 0.000000
1218 150.000000 0.000000 0.000000
1219 225.000000 0.000000 0.000000
1220 300.000000 0.000000 0.000000
1221 375.000000 0.000000 0.000000
1222 -375.000000 75.000000 0.000000
1223 -300.000000 75.000000 0.000000
1224 -225.000000 75.000000 0.000000
1225 -150.000000 75.000000 0.000000
1226 -75.000000 75.000000 0.000000
1227 0.000000 75.000000 0.000000
1228 0.000000 75.000000 0.000000
1229 0.000000 75.000000 0.000000
1230 0.000000 75.000000 0.000000
1231 0.000000 75.000000 0.000000
1232 0.000000 75.000000 0.000000
1233 0.000000 75.000000 0.000000
1234 0.000000 75.000000 0.000000
1235 0.000000 75.000000 0.000000
1236 0.000000 75.000000 0.000000
1237 0.000000 75.000000 0.000000
1238 0.000000 75.000000 0.000000
1239 0.000000 75.000000 0.000000
1240 0.000000 75.000000 0.000000
1241 0.000000 75.000000 0.000000
1242 0.000000 75.000000 0.000000
1243 75.000000 75.000000 0.000000
1244 150.000000 75.000000 0.000000
1245 225.000000 75.000000 0.000000
1246 300.000000 75.000000 0.000000
1247 375.000000 75.000000 0.000000
1248 -375.000000 150.000000 0.000000
1249 -300.000000 150.000000 0.000000
1250 -225.000000 150.000000 0.000000
1251 -150.000000 150.000000 0.000000
1252 -75.000000 150.000000 0.000000
1253 0.000000 150.000000 0.000000
1254 0.000000 150.000000 0.000000
1255 0.000000 150.000000 0.000000
1256 0.000000 150.000000 0.000000
1257 0.000000 150.000000 0.000000
1258 0.000000 150.000000 0.000000
1259 0.000000 150.000000 0.000000
1260 0.000000 150.000000 0.000000
1261 0.000000 150.000000 0.000000
1262 0.000000 150.000000 0.000000
1263 0.000000 150.000000 0.000000
1264 0.000000 150.000000 0.000000
1265 0.000000 150.000000 0.000000
1266 0.000000 150.000000 0.000000
1267 0.000000 150.000000 0.000000
1268 0.000000 150.000000 0.000000
1269 75.000000 150.000000 0.000000
1270 150.000000 150.000000 0.000000
1271 225.000000 150.000000 0.000000
1272 300.000000 150.000000 0.000000
1273 375.000000 150.000000 0.000000
1274 -375.000000 225.000000 0.000000
1275 -300.000000 225.000000 0.000000
1276 -225.000000 225.000000 0.000000
1277 -150.000000 225.000000 0.000000
1278 -75.000000 225.000000 0.000000
1279 0.000000 225.000000 0.000000
1280 0.000000 225.000000 0.000000
1281 0.000000 225.000000 0.000000
1282 0.000000 225.000000 0.000000
1283 0.000000 225.000000 0.000000
1284 0.000000 225.000000 0.000000
1285 0.000000 225.000000 0.000000
1286 0.000000 225.000000 0.000000
1287 0.000000 225.000000 0.000000
1288 0.000000 225.000000 0.000000
1289 0.000000 225.000000 0.000000
1290 0.000000 225.000000 0.000000
1291 0.000000 225.000000 0.000000
1292 0.000000 225.000000 0.000000
1293 0.000000 225.000000 0.000000
1294 0.000000 225.000000 0.000000
1295 75.000000 225.000000 0.000000
1296 150.000000 225.000000 0.000000
1297 225.000000 225.000000 0.000000
1298 300.000000 225.000000 0.000000
1299 375.000000 225.000000 0.000000
1300 -375.000000 300.000000 0.000000
1301 -300.000000 300.000000 0.000000
1302 -225.000000 300.000000 0.000000
1303 -150.000000 300.000000 0.000000
1304 -75.000000 300.000000 0.000000
1305 0.000000 300.000000 0.000000
1306 0.000000 300.000000 0.000000
1307 0.000000 300.000000 0.000000
1308 0.000000 300.000000 0.000000
1309 0.000000 300.000000 0.000000
1310 0.000000 300.000000 0.000000
1311 0.000000 300.000000 0.000000
1312 0.000000 300.000000 0.000000
1313 0.000000 300.000000 0.000000
1314 0.000000 300.000000 0.000000
1315 0.000000 300.000000 0.000000
1316 0.000000 300.000000 0.000000
1317 0.000000 300.000000 0.000000
1318 0.000000 300.000000 0.000000
1319 0.000000 300.000000 0.000000
1320 0.000000 300.000000 0.000000
1321 75.000000 300.000000 0.000000
1322 150.000000 300.000000 0.000000
1323 225.000000 300.000000 0.000000
1324 300.000000 300.000000 0.000000
1325 375.000000 300.000000 0.000000
1326 -375.000000 375.000000 0.000000
1327 -300.000000 375.000000 0.000000
1328 -225.000000 375.000000 0.000000
1329 -150.000000 375.000000 0.000000
1330 -75.000000 375.000000 0.000000
1331 0.000000 375.000000 0.000000
1332 0.000000 375.000000 0.000000
1333 0.000000 375.000000 0.000000
1334 0.000000 375.000000 0.000000
1335 0.000000 375.000000 0.000000
1336 0.000000 375.000000 0.000000
1337 0.000000 375.000000 0.000000
1338 0.000000 375.000000 0.000000
1339 0.000000 375.000000 0.000000
1340 0.000000 375.000000 0.000000
1341 0.000000 375.000000 0.000000
1342 0.000000 375.000000 0.000000
1343 0.000000 375.000000 0.000000
1344 0.000000 375.000000 0.000000
1345 0.000000 375.000000 0.000000
1346 0.000000 375.000000 0.000000
1347 75.000000 375.000000 0.000000
1348 150.000000 375.000000 0.000000
1349 225.000000 375.000000 0.000000
1350 300.000000 375.000000 0.000000
1351 375.000000 375.000000 0.000000
1352 -375.000000 -375.000000 0.000000
1353 -300.000000 -375.000000 0.000000
1354 -225.000000 -375.000000 0.000000
1355 -150.000000 -375.000000 0.000000
1356 -75.000000 -375.000000 0.000000
1357 0.000000 -375.000000 0.000000
1358 0.000000 -375.000000 0.000000
1359 0.000000 -375.000000 0.000000
1360 0.000000 -375.000000 0.000000
1361 0.000000 -375.000000 0.000000
1362 0.000000 -375.000000 0.000000
1363 0.000000 -375.000000 0.000000
1364 0.000000 -375.000000 0.000000
1365 0.000000 -375.000000 0.000000
1366 0.000000 -375.000000 0.000000
1367 0.000000 -375.000000 0.000000
1368 0.000000 -375.000000 0.000000
1369 0.000000 -375.000000 0.000000
1370 0.000000 -375.000000 0.000000
1371 0.000000 -375.000000 0.000000
1372 0.000000 -375.000000 0.000000
1373 75.000000 -375.000000 0.000000
1374 150.000000 -375.000000 0.000000
1375 225.000000 -375.000000 0.000000
1376 300.000000 -375.000000 0.000000
1377 375.000000 -375.000000 0.000000
1378 -375.000000 -300.000000 0.000000
1379 -300.000000 -300.000000 0.000000
1380 -225.000000 -300.000000 0.000000
1381 -150.000000 -300.000000 0.000000
1382 -75.000000 -300.000000 0.000000
1383 0.000000 -300.000000 0.000000
1384 0.000000 -300.000000 0.000000
1385 0.000000 -300.000000 0.000000
1386 0.000000 -300.000000 0.000000
1387 0.000000 -300.000000 0.000000
1388 0.000000 -300.000000 0.000000
1389 0.000000 -300.000000 0.000000
1390 0.000000 -300.000000 0.000000
1391 0.000000 -300.000000 0.000000
1392 0.000000 -300.000000 0.000000
1393 0.000000 -300.000000 0.000000
1394 0.000000 -300.000000 0.000000
1395 0.000000 -300.000000 0.000000
1396 0.000000 -300.000000 0.000000
1397 0.000000 -300.000000 0.000000
1398 0.000000 -300.000000 0.000000
1399 75.000000 -300.000000 0.000000
1400 150.000000 -300.000000 0.000000
1401 225.000000 -300.000000 0.000000
1402 300.000000 -300.000000 0.000000
1403 375.000000 -300.000000 0.000000
1404 -375.000000 -225.000000 0.000000
1405 -300.000000 -225.000000 0.000000
1406 -225.000000 -225.000000 0.000000
1407 -150.000000 -225.000000 0.000000
1408 -75.000000 -225.000000 0.000000
1409 0.000000 -225.000000 0.000000
1410 0.000000 -225.000000 0.000000
1411 0.000000 -225.000000 0.000000
1412 0.000000 -225.000000 0.000000
1413 0.000000 -225.000000 0.000000
1414 0.000000 -225.000000 0.000000
1415 0.000000 -225.000000 0.000000
1416 0.000000 -225.000000 0.000000
1417 0.000000 -225.000000 0.000000
1418 0.000000 -225.000000 0.000000
1419 0.000000 -225.000000 0.000000
1420 0.000000 -225.000000 0.000000
1421 0.000000 -225.000000 0.000000
1422 0.000000 -225.000000 0.000000
1423 0.000000 -225.000000 0.000000
1424 0.000000 -225.000000 0.000000
1425 75.000000 -225.000000 0.000000
1426 150.000000 -225.000000 0.000000
1427 225.000000 -225.000000 0.000000
1428 300.000000 -225.000000 0.000000
1429 375.000000 -225.000000 0.000000
1430 -375.000000 -150.000000 0.000000
1431 -300.000000 -150.000000 0.000000
1432 -225.000000 -150.000000 0.000000
1433 -150.000000 -150.000000 0.000000
1434 -75.000000 -150.000000 0.000000
1435 0.000000 -150.000000 0.000000
1436 0.000000 -150.000000 0.000000
1437 0.000000 -150.000000 0.000000
1438 0.000000 -150.000000 0.000000
1439 0.000000 -150.000000 0.000000
1440 0.000000 -150.000000 0.000000
1441 0.000000 -150.000000 0.000000
1442 0.000000 -150.000000 0.000000
1443 0.000000 -150.000000 0.000000
1444 0.000000 -150.000000 0.000000
1445 0.000000 -150.000000 0.000000
1446 0.000000 -150.000000 0.000000
1447 0.000000 -150.000000 0.000000
1448 0.000000 -150.000000 0.000000
1449 0.000000 -150.000000 0.000000
1450 0.000000 -150.000000 0.000000
1451 75.000000 -150.000000 0.000000
1452 150.000000 -150.000000 0.000000
1453 225.000000 -150.000000 0.000000
1454 300.000000 -150.000000 0.000000
1455 375.000000 -150.000000 0.000000
1456 -375.000000 -75.000000 0.000000
1457 -300.000000 -75.000000 0.000000
1458 -225.000000 -75.000000 0.000000
1459 -150.000000 -75.000000 0.000000
1460 -75.000000 -75.000000 0.000000
1461 0.000000 -75.000000 0.000000
1462 0.000000 -75.000000 0.000000
1463 0.000000 -75.000000 0.000000
1464 0.000000 -75.000000 0.000000
1465 0.000000 -75.000000 0.000000
1466 0.000000 -75.000000 0.000000
1467 0.000000 -75.000000 0.000000
1468 0.000000 -75.000000 0.000000
1469 0.000000 -75.000000 0.000000
1470 0.000000 -75.000000 0.000000
1471 0.000000 -75.000000 0.000000
1472 0.000000 -75.000000 0.000000
1473 0.000000 -75.000000 0.000000
1474 0.000000 -75.000000 0.000000
1475 0.000000 -75.000000 0.000000
1476 0.000000 -75.000000 0.000000
1477 75.000000 -75.000000 0.000000
1478 150.000000 -75.000000 0.000000
1479 225.000000 -75.000000 0.000000
1480 300.000000 -75.000000 0.000000
1481 375.000000 -75.000000 0.000000
1482 -375.000000 0.000000 0.000000
1483 -300.000000 0.000000 0.000000
1484 -225.000000 0.000000 0.000000
1485 -150.000000 0.000000 0.000000
1486 -75.000000 0.000000 0.000000
1503 75.000000 0.000000 0.000000
1504 150.000000 0.000000 0.000000
1505 225.000000 0.000000 0.000000
1506 300.000000 0.000000 0.000000
1507 375.000000 0.000000 0.000000
1508 -375.000000 0.000000 0.000000
1509 -300.000000 0.000000 0.000000
1510 -225.000000 0.000000 0.000000
1511 -150.000000 0.000000 0.000000
1512 -75.000000 0.000000 0.000000
1529 75.000000 0.000000 0.000000
1530 150.000000 0.000000 0.000000
1531 225.000000 0.000000 0.000000
1532 300.000000 0.000000 0.000000
1533 375.000000 0.000000 0.000000
1534 -375.000000 0.000000 0.000000
1535 -300.000000 0.000000 0.000000
1536 -225.000000 0.000000 0.000000
1537 -150.000000 0.000000 0.000000
1538 -75.000000 0.000000 0.000000
1555 75.000000 0.000000 0.000000
1556 150.000000 0.000000 0.000000
1557 225.000000 0.000000 0.000000
1558 300.000000 0.000000 0.000000
1559 375.000000 0.000000 0.000000
1560 -375.000000 0.000000 0.000000
1561 -300.000000 0.000000 0.000000
1562 -225.000000 0.000000 0.000000
1563 -150.000000 0.000000 0.000000
1564 -75.000000 0.000000 0.000000
1581 75.000000 0.000000 0.000000
1582 150.000000 0.000000 0.000000
1583 225.000000 0.000000 0.000000
1584 300.000000 0.000000 0.000000
1585 375.000000 0.000000 0.000000
1586 -375.000000 0.000000 0.000000
1587 -300.000000 0.000000 0.000000
1588 -225.000000 0.000000 0.000000
1589 -150.000000 0.000000 0.000000
1590 -75.000000 0.000000 0.000000
1607 75.000000 0.000000 0.000000
1608 150.000000 0.000000 0.000000
1609 225.000000 0.000000 0.000000
1610 300.000000 0.000000 0.000000
1611 375.000000 0.000000 0.000000
1612 -375.000000 0.000000 0.000000
1613 -300.000000 0.000000 0.000000
1614 -225.000000 0.000000 0.000000
1615 -150.000000 0.000000 0.000000
1616 -75.000000 0.000000 0.000000
1633 75.000000 0.000000 0.000000
1634 150.000000 0.000000 0.000000
1635 225.000000 0.000000 0.000000
1636 300.000000 0.000000 0.000000
1637 375.000000 0.000000 0.000000
1638 -375.000000 0.000000 0.000000
1639 -300.000000 0.000000 0.000000
1640 -225.000000 0.000000 0.000000
1641 -150.000000 0.000000 0.000000
1642 -75.000000 0.000000 0.000000
1659 75.000000 0.000000 0.000000
1660 150.000000 0.000000 0.000000
1661 225.000000 0.000000 0.000000
1662 300.000000 0.000000 0.000000
1663 375.000000 0.000000 0.000000
1664 -375.000000 0.000000 0.000000
1665 -300.000000 0.000000 0.000000
1666 -225.000000 0.000000 0.000000
1667 -150.000000 0.000000 0.000000
1668 -75.000000 0.000000 0.000000
1685 75.000000 0.000000 0.000000
1686 150.000000 0.000000 0.000000
1687 225.000000 0.000000 0.000000
1688 300.000000 0.000000 0.000000
1689 375.000000 0.000000 0.000000
1690 -375.000000 0.000000 0.000000
1691 -300.000000 0.000000 0.000000
1692 -225.000000 0.000000 0.000000
1693 -150.000000 0.000000 0.000000
1694 -75.000000 0.000000 0.000000
1711 75.000000 0.000000 0.000000
1712 150.000000 0.000000 0.000000
1713 225.000000 0.000000 0.000000
1714 300.000000 0.000000 0.000000
1715 375.000000 0.000000 0.000000
1716 -375.000000 0.000000 0.000000
1717 -300.000000 0.000000 0.000000
1718 -225.000000 0.000000 0.000000
1719 -150.000000 0.000000 0.000000
1720 -75.000000 0.000000 0.000000
1737 75.000000 0.000000 0.000000
1738 150.000000 0.000000 0.000000
1739 225.000000 0.000000 0.000000
1740 300.000000 0.000000 0.000000
1741 375.000000 0.000000 0.000000
1742 -375.000000 0.000000 0.000000
1743 -300.000000 0.000000 0.000000
1744 -225.000000 0.000000 0.000000
1745 -150.000000 0.000000 0.000000
1746 -75.000000 0.000000 0.000000
1763 75.000000 0.000000 0.000000
1764 150.000000 0.000000 0.000000
1765 225.000000 0.000000 0.000000
1766 300.000000 0.000000 0.000000
1767 375.000000 0.000000 0.000000
1768 -375.000000 0.000000 0.000000
1769 -300.000000 0.000000 0.000000
1770 -225.000000 0.000000 0.000000
1771 -150.000000 0.000000 0.000000
1772 -75.000000 0.000000 0.000000
1789 75.000000 0.000000 0.000000
1790 150.000000 0.000000 0.000000
1791 225.000000 0.000000 0.000000
1792 300.000000 0.000000 0.000000
1793 375.000000 0.000000 0.000000
1794 -375.000000 0.000000 0.000000
1795 -300.000000 0.000000 0.000000
1796 -225.000000 0.000000 0.000000
1797 -150.000000 0.000000 0.000000
1798 -75.000000 0.000000 0.000000
1815 75.000000 0.000000 0.000000
1816 150.000000 0.000000 0.000000
1817 225.000000 0.000000 0.000000
1818 300.000000 0.000000 0.000000
1819 375.000000 0.000000 0.000000
1820 -375.000000 0.000000 0.000000
1821 -300.000000 0.000000 0.000000
1822 -225.000000 0.000000 0.000000
1823 -150.000000 0.000000 0.000000
1824 -75.000000 0.000000 0.000000
1841 75.000000 0.000000 0.000000
1842 150.000000 0.000000 0.000000
1843 225.000000 0.000000 0.000000
1844 300.000000 0.000000 0.000000
1845 375.000000 0.000000 0.000000
1846 -375.000000 0.000000 0.000000
1847 -300.000000 0.000000 0.000000
1848 -225.000000 0.000000 0.000000
1849 -150.000000 0.000000 0.000000
1850 -75.000000 0.000000 0.000000
1867 75.000000 0.000000 0.000000
1868 150.000000 0.000000 0.000000
1869 225.000000 0.000000 0.000000
1870 300.000000 0.000000 0.000000
1871 375.000000 0.000000 0.000000
1872 -375.000000 0.000000 0.000000
1873 -300.000000 0.000000 0.000000
1874 -225.000000 0.000000 0.000000
1875 -150.000000 0.000000 0.000000
1876 -75.000000 0.000000 0.000000
1893 75.000000 0.000000 0.000000
1894 150.000000 0.000000 0.000000
1895 225.000000 0.000000 0.000000
1896 300.000000 0.000000 0.000000
1897 375.000000 0.000000 0.000000
1898 -375.000000 75.000000 0.000000
1899 -300.000000 75.000000 0.000000
1900 -225.000000 75.000000 0.000000
1901 -150.000000 75.000000 0.000000
1902 -75.000000 75.000000 0.000000
1903 0.000000 75.000000 0.000000
1904 0.000000 75.000000 0.000000
1905 0.000000 75.000000 0.000000
1906 0.000000 75.000000 0.000000
1907 0.000000 75.000000 0.000000
1908 0.000000 75.000000 0.000000
1909 0.000000 75.000000 0.000000
1910 0.000000 75.000000 0.000000
1911 0.000000 75.000000 0.000000
1912 0.000000 75.000000 0.000000
1913 0.000000 75.000000 0.000000
1914 0.000000 75.000000 0.000000
1915 0.000000 75.000000 0.000000
1916 0.000000 75.000000 0.000000
1917 0.000000 75.000000 0.000000
1918 0.000000 75.000000 0.000000
1919 75.000000 75.000000 0.000000
1920 150.000000 75.000000 0.000000
1921 225.000000 75.000000 0.000000
1922 300.000000 75.000000 0.000000
1923 375.000000 75.000000 0.000000
1924 -375.000000 150.000000 0.000000
1925 -300.000000 150.000000 0.000000
1926 -225.000000 150.000000 0.000000
1927 -150.000000 150.000000 0.000000
1928 -75.000000 150.000000 0.000000
1929 0.000000 150.000000 0.000000
1930 0.000000 150.000000 0.000000
1931 0.000000 150.000000 0.000000
1932 0.000000 150.000000 0.000000
1933 0.000000 150.000000 0.000000
1934 0.000000 150.000000 0.000000
1935 0.000000 150.000000 0.000000
1936 0.000000 150.000000 0.000000
1937 0.000000 150.000000 0.000000
1938 0.000000 150.000000 0.000000
1939 0.000000 150.000000 0.000000
1940 0.000000 150.000000 0.000000
1941 0.000000 150.000000 0.000000
1942 0.000000 150.000000 0.000000
1943 0.000000 150.000000 0.000000
1944 0.000000 150.000000 0.000000
1945 75.000000 150.000000 0.000000
1946 150.000000 150.000000 0.000000
1947 225.000000 150.000000 0.000000
1948 300.000000 150.000000 0.000000
1949 375.000000 150.000000 0.000000
1950 -375.000000 225.000000 0.000000
1951 -300.000000 225.000000 0.000000
1952 -225.000000 225.000000 0.000000
1953 -150.000000 225.000000 0.000000
1954 -75.000000 225.000000 0.000000
1955 0.000000 225.000000 0.000000
1956 0.000000 225.000000 0.000000
1957 0.000000 225.000000 0.000000
1958 0.000000 225.000000 0.000000
1959 0.000000 225.000000 0.000000
1960 0.000000 225.000000 0.000000
1961 0.000000 225.000000 0.000000
1962 0.000000 225.000000 0.000000
1963 0.000000 225.000000 0.000000
1964 0.000000 225.000000 0.000000
1965 0.000000 225.000000 0.000000
1966 0.000000 225.000000 0.000000
1967 0.000000 225.000000 0.000000
1968 0.000000 225.000000 0.000000
1969 0.000000 225.000000 0.000000
1970 0.000000 225.000000 0.000000
1971 75.000000 225.000000 0.000000
1972 150.000000 225.000000 0.000000
1973 225.000000 225.000000 0.000000
1974 300.000000 225.000000 0.000000
1975 375.000000 225.000000 0.000000
1976 -375.000000 300.000000 0.000000
1977 -300.000000 300.000000 0.000000
1978 -225.000000 300.000000 0.000000
1979 -150.000000 300.000000 0.000000
1980 -75.000000 300.000000 0.000000
1981 0.000000 300.000000 0.000000
1982 0.000000 300.000000 0.000000
1983 0.000000 300.000000 0.000000
1984 0.000000 300.000000 0.000000
1985 0.000000 300.000000 0.000000
1986 0.000000 300.000000 0.000000
1987 0.000000 300.000000 0.000000
1988 0.000000 300.000000 0.000000
1989 0.000000 300.000000 0.000000
1990 0.000000 300.000000 0.000000
1991 0.000000 300.000000 0.000000
1992 0.000000 300.000000 0.000000
1993 0.000000 300.000000 0.000000
1994 0.000000 300.000000 0.000000
1995 0.000000 300.000000 0.000000
1996 0.000000 300.000000 0.000000
1997 75.000000 300.000000 0.000000
1998 150.000000 300.000000 0.000000
1999 225.000000 300.000000 0.000000
2000 300.000000 300.000000 0.000000
2001 375.000000 300.000000 0.000000
2002 -375.000000 375.000000 0.000000
2003 -300.000000 375.000000 0.000000
2004 -225.000000 375.000000 0.000000
2005 -150.000000 375.000000 0.000000
2006 -75.000000 375.000000 0.000000
2007 0.000000 375.000000 0.000000
2008 0.000000 375.000000 0.000000
2009 0.000000 375.000000 0.000000
2010 0.000000 375.000000 0.000000
2011 0.000000 375.000000 0.000000
2012 0.000000 375.000000 0.000000
2013 0.000000 375.000000 0.000000
2014 0.000000 375.000000 0.000000
2015 0.000000 375.000000 0.000000
2016 0.000000 375.000000 0.000000
2017 0.000000 375.000000 0.000000
2018 0.000000 375.000000 0.000000
2019 0.000000 375.000000 0.000000
2020 0.000000 375.000000 0.000000
2021 0.000000 375.000000 0.000000
2022 0.000000 375.000000 0.000000
2023 75.000000 375.000000 0.000000
2024 150.000000 375.000000 0.000000
2025 225.000000 375.000000 0.000000
2026 300.000000 375.000000 0.000000
2027 375.000000 375.000000 0.000000
2028 -375.000000 -375.000000 0.000000
2029 -300.000000 -375.000000 0.000000
2030 -225.000000 -375.000000 0.000000
2031 -150.000000 -375.000000 0.000000
2032 -75.000000 -375.000000 0.000000
2033 0.000000 -375.000000 0.000000
2034 0.000000 -375.000000 0.000000
2035 0.000000 -375.000000 0.000000
2036 0.000000 -375.000000 0.000000
2037 0.000000 -375.000000 0.000000
2038 0.000000 -375.000000 0.000000
2039 0.000000 -375.000000 0.000000
2040 0.000000 -375.000000 0.000000
2041 0.000000 -375.000000 0.000000
2042 0.000000 -375.000000 0.000000
2043 0.000000 -375.000000 0.000000
2044 0.000000 -375.000000 0.000000
2045 0.000000 -375.000000 0.000000
2046 0.000000 -375.000000 0.000000
2047 0.000000 -375.000000 0.000000
2048 0.000000 -375.000000 0.000000
2049 75.000000 -375.000000 0.000000
2050 150.000000 -375.000000 0.000000
2051 225.000000 -375.000000 0.000000
2052 300.000000 -375.000000 0.000000
2053 375.000000 -375.000000 0.000000
2054 -375.000000 -300.000000 0.000000
2055 -300.000000 -300.000000 0.000000
2056 -225.000000 -300.000000 0.000000
2057 -150.000000 -300.000000 0.000000
2058 -75.000000 -300.000000 0.000000
2059 0.000000 -300.000000 0.000000
2060 0.000000 -300.000000 0.000000
2061 0.000000 -300.000000 0.000000
2062 0.000000 -300.000000 0.000000
2063 0.000000 -300.000000 0.000000
2064 0.000000 -300.000000 0.000000
2065 0.000000 -300.000000 0.000000
2066 0.000000 -300.000000 0.000000
2067 0.000000 -300.000000 0.000000
2068 0.000000 -300.000000 0.000000
2069 0.000000 -300.000000 0.000000
2070 0.000000 -300.000000 0.000000
2071 0.000000 -300.000000 0.000000
2072 0.000000 -300.000000 0.000000
2073 0.000000 -300.000000 0.000000
2074 0.000000 -300.000000 0.000000
2075 75.000000 -300.000000 0.000000
2076 150.000000 -300.000000 0.000000
2077 225.000000 -300.000000 0.000000
2078 300.000000 -300.000000 0.000000
2079 375.000000 -300.000000 0.000000
2080 -375.000000 -225.000000 0.000000
2081 -300.000000 -225.000000 0.000000
2082 -225.000000 -225.000000 0.000000
2083 -150.000000 -225.000000 0.000000
2084 -75.000000 -225.000000 0.000000
2085 0.000000 -225.000000 0.000000
2086 0.000000 -225.000000 0.000000
2087 0.000000 -225.000000 0.000000
2088 0.000000 -225.000000 0.000000
2089 0.000000 -225.000000 0.000000
2090 0.000000 -225.000000 0.000000
2091 0.000000 -225.000000 0.000000
2092 0.000000 -225.000000 0.000000
2093 0.000000 -225.000000 0.000000
2094 0.000000 -225.000000 0.000000
2095 0.000000 -225.000000 0.000000
2096 0.000000 -225.000000 0.000000
2097 0.000000 -225.000000 0.000000
2098 0.000000 -225.000000 0.000000
2099 0.000000 -225.000000 0.000000
2100 0.000000 -225.000000 0.000000
2101 75.000000 -225.000000 0.000000
2102 150.000000 -225.000000 0.000000
2103 225.000000 -225.000000 0.000000
2104 300.000000 -225.000000 0.000000
2105 375.000000 -225.000000 0.000000
2106 -375.000000 -150.000000 0.000000
2107 -300.000000 -150.000000 0.000000
2108 -225.000000 -150.000000 0.000000
2109 -150.000000 -150.000000 0.000000
2110 -75.000000 -150.000000 0.000000
2111 0.000000 -150.000000 0.000000
2112 0.000000 -150.000000 0.000000
2113 0.000000 -150.000000 0.000000
2114 0.000000 -150.000000 0.000000
2115 0.000000 -150.000000 0.000000
2116 0.000000 -150.000000 0.000000
2117 0.000000 -150.000000 0.000000
2118 0.000000 -150.000000 0.000000
2119 0.000000 -150.000000 0.000000
2120 0.000000 -150.000000 0.000000
2121 0.000000 -150.000000 0.000000
2122 0.000000 -150.000000 0.000000
2123 0.000000 -150.000000 0.000000
2124 0.000000 -150.000000 0.000000
2125 0.000000 -150.000000 0.000000
2126 0.000000 -150.000000 0.000000
2127 75.000000 -150.000000 0.000000
2128 150.000000 -150.000000 0.000000
2129 225.000000 -150.000000 0.000000
2130 300.000000 -150.000000 0.000000
2131 375.000000 -150.000000 0.000000
2132 -375.000000 -75.000000 0.000000
2133 -300.000000 -75.000000 0.000000
2134 -225.000000 -75.000000 0.000000
2135 -150.000000 -75.000000 0.000000
2136 -75.000000 -75.000000 0.000000
2137 0.000000 -75.000000 0.000000
2138 0.000000 -75.000000 0.000000
2139 0.000000 -75.000000 0.000000
2140 0.000000 -75.000000 0.000000
2141 0.000000 -75.000000 0.000000
2142 0.000000 -75.000000 0.000000
2143 0.000000 -75.000000 0.000000
2144 0.000000 -75.000000 0.000000
2145 0.000000 -75.000000 0.000000
2146 0.000000 -75.000000 0.000000
2147 0.000000 -75.000000 0.000000
2148 0.000000 -75.000000 0.000000
2149 0.000000 -75.000000 0.000000
2150 0.000000 -75.000000 0.000000
2151 0.000000 -75.000000 0.000000
2152 0.000000 -75.000000 0.000000
2153 75.000000 -75.000000 0.000000
2154 150.000000 -75.000000 0.000000
2155 225.000000 -75.000000 0.000000
2156 300.000000 -75.000000 0.000000
2157 375.000000 -75.000000 0.000000
2158 -375.000000 0.000000 0.000000
2159 -300.000000 0.000000 0.000000
2160 -225.000000 0.000000 0.000000
2161 -150.000000 0.000000 0.000000
2162 -75.000000 0.000000 0.000000
2179 75.000000 0.000000 0.000000
2180 150.000000 0.000000 0.000000
2181 225.000000 0.000000 0.000000
2182 300.000000 0.000000 0.000000
2183 375.000000 0.000000 0.000000
2184 -375.000000 0.000000 0.000000
2185 -300.000000 0.000000 0.000000
2186 -225.000000 0.000000 0.000000
2187 -150.000000 0.000000 0.000000
2188 -75.000000 0.000000 0.000000
2205 75.000000 0.000000 0.000000
2206 150.000000 0.000000 0.000000
2207 225.000000 0.000000 0.000000
2208 300.000000 0.000000 0.000000
2209 375.000000 0.000000 0.000000
2210 -375.000000 0.000000 0.000000
2211 -300.000000 0.000000 0.000000
2212 -225.000000 0.000000 0.000000
2213 -150.000000 0.000000 0.000000
2214 -75.000000 0.000000 0.000000
2231 75.000000 0.000000 0.000000
2232 150.000000 0.000000 0.000000
2233 225.000000 0.000000 0.000000
2234 300.000000 0.000000 0.000000
2235 375.000000 0.000000 0.000000
2236 -375.000000 0.000000 0.000000
2237 -300.000000 0.000000 0.000000
2238 -225.000000 0.000000 0.000000
2239 -150.000000 0.000000 0.000000
2240 -75.000000 0.000000 0.000000
2257 75.000000 0.000000 0.000000
2258 150.000000 0.000000 0.000000
2259 225.000000 0.000000 0.000000
2260 300.000000 0.000000 0.000000
2261 375.000000 0.000000 0.000000
2262 -375.000000 0.000000 0.000000
2263 -300.000000 0.000000 0.000000
2264 -225.000000 0.000000 0.000000
2265 -150.000000 0.000000 0.000000
2266 -75.000000 0.000000 0.000000
2283 75.000000 0.000000 0.000000
2284 150.000000 0.000000 0.000000
2285 225.000000 0.000000 0.000000
2286 300.000000 0.000000 0.000000
2287 375.000000 0.000000 0.000000
2288 -375.000000 0.000000 0.000000
2289 -300.000000 0.000000 0.000000
2290 -225.000000 0.000000 0.000000
2291 -150.000000 0.000000 0.000000
2292 -75.000000 0.000000 0.000000
2309 75.000000 0.000000 0.000000
2310 150.000000 0.000000 0.000000
2311 225.000000 0.000000 0.000000
2312 300.000000 0.000000 0.000000
2313 375.000000 0.000000 0.000000
2314 -375.000000 0.000000 0.000000
2315 -300.000000 0.000000 0.000000
2316 -225.000000 0.000000 0.000000
2317 -150.000000 0.000000 0.000000
2318 -75.000000 0.000000 0.000000
2335 75.000000 0.000000 0.000000
2336 150.000000 0.000000 0.000000
2337 225.000000 0.000000 0.000000
2338 300.000000 0.000000 0.000000
2339 375.000000 0.000000 0.000000
2340 -375.000000 0.000000 0.000000
2341 -300.000000 0.000000 0.000000
2342 -225.000000 0.000000 0.000000
2343 -150.000000 0.000000 0.000000
2344 -75.000000 0.000000 0.000000
2361 75.000000 0.000000 0.000000
2362 150.000000 0.000000 0.000000
2363 225.000000 0.000000 0.000000
2364 300.000000 0.000000 0.000000
2365 375.000000 0.000000 0.000000
2366 -375.000000 0.000000 0.000000
2367 -300.000000 0.000000 0.000000
2368 -225.000000 0.000000 0.000000
2369 -150.000000 0.000000 0.000000
2370 -75.000000 0.000000 0.000000
2387 75.000000 0.000000 0.000000
2388 150.000000 0.000000 0.000000
2389 225.000000 0.000000 0.000000
2390 300.000000 0.000000 0.000000
2391 375.000000 0.000000 0.000000
2392 -375.000000 0.000000 0.000000
2393 -300.000000 0.000000 0.000000
2394 -225.000000 0.000000 0.000000
2395 -150.000000 0.000000 0.000000
2396 -75.000000 0.000000 0.000000
2413 75.000000 0.000000 0.000000
2414 150.000000 0.000000 0.000000
2415 225.000000 0.000000 0.000000
2416 300.000000 0.000000 0.000000
2417 375.000000 0.000000 0.000000
2418 -375.000000 0.000000 0.000000
2419 -300.000000 0.000000 0.000000
2420 -225.000000 0.000000 0.000000
2421 -150.000000 0.000000 0.000000
2422 -75.000000 0.000000 0.000000
2439 75.000000 0.000000 0.000000
2440 150.000000 0.000000 0.000000
2441 225.000000 0.000000 0.000000
2442 300.000000 0.000000 0.000000
2443 375.000000 0.000000 0.000000
2444 -375.000000 0.000000 0.000000
2445 -300.000000 0.000000 0.000000
2446 -225.000000 0.000000 0.000000
2447 -150.000000 0.000000 0.000000
2448 -75.000000 0.000000 0.000000
2465 75.000000 0.000000 0.000000
2466 150.000000 0.000000 0.000000
2467 225.000000 0.000000 0.000000
2468 300.000000 0.000000 0.000000
2469 375.000000 0.000000 0.000000
2470 -375.000000 0.000000 0.000000
2471 -300.000000 0.000000 0.000000
2472 -225.000000 0.000000 0.000000
2473 -150.000000 0.000000 0.000000
2474 -75.000000 0.000000 0.000000
2491 75.000000 0.000000 0.000000
2492 150.000000 0.000000 0.000000
2493 225.000000 0.000000 0.000000
2494 300.000000 0.000000 0.000000
2495 375.000000 0.000000 0.000000
2496 -375.000000 0.000000 0.000000
2497 -300.000000 0.000000 0.000000
2498 -225.000000 0.000000 0.000000
2499 -150.000000 0.000000 0.000000
2500 -75.000000 0.000000 0.000000
2517 75.000000 0.000000 0.000000
2518 150.000000 0.000000 0.000000
2519 225.000000 0.000000 0.000000
2520 300.000000 0.000000 0.000000
2521 375.000000 0.000000 0.000000
2522 -375.000000 0.000000 0.000000
2523 -300.000000 0.000000 0.000000
2524 -225.000000 0.000000 0.000000
2525 -150.000000 0.000000 0.000000
2526 -75.000000 0.000000 0.000000
2543 75.000000 0.000000 0.000000
2544 150.000000 0.000000 0.000000
2545 225.000000 0.000000 0.000000
2546 300.000000 0.000000 0.000000
2547 375.000000 0.000000 0.000000
2548 -375.000000 0.000000 0.000000
2549 -300.000000 0.000000 0.000000
2550 -225.000000 0.000000 0.000000
2551 -150.000000 0.000000 0.000000
2552 -75.000000 0.000000 0.000000
2569 75.000000 0.000000 0.000000
2570 150.000000 0.000000 0.000000
2571 225.000000 0.000000 0.000000
2572 300.000000 0.000000 0.000000
2573 375.000000 0.000000 0.000000
2574 -375.000000 75.000000 0.000000
2575 -300.000000 75.000000 0.000000
2576 -225.000000 75.000000 0.000000
2577 -150.000000 75.000000 0.000000
2578 -75.000000 75.000000 0.000000
2579 0.000000 75.000000 0.000000
2580 0.000000 75.000000 0.000000
2581 0.000000 75.000000 0.000000
2582 0.000000 75.000000 0.000000
2583 0.000000 75.000000 0.000000
2584 0.000000 75.000000 0.000000
2585 0.000000 75.000000 0.000000
2586 0.000000 75.000000 0.000000
2587 0.000000 75.000000 0.000000
2588 0.000000 75.000000 0.000000
2589 0.000000 75.000000 0.000000
2590 0.000000 75.000000 0.000000
2591 0.000000 75.000000 0.000000
2592 0.000000 75.000000 0.000000
2593 0.000000 75.000000 0.000000
2594 0.000000 75.000000 0.000000
2595 75.000000 75.000000 0.000000
2596 150.000000 75.000000 0.000000
2597 225.000000 75.000000 0.000000
2598 300.000000 75.000000 0.000000
2599 375.000000 75.000000 0.000000
2600 -375.000000 150.000000 0.000000
2601 -300.000000 150.000000 0.000000
2602 -225.000000 150.000000 0.000000
2603 -150.000000 150.000000 0.000000
2604 -75.000000 150.000000 0.000000
2605 0.000000 150.000000 0.000000
2606 0.000000 150.000000 0.000000
2607 0.000000 150.000000 0.000000
2608 0.000000 150.000000 0.000000
2609 0.000000 150.000000 0.000000
2610 0.000000 150.000000 0.000000
2611 0.000000 150.000000 0.000000
2612 0.000000 150.000000 0.000000
2613 0.000000 150.000000 0.000000
2614 0.000000 150.000000 0.000000
2615 0.000000 150.000000 0.000000
2616 0.000000 150.000000 0.000000
2617 0.000000 150.000000 0.000000
2618 0.000000 150.000000 0.000000
2619 0.000000 150.000000 0.000000
2620 0.000000 150.000000 0.000000
2621 75.000000 150.000000 0.000000
2622 150.000000 150.000000 0.000000
2623 225.000000 150.000000 0.000000
2624 300.000000 150.000000 0.000000
2625 375.000000 150.000000 0.000000
2626 -375.000000 225.000000 0.000000
2627 -300.000000 225.000000 0.000000
2628 -225.000000 225.000000 0.000000
2629 -150.000000 225.000000 0.000000
2630 -75.000000 225.000000 0.000000
2631 0.000000 225.000000 0.000000
2632 0.000000 225.000000 0.000000
2633 0.000000 225.000000 0.000000
2634 0.000000 225.000000 0.000000
2635 0.000000 225.000000 0.000000
2636 0.000000 225.000000 0.000000
2637 0.000000 225.000000 0.000000
2638 0.000000 225.000000 0.000000
2639 0.000000 225.000000 0.000000
2640 0.000000 225.000000 0.000000
2641 0.000000 225.000000 0.000000
2642 0.000000 225.000000 0.000000
2643 0.000000 225.000000 0.000000
2644 0.000000 225.000000 0.000000
2645 0.000000 225.000000 0.000000
2646 0.000000 225.000000 0.000000
2647 75.000000 225.000000 0.000000
2648 150.000000 225.000000 0.000000
2649 225.000000 225.000000 0.000000
2650 300.000000 225.000000 0.000000
2651 375.000000 225.000000 0.000000
2652 -375.000000 300.000000 0.000000
2653 -300.000000 300.000000 0.000000
2654 -225.000000 300.000000 0.000000
2655 -150.000000 300.000000 0.000000
2656 -75.000000 300.000000 0.000000
2657 0.000000 300.000000 0.000000
2658 0.000000 300.000000 0.000000
2659 0.000000 300.000000 0.000000
2660 0.000000 300.000000 0.000000
2661 0.000000 300.000000 0.000000
2662 0.000000 300.000000 0.000000
2663 0.000000 300.000000 0.000000
2664 0.000000 300.000000 0.000000
2665 0.000000 300.000000 0.000000
2666 0.000000 300.000000 0.000000
2667 0.000000 300.000000 0.000000
2668 0.000000 300.000000 0.000000
2669 0.000000 300.000000 0.000000
2670 0.000000 300.000000 0.000000
2671 0.000000 300.000000 0.000000
2672 0.000000 300.000000 0.000000
2673 75.000000 300.000000 0.000000
2674 150.000000 300.000000 0.000000
2675 225.000000 300.000000 0.000000
2676 300.000000 300.000000 0.000000
2677 375.000000 300.000000 0.000000
2678 -375.000000 375.000000 0.000000
2679 -300.000000 375.000000 0.000000
2680 -225.000000 375.000000 0.000000
2681 -150.000000 375.000000 0.000000
2682 -75.000000 375.000000 0.000000
2683 0.000000 375.000000 0.000000
2684 0.000000 375.000000 0.000000
2685 0.000000 375.000000 0.000000
2686 0.000000 375.000000 0.000000
2687 0.000000 375.000000 0.000000
2688 0.000000 375.000000 0.000000
2689 0.000000 375.000000 0.000000
2690 0.000000 375.000000 0.000000
2691 0.000000 375.000000 0.000000
2692 0.000000 375.000000 0.000000
2693 0.000000 375.000000 0.000000
2694 0.000000 375.000000 0.000000
2695 0.000000 375.000000 0.000000
2696 0.000000 375.000000 0.000000
2697 0.000000 375.000000 0.000000
2698 0.000000 375.000000 0.000000
2699 75.000000 375.000000 0.000000
2700 150.000000 375.000000 0.000000
2701 225.000000 375.000000 0.000000
2702 300.000000 375.000000 0.000000
2703 375.000000 375.000000 0.000000
2704 -375.000000 -375.000000 0.000000
2705 -300.000000 -375.000000 0.000000
2706 -225.000000 -375.000000 0.000000
2707 -150.000000 -375.000000 0.000000
2708 -75.000000 -375.000000 0.000000
2709 0.000000 -375.000000 0.000000
2710 0.000000 -375.000000 0.000000
2711 0.000000 -375.000000 0.000000
2712 0.000000 -375.000000 0.000000
2713 0.000000 -375.000000 0.000000
2714 0.000000 -375.000000 0.000000
2715 0.000000 -375.000000 0.000000
2716 0.000000 -375.000000 0.000000
2717 0.000000 -375.000000 0.000000
2718 0.000000 -375.000000 0.000000
2719 0.000000 -375.000000 0.000000
2720 0.000000 -375.000000 0.000000
2721 0.000000 -375.000000 0.000000
2722 0.000000 -375.000000 0.000000
2723 0.000000 -375.000000 0.000000
2724 0.000000 -375.000000 0.000000
2725 75.000000 -375.000000 0.000000
2726 150.000000 -375.000000 0.000000
2727 225.000000 -375.000000 0.000000
2728 300.000000 -375.000000 0.000000
2729 375.000000 -375.000000 0.000000
2730 -375.000000 -300.000000 0.000000
2731 -300.000000 -300.000000 0.000000
2732 -225.000000 -300.000000 0.000000
2733 -150.000000 -300.000000 0.000000
2734 -75.000000 -300.000000 0.000000
2735 0.000000 -300.000000 0.000000
2736 0.000000 -300.000000 0.000000
2737 0.000000 -300.000000 0.000000
2738 0.000000 -300.000000 0.000000
2739 0.000000 -300.000000 0.000000
2740 0.000000 -300.000000 0.000000
2741 0.000000 -300.000000 0.000000
2742 0.000000 -300.000000 0.000000
2743 0.000000 -300.000000 0.000000
2744 0.000000 -300.000000 0.000000
2745 0.000000 -300.000000 0.000000
2746 0.000000 -300.000000 0.000000
2747 0.000000 -300.000000 0.000000
2748 0.000000 -300.000000 0.000000
2749 0.000000 -300.000000 0.000000
2750 0.000000 -300.000000 0.000000
2751 75.000000 -300.000000 0.000000
2752 150.000000 -300.000000 0.000000
2753 225.000000 -300.000000 0.000000
2754 300.000000 -300.000000 0.000000
2755 375.000000 -300.000000 0.000000
2756 -375.000000 -225.000000 0.000000
2757 -300.000000 -225.000000 0.000000
2758 -225.000000 -225.000000 0.000000
2759 -150.000000 -225.000000 0.000000
2760 -75.000000 -225.000000 0.000000
2761 0.000000 -225.000000 0.000000
2762 0.000000 -225.000000 0.000000
2763 0.000000 -225.000000 0.000000
2764 0.000000 -225.000000 0.000000
2765 0.000000 -225.000000 0.000000
2766 0.000000 -225.000000 0.000000
2767 0.000000 -225.000000 0.000000
2768 0.000000 -225.000000 0.000000
2769 0.000000 -225.000000 0.000000
2770 0.000000 -225.000000 0.000000
2771 0.000000 -225.000000 0.000000
2772 0.000000 -225.000000 0.000000
2773 0.000000 -225.000000 0.000000
2774 0.000000 -225.000000 0.000000
2775 0.000000 -225.000000 0.000000
2776 0.000000 -225.000000 0.000000
2777 75.000000 -225.000000 0.000000
2778 150.000000 -225.000000 0.000000
2779 225.000000 -225.000000 0.000000
2780 300.000000 -225.000000 0.000000
2781 375.000000 -225.000000 0.000000
2782 -375.000000 -150.000000 0.000000
2783 -300.000000 -150.000000 0.000000
2784 -225.000000 -150.000000 0.000000
2785 -150.000000 -150.000000 0.000000
2786 -75.000000 -150.000000 0.000000
2787 0.000000 -150.000000 0.000000
2788 0.000000 -150.000000 0.000000
2789 0.000000 -150.000000 0.000000
2790 0.000000 -150.000000 0.000000
2791 0.000000 -150.000000 0.000000
2792 0.000000 -150.000000 0.000000
2793 0.000000 -150.000000 0.000000
2794 0.000000 -150.000000 0.000000
2795 0.000000 -150.000000 0.000000
2796 0.000000 -150.000000 0.000000
2797 0.000000 -150.000000 0.000000
2798 0.000000 -150.000000 0.000000
2799 0.000000 -150.000000 0.000000
2800 0.000000 -150.000000 0.000000
2801 0.000000 -150.000000 0.000000
2802 0.000000 -150.000000 0.000000
2803 75.000000 -150.000000 0.000000
2804 150.000000 -150.000000 0.000000
2805 225.000000 -150.000000 0.000000
2806 300.000000 -150.000000 0.000000
2807 375.000000 -150.000000 0.000000
2808 -375.000000 -75.000000 0.000000
2809 -300.000000 -75.000000 0.000000
2810 -225.000000 -75.000000 0.000000
2811 -150.000000 -75.000000 0.000000
2812 -75.000000 -75.000000 0.000000
2813 0.000000 -75.000000 0.000000
2814 0.000000 -75.000000 0.000000
2815 0.000000 -75.000000 0.000000
2816 0.000000 -75.000000 0.000000
2817 0.000000 -75.000000 0.000000
2818 0.000000 -75.000000 0.000000
2819 0.000000 -75.000000 0.000000
2820 0.000000 -75.000000 0.000000
2821 0.000000 -75.000000 0.000000
2822 0.000000 -75.000000 0.000000
2823 0.000000 -75.000000 0.000000
2824 0.000000 -75.000000 0.000000
2825 0.000000 -75.000000 0.000000
2826 0.000000 -75.000000 0.000000
2827 0.000000 -75.000000 0.000000
2828 0.000000 -75.000000 0.000000
2829 75.000000 -75.000000 0.000000
2830 150.000000 -75.000000 0.000000
2831 225.000000 -75.000000 0.000000
2832 300.000000 -75.000000 0.000000
2833 375.000000 -75.000000 0.000000
2834 -375.000000 0.000000 0.000000
2835 -300.000000 0.000000 0.000000
2836 -225.000000 0.000000 0.000000
2837 -150.000000 0.000000 0.000000
2838 -75.000000 0.000000 0.000000
2855 75.000000 0.000000 0.000000
2856 150.000000 0.000000 0.000000
2857 225.000000 0.000000 0.000000
2858 300.000000 0.000000 0.000000
2859 375.000000 0.000000 0.000000
2860 -375.000000 0.000000 0.000000
2861 -300.000000 0.000000 0.000000
2862 -225.000000 0.000000 0.000000
2863 -150.000000 0.000000 0.000000
2864 -75.000000 0.000000 0.000000
2881 75.000000 0.000000 0.000000
2882 150.000000 0.000000 0.000000
2883 225.000000 0.000000 0.000000
2884 300.000000 0.000000 0.000000
2885 375.000000 0.000000 0.000000
2886 -375.000000 0.000000 0.000000
2887 -300.000000 0.000000 0.000000
2888 -225.000000 0.000000 0.000000
2889 -150.000000 0.000000 0.000000
2890 -75.000000 0.000000 0.000000
2907 75.000000 0.000000 0.000000
2908 150.000000 0.000000 0.000000
2909 225.000000 0.000000 0.000000
2910 300.000000 0.000000 0.000000
2911 375.000000 0.000000 0.000000
2912 -375.000000 0.000000 0.000000
2913 -300.000000 0.000000 0.000000
2914 -225.000000 0.000000 0.000000
2915 -150.000000 0.000000 0.000000
2916 -75.000000 0.000000 0.000000
2933 75.000000 0.000000 0.000000
2934 150.000000 0.000000 0.000000
2935 225.000000 0.000000 0.000000
2936 300.000000 0.000000 0.000000
2937 375.000000 0.000000 0.000000
2938 -375.000000 0.000000 0.000000
2939 -300.000000 0.000000 0.000000
2940 -225.000000 0.000000 0.000000
2941 -150.000000 0.000000 0.000000
2942 -75.000000 0.000000 0.000000
2959 75.000000 0.000000 0.000000
2960 150.000000 0.000000 0.000000
2961 225.000000 0.000000 0.000000
2962 300.000000 0.000000 0.000000
2963 375.000000 0.000000 0.000000
2964 -375.000000 0.000000 0.000000
2965 -300.000000 0.000000 0.000000
2966 -225.000000 0.000000 0.000000
2967 -150.000000 0.000000 0.000000
2968 -75.000000 0.000000 0.000000
2985 75.000000 0.000000 0.000000
2986 150.000000 0.000000 0.000000
2987 225.000000 0.000000 0.000000
2988 300.000000 0.000000 0.000000
2989 375.000000 0.000000 0.000000
2990 -375.000000 0.000000 0.000000
2991 -300.000000 0.000000 0.000000
2992 -225.000000 0.000000 0.000000
2993 -150.000000 0.000000 0.000000
2994 -75.000000 0.000000 0.000000
3011 75.000000 0.000000 0.000000
3012 150.000000 0.000000 0.000000
3013 225.000000 0.000000 0.000000
3014 300.000000 0.000000 0.000000
3015 375.000000 0.000000 0.000000
3016 -375.000000 0.000000 0.000000
3017 -300.000000 0.000000 0.000000
3018 -225.000000 0.000000 0.000000
3019 -150.000000 0.000000 0.000000
3020 -75.000000 0.000000 0.000000
3037 75.000000 0.000000 0.000000
3038 150.000000 0.000000 0.000000
3039 225.000000 0.000000 0.000000
3040 300.000000 0.000000 0.000000
3041 375.000000 0.000000 0.000000
3042 -375.000000 0.000000 0.000000
3043 -300.000000 0.000000 0.000000
3044 -225.000000 0.000000 0.000000
3045 -150.000000 0.000000 0.000000
3046 -75.000000 0.000000 0.000000
3063 75.000000 0.000000 0.000000
3064 150.000000 0.000000 0.000000
3065 225.000000 0.000000 0.000000
3066 300.000000 0.000000 0.000000
3067 375.000000 0.000000 0.000000
3068 -375.000000 0.000000 0.000000
3069 -300.000000 0.000000 0.000000
3070 -225.000000 0.000000 0.000000
3071 -150.000000 0.000000 0.000000
3072 -75.000000 0.000000 0.000000
3089 75.000000 0.000000 0.000000
3090 150.000000 0.000000 0.000000
3091 225.000000 0.000000 0.000000
3092 300.000000 0.000000 0.000000
3093 375.000000 0.000000 0.000000
3094 -375.000000 0.000000 0.000000
3095 -300.000000 0.000000 0.000000
3096 -225.000000 0.000000 0.000000
3097 -150.000000 0.000000 0.000000
3098 -75.000000 0.000000 0.000000
3115 75.000000 0.000000 0.000000
3116 150.000000 0.000000 0.000000
3117 225.000000 0.000000 0.000000
3118 300.000000 0.000000 0.000000
3119 375.000000 0.000000 0.000000
3120 -375.000000 0.000000 0.000000
3121 -300.000000 0.000000 0.000000
3122 -225.000000 0.000000 0.000000
3123 -150.000000 0.000000 0.000000
3124 -75.000000 0.000000 0.000000
3141 75.000000 0.000000 0.000000
3142 150.000000 0.000000 0.000000
3143 225.000000 0.000000 0.000000
3144 300.000000 0.000000 0.000000
3145 375.000000 0.000000 0.000000
3146 -375.000000 0.000000 0.000000
3147 -300.000000 0.000000 0.000000
3148 -225.000000 0.000000 0.000000
3149 -150.000000 0.000000 0.000000
3150 -75.000000 0.000000 0.000000
3167 75.000000 0.000000 0.000000
3168 150.000000 0.000000 0.000000
3169 225.000000 0.000000 0.000000
3170 300.000000 0.000000 0.000000
3171 375.000000 0.000000 0.000000
3172 -375.000000 0.000000 0.000000
3173 -300.000000 0.000000 0.000000
3174 -225.000000 0.000000 0.000000
3175 -150.000000 0.000000 0.000000
3176 -75.000000 0.000000 0.000000
3193 75.000000 0.000000 0.000000
3194 150.000000 0.000000 0.000000
3195 225.000000 0.000000 0.000000
3196 300.000000 0.000000 0.000000
3197 375.000000 0.000000 0.000000
3198 -375.000000 0.000000 0.000000
3199 -300.000000 0.000000 0.000000
3200 -225.000000 0.000000 0.000000
3201 -150.000000 0.000000 0.000000
3202 -75.000000 0.000000 0.000000
3219 75.000000 0.000000 0.000000
3220 150.000000 0.000000 0.000000
3221 225.000000 0.000000 0.000000
3222 300.000000 0.000000 0.000000
3223 375.000000 0.000000 0.000000
3224 -375.000000 0.000000 0.000000
3225 -300.000000 0.000000 0.000000
3226 -225.000000 0.000000 0.000000
3227 -150.000000 0.000000 0.000000
3228 -75.000000 0.000000 0.000000
3245 75.000000 0.000000 0.000000
3246 150.000000 0.000000 0.000000
3247 225.000000 0.000000 0.000000
3248 300.000000 0.000000 0.000000
3249 375.000000 0.000000 0.000000
3250 -375.000000 75.000000 0.000000
3251 -300.000000 75.000000 0.000000
3252 -225.000000 75.000000 0.000000
3253 -150.000000 75.000000 0.000000
3254 -75.000000 75.000000 0.000000
3255 0.000000 75.000000 0.000000
3256 0.000000 75.000000 0.000000
3257 0.000000 75.000000 0.000000
3258 0.000000 75.000000 0.000000
3259 0.000000 75.000000 0.000000
3260 0.000000 75.000000 0.000000
3261 0.000000 75.000000 0.000000
3262 0.000000 75.000000 0.000000
3263 0.000000 75.000000 0.000000
3264 0.000000 75.000000 0.000000
3265 0.000000 75.000000 0.000000
3266 0.000000 75.000000 0.000000
3267 0.000000 75.000000 0.000000
3268 0.000000 75.000000 0.000000
3269 0.000000 75.000000 0.000000
3270 0.000000 75.000000 0.000000
3271 75.000000 75.000000 0.000000
3272 150.000000 75.000000 0.000000
3273 225.000000 75.000000 0.000000
3274 300.000000 75.000000 0.000000
3275 375.000000 75.000000 0.000000
3276 -375.000000 150.000000 0.000000
3277 -300.000000 150.000000 0.000000
3278 -225.000000 150.000000 0.000000
3279 -150.000000 150.000000 0.000000
3280 -75.000000 150.000000 0.000000
3281 0.000000 150.000000 0.000000
3282 0.000000 150.000000 0.000000
3283 0.000000 150.000000 0.000000
3284 0.000000 150.000000 0.000000
3285 0.000000 150.000000 0.000000
3286 0.000000 150.000000 0.000000
3287 0.000000 150.000000 0.000000
3288 0.000000 150.000000 0.000000
3289 0.000000 150.000000 0.000000
3290 0.000000 150.000000 0.000000
3291 0.000000 150.000000 0.000000
3292 0.000000 150.000000 0.000000
3293 0.000000 150.000000 0.000000
3294 0.000000 150.000000 0.000000
3295 0.000000 150.000000 0.000000
3296 0.000000 150.000000 0.000000
3297 75.000000 150.000000 0.000000
3298 150.000000 150.000000 0.000000
3299 225.000000 150.000000 0.000000
3300 300.000000 150.000000 0.000000
3301 375.000000 150.000000 0.000000
3302 -375.000000 225.000000 0.000000
3303 -300.000000 225.000000 0.000000
3304 -225.000000 225.000000 0.000000
3305 -150.000000 225.000000 0.000000
3306 -75.000000 225.000000 0.000000
3307 0.000000 225.000000 0.000000
3308 0.000000 225.000000 0.000000
3309 0.000000 225.000000 0.000000
3310 0.000000 225.000000 0.000000
3311 0.000000 225.000000 0.000000
3312 0.000000 225.000000 0.000000
3313 0.000000 225.000000 0.000000
3314 0.000000 225.000000 0.000000
3315 0.000000 225.000000 0.000000
3316 0.000000 225.000000 0.000000
3317 0.000000 225.000000 0.000000
3318 0.000000 225.000000 0.000000
3319 0.000000 225.000000 0.000000
3320 0.000000 225.000000 0.000000
3321 0.000000 225.000000 0.000000
3322 0.000000 225.000000 0.000000
3323 75.000000 225.000000 0.000000
3324 150.000000 225.000000 0.000000
3325 225.000000 225.000000 0.000000
3326 300.000000 225.000000 0.000000
3327 375.000000 225.000000 0.000000
3328 -375.000000 300.000000 0.000000
3329 -300.000000 300.000000 0.000000
3330 -225.000000 300.000000 0.000000
3331 -150.000000 300.000000 0.000000
3332 -75.000000 300.000000 0.000000
3333 0.000000 300.000000 0.000000
3334 0.000000 300.000000 0.000000
3335 0.000000 300.000000 0.000000
3336 0.000000 300.000000 0.000000
3337 0.000000 300.000000 0.000000
3338 0.000000 300.000000 0.000000
3339 0.000000 300.000000 0.000000
3340 0.000000 300.000000 0.000000
3341 0.000000 300.000000 0.000000
3342 0.000000 300.000000 0.000000
3343 0.000000 300.000000 0.000000
3344 0.000000 300.000000 0.000000
3345 0.000000 300.000000 0.000000
3346 0.000000 300.000000 0.000000
3347 0.000000 300.000000 0.000000
3348 0.000000 300.000000 0.000000
3349 75.000000 300.000000 0.000000
3350 150.000000 300.000000 0.000000
3351 225.000000 300.000000 0.000000
3352 300.000000 300.000000 0.000000
3353 375.000000 300.000000 0.000000
3354 -375.000000 375.000000 0.000000
3355 -300.000000 375.000000 0.000000
3356 -225.000000 375.000000 0.000000
3357 -150.000000 375.000000 0.000000
3358 -75.000000 375.000000 0.000000
3359 0.000000 375.000000 0.000000
3360 0.000000 375.000000 0.000000
3361 0.000000 375.000000 0.000000
3362 0.000000 375.000000 0.000000
3363 0.000000 375.000000 0.000000
3364 0.000000 375.000000 0.000000
3365 0.000000 375.000000 0.000000
3366 0.000000 375.000000 0.000000
3367 0.000000 375.000000 0.000000
3368 0.000000 375.000000 0.000000
3369 0.000000 375.000000 0.000000
3370 0.000000 375.000000 0.000000
3371 0.000000 375.000000 0.000000
3372 0.000000 375.000000 0.000000
3373 0.000000 375.000000 0.000000
3374 0.000000 375.000000 0.000000
3375 75.000000 375.000000 0.000000
3376 150.000000 375.000000 0.000000
3377 225.000000 375.000000 0.000000
3378 300.000000 375.000000 0.000000
3379 375.000000 375.000000 0.000000
3380 -375.000000 -375.000000 0.000000
3381 -300.000000 -375.000000 0.000000
3382 -225.000000 -375.000000 0.000000
3383 -150.000000 -375.000000 0.000000
3384 -75.000000 -375.000000 0.000000
3385 0.000000 -375.000000 0.000000
3386 0.000000 -375.000000 0.000000
3387 0.000000 -375.000000 0.000000
3388 0.000000 -375.000000 0.000000
3389 0.000000 -375.000000 0.000000
3390 0.000000 -375.000000 0.000000
3391 0.000000 -375.000000 0.000000
3392 0.000000 -375.000000 0.000000
3393 0.000000 -375.000000 0.000000
3394 0.000000 -375.000000 0.000000
3395 0.000000 -375.000000 0.000000
3396 0.000000 -375.000000 0.000000
3397 0.000000 -375.000000 0.000000
3398 0.000000 -375.000000 0.000000
3399 0.000000 -375.000000 0.000000
3400 0.000000 -375.000000 0.000000
3401 75.000000 -375.000000 0.000000
3402 150.000000 -375.000000 0.000000
3403 225.000000 -375.000000 0.000000
3404 300.000000 -375.000000 0.000000
3405 375.000000 -375.000000 0.000000
3406 -375.000000 -300.000000 0.000000
3407 -300.000000 -300.000000 0.000000
3408 -225.000000 -300.000000 0.000000
3409 -150.000000 -300.000000 0.000000
3410 -75.000000 -300.000000 0.000000
3411 0.000000 -300.000000 0.000000
3412 0.000000 -300.000000 0.000000
3413 0.000000 -300.000000 0.000000
3414 0.000000 -300.000000 0.000000
3415 0.000000 -300.000000 0.000000
3416 0.000000 -300.000000 0.000000
3417 0.000000 -300.000000 0.000000
3418 0.000000 -300.000000 0.000000
3419 0.000000 -300.000000 0.000000
3420 0.000000 -300.000000 0.000000
3421 0.000000 -300.000000 0.000000
3422 0.000000 -300.000000 0.000000
3423 0.000000 -300.000000 0.000000
3424 0.000000 -300.000000 0.000000
3425 0.000000 -300.000000 0.000000
3426 0.000000 -300.000000 0.000000
3427 75.000000 -300.000000 0.000000
3428 150.000000 -300.000000 0.000000
3429 225.000000 -300.000000 0.000000
3430 300.000000 -300.000000 0.000000
3431 375.000000 -300.000000 0.000000
3432 -375.000000 -225.000000 0.000000
3433 -300.000000 -225.000000 0.000000
3434 -225.000000 -225.000000 0.000000
3435 -150.000000 -225.000000 0.000000
3436 -75.000000 -225.000000 0.000000
3437 0.000000 -225.000000 0.000000
3438 0.000000 -225.000000 0.000000
3439 0.000000 -225.000000 0.000000
3440 0.000000 -225.000000 0.000000
3441 0.000000 -225.000000 0.000000
3442 0.000000 -225.000000 0.000000
3443 0.000000 -225.000000 0.000000
3444 0.000000 -225.000000 0.000000
3445 0.000000 -225.000000 0.000000
3446 0.000000 -225.000000 0.000000
3447 0.000000 -225.000000 0.000000
3448 0.000000 -225.000000 0.000000
3449 0.000000 -225.000000 0.000000
3450 0.000000 -225.000000 0.000000
3451 0.000000 -225.000000 0.000000
3452 0.000000 -225.000000 0.000000
3453 75.000000 -225.000000 0.000000
3454 150.000000 -225.000000 0.000000
3455 225.000000 -225.000000 0.000000
3456 300.000000 -225.000000 0.000000
3457 375.000000 -225.000000 0.000000
3458 -375.000000 -150.000000 0.000000
3459 -300.000000 -150.000000 0.000000
3460 -225.000000 -150.000000 0.000000
3461 -150.000000 -150.000000 0.000000
3462 -75.000000 -150.000000 0.000000
3463 0.000000 -150.000000 0.000000
3464 0.000000 -150.000000 0.000000
3465 0.000000 -150.000000 0.000000
3466 0.000000 -150.000000 0.000000
3467 0.000000 -150.000000 0.000000
3468 0.000000 -150.000000 0.000000
3469 0.000000 -150.000000 0.000000
3470 0.000000 -150.000000 0.000000
3471 0.000000 -150.000000 0.000000
3472 0.000000 -150.000000 0.000000
3473 0.000000 -150.000000 0.000000
3474 0.000000 -150.000000 0.000000
3475 0.000000 -150.000000 0.000000
3476 0.000000 -150.000000 0.000000
3477 0.000000 -150.000000 0.000000
3478 0.000000 -150.000000 0.000000
3479 75.000000 -150.000000 0.000000
3480 150.000000 -150.000000 0.000000
3481 225.000000 -150.000000 0.000000
3482 300.000000 -150.000000 0.000000
3483 375.000000 -150.000000 0.000000
3484 -375.000000 -75.000000 0.000000
3485 -300.000000 -75.000000 0.000000
3486 -225.000000 -75.000000 0.000000
3487 -150.000000 -75.000000 0.000000
3488 -75.000000 -75.000000 0.000000
3489 0.000000 -75.000000 0.000000
3490 0.000000 -75.000000 0.000000
3491 0.000000 -75.000000 0.000000
3492 0.000000 -75.000000 0.000000
3493 0.000000 -75.000000 0.000000
3494 0.000000 -75.000000 0.000000
3495 0.000000 -75.000000 0.000000
3496 0.000000 -75.000000 0.000000
3497 0.000000 -75.000000 0.000000
3498 0.000000 -75.000000 0.000000
3499 0.000000 -75.000000 0.000000
3500 0.000000 -75.000000 0.000000
3501 0.000000 -75.000000 0.000000
3502 0.000000 -75.000000 0.000000
3503 0.000000 -75.000000 0.000000
3504 0.000000 -75.000000 0.000000
3505 75.000000 -75.000000 0.000000
3506 150.000000 -75.000000 0.000000
3507 225.000000 -75.000000 0.000000
3508 300.000000 -75.000000 0.000000
3509 375.000000 -75.000000 0.000000
3510 -375.000000 0.000000 0.000000
3511 -300.000000 0.000000 0.000000
3512 -225.000000 0.000000 0.000000
3513 -150.000000 0.000000 0.000000
3514 -75.000000 0.000000 0.000000
3531 75.000000 0.000000 0.000000
3532 150.000000 0.000000 0.000000
3533 225.000000 0.000000 0.000000
3534 300.000000 0.000000 0.000000
3535 375.000000 0.000000 0.000000
3536 -375.000000 0.000000 0.000000
3537 -300.000000 0.000000 0.000000
3538 -225.000000 0.000000 0.000000
3539 -150.000000 0.000000 0.000000
3540 -75.000000 0.000000 0.000000
3557 75.000000 0.000000 0.000000
3558 150.000000 0.000000 0.000000
3559 225.000000 0.000000 0.000000
3560 300.000000 0.000000 0.000000
3561 375.000000 0.000000 0.000000
3562 -375.000000 0.000000 0.000000
3563 -300.000000 0.000000 0.000000
3564 -225.000000 0.000000 0.000000
3565 -150.000000 0.000000 0.000000
3566 -75.000000 0.000000 0.000000
3583 75.000000 0.000000 0.000000
3584 150.000000 0.000000 0.000000
3585 225.000000 0.000000 0.000000
3586 300.000000 0.000000 0.000000
3587 375.000000 0.000000 0.000000
3588 -375.000000 0.000000 0.000000
3589 -300.000000 0.000000 0.000000
3590 -225.000000 0.000000 0.000000
3591 -150.000000 0.000000 0.000000
3592 -75.000000 0.000000 0.000000
3609 75.000000 0.000000 0.000000
3610 150.000000 0.000000 0.000000
3611 225.000000 0.000000 0.000000
3612 300.000000 0.000000 0.000000
3613 375.000000 0.000000 0.000000
3614 -375.000000 0.000000 0.000000
3615 -300.000000 0.000000 0.000000
3616 -225.000000 0.000000 0.000000
3617 -150.000000 0.000000 0.000000
3618 -75.000000 0.000000 0.000000
3635 75.000000 0.000000 0.000000
3636 150.000000 0.000000 0.000000
3637 225.000000 0.000000 0.000000
3638 300.000000 0.000000 0.000000
3639 375.000000 0.000000 0.000000
3640 -375.000000 0.000000 0.000000
3641 -300.000000 0.000000 0.000000
3642 -225.000000 0.000000 0.000000
3643 -150.000000 0.000000 0.000000
3644 -75.000000 0.000000 0.000000
3661 75.000000 0.000000 0.000000
3662 150.000000 0.000000 0.000000
3663 225.000000 0.000000 0.000000
3664 300.000000 0.000000 0.000000
3665 375.000000 0.000000 0.000000
3666 -375.000000 0.000000 0.000000
3667 -300.000000 0.000000 0.000000
3668 -225.000000 0.000000 0.000000
3669 -150.000000 0.000000 0.000000
3670 -75.000000 0.000000 0.000000
3687 75.000000 0.000000 0.000000
3688 150.000000 0.000000 0.000000
3689 225.000000 0.000000 0.000000
3690 300.000000 0.000000 0.000000
3691 375.000000 0.000000 0.000000
3692 -375.000000 0.000000 0.000000
3693 -300.000000 0.000000 0.000000
3694 -225.000000 0.000000 0.000000
3695 -150.000000 0.000000 0.000000
3696 -75.000000 0.000000 0.000000
3713 75.000000 0.000000 0.000000
3714 150.000000 0.000000 0.000000
3715 225.000000 0.000000 0.000000
3716 300.000000 0.000000 0.000000
3717 375.000000 0.000000 0.000000
3718 -375.000000 0.000000 0.000000
3719 -300.000000 0.000000 0.000000
3720 -225.000000 0.000000 0.000000
3721 -150.000000 0.000000 0.000000
3722 -75.000000 0.000000 0.000000
3739 75.000000 0.000000 0.000000
3740 150.000000 0.000000 0.000000
3741 225.000000 0.000000 0.000000
3742 300.000000 0.000000 0.000000
3743 375.000000 0.000000 0.000000
3744 -375.000000 0.000000 0.000000
3745 -300.000000 0.000000 0.000000
3746 -225.000000 0.000000 0.000000
3747 -150.000000 0.000000 0.000000
3748 -75.000000 0.000000 0.000000
3765 75.000000 0.000000 0.000000
3766 150.000000 0.000000 0.000000
3767 225.000000 0.000000 0.000000
3768 300.000000 0.000000 0.000000
3769 375.000000 0.000000 0.000000
3770 -375.000000 0.000000 0.000000
3771 -300.000000 0.000000 0.000000
3772 -225.000000 0.000000 0.000000
3773 -150.000000 0.000000 0.000000
3774 -75.000000 0.000000 0.000000
3791 75.000000 0.000000 0.000000
3792 150.000000 0.000000 0.000000
3793 225.000000 0.000000 0.000000
3794 300.000000 0.000000 0.000000
3795 375.000000 0.000000 0.000000
3796 -375.000000 0.000000 0.000000
3797 -300.000000 0.000000 0.000000
3798 -225.000000 0.000000 0.000000
3799 -150.000000 0.000000 0.000000
3800 -75.000000 0.000000 0.000000
3817 75.000000 0.000000 0.000000
3818 150.000000 0.000000 0.000000
3819 225.000000 0.000000 0.000000
3820 300.000000 0.000000 0.000000
3821 375.000000 0.000000 0.000000
3822 -375.000000 0.000000 0.000000
3823 -300.000000 0.000000 0.000000
3824 -225.000000 0.000000 0.000000
3825 -150.000000 0.000000 0.000000
3826 -75.000000 0.000000 0.000000
3843 75.000000 0.000000 0.000000
3844 150.000000 0.000000 0.000000
3845 225.000000 0.000000 0.000000
3846 300.000000 0.000000 0.000000
3847 375.000000 0.000000 0.000000
3848 -375.000000 0.000000 0.000000
3849 -300.000000 0.000000 0.000000
3850 -225.000000 0.000000 0.000000
3851 -150.000000 0.000000 0.000000
3852 -75.000000 0.000000 0.000000
3869 75.000000 0.000000 0.000000
3870 150.000000 0.000000 0.000000
3871 225.000000 0.000000 0.000000
3872 300.000000 0.000000 0.000000
3873 375.000000 0.000000 0.000000
3874 -375.000000 0.000000 0.000000
3875 -300.000000 0.000000 0.000000
3876 -225.000000 0.000000 0.000000
3877 -150.000000 0.000000 0.000000
3878 -75.000000 0.000000 0.000000
3895 75.000000 0.000000 0.000000
3896 150.000000 0.000000 0.000000
3897 225.000000 0.000000 0.000000
3898 300.000000 0.000000 0.000000
3899 375.000000 0.000000 0.000000
3900 -375.000000 0.000000 0.000000
3901 -300.000000 0.000000 0.000000
3902 -225.000000 0.000000 0.000000
3903 -150.000000 0.000000 0.000000
3904 -75.000000 0.000000 0.000000
3921 75.000000 0.000000 0.000000
3922 150.000000 0.000000 0.000000
3923 225.000000 0.000000 0.000000
3924 300.000000 0.000000 0.000000
3925 375.000000 0.000000 0.000000
3926 -375.000000 75.000000 0.000000
3927 -300.000000 75.000000 0.000000
3928 -225.000000 75.000000 0.000000
3929 -150.000000 75.000000 0.000000
3930 -75.000000 75.000000 0.000000
3931 0.000000 75.000000 0.000000
3932 0.000000 75.000000 0.000000
3933 0.000000 75.000000 0.000000
3934 0.000000 75.000000 0.000000
3935 0.000000 75.000000 0.000000
3936 0.000000 75.000000 0.000000
3937 0.000000 75.000000 0.000000
3938 0.000000 75.000000 0.000000
3939 0.000000 75.000000 0.000000
3940 0.000000 75.000000 0.000000
3941 0.000000 75.000000 0.000000
3942 0.000000 75.000000 0.000000
3943 0.000000 75.000000 0.000000
3944 0.000000 75.000000 0.000000
3945 0.000000 75.000000 0.000000
3946 0.000000 75.000000 0.000000
3947 75.000000 75.000000 0.000000
3948 150.000000 75.000000 0.000000
3949 225.000000 75.000000 0.000000
3950 300.000000 75.000000 0.000000
3951 375.000000 75.000000 0.000000
3952 -375.000000 150.000000 0.000000
3953 -300.000000 150.000000 0.000000
3954 -225.000000 150.000000 0.000000
3955 -150.000000 150.000000 0.000000
3956 -75.000000 150.000000 0.000000
3957 0.000000 150.000000 0.000000
3958 0.000000 150.000000 0.000000
3959 0.000000 150.000000 0.000000
3960 0.000000 150.000000 0.000000
3961 0.000000 150.000000 0.000000
3962 0.000000 150.000000 0.000000
3963 0.000000 150.000000 0.000000
3964 0.000000 150.000000 0.000000
3965 0.000000 150.000000 0.000000
3966 0.000000 150.000000 0.000000
3967 0.000000 150.000000 0.000000
3968 0.000000 150.000000 0.000000
3969 0.000000 150.000000 0.000000
3970 0.000000 150.000000 0.000000
3971 0.000000 150.000000 0.000000
3972 0.000000 150.000000 0.000000
3973 75.000000 150.000000 0.000000
3974 150.000000 150.000000 0.000000
3975 225.000000 150.000000 0.000000
3976 300.000000 150.000000 0.000000
3977 375.000000 150.000000 0.000000
3978 -375.000000 225.000000 0.000000
3979 -300.000000 225.000000 0.000000
3980 -225.000000 225.000000 0.000000
3981 -150.000000 225.000000 0.000000
3982 -75.000000 225.000000 0.000000
3983 0.000000 225.000000 0.000000
3984 0.000000 225.000000 0.000000
3985 0.000000 225.000000 0.000000
3986 0.000000 225.000000 0.000000
3987 0.000000 225.000000 0.000000
3988 0.000000 225.000000 0.000000
3989 0.000000 225.000000 0.000000
3990 0.000000 225.000000 0.000000
3991 0.000000 225.000000 0.000000
3992 0.000000 225.000000 0.000000
3993 0.000000 225.000000 0.000000
3994 0.000000 225.000000 0.000000
3995 0.000000 225.000000 0.000000
3996 0.000000 225.000000 0.000000
3997 0.000000 225.000000 0.000000
3998 0.000000 225.000000 0.000000
3999 75.000000 225.000000 0.000000
4000 150.000000 225.000000 0.000000
4001 225.000000 225.000000 0.000000
4002 300.000000 225.000000 0.000000
4003 375.000000 225.000000 0.000000
4004 -375.000000 300.000000 0.000000
4005 -300.000000 300.000000 0.000000
4006 -225.000000 300.000000 0.000000
4007 -150.000000 300.000000 0.000000
4008 -75.000000 300.000000 0.000000
4009 0.000000 300.000000 0.000000
4010 0.000000 300.000000 0.000000
4011 0.000000 300.000000 0.000000
4012 0.000000 300.000000 0.000000
4013 0.000000 300.000000 0.000000
4014 0.000000 300.000000 0.000000
4015 0.000000 300.000000 0.000000
4016 0.000000 300.000000 0.000000
4017 0.000000 300.000000 0.000000
4018 0.000000 300.000000 0.000000
4019 0.000000 300.000000 0.000000
4020 0.000000 300.000000 0.000000
4021 0.000000 300.000000 0.000000
4022 0.000000 300.000000 0.000000
4023 0.000000 300.000000 0.000000
4024 0.000000 300.000000 0.000000
4025 75.000000 300.000000 0.000000
4026 150.000000 300.000000 0.000000
4027 225.000000 300.000000 0.000000
4028 300.000000 300.000000 0.000000
4029 375.000000 300.000000 0.000000
4030 -375.000000 375.000000 0.000000
4031 -300.000000 375.000000 0.000000
4032 -225.000000 375.000000 0.000000
4033 -150.000000 375.000000 0.000000
4034 -75.000000 375.000000 0.000000
4035 0.000000 375.000000 0.000000
4036 0.000000 375.000000 0.000000
4037 0.000000 375.000000 0.000000
4038 0.000000 375.000000 0.000000
4039 0.000000 375.000000 0.000000
4040 0.000000 375.000000 0.000000
4041 0.000000 375.000000 0.000000
4042 0.000000 375.000000 0.000000
4043 0.000000 375.000000 0.000000
4044 0.000000 375.000000 0.000000
4045 0.000000 375.000000 0.000000
4046 0.000000 375.000000 0.000000
4047 0.000000 375.000000 0.000000
4048 0.000000 375.000000 0.000000
4049 0.000000 375.000000 0.000000
4050 0.000000 375.000000 0.000000
4051 75.000000 375.000000 0.000000
4052 150.000000 375.000000 0.000000
4053 225.000000 375.000000 0.000000
4054 300.000000 375.000000 0.000000
4055 375.000000 375.000000 0.000000
4056 -375.000000 -375.000000 0.000000
4057 -300.000000 -375.000000 0.000000
4058 -225.000000 -375.000000 0.000000
4059 -150.000000 -375.000000 0.000000
4060 -75.000000 -375.000000 0.000000
4061 0.000000 -375.000000 0.000000
4062 0.000000 -375.000000 0.000000
4063 0.000000 -375.000000 0.000000
4064 0.000000 -375.000000 0.000000
4065 0.000000 -375.000000 0.000000
4066 0.000000 -375.000000 0.000000
4067 0.000000 -375.000000 0.000000
4068 0.000000 -375.000000 0.000000
4069 0.000000 -375.000000 0.000000
4070 0.000000 -375.000000 0.000000
4071 0.000000 -375.000000 0.000000
4072 0.000000 -375.000000 0.000000
4073 0.000000 -375.000000 0.000000
4074 0.000000 -375.000000 0.000000
4075 0.000000 -375.000000 0.000000
4076 0.000000 -375.000000 0.000000
4077 75.000000 -375.000000 0.000000
4078 150.000000 -375.000000 0.000000
4079 225.000000 -375.000000 0.000000
4080 300.000000 -375.000000 0.000000
4081 375.000000 -375.000000 0.000000
4082 -375.000000 -300.000000 0.000000
4083 -300.000000 -300.000000 0.000000
4084 -225.000000 -300.000000 0.000000
4085 -150.000000 -300.000000 0.000000
4086 -75.000000 -300.000000 0.000000
4087 0.000000 -300.000000 0.000000
4088 0.000000 -300.000000 0.000000
4089 0.000000 -300.000000 0.000000
4090 0.000000 -300.000000 0.000000
4091 0.000000 -300.000000 0.000000
4092 0.000000 -300.000000 0.000000
4093 0.000000 -300.000000 0.000000
4094 0.000000 -300.000000 0.000000
4095 0.000000 -300.000000 0.000000
4096 0.000000 -300.000000 0.000000
4097 0.000000 -300.000000 0.000000
4098 0.000000 -300.000000 0.000000
4099 0.000000 -300.000000 0.000000
4100 0.000000 -300.000000 0.000000
4101 0.000000 -300.000000 0.000000
4102 0.000000 -300.000000 0.000000
4103 75.000000 -300.000000 0.000000
4104 150.000000 -300.000000 0.000000
4105 225.000000 -300.000000 0.000000
4106 300.000000 -300.000000 0.000000
4107 375.000000 -300.000000 0.000000
4108 -375.000000 -225.000000 0.000000
4109 -300.000000 -225.000000 0.000000
4110 -225.000000 -225.000000 0.000000
4111 -150.000000 -225.000000 0.000000
4112 -75.000000 -225.000000 0.000000
4113 0.000000 -225.000000 0.000000
4114 0.000000 -225.000000 0.000000
4115 0.000000 -225.000000 0.000000
4116 0.000000 -225.000000 0.000000
4117 0.000000 -225.000000 0.000000
4118 0.000000 -225.000000 0.000000
4119 0.000000 -225.000000 0.000000
4120 0.000000 -225.000000 0.000000
4121 0.000000 -225.000000 0.000000
4122 0.000000 -225.000000 0.000000
4123 0.000000 -225.000000 0.000000
4124 0.000000 -225.000000 0.000000
4125 0.000000 -225.000000 0.000000
4126 0.000000 -225.000000 0.000000
4127 0.000000 -225.000000 0.000000
4128 0.000000 -225.000000 0.000000
4129 75.000000 -225.000000 0.000000
4130 150.000000 -225.000000 0.000000
4131 225.000000 -225.000000 0.000000
4132 300.000000 -225.000000 0.000000
4133 375.000000 -225.000000 0.000000
4134 -375.000000 -150.000000 0.000000
4135 -300.000000 -150.000000 0.000000
4136 -225.000000 -150.000000 0.000000
4137 -150.000000 -150.000000 0.000000
4138 -75.000000 -150.000000 0.000000
4139 0.000000 -150.000000 0.000000
4140 0.000000 -150.000000 0.000000
4141 0.000000 -150.000000 0.000000
4142 0.000000 -150.000000 0.000000
4143 0.000000 -150.000000 0.000000
4144 0.000000 -150.000000 0.000000
4145 0.000000 -150.000000 0.000000
4146 0.000000 -150.000000 0.000000
4147 0.000000 -150.000000 0.000000
4148 0.000000 -150.000000 0.000000
4149 0.000000 -150.000000 0.000000
4150 0.000000 -150.000000 0.000000
4151 0.000000 -150.000000 0.000000
4152 0.000000 -150.000000 0.000000
4153 0.000000 -150.000000 0.000000
4154 0.000000 -150.000000 0.000000
4155 75.000000 -150.000000 0.000000
4156 150.000000 -150.000000 0.000000
4157 225.000000 -150.000000 0.000000
4158 300.000000 -150.000000 0.000000
4159 375.000000 -150.000000 0.000000
4160 -375.000000 -75.000000 0.000000
4161 -300.000000 -75.000000 0.000000
4162 -225.000000 -75.000000 0.000000
4163 -150.000000 -75.000000 0.000000
4164 -75.000000 -75.000000 0.000000
4165 0.000000 -75.000000 0.000000
4166 0.000000 -75.000000 0.000000
4167 0.000000 -75.000000 0.000000
4168 0.000000 -75.000000 0.000000
4169 0.000000 -75.000000 0.000000
4170 0.000000 -75.000000 0.000000
4171 0.000000 -75.000000 0.000000
4172 0.000000 -75.000000 0.000000
4173 0.000000 -75.000000 0.000000
4174 0.000000 -75.000000 0.000000
4175 0.000000 -75.000000 0.000000
4176 0.000000 -75.000000 0.000000
4177 0.000000 -75.000000 0.000000
4178 0.000000 -75.000000 0.000000
4179 0.000000 -75.000000 0.000000
4180 0.000000 -75.000000 0.000000
4181 75.000000 -75.000000 0.000000
4182 150.000000 -75.000000 0.000000
4183 225.000000 -75.000000 0.000000
4184 300.000000 -75.000000 0.000000
4185 375.000000 -75.000000 0.000000
4186 -375.000000 0.000000 0.000000
4187 -300.000000 0.000000 0.000000
4188 -225.000000 0.000000 0.000000
4189 -150.000000 0.000000 0.000000
4190 -75.000000 0.000000 0.000000
4207 75.000000 0.000000 0.000000
4208 150.000000 0.000000 0.000000
4209 225.000000 0.000000 0.000000
4210 300.000000 0.000000 0.000000
4211 375.000000 0.000000 0.000000
4212 -375.000000 0.000000 0.000000
4213 -300.000000 0.000000 0.000000
4214 -225.000000 0.000000 0.000000
4215 -150.000000 0.000000 0.000000
4216 -75.000000 0.000000 0.000000
4233 75.000000 0.000000 0.000000
4234 150.000000 0.000000 0.000000
4235 225.000000 0.000000 0.000000
4236 300.000000 0.000000 0.000000
4237 375.000000 0.000000 0.000000
4238 -375.000000 0.000000 0.000000
4239 -300.000000 0.000000 0.000000
4240 -225.000000 0.000000 0.000000
4241 -150.000000 0.000000 0.000000
4242 -75.000000 0.000000 0.000000
4259 75.000000 0.000000 0.000000
4260 150.000000 0.000000 0.000000
4261 225.000000 0.000000 0.000000
4262 300.000000 0.000000 0.000000
4263 375.000000 0.000000 0.000000
4264 -375.000000 0.000000 0.000000
4265 -300.000000 0.000000 0.000000
4266 -225.000000 0.000000 0.000000
4267 -150.000000 0.000000 0.000000
4268 -75.000000 0.000000 0.000000
4285 75.000000 0.000000 0.000000
4286 150.000000 0.000000 0.000000
4287 225.000000 0.000000 0.000000
4288 300.000000 0.000000 0.000000
4289 375.000000 0.000000 0.000000
4290 -375.000000 0.000000 0.000000
4291 -300.000000 0.000000 0.000000
4292 -225.000000 0.000000 0.000000
4293 -150.000000 0.000000 0.000000
4294 -75.000000 0.000000 0.000000
4311 75.000000 0.000000 0.000000
4312 150.000000 0.000000 0.000000
4313 225.000000 0.000000 0.000000
4314 300.000000 0.000000 0.000000
4315 375.000000 0.000000 0.000000
4316 -375.000000 0.000000 0.000000
4317 -300.000000 0.000000 0.000000
4318 -225.000000 0.000000 0.000000
4319 -150.000000 0.000000 0.000000
4320 -75.000000 0.000000 0.000000
4337 75.000000 0.000000 0.000000
4338 150.000000 0.000000 0.000000
4339 225.000000 0.000000 0.000000
4340 300.000000 0.000000 0.000000
4341 375.000000 0.000000 0.000000
4342 -375.000000 0.000000 0.000000
4343 -300.000000 0.000000 0.000000
4344 -225.000000 0.000000 0.000000
4345 -150.000000 0.000000 0.000000
4346 -75.000000 0.000000 0.000000
4363 75.000000 0.000000 0.000000
4364 150.000000 0.000000 0.000000
4365 225.000000 0.000000 0.000000
4366 300.000000 0.000000 0.000000
4367 375.000000 0.000000 0.000000
4368 -375.000000 0.000000 0.000000
4369 -300.000000 0.000000 0.000000
4370 -225.000000 0.000000 0.000000
4371 -150.000000 0.000000 0.000000
4372 -75.000000 0.000000 0.000000
4389 75.000000 0.000000 0.000000
4390 150.000000 0.000000 0.000000
4391 225.000000 0.000000 0.000000
4392 300.000000 0.000000 0.000000
4393 375.000000 0.000000 0.000000
4394 -375.000000 0.000000 0.000000
4395 -300.000000 0.000000 0.000000
4396 -225.000000 0.000000 0.000000
4397 -150.000000 0.000000 0.000000
4398 -75.000000 0.000000 0.000000
4415 75.000000 0.000000 0.000000
4416 150.000000 0.000000 0.000000
4417 225.000000 0.000000 0.000000
4418 300.000000 0.000000 0.000000
4419 375.000000 0.000000 0.000000
4420 -375.000000 0.000000 0.000000
4421 -300.000000 0.000000 0.000000
4422 -225.000000 0.000000 0.000000
4423 -150.000000 0.000000 0.000000
4424 -75.000000 0.000000 0.000000
4441 75.000000 0.000000 0.000000
4442 150.000000 0.000000 0.000000
4443 225.000000 0.000000 0.000000
4444 300.000000 0.000000 0.000000
4445 375.000000 0.000000 0.000000
4446 -375.000000 0.000000 0.000000
4447 -300.000000 0.000000 0.000000
4448 -225.000000 0.000000 0.000000
4449 -150.000000 0.000000 0.000000
4450 -75.000000 0.000000 0.000000
4467 75.000000 0.000000 0.000000
4468 150.000000 0.000000 0.000000
4469 225.000000 0.000000 0.000000
4470 300.000000 0.000000 0.000000
4471 375.000000 0.000000 0.000000
4472 -375.000000 0.000000 0.000000
4473 -300.000000 0.000000 0.000000
4474 -225.000000 0.000000 0.000000
4475 -150.000000 0.000000 0.000000
4476 -75.000000 0.000000 0.000000
4493 75.000000 0.000000 0.000000
4494 150.000000 0.000000 0.000000
4495 225.000000 0.000000 0.000000
4496 300.000000 0.000000 0.000000
4497 375.000000 0.000000 0.000000
4498 -375.000000 0.000000 0.000000
4499 -300.000000 0.000000 0.000000
4500 -225.000000 0.000000 0.000000
4501 -150.000000 0.000000 0.000000
4502 -75.000000 0.000000 0.000000
4519 75.000000 0.000000 0.000000
4520 150.000000 0.000000 0.000000
4521 225.000000 0.000000 0.000000
4522 300.000000 0.000000 0.000000
4523 375.000000 0.000000 0.000000
4524 -375.000000 0.000000 0.000000
4525 -300.000000 0.000000 0.000000
4526 -225.000000 0.000000 0.000000
4527 -150.000000 0.000000 0.000000
4528 -75.000000 0.000000 0.000000
4545 75.000000 0.000000 0.000000
4546 150.000000 0.000000 0.000000
4547 225.000000 0.000000 0.000000
4548 300.000000 0.000000 0.000000
4549 375.000000 0.000000 0.000000
4550 -375.000000 0.000000 0.000000
4551 -300.000000 0.000000 0.000000
4552 -225.000000 0.000000 0.000000
4553 -150.000000 0.000000 0.000000
4554 -75.000000 0.000000 0.000000
4571 75.000000 0.000000 0.000000
4572 150.000000 0.000000 0.000000
4573 225.000000 0.000000 0.000000
4574 300.000000 0.000000 0.000000
4575 375.000000 0.000000 0.000000
4576 -375.000000 0.000000 0.000000
4577 -300.000000 0.000000 0.000000
4578 -225.000000 0.000000 0.000000
4579 -150.000000 0.000000 0.000000
4580 -75.000000 0.000000 0.000000
4597 75.000000 0.000000 0.000000
4598 150.000000 0.000000 0.000000
4599 225.000000 0.000000 0.000000
4600 300.000000 0.000000 0.000000
4601 375.000000 0.000000 0.000000
4602 -375.000000 75.000000 0.000000
4603 -300.000000 75.000000 0.000000
4604 -225.000000 75.000000 0.000000
4605 -150.000000 75.000000 0.000000
4606 -75.000000 75.000000 0.000000
4607 0.000000 75.000000 0.000000
4608 0.000000 75.000000 0.000000
4609 0.000000 75.000000 0.000000
4610 0.000000 75.000000 0.000000
4611 0.000000 75.000000 0.000000
4612 0.000000 75.000000 0.000000
4613 0.000000 75.000000 0.000000
4614 0.000000 75.000000 0.000000
4615 0.000000 75.000000 0.000000
4616 0.000000 75.000000 0.000000
4617 0.000000 75.000000 0.000000
4618 0.000000 75.000000 0.000000
4619 0.000000 75.000000 0.000000
4620 0.000000 75.000000 0.000000
4621 0.000000 75.000000 0.000000
4622 0.000000 75.000000 0.000000
4623 75.000000 75.000000 0.000000
4624 150.000000 75.000000 0.000000
4625 225.000000 75.000000 0.000000
4626 300.000000 75.000000 0.000000
4627 375.000000 75.000000 0.000000
4628 -375.000000 150.000000 0.000000
4629 -300.000000 150.000000 0.000000
4630 -225.000000 150.000000 0.000000
4631 -150.000000 150.000000 0.000000
4632 -75.000000 150.000000 0.000000
4633 0.000000 150.000000 0.000000
4634 0.000000 150.000000 0.000000
4635 0.000000 150.000000 0.000000
4636 0.000000 150.000000 0.000000
4637 0.000000 150.000000 0.000000
4638 0.000000 150.000000 0.000000
4639 0.000000 150.000000 0.000000
4640 0.000000 150.000000 0.000000
4641 0.000000 150.000000 0.000000
4642 0.000000 150.000000 0.000000
4643 0.000000 150.000000 0.000000
4644 0.000000 150.000000 0.000000
4645 0.000000 150.000000 0.000000
4646 0.000000 150.000000 0.000000
4647 0.000000 150.000000 0.000000
4648 0.000000 150.000000 0.000000
4649 75.000000 150.000000 0.000000
4650 150.000000 150.000000 0.000000
4651 225.000000 150.000000 0.000000
4652 300.000000 150.000000 0.000000
4653 375.000000 150.000000 0.000000
4654 -375.000000 225.000000 0.000000
4655 -300.000000 225.000000 0.000000
4656 -225.000000 225.000000 0.000000
4657 -150.000000 225.000000 0.000000
4658 -75.000000 225.000000 0.000000
4659 0.000000 225.000000 0.000000
4660 0.000000 225.000000 0.000000
4661 0.000000 225.000000 0.000000
4662 0.000000 225.000000 0.000000
4663 0.000000 225.000000 0.000000
4664 0.000000 225.000000 0.000000
4665 0.000000 225.000000 0.000000
4666 0.000000 225.000000 0.000000
4667 0.000000 225.000000 0.000000
4668 0.000000 225.000000 0.000000
4669 0.000000 225.000000 0.000000
4670 0.000000 225.000000 0.000000
4671 0.000000 225.000000 0.000000
4672 0.000000 225.000000 0.000000
4673 0.000000 225.000000 0.000000
4674 0.000000 225.000000 0.000000
4675 75.000000 225.000000 0.000000
4676 150.000000 225.000000 0.000000
4677 225.000000 225.000000 0.000000
4678 300.000000 225.000000 0.000000
4679 375.000000 225.000000 0.000000
4680 -375.000000 300.000000 0.000000
4681 -300.000000 300.000000 0.000000
4682 -225.000000 300.000000 0.000000
4683 -150.000000 300.000000 0.000000
4684 -75.000000 300.000000 0.000000
4685 0.000000 300.000000 0.000000
4686 0.000000 300.000000 0.000000
4687 0.000000 300.000000 0.000000
4688 0.000000 300.000000 0.000000
4689 0.000000 300.000000 0.000000
4690 0.000000 300.000000 0.000000
4691 0.000000 300.000000 0.000000
4692 0.000000 300.000000 0.000000
4693 0.000000 300.000000 0.000000
4694 0.000000 300.000000 0.000000
4695 0.000000 300.000000 0.000000
4696 0.000000 300.000000 0.000000
4697 0.000000 300.000000 0.000000
4698 0.000000 300.000000 0.000000
4699 0.000000 300.000000 0.000000
4700 0.000000 300.000000 0.000000
4701 75.000000 300.000000 0.000000
4702 150.000000 300.000000 0.000000
4703 225.000000 300.000000 0.000000
4704 300.000000 300.000000 0.000000
4705 375.000000 300.000000 0.000000
4706 -375.000000 375.000000 0.000000
4707 -300.000000 375.000000 0.000000
4708 -225.000000 375.000000 0.000000
4709 -150.000000 375.000000 0.000000
4710 -75.000000 375.000000 0.000000
4711 0.000000 375.000000 0.000000
4712 0.000000 375.000000 0.000000
4713 0.000000 375.000000 0.000000
4714 0.000000 375.000000 0.000000
4715 0.000000 375.000000 0.000000
4716 0.000000 375.000000 0.000000
4717 0.000000 375.000000 0.000000
4718 0.000000 375.000000 0.000000
4719 0.000000 375.000000 0.000000
4720 0.000000 375.000000 0.000000
4721 0.000000 375.000000 0.000000
4722 0.000000 375.000000 0.000000
4723 0.000000 375.000000 0.000000
4724 0.000000 375.000000 0.000000
4725 0.000000 375.000000 0.000000
4726 0.000000 375.000000 0.000000
4727 75.000000 375.000000 0.000000
4728 150.000000 375.000000 0.000000
4729 225.000000 375.000000 0.000000
4730 300.000000 375.000000 0.000000
4731 375.000000 375.000000 0.000000
4732 -375.000000 -375.000000 0.000000
4733 -300.000000 -375.000000 0.000000
4734 -225.000000 -375.000000 0.000000
4735 -150.000000 -375.000000 0.000000
4736 -75.000000 -375.000000 0.000000
4737 0.000000 -375.000000 0.000000
4738 0.000000 -375.000000 0.000000
4739 0.000000 -375.000000 0.000000
4740 0.000000 -375.000000 0.000000
4741 0.000000 -375.000000 0.000000
4742 0.000000 -375.000000 0.000000
4743 0.000000 -375.000000 0.000000
4744 0.000000 -375.000000 0.000000
4745 0.000000 -375.000000 0.000000
4746 0.000000 -375.000000 0.000000
4747 0.000000 -375.000000 0.000000
4748 0.000000 -375.000000 0.000000
4749 0.000000 -375.000000 0.000000
4750 0.000000 -375.000000 0.000000
4751 0.000000 -375.000000 0.000000
4752 0.000000 -375.000000 0.000000
4753 75.000000 -375.000000 0.000000
4754 150.000000 -375.000000 0.000000
4755 225.000000 -375.000000 0.000000
4756 300.000000 -375.000000 0.000000
4757 375.000000 -375.000000 0.000000
4758 -375.000000 -300.000000 0.000000
4759 -300.000000 -300.000000 0.000000
4760 -225.000000 -300.000000 0.000000
4761 -150.000000 -300.000000 0.000000
4762 -75.000000 -300.000000 0.000000
4763 0.000000 -300.000000 0.000000
4764 0.000000 -300.000000 0.000000
4765 0.000000 -300.000000 0.000000
4766 0.000000 -300.000000 0.000000
4767 0.000000 -300.000000 0.000000
4768 0.000000 -300.000000 0.000000
4769 0.000000 -300.000000 0.000000
4770 0.000000 -300.000000 0.000000
4771 0.000000 -300.000000 0.000000
4772 0.000000 -300.000000 0.000000
4773 0.000000 -300.000000 0.000000
4774 0.000000 -300.000000 0.000000
4775 0.000000 -300.000000 0.000000
4776 0.000000 -300.000000 0.000000
4777 0.000000 -300.000000 0.000000
4778 0.000000 -300.000000 0.000000
4779 75.000000 -300.000000 0.000000
4780 150.000000 -300.000000 0.000000
4781 225.000000 -300.000000 0.000000
4782 300.000000 -300.000000 0.000000
4783 375.000000 -300.000000 0.000000
4784 -375.000000 -225.000000 0.000000
4785 -300.000000 -225.000000 0.000000
4786 -225.000000 -225.000000 0.000000
4787 -150.000000 -225.000000 0.000000
4788 -75.000000 -225.000000 0.000000
4789 0.000000 -225.000000 0.000000
4790 0.000000 -225.000000 0.000000
4791 0.000000 -225.000000 0.000000
4792 0.000000 -225.000000 0.000000
4793 0.000000 -225.000000 0.000000
4794 0.000000 -225.000000 0.000000
4795 0.000000 -225.000000 0.000000
4796 0.000000 -225.000000 0.000000
4797 0.000000 -225.000000 0.000000
4798 0.000000 -225.000000 0.000000
4799 0.000000 -225.000000 0.000000
4800 0.000000 -225.000000 0.000000
4801 0.000000 -225.000000 0.000000
4802 0.000000 -225.000000 0.000000
4803 0.000000 -225.000000 0.000000
4804 0.000000 -225.000000 0.000000
4805 75.000000 -225.000000 0.000000
4806 150.000000 -225.000000 0.000000
4807 225.000000 -225.000000 0.000000
4808 300.000000 -225.000000 0.000000
4809 375.000000 -225.000000 0.000000
4810 -375.000000 -150.000000 0.000000
4811 -300.000000 -150.000000 0.000000
4812 -225.000000 -150.000000 0.000000
4813 -150.000000 -150.000000 0.000000
4814 -75.000000 -150.000000 0.000000
4815 0.000000 -150.000000 0.000000
4816 0.000000 -150.000000 0.000000
4817 0.000000 -150.000000 0.000000
4818 0.000000 -150.000000 0.000000
4819 0.000000 -150.000000 0.000000
4820 0.000000 -150.000000 0.000000
4821 0.000000 -150.000000 0.000000
4822 0.000000 -150.000000 0.000000
4823 0.000000 -150.000000 0.000000
4824 0.000000 -150.000000 0.000000
4825 0.000000 -150.000000 0.000000
4826 0.000000 -150.000000 0.000000
4827 0.000000 -150.000000 0.000000
4828 0.000000 -150.000000 0.000000
4829 0.000000 -150.000000 0.000000
4830 0.000000 -150.000000 0.000000
4831 75.000000 -150.000000 0.000000
4832 150.000000 -150.000000 0.000000
4833 225.000000 -150.000000 0.000000
4834 300.000000 -150.000000 0.000000
4835 375.000000 -150.000000 0.000000
4836 -375.000000 -75.000000 0.000000
4837 -300.000000 -75.000000 0.000000
4838 -225.000000 -75.000000 0.000000
4839 -150.000000 -75.000000 0.000000
4840 -75.000000 -75.000000 0.000000
4841 0.000000 -75.000000 0.000000
4842 0.000000 -75.000000 0.000000
4843 0.000000 -75.000000 0.000000
4844 0.000000 -75.000000 0.000000
4845 0.000000 -75.000000 0.000000
4846 0.000000 -75.000000 0.000000
4847 0.000000 -75.000000 0.000000
4848 0.000000 -75.000000 0.000000
4849 0.000000 -75.000000 0.000000
4850 0.000000 -75.000000 0.000000
4851 0.000000 -75.000000 0.000000
4852 0.000000 -75.000000 0.000000
4853 0.000000 -75.000000 0.000000
4854 0.000000 -75.000000 0.000000
4855 0.000000 -75.000000 0.000000
4856 0.000000 -75.000000 0.000000
4857 75.000000 -75.000000 0.000000
4858 150.000000 -75.000000 0.000000
4859 225.000000 -75.000000 0.000000
4860 300.000000 -75.000000 0.000000
4861 375.000000 -75.000000 0.000000
4862 -375.000000 0.000000 0.000000
4863 -300.000000 0.000000 0.000000
4864 -225.000000 0.000000 0.000000
4865 -150.000000 0.000000 0.000000
4866 -75.000000 0.000000 0.000000
4883 75.000000 0.000000 0.000000
4884 150.000000 0.000000 0.000000
4885 225.000000 0.000000 0.000000
4886 300.000000 0.000000 0.000000
4887 375.000000 0.000000 0.000000
4888 -375.000000 0.000000 0.000000
4889 -300.000000 0.000000 0.000000
4890 -225.000000 0.000000 0.000000
4891 -150.000000 0.000000 0.000000
4892 -75.000000 0.000000 0.000000
4909 75.000000 0.000000 0.000000
4910 150.000000 0.000000 0.000000
4911 225.000000 0.000000 0.000000
4912 300.000000 0.000000 0.000000
4913 375.000000 0.000000 0.000000
4914 -375.000000 0.000000 0.000000
4915 -300.000000 0.000000 0.000000
4916 -225.000000 0.000000 0.000000
4917 -150.000000 0.000000 0.000000
4918 -75.000000 0.000000 0.000000
4935 75.000000 0.000000 0.000000
4936 150.000000 0.000000 0.000000
4937 225.000000 0.000000 0.000000
4938 300.000000 0.000000 0.000000
4939 375.000000 0.000000 0.000000
4940 -375.000000 0.000000 0.000000
4941 -300.000000 0.000000 0.000000
4942 -225.000000 0.000000 0.000000
4943 -150.000000 0.000000 0.000000
4944 -75.000000 0.000000 0.000000
4961 75.000000 0.000000 0.000000
4962 150.000000 0.000000 0.000000
4963 225.000000 0.000000 0.000000
4964 300.000000 0.000000 0.000000
4965 375.000000 0.000000 0.000000
4966 -375.000000 0.000000 0.000000
4967 -300.000000 0.000000 0.000000
4968 -225.000000 0.000000 0.000000
4969 -150.000000 0.000000 0.000000
4970 -75.000000 0.000000 0.000000
4987 75.000000 0.000000 0.000000
4988 150.000000 0.000000 0.000000
4989 225.000000 0.000000 0.000000
4990 300.000000 0.000000 0.000000
4991 375.000000 0.000000 0.000000
4992 -375.000000 0.000000 0.000000
4993 -300.000000 0.000000 0.000000
4994 -225.000000 0.000000 0.000000
4995 -150.000000 0.000000 0.000000
4996 -75.000000 0.000000 0.000000
5013 75.000000 0.000000 0.000000
5014 150.000000 0.000000 0.000000
5015 225.000000 0.000000 0.000000
5016 300.000000 0.000000 0.000000
5017 375.000000 0.000000 0.000000
5018 -375.000000 0.000000 0.000000
5019 -300.000000 0.000000 0.000000
5020 -225.000000 0.000000 0.000000
5021 -150.000000 0.000000 0.000000
5022 -75.000000 0.000000 0.000000
5039 75.000000 0.000000 0.000000
5040 150.000000 0.000000 0.000000
5041 225.000000 0.000000 0.000000
5042 300.000000 0.000000 0.000000
5043 375.000000 0.000000 0.000000
5044 -375.000000 0.000000 0.000000
5045 -300.000000 0.000000 0.000000
5046 -225.000000 0.000000 0.000000
5047 -150.000000 0.000000 0.000000
5048 -75.000000 0.000000 0.000000
5065 75.000000 0.000000 0.000000
5066 150.000000 0.000000 0.000000
5067 225.000000 0.000000 0.000000
5068 300.000000 0.000000 0.000000
5069 375.000000 0.000000 0.000000
5070 -375.000000 0.000000 0.000000
5071 -300.000000 0.000000 0.000000
5072 -225.000000 0.000000 0.000000
5073 -150.000000 0.000000 0.000000
5074 -75.000000 0.000000 0.000000
5091 75.000000 0.000000 0.000000
5092 150.000000 0.000000 0.000000
5093 225.000000 0.000000 0.000000
5094 300.000000 0.000000 0.000000
5095 375.000000 0.000000 0.000000
5096 -375.000000 0.000000 0.000000
5097 -300.000000 0.000000 0.000000
5098 -225.000000 0.000000 0.000000
5099 -150.000000 0.000000 0.000000
5100 -75.000000 0.000000 0.000000
5117 75.000000 0.000000 0.000000
5118 150.000000 0.000000 0.000000
5119 225.000000 0.000000 0.000000
5120 300.000000 0.000000 0.000000
5121 375.000000 0.000000 0.000000
5122 -375.000000 0.000000 0.000000
5123 -300.000000 0.000000 0.000000
5124 -225.000000 0.000000 0.000000
5125 -150.000000 0.000000 0.000000
5126 -75.000000 0.000000 0.000000
5143 75.000000 0.000000 0.000000
5144 150.000000 0.000000 0.000000
5145 225.000000 0.000000 0.000000
5146 300.000000 0.000000 0.000000
5147 375.000000 0.000000 0.000000
5148 -375.000000 0.000000 0.000000
5149 -300.000000 0.000000 0.000000
5150 -225.000000 0.000000 0.000000
5151 -150.000000 0.000000 0.000000
5152 -75.000000 0.000000 0.000000
5169 75.000000 0.000000 0.000000
5170 150.000000 0.000000 0.000000
5171 225.000000 0.000000 0.000000
5172 300.000000 0.000000 0.000000
5173 375.000000 0.000000 0.000000
5174 -375.000000 0.000000 0.000000
5175 -300.000000 0.000000 0.000000
5176 -225.000000 0.000000 0.000000
5177 -150.000000 0.000000 0.000000
5178 -75.000000 0.000000 0.000000
5195 75.000000 0.000000 0.000000
5196 150.000000 0.000000 0.000000
5197 225.000000 0.000000 0.000000
5198 300.000000 0.000000 0.000000
5199 375.000000 0.000000 0.000000
5200 -375.000000 0.000000 0.000000
5201 -300.000000 0.000000 0.000000
5202 -225.000000 0.000000 0.000000
5203 -150.000000 0.000000 0.000000
5204 -75.000000 0.000000 0.000000
5221 75.000000 0.000000 0.000000
5222 150.000000 0.000000 0.000000
5223 225.000000 0.000000 0.000000
5224 300.000000 0.000000 0.000000
5225 375.000000 0.000000 0.000000
5226 -375.000000 0.000000 0.000000
5227 -300.000000 0.000000 0.000000
5228 -225.000000 0.000000 0.000000
5229 -150.000000 0.000000 0.000000
5230 -75.000000 0.000000 0.000000
5247 75.000000 0.000000 0.000000
5248 150.000000 0.000000 0.000000
5249 225.000000 0.000000 0.000000
5250 300.000000 0.000000 0.000000
5251 375.000000 0.000000 0.000000
5252 -375.000000 0.000000 0.000000
5253 -300.000000 0.000000 0.000000
5254 -225.000000 0.000000 0.000000
5255 -150.000000 0.000000 0.000000
5256 -75.000000 0.000000 0.000000
5273 75.000000 0.000000 0.000000
5274 150.000000 0.000000 0.000000
5275 225.000000 0.000000 0.000000
5276 300.000000 0.000000 0.000000
5277 375.000000 0.000000 0.000000
5278 -375.000000 75.000000 0.000000
5279 -300.000000 75.000000 0.000000
5280 -225.000000 75.000000 0.000000
5281 -150.000000 75.000000 0.000000
5282 -75.000000 75.000000 0.000000
5283 0.000000 75.000000 0.000000
5284 0.000000 75.000000 0.000000
5285 0.000000 75.000000 0.000000
5286 0.000000 75.000000 0.000000
5287 0.000000 75.000000 0.000000
5288 0.000000 75.000000 0.000000
5289 0.000000 75.000000 0.000000
5290 0.000000 75.000000 0.000000
5291 0.000000 75.000000 0.000000
5292 0.000000 75.000000 0.000000
5293 0.000000 75.000000 0.000000
5294 0.000000 75.000000 0.000000
5295 0.000000 75.000000 0.000000
5296 0.000000 75.000000 0.000000
5297 0.000000 75.000000 0.000000
5298 0.000000 75.000000 0.000000
5299 75.000000 75.000000 0.000000
5300 150.000000 75.000000 0.000000
5301 225.000000 75.000000 0.000000
5302 300.000000 75.000000 0.000000
5303 375.000000 75.000000 0.000000
5304 -375.000000 150.000000 0.000000
5305 -300.000000 150.000000 0.000000
5306 -225.000000 150.000000 0.000000
5307 -150.000000 150.000000 0.000000
5308 -75.000000 150.000000 0.000000
5309 0.000000 150.000000 0.000000
5310 0.000000 150.000000 0.000000
5311 0.000000 150.000000 0.000000
5312 0.000000 150.000000 0.000000
5313 0.000000 150.000000 0.000000
5314 0.000000 150.000000 0.000000
5315 0.000000 150.000000 0.000000
5316 0.000000 150.000000 0.000000
5317 0.000000 150.000000 0.000000
5318 0.000000 150.000000 0.000000
5319 0.000000 150.000000 0.000000
5320 0.000000 150.000000 0.000000
5321 0.000000 150.000000 0.000000
5322 0.000000 150.000000 0.000000
5323 0.000000 150.000000 0.000000
5324 0.000000 150.000000 0.000000
5325 75.000000 150.000000 0.000000
5326 150.000000 150.000000 0.000000
5327 225.000000 150.000000 0.000000
5328 300.000000 150.000000 0.000000
5329 375.000000 150.000000 0.000000
5330 -375.000000 225.000000 0.000000
5331 -300.000000 225.000000 0.000000
5332 -225.000000 225.000000 0.000000
5333 -150.000000 225.000000 0.000000
5334 -75.000000 225.000000 0.000000
5335 0.000000 225.000000 0.000000
5336 0.000000 225.000000 0.000000
5337 0.000000 225.000000 0.000000
5338 0.000000 225.000000 0.000000
5339 0.000000 225.000000 0.000000
5340 0.000000 225.000000 0.000000
5341 0.000000 225.000000 0.000000
5342 0.000000 225.000000 0.000000
5343 0.000000 225.000000 0.000000
5344 0.000000 225.000000 0.000000
5345 0.000000 225.000000 0.000000
5346 0.000000 225.000000 0.000000
5347 0.000000 225.000000 0.000000
5348 0.000000 225.000000 0.000000
5349 0.000000 225.000000 0.000000
5350 0.000000 225.000000 0.000000
5351 75.000000 225.000000 0.000000
5352 150.000000 225.000000 0.000000
5353 225.000000 225.000000 0.000000
5354 300.000000 225.000000 0.000000
5355 375.000000 225.000000 0.000000
5356 -375.000000 300.000000 0.000000
5357 -300.000000 300.000000 0.000000
5358 -225.000000 300.000000 0.000000
5359 -150.000000 300.000000 0.000000
5360 -75.000000 300.000000 0.000000
5361 0.000000 300.000000 0.000000
5362 0.000000 300.000000 0.000000
5363 0.000000 300.000000 0.000000
5364 0.000000 300.000000 0.000000
5365 0.000000 300.000000 0.000000
5366 0.000000 300.000000 0.000000
5367 0.000000 300.000000 0.000000
5368 0.000000 300.000000 0.000000
5369 0.000000 300.000000 0.000000
5370 0.000000 300.000000 0.000000
5371 0.000000 300.000000 0.000000
5372 0.000000 300.000000 0.000000
5373 0.000000 300.000000 0.000000
5374 0.000000 300.000000 0.000000
5375 0.000000 300.000000 0.000000
5376 0.000000 300.000000 0.000000
5377 75.000000 300.000000 0.000000
5378 150.000000 300.000000 0.000000
5379 225.000000 300.000000 0.000000
5380 300.000000 300.000000 0.000000
5381 375.000000 300.000000 0.000000
5382 -375.000000 375.000000 0.000000
5383 -300.000000 375.000000 0.000000
5384 -225.000000 375.000000 0.000000
5385 -150.000000 375.000000 0.000000
5386 -75.000000 375.000000 0.000000
5387 0.000000 375.000000 0.000000
5388 0.000000 375.000000 0.000000
5389 0.000000 375.000000 0.000000
5390 0.000000 375.000000 0.000000
5391 0.000000 375.000000 0.000000
5392 0.000000 375.000000 0.000000
5393 0.000000 375.000000 0.000000
5394 0.000000 375.000000 0.000000
5395 0.000000 375.000000 0.000000
5396 0.000000 375.000000 0.000000
5397 0.000000 375.000000 0.000000
5398 0.000000 375.000000 0.000000
5399 0.000000 375.000000 0.000000
5400 0.000000 375.000000 0.000000
5401 0.000000 375.000000 0.000000
5402 0.000000 375.000000 0.000000
5403 75.000000 375.000000 0.000000
5404 150.000000 375.000000 0.000000
5405 225.000000 375.000000 0.000000
5406 300.000000 375.000000 0.000000
5407 375.000000 375.000000 0.000000
5408 -375.000000 -375.000000 0.000000
5409 -300.000000 -375.000000 0.000000
5410 -225.000000 -375.000000 0.000000
5411 -150.000000 -375.000000 0.000000
5412 -75.000000 -375.000000 0.000000
5413 0.000000 -375.000000 0.000000
5414 0.000000 -375.000000 0.000000
5415 0.000000 -375.000000 0.000000
5416 0.000000 -375.000000 0.000000
5417 0.000000 -375.000000 0.000000
5418 0.000000 -375.000000 0.000000
5419 0.000000 -375.000000 0.000000
5420 0.000000 -375.000000 0.000000
5421 0.000000 -375.000000 0.000000
5422 0.000000 -375.000000 0.000000
5423 0.000000 -375.000000 0.000000
5424 0.000000 -375.000000 0.000000
5425 0.000000 -375.000000 0.000000
5426 0.000000 -375.000000 0.000000
5427 0.000000 -375.000000 0.000000
5428 0.000000 -375.000000 0.000000
5429 75.000000 -375.000000 0.000000
5430 150.000000 -375.000000 0.000000
5431 225.000000 -375.000000 0.000000
5432 300.000000 -375.000000 0.000000
5433 375.000000 -375.000000 0.000000
5434 -375.000000 -300.000000 0.000000
5435 -300.000000 -300.000000 0.000000
5436 -225.000000 -300.000000 0.000000
5437 -150.000000 -300.000000 0.000000
5438 -75.000000 -300.000000 0.000000
5439 0.000000 -300.000000 0.000000
5440 0.000000 -300.000000 0.000000
5441 0.000000 -300.000000 0.000000
5442 0.000000 -300.000000 0.000000
5443 0.000000 -300.000000 0.000000
5444 0.000000 -300.000000 0.000000
5445 0.000000 -300.000000 0.000000
5446 0.000000 -300.000000 0.000000
5447 0.000000 -300.000000 0.000000
5448 0.000000 -300.000000 0.000000
5449 0.000000 -300.000000 0.000000
5450 0.000000 -300.000000 0.000000
5451 0.000000 -300.000000 0.000000
5452 0.000000 -300.000000 0.000000
5453 0.000000 -300.000000 0.000000
5454 0.000000 -300.000000 0.000000
5455 75.000000 -300.000000 0.000000
5456 150.000000 -300.000000 0.000000
5457 225.000000 -300.000000 0.000000
5458 300.000000 -300.000000 0.000000
5459 375.000000 -300.000000 0.000000
5460 -375.000000 -225.000000 0.000000
5461 -300.000000 -225.000000 0.000000
5462 -225.000000 -225.000000 0.000000
5463 -150.000000 -225.000000 0.000000
5464 -75.000000 -225.000000 0.000000
5465 0.000000 -225.000000 0.000000
5466 0.000000 -225.000000 0.000000
5467 0.000000 -225.000000 0.000000
5468 0.000000 -225.000000 0.000000
5469 0.000000 -225.000000 0.000000
5470 0.000000 -225.000000 0.000000
5471 0.000000 -225.000000 0.000000
5472 0.000000 -225.000000 0.000000
5473 0.000000 -225.000000 0.000000
5474 0.000000 -225.000000 0.000000
5475 0.000000 -225.000000 0.000000
5476 0.000000 -225.000000 0.000000
5477 0.000000 -225.000000 0.000000
5478 0.000000 -225.000000 0.000000
5479 0.000000 -225.000000 0.000000
5480 0.000000 -225.000000 0.000000
5481 75.000000 -225.000000 0.000000
5482 150.000000 -225.000000 0.000000
5483 225.000000 -225.000000 0.000000
5484 300.000000 -225.000000 0.000000
5485 375.000000 -225.000000 0.000000
5486 -375.000000 -150.000000 0.000000
5487 -300.000000 -150.000000 0.000000
5488 -225.000000 -150.000000 0.000000
5489 -150.000000 -150.000000 0.000000
5490 -75.000000 -150.000000 0.000000
5491 0.000000 -150.000000 0.000000
5492 0.000000 -150.000000 0.000000
5493 0.000000 -150.000000 0.000000
5494 0.000000 -150.000000 0.000000
5495 0.000000 -150.000000 0.000000
5496 0.000000 -150.000000 0.000000
5497 0.000000 -150.000000 0.000000
5498 0.000000 -150.000000 0.000000
5499 0.000000 -150.000000 0.000000
5500 0.000000 -150.000000 0.000000
5501 0.000000 -150.000000 0.000000
5502 0.000000 -150.000000 0.000000
5503 0.000000 -150.000000 0.000000
5504 0.000000 -150.000000 0.000000
5505 0.000000 -150.000000 0.000000
5506 0.000000 -150.000000 0.000000
5507 75.000000 -150.000000 0.000000
5508 150.000000 -150.000000 0.000000
5509 225.000000 -150.000000 0.000000
5510 300.000000 -150.000000 0.000000
5511 375.000000 -150.000000 0.000000
5512 -375.000000 -75.000000 0.000000
5513 -300.000000 -75.000000 0.000000
5514 -225.000000 -75.000000 0.000000
5515 -150.000000 -75.000000 0.000000
5516 -75.000000 -75.000000 0.000000
5517 0.000000 -75.000000 0.000000
5518 0.000000 -75.000000 0.000000
5519 0.000000 -75.000000 0.000000
5520 0.000000 -75.000000 0.000000
5521 0.000000 -75.000000 0.000000
5522 0.000000 -75.000000 0.000000
5523 0.000000 -75.000000 0.000000
5524 0.000000 -75.000000 0.000000
5525 0.000000 -75.000000 0.000000
5526 0.000000 -75.000000 0.000000
5527 0.000000 -75.000000 0.000000
5528 0.000000 -75.000000 0.000000
5529 0.000000 -75.000000 0.000000
5530 0.000000 -75.000000 0.000000
5531 0.000000 -75.000000 0.000000
5532 0.000000 -75.000000 0.000000
5533 75.000000 -75.000000 0.000000
5534 150.000000 -75.000000 0.000000
5535 225.000000 -75.000000 0.000000
5536 300.000000 -75.000000 0.000000
5537 375.000000 -75.000000 0.000000
5538 -375.000000 0.000000 0.000000
5539 -300.000000 0.000000 0.000000
5540 -225.000000 0.000000 0.000000
5541 -150.000000 0.000000 0.000000
5542 -75.000000 0.000000 0.000000
5559 75.000000 0.000000 0.000000
5560 150.000000 0.000000 0.000000
5561 225.000000 0.000000 0.000000
5562 300.000000 0.000000 0.000000
5563 375.000000 0.000000 0.000000
5564 -375.000000 0.000000 0.000000
5565 -300.000000 0.000000 0.000000
5566 -225.000000 0.000000 0.000000
5567 -150.000000 0.000000 0.000000
5568 -75.000000 0.000000 0.000000
5585 75.000000 0.000000 0.000000
5586 150.000000 0.000000 0.000000
5587 225.000000 0.000000 0.000000
5588 300.000000 0.000000 0.000000
5589 375.000000 0.000000 0.000000
5590 -375.000000 0.000000 0.000000
5591 -300.000000 0.000000 0.000000
5592 -225.000000 0.000000 0.000000
5593 -150.000000 0.000000 0.000000
5594 -75.000000 0.000000 0.000000
5611 75.000000 0.000000 0.000000
5612 150.000000 0.000000 0.000000
5613 225.000000 0.000000 0.000000
5614 300.000000 0.000000 0.000000
5615 375.000000 0.000000 0.000000
5616 -375.000000 0.000000 0.000000
5617 -300.000000 0.000000 0.000000
5618 -225.000000 0.000000 0.000000
5619 -150.000000 0.000000 0.000000
5620 -75.000000 0.000000 0.000000
5637 75.000000 0.000000 0.000000
5638 150.000000 0.000000 0.000000
5639 225.000000 0.000000 0.000000
5640 300.000000 0.000000 0.000000
5641 375.000000 0.000000 0.000000
5642 -375.000000 0.000000 0.000000
5643 -300.000000 0.000000 0.000000
5644 -225.000000 0.000000 0.000000
5645 -150.000000 0.000000 0.000000
5646 -75.000000 0.000000 0.000000
5663 75.000000 0.000000 0.000000
5664 150.000000 0.000000 0.000000
5665 225.000000 0.000000 0.000000
5666 300.000000 0.000000 0.000000
5667 375.000000 0.000000 0.000000
5668 -375.000000 0.000000 0.000000
5669 -300.000000 0.000000 0.000000
5670 -225.000000 0.000000 0.000000
5671 -150.000000 0.000000 0.000000
5672 -75.000000 0.000000 0.000000
5689 75.000000 0.000000 0.000000
5690 150.000000 0.000000 0.000000
5691 225.000000 0.000000 0.000000
5692 300.000000 0.000000 0.000000
5693 375.000000 0.000000 0.000000
5694 -375.000000 0.000000 0.000000
5695 -300.000000 0.000000 0.000000
5696 -225.000000 0.000000 0.000000
5697 -150.000000 0.000000 0.000000
5698 -75.000000 0.000000 0.000000
5715 75.000000 0.000000 0.000000
5716 150.000000 0.000000 0.000000
5717 225.000000 0.000000 0.000000
5718 300.000000 0.000000 0.000000
5719 375.000000 0.000000 0.000000
5720 -375.000000 0.000000 0.000000
5721 -300.000000 0.000000 0.000000
5722 -225.000000 0.000000 0.000000
5723 -150.000000 0.000000 0.000000
5724 -75.000000 0.000000 0.000000
5741 75.000000 0.000000 0.000000
5742 150.000000 0.000000 0.000000
5743 225.000000 0.000000 0.000000
5744 300.000000 0.000000 0.000000
5745 375.000000 0.000000 0.000000
5746 -375.000000 0.000000 0.000000
5747 -300.000000 0.000000 0.000000
5748 -225.000000 0.000000 0.000000
5749 -150.000000 0.000000 0.000000
5750 -75.000000 0.000000 0.000000
5767 75.000000 0.000000 0.000000
5768 150.000000 0.000000 0.000000
5769 225.000000 0.000000 0.000000
5770 300.000000 0.000000 0.000000
5771 375.000000 0.000000 0.000000
5772 -375.000000 0.000000 0.000000
5773 -300.000000 0.000000 0.000000
5774 -225.000000 0.000000 0.000000
5775 -150.000000 0.000000 0.000000
5776 -75.000000 0.000000 0.000000
5793 75.000000 0.000000 0.000000
5794 150.000000 0.000000 0.000000
5795 225.000000 0.000000 0.000000
5796 300.000000 0.000000 0.000000
5797 375.000000 0.000000 0.000000
5798 -375.000000 0.000000 0.000000
5799 -300.000000 0.000000 0.000000
5800 -225.000000 0.000000 0.000000
5801 -150.000000 0.000000 0.000000
5802 -75.000000 0.000000 0.000000
5819 75.000000 0.000000 0.000000
5820 150.000000 0.000000 0.000000
5821 225.000000 0.000000 0.000000
5822 300.000000 0.000000 0.000000
5823 375.000000 0.000000 0.000000
5824 -375.000000 0.000000 0.000000
5825 -300.000000 0.000000 0.000000
5826 -225.000000 0.000000 0.000000
5827 -150.000000 0.000000 0.000000
5828 -75.000000 0.000000 0.000000
5845 75.000000 0.000000 0.000000
5846 150.000000 0.000000 0.000000
5847 225.000000 0.000000 0.000000
5848 300.000000 0.000000 0.000000
5849 375.000000 0.000000 0.000000
5850 -375.000000 0.000000 0.000000
5851 -300.000000 0.000000 0.000000
5852 -225.000000 0.000000 0.000000
5853 -150.000000 0.000000 0.000000
5854 -75.000000 0.000000 0.000000
5871 75.000000 0.000000 0.000000
5872 150.000000 0.000000 0.000000
5873 225.000000 0.000000 0.000000
5874 300.000000 0.000000 0.000000
5875 375.000000 0.000000 0.000000
5876 -375.000000 0.000000 0.000000
5877 -300.000000 0.000000 0.000000
5878 -225.000000 0.000000 0.000000
5879 -150.000000 0.000000 0.000000
5880 -75.000000 0.000000 0.000000
5897 75.000000 0.000000 0.000000
5898 150.000000 0.000000 0.000000
5899 225.000000 0.000000 0.000000
5900 300.000000 0.000000 0.000000
5901 375.000000 0.000000 0.000000
5902 -375.000000 0.000000 0.000000
5903 -300.000000 0.000000 0.000000
5904 -225.000000 0.000000 0.000000
5905 -150.000000 0.000000 0.000000
5906 -75.000000 0.000000 0.000000
5923 75.000000 0.000000 0.000000
5924 150.000000 0.000000 0.000000
5925 225.000000 0.000000 0.000000
5926 300.000000 0.000000 0.000000
5927 375.000000 0.000000 0.000000
5928 -375.000000 0.000000 0.000000
5929 -300.000000 0.000000 0.000000
5930 -225.000000 0.000000 0.000000
5931 -150.000000 0.000000 0.000000
5932 -75.000000 0.000000 0.000000
5949 75.000000 0.000000 0.000000
5950 150.000000 0.000000 0.000000
5951 225.000000 0.000000 0.000000
5952 300.000000 0.000000 0.000000
5953 375.000000 0.000000 0.000000
5954 -375.000000 75.000000 0.000000
5955 -300.000000 75.000000 0.000000
5956 -225.000000 75.000000 0.000000
5957 -150.000000 75.000000 0.000000
5958 -75.000000 75.000000 0.000000
5959 0.000000 75.000000 0.000000
5960 0.000000 75.000000 0.000000
5961 0.000000 75.000000 0.000000
5962 0.000000 75.000000 0.000000
5963 0.000000 75.000000 0.000000
5964 0.000000 75.000000 0.000000
5965 0.000000 75.000000 0.000000
5966 0.000000 75.000000 0.000000
5967 0.000000 75.000000 0.000000
5968 0.000000 75.000000 0.000000
5969 0.000000 75.000000 0.000000
5970 0.000000 75.000000 0.000000
5971 0.000000 75.000000 0.000000
5972 0.000000 75.000000 0.000000
5973 0.000000 75.000000 0.000000
5974 0.000000 75.000000 0.000000
5975 75.000000 75.000000 0.000000
5976 150.000000 75.000000 0.000000
5977 225.000000 75.000000 0.000000
5978 300.000000 75.000000 0.000000
5979 375.000000 75.000000 0.000000
5980 -375.000000 150.000000 0.000000
5981 -300.000000 150.000000 0.000000
5982 -225.000000 150.000000 0.000000
5983 -150.000000 150.000000 0.000000
5984 -75.000000 150.000000 0.000000
5985 0.000000 150.000000 0.000000
5986 0.000000 150.000000 0.000000
5987 0.000000 150.000000 0.000000
5988 0.000000 150.000000 0.000000
5989 0.000000 150.000000 0.000000
5990 0.000000 150.000000 0.000000
5991 0.000000 150.000000 0.000000
5992 0.000000 150.000000 0.000000
5993 0.000000 150.000000 0.000000
5994 0.000000 150.000000 0.000000
5995 0.000000 150.000000 0.000000
5996 0.000000 150.000000 0.000000
5997 0.000000 150.000000 0.000000
5998 0.000000 150.000000 0.000000
5999 0.000000 150.000000 0.000000
6000 0.000000 150.000000 0.000000
6001 75.000000 150.000000 0.000000
6002 150.000000 150.000000 0.000000
6003 225.000000 150.000000 0.000000
6004 300.000000 150.000000 0.000000
6005 375.000000 150.000000 0.000000
6006 -375.000000 225.000000 0.000000
6007 -300.000000 225.000000 0.000000
6008 -225.000000 225.000000 0.000000
6009 -150.000000 225.000000 0.000000
6010 -75.000000 225.000000 0.000000
6011 0.000000 225.000000 0.000000
6012 0.000000 225.000000 0.000000
6013 0.000000 225.000000 0.000000
6014 0.000000 225.000000 0.000000
6015 0.000000 225.000000 0.000000
6016 0.000000 225.000000 0.000000
6017 0.000000 225.000000 0.000000
6018 0.000000 225.000000 0.000000
6019 0.000000 225.000000 0.000000
6020 0.000000 225.000000 0.000000
6021 0.000000 225.000000 0.000000
6022 0.000000 225.000000 0.000000
6023 0.000000 225.000000 0.000000
6024 0.000000 225.000000 0.000000
6025 0.000000 225.000000 0.000000
6026 0.000000 225.000000 0.000000
6027 75.000000 225.000000 0.000000
6028 150.000000 225.000000 0.000000
6029 225.000000 225.000000 0.000000
6030 300.000000 225.000000 0.000000
6031 375.000000 225.000000 0.000000
6032 -375.000000 300.000000 0.000000
6033 -300.000000 300.000000 0.000000
6034 -225.000000 300.000000 0.000000
6035 -150.000000 300.000000 0.000000
6036 -75.000000 300.000000 0.000000
6037 0.000000 300.000000 0.000000
6038 0.000000 300.000000 0.000000
6039 0.000000 300.000000 0.000000
6040 0.000000 300.000000 0.000000
6041 0.000000 300.000000 0.000000
6042 0.000000 300.000000 0.000000
6043 0.000000 300.000000 0.000000
6044 0.000000 300.000000 0.000000
6045 0.000000 300.000000 0.000000
6046 0.000000 300.000000 0.000000
6047 0.000000 300.000000 0.000000
6048 0.000000 300.000000 0.000000
6049 0.000000 300.000000 0.000000
6050 0.000000 300.000000 0.000000
6051 0.000000 300.000000 0.000000
6052 0.000000 300.000000 0.000000
6053 75.000000 300.000000 0.000000
6054 150.000000 300.000000 0.000000
6055 225.000000 300.000000 0.000000
6056 300.000000 300.000000 0.000000
6057 375.000000 300.000000 0.000000
6058 -375.000000 375.000000 0.000000
6059 -300.000000 375.000000 0.000000
6060 -225.000000 375.000000 0.000000
6061 -150.000000 375.000000 0.000000
6062 -75.000000 375.000000 0.000000
6063 0.000000 375.000000 0.000000
6064 0.000000 375.000000 0.000000
6065 0.000000 375.000000 0.000000
6066 0.000000 375.000000 0.000000
6067 0.000000 375.000000 0.000000
6068 0.000000 375.000000 0.000000
6069 0.000000 375.000000 0.000000
6070 0.000000 375.000000 0.000000
6071 0.000000 375.000000 0.000000
6072 0.000000 375.000000 0.000000
6073 0.000000 375.000000 0.000000
6074 0.000000 375.000000 0.000000
6075 0.000000 375.000000 0.000000
6076 0.000000 375.000000 0.000000
6077 0.000000 375.000000 0.000000
6078 0.000000 375.000000 0.000000
6079 75.000000 375.000000 0.000000
6080 150.000000 375.000000 0.000000
6081 225.000000 375.000000 0.000000
6082 300.000000 375.000000 0.000000
6083 375.000000 375.000000 0.000000
6084 -375.000000 -375.000000 0.000000
6085 -300.000000 -375.000000 0.000000
6086 -225.000000 -375.000000 0.000000
6087 -150.000000 -375.000000 0.000000
6088 -75.000000 -375.000000 0.000000
6089 0.000000 -375.000000 0.000000
6090 0.000000 -375.000000 0.000000
6091 0.000000 -375.000000 0.000000
6092 0.000000 -375.000000 0.000000
6093 0.000000 -375.000000 0.000000
6094 0.000000 -375.000000 0.000000
6095 0.000000 -375.000000 0.000000
6096 0.000000 -375.000000 0.000000
6097 0.000000 -375.000000 0.000000
6098 0.000000 -375.000000 0.000000
6099 0.000000 -375.000000 0.000000
6100 0.000000 -375.000000 0.000000
6101 0.000000 -375.000000 0.000000
6102 0.000000 -375.000000 0.000000
6103 0.000000 -375.000000 0.000000
6104 0.000000 -375.000000 0.000000
6105 75.000000 -375.000000 0.000000
6106 150.000000 -375.000000 0.000000
6107 225.000000 -375.000000 0.000000
6108 300.000000 -375.000000 0.000000
6109 375.000000 -375.000000 0.000000
6110 -375.000000 -300.000000 0.000000
6111 -300.000000 -300.000000 0.000000
6112 -225.000000 -300.000000 0.000000
6113 -150.000000 -300.000000 0.000000
6114 -75.000000 -300.000000 0.000000
6115 0.000000 -300.000000 0.000000
6116 0.000000 -300.000000 0.000000
6117 0.000000 -300.000000 0.000000
6118 0.000000 -300.000000 0.000000
6119 0.000000 -300.000000 0.000000
6120 0.000000 -300.000000 0.000000
6121 0.000000 -300.000000 0.000000
6122 0.000000 -300.000000 0.000000
6123 0.000000 -300.000000 0.000000
6124 0.000000 -300.000000 0.000000
6125 0.000000 -300.000000 0.000000
6126 0.000000 -300.000000 0.000000
6127 0.000000 -300.000000 0.000000
6128 0.000000 -300.000000 0.000000
6129 0.000000 -300.000000 0.000000
6130 0.000000 -300.000000 0.000000
6131 75.000000 -300.000000 0.000000
6132 150.000000 -300.000000 0.000000
6133 225.000000 -300.000000 0.000000
6134 300.000000 -300.000000 0.000000
6135 375.000000 -300.000000 0.000000
6136 -375.000000 -225.000000 0.000000
6137 -300.000000 -225.000000 0.000000
6138 -225.000000 -225.000000 0.000000
6139 -150.000000 -225.000000 0.000000
6140 -75.000000 -225.000000 0.000000
6141 0.000000 -225.000000 0.000000
6142 0.000000 -225.000000 0.000000
6143 0.000000 -225.000000 0.000000
6144 0.000000 -225.000000 0.000000
6145 0.000000 -225.000000 0.000000
6146 0.000000 -225.000000 0.000000
6147 0.000000 -225.000000 0.000000
6148 0.000000 -225.000000 0.000000
6149 0.000000 -225.000000 0.000000
6150 0.000000 -225.000000 0.000000
6151 0.000000 -225.000000 0.000000
6152 0.000000 -225.000000 0.000000
6153 0.000000 -225.000000 0.000000
6154 0.000000 -225.000000 0.000000
6155 0.000000 -225.000000 0.000000
6156 0.000000 -225.000000 0.000000
6157 75.000000 -225.000000 0.000000
6158 150.000000 -225.000000 0.000000
6159 225.000000 -225.000000 0.000000
6160 300.000000 -225.000000 0.000000
6161 375.000000 -225.000000 0.000000
6162 -375.000000 -150.000000 0.000000
6163 -300.000000 -150.000000 0.000000
6164 -225.000000 -150.000000 0.000000
6165 -150.000000 -150.000000 0.000000
6166 -75.000000 -150.000000 0.000000
6167 0.000000 -150.000000 0.000000
6168 0.000000 -150.000000 0.000000
6169 0.000000 -150.000000 0.000000
6170 0.000000 -150.000000 0.000000
6171 0.000000 -150.000000 0.000000
6172 0.000000 -150.000000 0.000000
6173 0.000000 -150.000000 0.000000
6174 0.000000 -150.000000 0.000000
6175 0.000000 -150.000000 0.000000
6176 0.000000 -150.000000 0.000000
6177 0.000000 -150.000000 0.000000
6178 0.000000 -150.000000 0.000000
6179 0.000000 -150.000000 0.000000
6180 0.000000 -150.000000 0.000000
6181 0.000000 -150.000000 0.000000
6182 0.000000 -150.000000 0.000000
6183 75.000000 -150.000000 0.000000
6184 150.000000 -150.000000 0.000000
6185 225.000000 -150.000000 0.000000
6186 300.000000 -150.000000 0.000000
6187 375.000000 -150.000000 0.000000
6188 -375.000000 -75.000000 0.000000
6189 -300.000000 -75.000000 0.000000
6190 -225.000000 -75.000000 0.000000
6191 -150.000000 -75.000000 0.000000
6192 -75.000000 -75.000000 0.000000
6193 0.000000 -75.000000 0.000000
6194 0.000000 -75.000000 0.000000
6195 0.000000 -75.000000 0.000000
6196 0.000000 -75.000000 0.000000
6197 0.000000 -75.000000 0.000000
6198 0.000000 -75.000000 0.000000
6199 0.000000 -75.000000 0.000000
6200 0.000000 -75.000000 0.000000
6201 0.000000 -75.000000 0.000000
6202 0.000000 -75.000000 0.000000
6203 0.000000 -75.000000 0.000000
6204 0.000000 -75.000000 0.000000
6205 0.000000 -75.000000 0.000000
6206 0.000000 -75.000000 0.000000
6207 0.000000 -75.000000 0.000000
6208 0.000000 -75.000000 0.000000
6209 75.000000 -75.000000 0.000000
6210 150.000000 -75.000000 0.000000
6211 225.000000 -75.000000 0.000000
6212 300.000000 -75.000000 0.000000
6213 375.000000 -75.000000 0.000000
6214 -375.000000 0.000000 0.000000
6215 -300.000000 0.000000 0.000000
6216 -225.000000 0.000000 0.000000
6217 -150.000000 0.000000 0.000000
6218 -75.000000 0.000000 0.000000
6235 75.000000 0.000000 0.000000
6236 150.000000 0.000000 0.000000
6237 225.000000 0.000000 0.000000
6238 300.000000 0.000000 0.000000
6239 375.000000 0.000000 0.000000
6240 -375.000000 0.000000 0.000000
6241 -300.000000 0.000000 0.000000
6242 -225.000000 0.000000 0.000000
6243 -150.000000 0.000000 0.000000
6244 -75.000000 0.000000 0.000000
6261 75.000000 0.000000 0.000000
6262 150.000000 0.000000 0.000000
6263 225.000000 0.000000 0.000000
6264 300.000000 0.000000 0.000000
6265 375.000000 0.000000 0.000000
6266 -375.000000 0.000000 0.000000
6267 -300.000000 0.000000 0.000000
6268 -225.000000 0.000000 0.000000
6269 -150.000000 0.000000 0.000000
6270 -75.000000 0.000000 0.000000
6287 75.000000 0.000000 0.000000
6288 150.000000 0.000000 0.000000
6289 225.000000 0.000000 0.000000
6290 300.000000 0.000000 0.000000
6291 375.000000 0.000000 0.000000
6292 -375.000000 0.000000 0.000000
6293 -300.000000 0.000000 0.000000
6294 -225.000000 0.000000 0.000000
6295 -150.000000 0.000000 0.000000
6296 -75.000000 0.000000 0.000000
6313 75.000000 0.000000 0.000000
6314 150.000000 0.000000 0.000000
6315 225.000000 0.000000 0.000000
6316 300.000000 0.000000 0.000000
6317 375.000000 0.000000 0.000000
6318 -375.000000 0.000000 0.000000
6319 -300.000000 0.000000 0.000000
6320 -225.000000 0.000000 0.000000
6321 -150.000000 0.000000 0.000000
6322 -75.000000 0.000000 0.000000
6339 75.000000 0.000000 0.000000
6340 150.000000 0.000000 0.000000
6341 225.000000 0.000000 0.000000
6342 300.000000 0.000000 0.000000
6343 375.000000 0.000000 0.000000
6344 -375.000000 0.000000 0.000000
6345 -300.000000 0.000000 0.000000
6346 -225.000000 0.000000 0.000000
6347 -150.000000 0.000000 0.000000
6348 -75.000000 0.000000 0.000000
6365 75.000000 0.000000 0.000000
6366 150.000000 0.000000 0.000000
6367 225.000000 0.000000 0.000000
6368 300.000000 0.000000 0.000000
6369 375.000000 0.000000 0.000000
6370 -375.000000 0.000000 0.000000
6371 -300.000000 0.000000 0.000000
6372 -225.000000 0.000000 0.000000
6373 -150.000000 0.000000 0.000000
6374 -75.000000 0.000000 0.000000
6391 75.000000 0.000000 0.000000
6392 150.000000 0.000000 0.000000
6393 225.000000 0.000000 0.000000
6394 300.000000 0.000000 0.000000
6395 375.000000 0.000000 0.000000
6396 -375.000000 0.000000 0.000000
6397 -300.000000 0.000000 0.000000
6398 -225.000000 0.000000 0.000000
6399 -150.000000 0.000000 0.000000
6400 -75.000000 0.000000 0.000000
6417 75.000000 0.000000 0.000000
6418 150.000000 0.000000 0.000000
6419 225.000000 0.000000 0.000000
6420 300.000000 0.000000 0.000000
6421 375.000000 0.000000 0.000000
6422 -375.000000 0.000000 0.000000
6423 -300.000000 0.000000 0.000000
6424 -225.000000 0.000000 0.000000
6425 -150.000000 0.000000 0.000000
6426 -75.000000 0.000000 0.000000
6443 75.000000 0.000000 0.000000
6444 150.000000 0.000000 0.000000
6445 225.000000 0.000000 0.000000
6446 300.000000 0.000000 0.000000
6447 375.000000 0.000000 0.000000
6448 -375.000000 0.000000 0.000000
6449 -300.000000 0.000000 0.000000
6450 -225.000000 0.000000 0.000000
6451 -150.000000 0.000000 0.000000
6452 -75.000000 0.000000 0.000000
6469 75.000000 0.000000 0.000000
6470 150.000000 0.000000 0.000000
6471 225.000000 0.000000 0.000000
6472 300.000000 0.000000 0.000000
6473 375.000000 0.000000 0.000000
6474 -375.000000 0.000000 0.000000
6475 -300.000000 0.000000 0.000000
6476 -225.000000 0.000000 0.000000
6477 -150.000000 0.000000 0.000000
6478 -75.000000 0.000000 0.000000
6495 75.000000 0.000000 0.000000
6496 150.000000 0.000000 0.000000
6497 225.000000 0.000000 0.000000
6498 300.000000 0.000000 0.000000
6499 375.000000 0.000000 0.000000
6500 -375.000000 0.000000 0.000000
6501 -300.000000 0.000000 0.000000
6502 -225.000000 0.000000 0.000000
6503 -150.000000 0.000000 0.000000
6504 -75.000000 0.000000 0.000000
6521 75.000000 0.000000 0.000000
6522 150.000000 0.000000 0.000000
6523 225.000000 0.000000 0.000000
6524 300.000000 0.000000 0.000000
6525 375.000000 0.000000 0.000000
6526 -375.000000 0.000000 0.000000
6527 -300.000000 0.000000 0.000000
6528 -225.000000 0.000000 0.000000
6529 -150.000000 0.000000 0.000000
6530 -75.000000 0.000000 0.000000
6547 75.000000 0.000000 0.000000
6548 150.000000 0.000000 0.000000
6549 225.000000 0.000000 0.000000
6550 300.000000 0.000000 0.000000
6551 375.000000 0.000000 0.000000
6552 -375.000000 0.000000 0.000000
6553 -300.000000 0.000000 0.000000
6554 -225.000000 0.000000 0.000000
6555 -150.000000 0.000000 0.000000
6556 -75.000000 0.000000 0.000000
6573 75.000000 0.000000 0.000000
6574 150.000000 0.000000 0.000000
6575 225.000000 0.000000 0.000000
6576 300.000000 0.000000 0.000000
6577 375.000000 0.000000 0.000000
6578 -375.000000 0.000000 0.000000
6579 -300.000000 0.000000 0.000000
6580 -225.000000 0.000000 0.000000
6581 -150.000000 0.000000 0.000000
6582 -75.000000 0.000000 0.000000
6599 75.000000 0.000000 0.000000
6600 150.000000 0.000000 0.000000
6601 225.000000 0.000000 0.000000
6602 300.000000 0.000000 0.000000
6603 375.000000 0.000000 0.000000
6604 -375.000000 0.000000 0.000000
6605 -300.000000 0.000000 0.000000
6606 -225.000000 0.000000 0.000000
6607 -150.000000 0.000000 0.000000
6608 -75.000000 0.000000 0.000000
6625 75.000000 0.000000 0.000000
6626 150.000000 0.000000 0.000000
6627 225.000000 0.000000 0.000000
6628 300.000000 0.000000 0.000000
6629 375.000000 0.000000 0.000000
6630 -375.000000 75.000000 0.000000
6631 -300.000000 75.000000 0.000000
6632 -225.000000 75.000000 0.000000
6633 -150.000000 75.000000 0.000000
6634 -75.000000 75.000000 0.000000
6635 0.000000 75.000000 0.000000
6636 0.000000 75.000000 0.000000
6637 0.000000 75.000000 0.000000
6638 0.000000 75.000000 0.000000
6639 0.000000 75.000000 0.000000
6640 0.000000 75.000000 0.000000
6641 0.000000 75.000000 0.000000
6642 0.000000 75.000000 0.000000
6643 0.000000 75.000000 0.000000
6644 0.000000 75.000000 0.000000
6645 0.000000 75.000000 0.000000
6646 0.000000 75.000000 0.000000
6647 0.000000 75.000000 0.000000
6648 0.000000 75.000000 0.000000
6649 0.000000 75.000000 0.000000
6650 0.000000 75.000000 0.000000
6651 75.000000 75.000000 0.000000
6652 150.000000 75.000000 0.000000
6653 225.000000 75.000000 0.000000
6654 300.000000 75.000000 0.000000
6655 375.000000 75.000000 0.000000
6656 -375.000000 150.000000 0.000000
6657 -300.000000 150.000000 0.000000
6658 -225.000000 150.000000 0.000000
6659 -150.000000 150.000000 0.000000
6660 -75.000000 150.000000 0.000000
6661 0.000000 150.000000 0.000000
6662 0.000000 150.000000 0.000000
6663 0.000000 150.000000 0.000000
6664 0.000000 150.000000 0.000000
6665 0.000000 150.000000 0.000000
6666 0.000000 150.000000 0.000000
6667 0.000000 150.000000 0.000000
6668 0.000000 150.000000 0.000000
6669 0.000000 150.000000 0.000000
6670 0.000000 150.000000 0.000000
6671 0.000000 150.000000 0.000000
6672 0.000000 150.000000 0.000000
6673 0.000000 150.000000 0.000000
6674 0.000000 150.000000 0.000000
6675 0.000000 150.000000 0.000000
6676 0.000000 150.000000 0.000000
6677 75.000000 150.000000 0.000000
6678 150.000000 150.000000 0.000000
6679 225.000000 150.000000 0.000000
6680 300.000000 150.000000 0.000000
6681 375.000000 150.000000 0.000000
6682 -375.000000 225.000000 0.000000
6683 -300.000000 225.000000 0.000000
6684 -225.000000 225.000000 0.000000
6685 -150.000000 225.000000 0.000000
6686 -75.000000 225.000000 0.000000
6687 0.000000 225.000000 0.000000
6688 0.000000 225.000000 0.000000
6689 0.000000 225.000000 0.000000
6690 0.000000 225.000000 0.000000
6691 0.000000 225.000000 0.000000
6692 0.000000 225.000000 0.000000
6693 0.000000 225.000000 0.000000
6694 0.000000 225.000000 0.000000
6695 0.000000 225.000000 0.000000
6696 0.000000 225.000000 0.000000
6697 0.000000 225.000000 0.000000
6698 0.000000 225.000000 0.000000
6699 0.000000 225.000000 0.000000
6700 0.000000 225.000000 0.000000
6701 0.000000 225.000000 0.000000
6702 0.000000 225.000000 0.000000
6703 75.000000 225.000000 0.000000
6704 150.000000 225.000000 0.000000
6705 225.000000 225.000000 0.000000
6706 300.000000 225.000000 0.000000
6707 375.000000 225.000000 0.000000
6708 -375.000000 300.000000 0.000000
6709 -300.000000 300.000000 0.000000
6710 -225.000000 300.000000 0.000000
6711 -150.000000 300.000000 0.000000
6712 -75.000000 300.000000 0.000000
6713 0.000000 300.000000 0.000000
6714 0.000000 300.000000 0.000000
6715 0.000000 300.000000 0.000000
6716 0.000000 300.000000 0.000000
6717 0.000000 300.000000 0.000000
6718 0.000000 300.000000 0.000000
6719 0.000000 300.000000 0.000000
6720 0.000000 300.000000 0.000000
6721 0.000000 300.000000 0.000000
6722 0.000000 300.000000 0.000000
6723 0.000000 300.000000 0.000000
6724 0.000000 300.000000 0.000000
6725 0.000000 300.000000 0.000000
6726 0.000000 300.000000 0.000000
6727 0.000000 300.000000 0.000000
6728 0.000000 300.000000 0.000000
6729 75.000000 300.000000 0.000000
6730 150.000000 300.000000 0.000000
6731 225.000000 300.000000 0.000000
6732 300.000000 300.000000 0.000000
6733 375.000000 300.000000 0.000000
6734 -375.000000 375.000000 0.000000
6735 -300.000000 375.000000 0.000000
6736 -225.000000 375.000000 0.000000
6737 -150.000000 375.000000 0.000000
6738 -75.000000 375.000000 0.000000
6739 0.000000 375.000000 0.000000
6740 0.000000 375.000000 0.000000
6741 0.000000 375.000000 0.000000
6742 0.000000 375.000000 0.000000
6743 0.000000 375.000000 0.000000
6744 0.000000 375.000000 0.000000
6745 0.000000 375.000000 0.000000
6746 0.000000 375.000000 0.000000
6747 0.000000 375.000000 0.000000
6748 0.000000 375.000000 0.000000
6749 0.000000 375.000000 0.000000
6750 0.000000 375.000000 0.000000
6751 0.000000 375.000000 0.000000
6752 0.000000 375.000000 0.000000
6753 0.000000 375.000000 0.000000
6754 0.000000 375.000000 0.000000
6755 75.000000 375.000000 0.000000
6756 150.000000 375.000000 0.000000
6757 225.000000 375.000000 0.000000
6758 300.000000 375.000000 0.000000
6759 375.000000 375.000000 0.000000
6760 -375.000000 -375.000000 0.000000
6761 -300.000000 -375.000000 0.000000
6762 -225.000000 -375.000000 0.000000
6763 -150.000000 -375.000000 0.000000
6764 -75.000000 -375.000000 0.000000
6765 0.000000 -375.000000 0.000000
6766 0.000000 -375.000000 0.000000
6767 0.000000 -375.000000 0.000000
6768 0.000000 -375.000000 0.000000
6769 0.000000 -375.000000 0.000000
6770 0.000000 -375.000000 0.000000
6771 0.000000 -375.000000 0.000000
6772 0.000000 -375.000000 0.000000
6773 0.000000 -375.000000 0.000000
6774 0.000000 -375.000000 0.000000
6775 0.000000 -375.000000 0.000000
6776 0.000000 -375.000000 0.000000
6777 0.000000 -375.000000 0.000000
6778 0.000000 -375.000000 0.000000
6779 0.000000 -375.000000 0.000000
6780 0.000000 -375.000000 0.000000
6781 75.000000 -375.000000 0.000000
6782 150.000000 -375.000000 0.000000
6783 225.000000 -375.000000 0.000000
6784 300.000000 -375.000000 0.000000
6785 375.000000 -375.000000 0.000000
6786 -375.000000 -300.000000 0.000000
6787 -300.000000 -300.000000 0.000000
6788 -225.000000 -300.000000 0.000000
6789 -150.000000 -300.000000 0.000000
6790 -75.000000 -300.000000 0.000000
6791 0.000000 -300.000000 0.000000
6792 0.000000 -300.000000 0.000000
6793 0.000000 -300.000000 0.000000
6794 0.000000 -300.000000 0.000000
6795 0.000000 -300.000000 0.000000
6796 0.000000 -300.000000 0.000000
6797 0.000000 -300.000000 0.000000
6798 0.000000 -300.000000 0.000000
6799 0.000000 -300.000000 0.000000
6800 0.000000 -300.000000 0.000000
6801 0.000000 -300.000000 0.000000
6802 0.000000 -300.000000 0.000000
6803 0.000000 -300.000000 0.000000
6804 0.000000 -300.000000 0.000000
6805 0.000000 -300.000000 0.000000
6806 0.000000 -300.000000 0.000000
6807 75.000000 -300.000000 0.000000
6808 150.000000 -300.000000 0.000000
6809 225.000000 -300.000000 0.000000
6810 300.000000 -300.000000 0.000000
6811 375.000000 -300.000000 0.000000
6812 -375.000000 -225.000000 0.000000
6813 -300.000000 -225.000000 0.000000
6814 -225.000000 -225.000000 0.000000
6815 -150.000000 -225.000000 0.000000
6816 -75.000000 -225.000000 0.000000
6817 0.000000 -225.000000 0.000000
6818 0.000000 -225.000000 0.000000
6819 0.000000 -225.000000 0.000000
6820 0.000000 -225.000000 0.000000
6821 0.000000 -225.000000 0.000000
6822 0.000000 -225.000000 0.000000
6823 0.000000 -225.000000 0.000000
6824 0.000000 -225.000000 0.000000
6825 0.000000 -225.000000 0.000000
6826 0.000000 -225.000000 0.000000
6827 0.000000 -225.000000 0.000000
6828 0.000000 -225.000000 0.000000
6829 0.000000 -225.000000 0.000000
6830 0.000000 -225.000000 0.000000
6831 0.000000 -225.000000 0.000000
6832 0.000000 -225.000000 0.000000
6833 75.000000 -225.000000 0.000000
6834 150.000000 -225.000000 0.000000
6835 225.000000 -225.000000 0.000000
6836 300.000000 -225.000000 0.000000
6837 375.000000 -225.000000 0.000000
6838 -375.000000 -150.000000 0.000000
6839 -300.000000 -150.000000 0.000000
6840 -225.000000 -150.000000 0.000000
6841 -150.000000 -150.000000 0.000000
6842 -75.000000 -150.000000 0.000000
6843 0.000000 -150.000000 0.000000
6844 0.000000 -150.000000 0.000000
6845 0.000000 -150.000000 0.000000
6846 0.000000 -150.000000 0.000000
6847 0.000000 -150.000000 0.000000
6848 0.000000 -150.000000 0.000000
6849 0.000000 -150.000000 0.000000
6850 0.000000 -150.000000 0.000000
6851 0.000000 -150.000000 0.000000
6852 0.000000 -150.000000 0.000000
6853 0.000000 -150.000000 0.000000
6854 0.000000 -150.000000 0.000000
6855 0.000000 -150.000000 0.000000
6856 0.000000 -150.000000 0.000000
6857 0.000000 -150.000000 0.000000
6858 0.000000 -150.000000 0.000000
6859 75.000000 -150.000000 0.000000
6860 150.000000 -150.000000 0.000000
6861 225.000000 -150.000000 0.000000
6862 300.000000 -150.000000 0.000000
6863 375.000000 -150.000000 0.000000
6864 -375.000000 -75.000000 0.000000
6865 -300.000000 -75.000000 0.000000
6866 -225.000000 -75.000000 0.000000
6867 -150.000000 -75.000000 0.000000
6868 -75.000000 -75.000000 0.000000
6869 0.000000 -75.000000 0.000000
6870 0.000000 -75.000000 0.000000
6871 0.000000 -75.000000 0.000000
6872 0.000000 -75.000000 0.000000
6873 0.000000 -75.000000 0.000000
6874 0.000000 -75.000000 0.000000
6875 0.000000 -75.000000 0.000000
6876 0.000000 -75.000000 0.000000
6877 0.000000 -75.000000 0.000000
6878 0.000000 -75.000000 0.000000
6879 0.000000 -75.000000 0.000000
6880 0.000000 -75.000000 0.000000
6881 0.000000 -75.000000 0.000000
6882 0.000000 -75.000000 0.000000
6883 0.000000 -75.000000 0.000000
6884 0.000000 -75.000000 0.000000
6885 75.000000 -75.000000 0.000000
6886 150.000000 -75.000000 0.000000
6887 225.000000 -75.000000 0.000000
6888 300.000000 -75.000000 0.000000
6889 375.000000 -75.000000 0.000000
6890 -375.000000 0.000000 0.000000
6891 -300.000000 0.000000 0.000000
6892 -225.000000 0.000000 0.000000
6893 -150.000000 0.000000 0.000000
6894 -75.000000 0.000000 0.000000
6911 75.000000 0.000000 0.000000
6912 150.000000 0.000000 0.000000
6913 225.000000 0.000000 0.000000
6914 300.000000 0.000000 0.000000
6915 375.000000 0.000000 0.000000
6916 -375.000000 0.000000 0.000000
6917 -300.000000 0.000000 0.000000
6918 -225.000000 0.000000 0.000000
6919 -150.000000 0.000000 0.000000
6920 -75.000000 0.000000 0.000000
6937 75.000000 0.000000 0.000000
6938 150.000000 0.000000 0.000000
6939 225.000000 0.000000 0.000000
6940 300.000000 0.000000 0.000000
6941 375.000000 0.000000 0.000000
6942 -375.000000 0.000000 0.000000
6943 -300.000000 0.000000 0.000000
6944 -225.000000 0.000000 0.000000
6945 -150.000000 0.000000 0.000000
6946 -75.000000 0.000000 0.000000
6963 75.000000 0.000000 0.000000
6964 150.000000 0.000000 0.000000
6965 225.000000 0.000000 0.000000
6966 300.000000 0.000000 0.000000
6967 375.000000 0.000000 0.000000
6968 -375.000000 0.000000 0.000000
6969 -300.000000 0.000000 0.000000
6970 -225.000000 0.000000 0.000000
6971 -150.000000 0.000000 0.000000
6972 -75.000000 0.000000 0.000000
6989 75.000000 0.000000 0.000000
6990 150.000000 0.000000 0.000000
6991 225.000000 0.000000 0.000000
6992 300.000000 0.000000 0.000000
6993 375.000000 0.000000 0.000000
6994 -375.000000 0.000000 0.000000
6995 -300.000000 0.000000 0.000000
6996 -225.000000 0.000000 0.000000
6997 -150.000000 0.000000 0.000000
6998 -75.000000 0.000000 0.000000
7015 75.000000 0.000000 0.000000
7016 150.000000 0.000000 0.000000
7017 225.000000 0.000000 0.000000
7018 300.000000 0.000000 0.000000
7019 375.000000 0.000000 0.000000
7020 -375.000000 0.000000 0.000000
7021 -300.000000 0.000000 0.000000
7022 -225.000000 0.000000 0.000000
7023 -150.000000 0.000000 0.000000
7024 -75.000000 0.000000 0.000000
7041 75.000000 0.000000 0.000000
7042 150.000000 0.000000 0.000000
7043 225.000000 0.000000 0.000000
7044 300.000000 0.000000 0.000000
7045 375.000000 0.000000 0.000000
7046 -375.000000 0.000000 0.000000
7047 -300.000000 0.000000 0.000000
7048 -225.000000 0.000000 0.000000
7049 -150.000000 0.000000 0.000000
7050 -75.000000 0.000000 0.000000
7067 75.000000 0.000000 0.000000
7068 150.000000 0.000000 0.000000
7069 225.000000 0.000000 0.000000
7070 300.000000 0.000000 0.000000
7071 375.000000 0.000000 0.000000
7072 -375.000000 0.000000 0.000000
7073 -300.000000 0.000000 0.000000
7074 -225.000000 0.000000 0.000000
7075 -150.000000 0.000000 0.000000
7076 -75.000000 0.000000 0.000000
7093 75.000000 0.000000 0.000000
7094 150.000000 0.000000 0.000000
7095 225.000000 0.000000 0.000000
7096 300.000000 0.000000 0.000000
7097 375.000000 0.000000 0.000000
7098 -375.000000 0.000000 0.000000
7099 -300.000000 0.000000 0.000000
7100 -225.000000 0.000000 0.000000
7101 -150.000000 0.000000 0.000000
7102 -75.000000 0.000000 0.000000
7119 75.000000 0.000000 0.000000
7120 150.000000 0.000000 0.000000
7121 225.000000 0.000000 0.000000
7122 300.000000 0.000000 0.000000
7123 375.000000 0.000000 0.000000
7124 -375.000000 0.000000 0.000000
7125 -300.000000 0.000000 0.000000
7126 -225.000000 0.000000 0.000000
7127 -150.000000 0.000000 0.000000
7128 -75.000000 0.000000 0.000000
7145 75.000000 0.000000 0.000000
7146 150.000000 0.000000 0.000000
7147 225.000000 0.000000 0.000000
7148 300.000000 0.000000 0.000000
7149 375.000000 0.000000 0.000000
7150 -375.000000 0.000000 0.000000
7151 -300.000000 0.000000 0.000000
7152 -225.000000 0.000000 0.000000
7153 -150.000000 0.000000 0.000000
7154 -75.000000 0.000000 0.000000
7171 75.000000 0.000000 0.000000
7172 150.000000 0.000000 0.000000
7173 225.000000 0.000000 0.000000
7174 300.000000 0.000000 0.000000
7175 375.000000 0.000000 0.000000
7176 -375.000000 0.000000 0.000000
7177 -300.000000 0.000000 0.000000
7178 -225.000000 0.000000 0.000000
7179 -150.000000 0.000000 0.000000
7180 -75.000000 0.000000 0.000000
7197 75.000000 0.000000 0.000000
7198 150.000000 0.000000 0.000000
7199 225.000000 0.000000 0.000000
7200 300.000000 0.000000 0.000000
7201 375.000000 0.000000 0.000000
7202 -375.000000 0.000000 0.000000
7203 -300.000000 0.000000 0.000000
7204 -225.000000 0.000000 0.000000
7205 -150.000000 0.000000 0.000000
7206 -75.000000 0.000000 0.000000
7223 75.000000 0.000000 0.000000
7224 150.000000 0.000000 0.000000
7225 225.000000 0.000000 0.000000
7226 300.000000 0.000000 0.000000
7227 375.000000 0.000000 0.000000
7228 -375.000000 0.000000 0.000000
7229 -300.000000 0.000000 0.000000
7230 -225.000000 0.000000 0.000000
7231 -150.000000 0.000000 0.000000
7232 -75.000000 0.000000 0.000000
7249 75.000000 0.000000 0.000000
7250 150.000000 0.000000 0.000000
7251 225.000000 0.000000 0.000000
7252 300.000000 0.000000 0.000000
7253 375.000000 0.000000 0.000000
7254 -375.000000 0.000000 0.000000
7255 -300.000000 0.000000 0.000000
7256 -225.000000 0.000000 0.000000
7257 -150.000000 0.000000 0.000000
7258 -75.000000 0.000000 0.000000
7275 75.000000 0.000000 0.000000
7276 150.000000 0.000000 0.000000
7277 225.000000 0.000000 0.000000
7278 300.000000 0.000000 0.000000
7279 375.000000 0.000000 0.000000
7280 -375.000000 0.000000 0.000000
7281 -300.000000 0.000000 0.000000
7282 -225.000000 0.000000 0.000000
7283 -150.000000 0.000000 0.000000
7284 -75.000000 0.000000 0.000000
7301 75.000000 0.000000 0.000000
7302 150.000000 0.000000 0.000000
7303 225.000000 0.000000 0.000000
7304 300.000000 0.000000 0.000000
7305 375.000000 0.000000 0.000000
7306 -375.000000 75.000000 0.000000
7307 -300.000000 75.000000 0.000000
7308 -225.000000 75.000000 0.000000
7309 -150.000000 75.000000 0.000000
7310 -75.000000 75.000000 0.000000
7311 0.000000 75.000000 0.000000
7312 0.000000 75.000000 0.000000
7313 0.000000 75.000000 0.000000
7314 0.000000 75.000000 0.000000
7315 0.000000 75.000000 0.000000
7316 0.000000 75.000000 0.000000
7317 0.000000 75.000000 0.000000
7318 0.000000 75.000000 0.000000
7319 0.000000 75.000000 0.000000
7320 0.000000 75.000000 0.000000
7321 0.000000 75.000000 0.000000
7322 0.000000 75.000000 0.000000
7323 0.000000 75.000000 0.000000
7324 0.000000 75.000000 0.000000
7325 0.000000 75.000000 0.000000
7326 0.000000 75.000000 0.000000
7327 75.000000 75.000000 0.000000
7328 150.000000 75.000000 0.000000
7329 225.000000 75.000000 0.000000
7330 300.000000 75.000000 0.000000
7331 375.000000 75.000000 0.000000
7332 -375.000000 150.000000 0.000000
7333 -300.000000 150.000000 0.000000
7334 -225.000000 150.000000 0.000000
7335 -150.000000 150.000000 0.000000
7336 -75.000000 150.000000 0.000000
7337 0.000000 150.000000 0.000000
7338 0.000000 150.000000 0.000000
7339 0.000000 150.000000 0.000000
7340 0.000000 150.000000 0.000000
7341 0.000000 150.000000 0.000000
7342 0.000000 150.000000 0.000000
7343 0.000000 150.000000 0.000000
7344 0.000000 150.000000 0.000000
7345 0.000000 150.000000 0.000000
7346 0.000000 150.000000 0.000000
7347 0.000000 150.000000 0.000000
7348 0.000000 150.000000 0.000000
7349 0.000000 150.000000 0.000000
7350 0.000000 150.000000 0.000000
7351 0.000000 150.000000 0.000000
7352 0.000000 150.000000 0.000000
7353 75.000000 150.000000 0.000000
7354 150.000000 150.000000 0.000000
7355 225.000000 150.000000 0.000000
7356 300.000000 150.000000 0.000000
7357 375.000000 150.000000 0.000000
7358 -375.000000 225.000000 0.000000
7359 -300.000000 225.000000 0.000000
7360 -225.000000 225.000000 0.000000
7361 -150.000000 225.000000 0.000000
7362 -75.000000 225.000000 0.000000
7363 0.000000 225.000000 0.000000
7364 0.000000 225.000000 0.000000
7365 0.000000 225.000000 0.000000
7366 0.000000 225.000000 0.000000
7367 0.000000 225.000000 0.000000
7368 0.000000 225.000000 0.000000
7369 0.000000 225.000000 0.000000
7370 0.000000 225.000000 0.000000
7371 0.000000 225.000000 0.000000
7372 0.000000 225.000000 0.000000
7373 0.000000 225.000000 0.000000
7374 0.000000 225.000000 0.000000
7375 0.000000 225.000000 0.000000
7376 0.000000 225.000000 0.000000
7377 0.000000 225.000000 0.000000
7378 0.000000 225.000000 0.000000
7379 75.000000 225.000000 0.000000
7380 150.000000 225.000000 0.000000
7381 225.000000 225.000000 0.000000
7382 300.000000 225.000000 0.000000
7383 375.000000 225.000000 0.000000
7384 -375.000000 300.000000 0.000000
7385 -300.000000 300.000000 0.000000
7386 -225.000000 300.000000 0.000000
7387 -150.000000 300.000000 0.000000
7388 -75.000000 300.000000 0.000000
7389 0.000000 300.000000 0.000000
7390 0.000000 300.000000 0.000000
7391 0.000000 300.000000 0.000000
7392 0.000000 300.000000 0.000000
7393 0.000000 300.000000 0.000000
7394 0.000000 300.000000 0.000000
7395 0.000000 300.000000 0.000000
7396 0.000000 300.000000 0.000000
7397 0.000000 300.000000 0.000000
7398 0.000000 300.000000 0.000000
7399 0.000000 300.000000 0.000000
7400 0.000000 300.000000 0.000000
7401 0.000000 300.000000 0.000000
7402 0.000000 300.000000 0.000000
7403 0.000000 300.000000 0.000000
7404 0.000000 300.000000 0.000000
7405 75.000000 300.000000 0.000000
7406 150.000000 300.000000 0.000000
7407 225.000000 300.000000 0.000000
7408 300.000000 300.000000 0.000000
7409 375.000000 300.000000 0.000000
7410 -375.000000 375.000000 0.000000
7411 -300.000000 375.000000 0.000000
7412 -225.000000 375.000000 0.000000
7413 -150.000000 375.000000 0.000000
7414 -75.000000 375.000000 0.000000
7415 0.000000 375.000000 0.000000
7416 0.000000 375.000000 0.000000
7417 0.000000 375.000000 0.000000
7418 0.000000 375.000000 0.000000
7419 0.000000 375.000000 0.000000
7420 0.000000 375.000000 0.000000
7421 0.000000 375.000000 0.000000
7422 0.000000 375.000000 0.000000
7423 0.000000 375.000000 0.000000
7424 0.000000 375.000000 0.000000
7425 0.000000 375.000000 0.000000
7426 0.000000 375.000000 0.000000
7427 0.000000 375.000000 0.000000
7428 0.000000 375.000000 0.000000
7429 0.000000 375.000000 0.000000
7430 0.000000 375.000000 0.000000
7431 75.000000 375.000000 0.000000
7432 150.000000 375.000000 0.000000
7433 225.000000 375.000000 0.000000
7434 300.000000 375.000000 0.000000
7435 375.000000 375.000000 0.000000
7436 -375.000000 -375.000000 0.000000
7437 -300.000000 -375.000000 0.000000
7438 -225.000000 -375.000000 0.000000
7439 -150.000000 -375.000000 0.000000
7440 -75.000000 -375.000000 0.000000
7441 0.000000 -375.000000 0.000000
7442 0.000000 -375.000000 0.000000
7443 0.000000 -375.000000 0.000000
7444 0.000000 -375.000000 0.000000
7445 0.000000 -375.000000 0.000000
7446 0.000000 -375.000000 0.000000
7447 0.000000 -375.000000 0.000000
7448 0.000000 -375.000000 0.000000
7449 0.000000 -375.000000 0.000000
7450 0.000000 -375.000000 0.000000
7451 0.000000 -375.000000 0.000000
7452 0.000000 -375.000000 0.000000
7453 0.000000 -375.000000 0.000000
7454 0.000000 -375.000000 0.000000
7455 0.000000 -375.000000 0.000000
7456 0.000000 -375.000000 0.000000
7457 75.000000 -375.000000 0.000000
7458 150.000000 -375.000000 0.000000
7459 225.000000 -375.000000 0.000000
7460 300.000000 -375.000000 0.000000
7461 375.000000 -375.000000 0.000000
7462 -375.000000 -300.000000 0.000000
7463 -300.000000 -300.000000 0.000000
7464 -225.000000 -300.000000 0.000000
7465 -150.000000 -300.000000 0.000000
7466 -75.000000 -300.000000 0.000000
7467 0.000000 -300.000000 0.000000
7468 0.000000 -300.000000 0.000000
7469 0.000000 -300.000000 0.000000
7470 0.000000 -300.000000 0.000000
7471 0.000000 -300.000000 0.000000
7472 0.000000 -300.000000 0.000000
7473 0.000000 -300.000000 0.000000
7474 0.000000 -300.000000 0.000000
7475 0.000000 -300.000000 0.000000
7476 0.000000 -300.000000 0.000000
7477 0.000000 -300.000000 0.000000
7478 0.000000 -300.000000 0.000000
7479 0.000000 -300.000000 0.000000
7480 0.000000 -300.000000 0.000000
7481 0.000000 -300.000000 0.000000
7482 0.000000 -300.000000 0.000000
7483 75.000000 -300.000000 0.000000
7484 150.000000 -300.000000 0.000000
7485 225.000000 -300.000000 0.000000
7486 300.000000 -300.000000 0.000000
7487 375.000000 -300.000000 0.000000
7488 -375.000000 -225.000000 0.000000
7489 -300.000000 -225.000000 0.000000
7490 -225.000000 -225.000000 0.000000
7491 -150.000000 -225.000000 0.000000
7492 -75.000000 -225.000000 0.000000
7493 0.000000 -225.000000 0.000000
7494 0.000000 -225.000000 0.000000
7495 0.000000 -225.000000 0.000000
7496 0.000000 -225.000000 0.000000
7497 0.000000 -225.000000 0.000000
7498 0.000000 -225.000000 0.000000
7499 0.000000 -225.000000 0.000000
7500 0.000000 -225.000000 0.000000
7501 0.000000 -225.000000 0.000000
7502 0.000000 -225.000000 0.000000
7503 0.000000 -225.000000 0.000000
7504 0.000000 -225.000000 0.000000
7505 0.000000 -225.000000 0.000000
7506 0.000000 -225.000000 0.000000
7507 0.000000 -225.000000 0.000000
7508 0.000000 -225.000000 0.000000
7509 75.000000 -225.000000 0.000000
7510 150.000000 -225.000000 0.000000
7511 225.000000 -225.000000 0.000000
7512 300.000000 -225.000000 0.000000
7513 375.000000 -225.000000 0.000000
7514 -375.000000 -150.000000 0.000000
7515 -300.000000 -150.000000 0.000000
7516 -225.000000 -150.000000 0.000000
7517 -150.000000 -150.000000 0.000000
7518 -75.000000 -150.000000 0.000000
7519 0.000000 -150.000000 0.000000
7520 0.000000 -150.000000 0.000000
7521 0.000000 -150.000000 0.000000
7522 0.000000 -150.000000 0.000000
7523 0.000000 -150.000000 0.000000
7524 0.000000 -150.000000 0.000000
7525 0.000000 -150.000000 0.000000
7526 0.000000 -150.000000 0.000000
7527 0.000000 -150.000000 0.000000
7528 0.000000 -150.000000 0.000000
7529 0.000000 -150.000000 0.000000
7530 0.000000 -150.000000 0.000000
7531 0.000000 -150.000000 0.000000
7532 0.000000 -150.000000 0.000000
7533 0.000000 -150.000000 0.000000
7534 0.000000 -150.000000 0.000000
7535 75.000000 -150.000000 0.000000
7536 150.000000 -150.000000 0.000000
7537 225.000000 -150.000000 0.000000
7538 300.000000 -150.000000 0.000000
7539 375.000000 -150.000000 0.000000
7540 -375.000000 -75.000000 0.000000
7541 -300.000000 -75.000000 0.000000
7542 -225.000000 -75.000000 0.000000
7543 -150.000000 -75.000000 0.000000
7544 -75.000000 -75.000000 0.000000
7545 0.000000 -75.000000 0.000000
7546 0.000000 -75.000000 0.000000
7547 0.000000 -75.000000 0.000000
7548 0.000000 -75.000000 0.000000
7549 0.000000 -75.000000 0.000000
7550 0.000000 -75.000000 0.000000
7551 0.000000 -75.000000 0.000000
7552 0.000000 -75.000000 0.000000
7553 0.000000 -75.000000 0.000000
7554 0.000000 -75.000000 0.000000
7555 0.000000 -75.000000 0.000000
7556 0.000000 -75.000000 0.000000
7557 0.000000 -75.000000 0.000000
7558 0.000000 -75.000000 0.000000
7559 0.000000 -75.000000 0.000000
7560 0.000000 -75.000000 0.000000
7561 75.000000 -75.000000 0.000000
7562 150.000000 -75.000000 0.000000
7563 225.000000 -75.000000 0.000000
7564 300.000000 -75.000000 0.000000
7565 375.000000 -75.000000 0.000000
7566 -375.000000 0.000000 0.000000
7567 -300.000000 0.000000 0.000000
7568 -225.000000 0.000000 0.000000
7569 -150.000000 0.000000 0.000000
7570 -75.000000 0.000000 0.000000
7587 75.000000 0.000000 0.000000
7588 150.000000 0.000000 0.000000
7589 225.000000 0.000000 0.000000
7590 300.000000 0.000000 0.000000
7591 375.000000 0.000000 0.000000
7592 -375.000000 0.000000 0.000000
7593 -300.000000 0.000000 0.000000
7594 -225.000000 0.000000 0.000000
7595 -150.000000 0.000000 0.000000
7596 -75.000000 0.000000 0.000000
7613 75.000000 0.000000 0.000000
7614 150.000000 0.000000 0.000000
7615 225.000000 0.000000 0.000000
7616 300.000000 0.000000 0.000000
7617 375.000000 0.000000 0.000000
7618 -375.000000 0.000000 0.000000
7619 -300.000000 0.000000 0.000000
7620 -225.000000 0.000000 0.000000
7621 -150.000000 0.000000 0.000000
7622 -75.000000 0.000000 0.000000
7639 75.000000 0.000000 0.000000
7640 150.000000 0.000000 0.000000
7641 225.000000 0.000000 0.000000
7642 300.000000 0.000000 0.000000
7643 375.000000 0.000000 0.000000
7644 -375.000000 0.000000 0.000000
7645 -300.000000 0.000000 0.000000
7646 -225.000000 0.000000 0.000000
7647 -150.000000 0.000000 0.000000
7648 -75.000000 0.000000 0.000000
7665 75.000000 0.000000 0.000000
7666 150.000000 0.000000 0.000000
7667 225.000000 0.000000 0.000000
7668 300.000000 0.000000 0.000000
7669 375.000000 0.000000 0.000000
7670 -375.000000 0.000000 0.000000
7671 -300.000000 0.000000 0.000000
7672 -225.000000 0.000000 0.000000
7673 -150.000000 0.000000 0.000000
7674 -75.000000 0.000000 0.000000
7691 75.000000 0.000000 0.000000
7692 150.000000 0.000000 0.000000
7693 225.000000 0.000000 0.000000
7694 300.000000 0.000000 0.000000
7695 375.000000 0.000000 0.000000
7696 -375.000000 0.000000 0.000000
7697 -300.000000 0.000000 0.000000
7698 -225.000000 0.000000 0.000000
7699 -150.000000 0.000000 0.000000
7700 -75.000000 0.000000 0.000000
7717 75.000000 0.000000 0.000000
7718 150.000000 0.000000 0.000000
7719 225.000000 0.000000 0.000000
7720 300.000000 0.000000 0.000000
7721 375.000000 0.000000 0.000000
7722 -375.000000 0.000000 0.000000
7723 -300.000000 0.000000 0.000000
7724 -225.000000 0.000000 0.000000
7725 -150.000000 0.000000 0.000000
7726 -75.000000 0.000000 0.000000
7743 75.000000 0.000000 0.000000
7744 150.000000 0.000000 0.000000
7745 225.000000 0.000000 0.000000
7746 300.000000 0.000000 0.000000
7747 375.000000 0.000000 0.000000
7748 -375.000000 0.000000 0.000000
7749 -300.000000 0.000000 0.000000
7750 -225.000000 0.000000 0.000000
7751 -150.000000 0.000000 0.000000
7752 -75.000000 0.000000 0.000000
7769 75.000000 0.000000 0.000000
7770 150.000000 0.000000 0.000000
7771 225.000000 0.000000 0.000000
7772 300.000000 0.000000 0.000000
7773 375.000000 0.000000 0.000000
7774 -375.000000 0.000000 0.000000
7775 -300.000000 0.000000 0.000000
7776 -225.000000 0.000000 0.000000
7777 -150.000000 0.000000 0.000000
7778 -75.000000 0.000000 0.000000
7795 75.000000 0.000000 0.000000
7796 150.000000 0.000000 0.000000
7797 225.000000 0.000000 0.000000
7798 300.000000 0.000000 0.000000
7799 375.000000 0.000000 0.000000
7800 -375.000000 0.000000 0.000000
7801 -300.000000 0.000000 0.000000
7802 -225.000000 0.000000 0.000000
7803 -150.000000 0.000000 0.000000
7804 -75.000000 0.000000 0.000000
7821 75.000000 0.000000 0.000000
7822 150.000000 0.000000 0.000000
7823 225.000000 0.000000 0.000000
7824 300.000000 0.000000 0.000000
7825 375.000000 0.000000 0.000000
7826 -375.000000 0.000000 0.000000
7827 -300.000000 0.000000 0.000000
7828 -225.000000 0.000000 0.000000
7829 -150.000000 0.000000 0.000000
7830 -75.000000 0.000000 0.000000
7847 75.000000 0.000000 0.000000
7848 150.000000 0.000000 0.000000
7849 225.000000 0.000000 0.000000
7850 300.000000 0.000000 0.000000
7851 375.000000 0.000000 0.000000
7852 -375.000000 0.000000 0.000000
7853 -300.000000 0.000000 0.000000
7854 -225.000000 0.000000 0.000000
7855 -150.000000 0.000000 0.000000
7856 -75.000000 0.000000 0.000000
7873 75.000000 0.000000 0.000000
7874 150.000000 0.000000 0.000000
7875 225.000000 0.000000 0.000000
7876 300.000000 0.000000 0.000000
7877 375.000000 0.000000 0.000000
7878 -375.000000 0.000000 0.000000
7879 -300.000000 0.000000 0.000000
7880 -225.000000 0.000000 0.000000
7881 -150.000000 0.000000 0.000000
7882 -75.000000 0.000000 0.000000
7899 75.000000 0.000000 0.000000
7900 150.000000 0.000000 0.000000
7901 225.000000 0.000000 0.000000
7902 300.000000 0.000000 0.000000
7903 375.000000 0.000000 0.000000
7904 -375.000000 0.000000 0.000000
7905 -300.000000 0.000000 0.000000
7906 -225.000000 0.000000 0.000000
7907 -150.000000 0.000000 0.000000
7908 -75.000000 0.000000 0.000000
7925 75.000000 0.000000 0.000000
7926 150.000000 0.000000 0.000000
7927 225.000000 0.000000 0.000000
7928 300.000000 0.000000 0.000000
7929 375.000000 0.000000 0.000000
7930 -375.000000 0.000000 0.000000
7931 -300.000000 0.000000 0.000000
7932 -225.000000 0.000000 0.000000
7933 -150.000000 0.000000 0.000000
7934 -75.000000 0.000000 0.000000
7951 75.000000 0.000000 0.000000
7952 150.000000 0.000000 0.000000
7953 225.000000 0.000000 0.000000
7954 300.000000 0.000000 0.000000
7955 375.000000 0.000000 0.000000
7956 -375.000000 0.000000 0.000000
7957 -300.000000 0.000000 0.000000
7958 -225.000000 0.000000 0.000000
7959 -150.000000 0.000000 0.000000
7960 -75.000000 0.000000 0.000000
7977 75.000000 0.000000 0.000000
7978 150.000000 0.000000 0.000000
7979 225.000000 0.000000 0.000000
7980 300.000000 0.000000 0.000000
7981 375.000000 0.000000 0.000000
7982 -375.000000 75.000000 0.000000
7983 -300.000000 75.000000 0.000000
7984 -225.000000 75.000000 0.000000
7985 -150.000000 75.000000 0.000000
7986 -75.000000 75.000000 0.000000
7987 0.000000 75.000000 0.000000
7988 0.000000 75.000000 0.000000
7989 0.000000 75.000000 0.000000
7990 0.000000 75.000000 0.000000
7991 0.000000 75.000000 0.000000
7992 0.000000 75.000000 0.000000
7993 0.000000 75.000000 0.000000
7994 0.000000 75.000000 0.000000
7995 0.000000 75.000000 0.000000
7996 0.000000 75.000000 0.000000
7997 0.000000 75.000000 0.000000
7998 0.000000 75.000000 0.000000
7999 0.000000 75.000000 0.000000
8000 0.000000 75.000000 0.000000
8001 0.000000 75.000000 0.000000
8002 0.000000 75.000000 0.000000
8003 75.000000 75.000000 0.000000
8004 150.000000 75.000000 0.000000
8005 225.000000 75.000000 0.000000
8006 300.000000 75.000000 0.000000
8007 375.000000 75.000000 0.000000
8008 -375.000000 150.000000 0.000000
8009 -300.000000 150.000000 0.000000
8010 -225.000000 150.000000 0.000000
8011 -150.000000 150.000000 0.000000
8012 -75.000000 150.000000 0.000000
8013 0.000000 150.000000 0.000000
8014 0.000000 150.000000 0.000000
8015 0.000000 150.000000 0.000000
8016 0.000000 150.000000 0.000000
8017 0.000000 150.000000 0.000000
8018 0.000000 150.000000 0.000000
8019 0.000000 150.000000 0.000000
8020 0.000000 150.000000 0.000000
8021 0.000000 150.000000 0.000000
8022 0.000000 150.000000 0.000000
8023 0.000000 150.000000 0.000000
8024 0.000000 150.000000 0.000000
8025 0.000000 150.000000 0.000000
8026 0.000000 150.000000 0.000000
8027 0.000000 150.000000 0.000000
8028 0.000000 150.000000 0.000000
8029 75.000000 150.000000 0.000000
8030 150.000000 150.000000 0.000000
8031 225.000000 150.000000 0.000000
8032 300.000000 150.000000 0.000000
8033 375.000000 150.000000 0.000000
8034 -375.000000 225.000000 0.000000
8035 -300.000000 225.000000 0.000000
8036 -225.000000 225.000000 0.000000
8037 -150.000000 225.000000 0.000000
8038 -75.000000 225.000000 0.000000
8039 0.000000 225.000000 0.000000
8040 0.000000 225.000000 0.000000
8041 0.000000 225.000000 0.000000
8042 0.000000 225.000000 0.000000
8043 0.000000 225.000000 0.000000
8044 0.000000 225.000000 0.000000
8045 0.000000 225.000000 0.000000
8046 0.000000 225.000000 0.000000
8047 0.000000 225.000000 0.000000
8048 0.000000 225.000000 0.000000
8049 0.000000 225.000000 0.000000
8050 0.000000 225.000000 0.000000
8051 0.000000 225.000000 0.000000
8052 0.000000 225.000000 0.000000
8053 0.000000 225.000000 0.000000
8054 0.000000 225.000000 0.000000
8055 75.000000 225.000000 0.000000
8056 150.000000 225.000000 0.000000
8057 225.000000 225.000000 0.000000
8058 300.000000 225.000000 0.000000
8059 375.000000 225.000000 0.000000
8060 -375.000000 300.000000 0.000000
8061 -300.000000 300.000000 0.000000
8062 -225.000000 300.000000 0.000000
8063 -150.000000 300.000000 0.000000
8064 -75.000000 300.000000 0.000000
8065 0.000000 300.000000 0.000000
8066 0.000000 300.000000 0.000000
8067 0.000000 300.000000 0.000000
8068 0.000000 300.000000 0.000000
8069 0.000000 300.000000 0.000000
8070 0.000000 300.000000 0.000000
8071 0.000000 300.000000 0.000000
8072 0.000000 300.000000 0.000000
8073 0.000000 300.000000 0.000000
8074 0.000000 300.000000 0.000000
8075 0.000000 300.000000 0.000000
8076 0.000000 300.000000 0.000000
8077 0.000000 300.000000 0.000000
8078 0.000000 300.000000 0.000000
8079 0.000000 300.000000 0.000000
8080 0.000000 300.000000 0.000000
8081 75.000000 300.000000 0.000000
8082 150.000000 300.000000 0.000000
8083 225.000000 300.000000 0.000000
8084 300.000000 300.000000 0.000000
8085 375.000000 300.000000 0.000000
8086 -375.000000 375.000000 0.000000
8087 -300.000000 375.000000 0.000000
8088 -225.000000 375.000000 0.000000
8089 -150.000000 375.000000 0.000000
8090 -75.000000 375.000000 0.000000
8091 0.000000 375.000000 0.000000
8092 0.000000 375.000000 0.000000
8093 0.000000 375.000000 0.000000
8094 0.000000 375.000000 0.000000
8095 0.000000 375.000000 0.000000
8096 0.000000 375.000000 0.000000
8097 0.000000 375.000000 0.000000
8098 0.000000 375.000000 0.000000
8099 0.000000 375.000000 0.000000
8100 0.000000 375.000000 0.000000
8101 0.000000 375.000000 0.000000
8102 0.000000 375.000000 0.000000
8103 0.000000 375.000000 0.000000
8104 0.000000 375.000000 0.000000
8105 0.000000 375.000000 0.000000
8106 0.000000 375.000000 0.000000
8107 75.000000 375.000000 0.000000
8108 150.000000 375.000000 0.000000
8109 225.000000 375.000000 0.000000
8110 300.000000 375.000000 0.000000
8111 375.000000 375.000000 0.000000
8112 -375.000000 -375.000000 0.000000
8113 -300.000000 -375.000000 0.000000
8114 -225.000000 -375.000000 0.000000
8115 -150.000000 -375.000000 0.000000
8116 -75.000000 -375.000000 0.000000
8117 0.000000 -375.000000 0.000000
8118 0.000000 -375.000000 0.000000
8119 0.000000 -375.000000 0.000000
8120 0.000000 -375.000000 0.000000
8121 0.000000 -375.000000 0.000000
8122 0.000000 -375.000000 0.000000
8123 0.000000 -375.000000 0.000000
8124 0.000000 -375.000000 0.000000
8125 0.000000 -375.000000 0.000000
8126 0.000000 -375.000000 0.000000
8127 0.000000 -375.000000 0.000000
8128 0.000000 -375.000000 0.000000
8129 0.000000 -375.000000 0.000000
8130 0.000000 -375.000000 0.000000
8131 0.000000 -375.000000 0.000000
8132 0.000000 -375.000000 0.000000
8133 75.000000 -375.000000 0.000000
8134 150.000000 -375.000000 0.000000
8135 225.000000 -375.000000 0.000000
8136 300.000000 -375.000000 0.000000
8137 375.000000 -375.000000 0.000000
8138 -375.000000 -300.000000 0.000000
8139 -300.000000 -300.000000 0.000000
8140 -225.000000 -300.000000 0.000000
8141 -150.000000 -300.000000 0.000000
8142 -75.000000 -300.000000 0.000000
8143 0.000000 -300.000000 0.000000
8144 0.000000 -300.000000 0.000000
8145 0.000000 -300.000000 0.000000
8146 0.000000 -300.000000 0.000000
8147 0.000000 -300.000000 0.000000
8148 0.000000 -300.000000 0.000000
8149 0.000000 -300.000000 0.000000
8150 0.000000 -300.000000 0.000000
8151 0.000000 -300.000000 0.000000
8152 0.000000 -300.000000 0.000000
8153 0.000000 -300.000000 0.000000
8154 0.000000 -300.000000 0.000000
8155 0.000000 -300.000000 0.000000
8156 0.000000 -300.000000 0.000000
8157 0.000000 -300.000000 0.000000
8158 0.000000 -300.000000 0.000000
8159 75.000000 -300.000000 0.000000
8160 150.000000 -300.000000 0.000000
8161 225.000000 -300.000000 0.000000
8162 300.000000 -300.000000 0.000000
8163 375.000000 -300.000000 0.000000
8164 -375.000000 -225.000000 0.000000
8165 -300.000000 -225.000000 0.000000
8166 -225.000000 -225.000000 0.000000
8167 -150.000000 -225.000000 0.000000
8168 -75.000000 -225.000000 0.000000
8169 0.000000 -225.000000 0.000000
8170 0.000000 -225.000000 0.000000
8171 0.000000 -225.000000 0.000000
8172 0.000000 -225.000000 0.000000
8173 0.000000 -225.000000 0.000000
8174 0.000000 -225.000000 0.000000
8175 0.000000 -225.000000 0.000000
8176 0.000000 -225.000000 0.000000
8177 0.000000 -225.000000 0.000000
8178 0.000000 -225.000000 0.000000
8179 0.000000 -225.000000 0.000000
8180 0.000000 -225.000000 0.000000
8181 0.000000 -225.000000 0.000000
8182 0.000000 -225.000000 0.000000
8183 0.000000 -225.000000 0.000000
8184 0.000000 -225.000000 0.000000
8185 75.000000 -225.000000 0.000000
8186 150.000000 -225.000000 0.000000
8187 225.000000 -225.000000 0.000000
8188 300.000000 -225.000000 0.000000
8189 375.000000 -225.000000 0.000000
8190 -375.000000 -150.000000 0.000000
8191 -300.000000 -150.000000 0.000000
8192 -225.000000 -150.000000 0.000000
8193 -150.000000 -150.000000 0.000000
8194 -75.000000 -150.000000 0.000000
8195 0.000000 -150.000000 0.000000
8196 0.000000 -150.000000 0.000000
8197 0.000000 -150.000000 0.000000
8198 0.000000 -150.000000 0.000000
8199 0.000000 -150.000000 0.000000
8200 0.000000 -150.000000 0.000000
8201 0.000000 -150.000000 0.000000
8202 0.000000 -150.000000 0.000000
8203 0.000000 -150.000000 0.000000
8204 0.000000 -150.000000 0.000000
8205 0.000000 -150.000000 0.000000
8206 0.000000 -150.000000 0.000000
8207 0.000000 -150.000000 0.000000
8208 0.000000 -150.000000 0.000000
8209 0.000000 -150.000000 0.000000
8210 0.000000 -150.000000 0.000000
8211 75.000000 -150.000000 0.000000
8212 150.000000 -150.000000 0.000000
8213 225.000000 -150.000000 0.000000
8214 300.000000 -150.000000 0.000000
8215 375.000000 -150.000000 0.000000
8216 -375.000000 -75.000000 0.000000
8217 -300.000000 -75.000000 0.000000
8218 -225.000000 -75.000000 0.000000
8219 -150.000000 -75.000000 0.000000
8220 -75.000000 -75.000000 0.000000
8221 0.000000 -75.000000 0.000000
8222 0.000000 -75.000000 0.000000
8223 0.000000 -75.000000 0.000000
8224 0.000000 -75.000000 0.000000
8225 0.000000 -75.000000 0.000000
8226 0.000000 -75.000000 0.000000
8227 0.000000 -75.000000 0.000000
8228 0.000000 -75.000000 0.000000
8229 0.000000 -75.000000 0.000000
8230 0.000000 -75.000000 0.000000
8231 0.000000 -75.000000 0.000000
8232 0.000000 -75.000000 0.000000
8233 0.000000 -75.000000 0.000000
8234 0.000000 -75.000000 0.000000
8235 0.000000 -75.000000 0.000000
8236 0.000000 -75.000000 0.000000
8237 75.000000 -75.000000 0.000000
8238 150.000000 -75.000000 0.000000
8239 225.000000 -75.000000 0.000000
8240 300.000000 -75.000000 0.000000
8241 375.000000 -75.000000 0.000000
8242 -375.000000 0.000000 0.000000
8243 -300.000000 0.000000 0.000000
8244 -225.000000 0.000000 0.000000
8245 -150.000000 0.000000 0.000000
8246 -75.000000 0.000000 0.000000
8263 75.000000 0.000000 0.000000
8264 150.000000 0.000000 0.000000
8265 225.000000 0.000000 0.000000
8266 300.000000 0.000000 0.000000
8267 375.000000 0.000000 0.000000
8268 -375.000000 0.000000 0.000000
8269 -300.000000 0.000000 0.000000
8270 -225.000000 0.000000 0.000000
8271 -150.000000 0.000000 0.000000
8272 -75.000000 0.000000 0.000000
8289 75.000000 0.000000 0.000000
8290 150.000000 0.000000 0.000000
8291 225.000000 0.000000 0.000000
8292 300.000000 0.000000 0.000000
8293 375.000000 0.000000 0.000000
8294 -375.000000 0.000000 0.000000
8295 -300.000000 0.000000 0.000000
8296 -225.000000 0.000000 0.000000
8297 -150.000000 0.000000 0.000000
8298 -75.000000 0.000000 0.000000
8315 75.000000 0.000000 0.000000
8316 150.000000 0.000000 0.000000
8317 225.000000 0.000000 0.000000
8318 300.000000 0.000000 0.000000
8319 375.000000 0.000000 0.000000
8320 -375.000000 0.000000 0.000000
8321 -300.000000 0.000000 0.000000
8322 -225.000000 0.000000 0.000000
8323 -150.000000 0.000000 0.000000
8324 -75.000000 0.000000 0.000000
8341 75.000000 0.000000 0.000000
8342 150.000000 0.000000 0.000000
8343 225.000000 0.000000 0.000000
8344 300.000000 0.000000 0.000000
8345 375.000000 0.000000 0.000000
8346 -375.000000 0.000000 0.000000
8347 -300.000000 0.000000 0.000000
8348 -225.000000 0.000000 0.000000
8349 -150.000000 0.000000 0.000000
8350 -75.000000 0.000000 0.000000
8367 75.000000 0.000000 0.000000
8368 150.000000 0.000000 0.000000
8369 225.000000 0.000000 0.000000
8370 300.000000 0.000000 0.000000
8371 375.000000 0.000000 0.000000
8372 -375.000000 0.000000 0.000000
8373 -300.000000 0.000000 0.000000
8374 -225.000000 0.000000 0.000000
8375 -150.000000 0.000000 0.000000
8376 -75.000000 0.000000 0.000000
8393 75.000000 0.000000 0.000000
8394 150.000000 0.000000 0.000000
8395 225.000000 0.000000 0.000000
8396 300.000000 0.000000 0.000000
8397 375.000000 0.000000 0.000000
8398 -375.000000 0.000000 0.000000
8399 -300.000000 0.000000 0.000000
8400 -225.000000 0.000000 0.000000
8401 -150.000000 0.000000 0.000000
8402 -75.000000 0.000000 0.000000
8419 75.000000 0.000000 0.000000
8420 150.000000 0.000000 0.000000
8421 225.000000 0.000000 0.000000
8422 300.000000 0.000000 0.000000
8423 375.000000 0.000000 0.000000
8424 -375.000000 0.000000 0.000000
8425 -300.000000 0.000000 0.000000
8426 -225.000000 0.000000 0.000000
8427 -150.000000 0.000000 0.000000
8428 -75.000000 0.000000 0.000000
8445 75.000000 0.000000 0.000000
8446 150.000000 0.000000 0.000000
8447 225.000000 0.000000 0.000000
8448 300.000000 0.000000 0.000000
8449 375.000000 0.000000 0.000000
8450 -375.000000 0.000000 0.000000
8451 -300.000000 0.000000 0.000000
8452 -225.000000 0.000000 0.000000
8453 -150.000000 0.000000 0.000000
8454 -75.000000 0.000000 0.000000
8471 75.000000 0.000000 0.000000
8472 150.000000 0.000000 0.000000
8473 225.000000 0.000000 0.000000
8474 300.000000 0.000000 0.000000
8475 375.000000 0.000000 0.000000
8476 -375.000000 0.000000 0.000000
8477 -300.000000 0.000000 0.000000
8478 -225.000000 0.000000 0.000000
8479 -150.000000 0.000000 0.000000
8480 -75.000000 0.000000 0.000000
8497 75.000000 0.000000 0.000000
8498 150.000000 0.000000 0.000000
8499 225.000000 0.000000 0.000000
8500 300.000000 0.000000 0.000000
8501 375.000000 0.000000 0.000000
8502 -375.000000 0.000000 0.000000
8503 -300.000000 0.000000 0.000000
8504 -225.000000 0.000000 0.000000
8505 -150.000000 0.000000 0.000000
8506 -75.000000 0.000000 0.000000
8523 75.000000 0.000000 0.000000
8524 150.000000 0.000000 0.000000
8525 225.000000 0.000000 0.000000
8526 300.000000 0.000000 0.000000
8527 375.000000 0.000000 0.000000
8528 -375.000000 0.000000 0.000000
8529 -300.000000 0.000000 0.000000
8530 -225.000000 0.000000 0.000000
8531 -150.000000 0.000000 0.000000
8532 -75.000000 0.000000 0.000000
8549 75.000000 0.000000 0.000000
8550 150.000000 0.000000 0.000000
8551 225.000000 0.000000 0.000000
8552 300.000000 0.000000 0.000000
8553 375.000000 0.000000 0.000000
8554 -375.000000 0.000000 0.000000
8555 -300.000000 0.000000 0.000000
8556 -225.000000 0.000000 0.000000
8557 -150.000000 0.000000 0.000000
8558 -75.000000 0.000000 0.000000
8575 75.000000 0.000000 0.000000
8576 150.000000 0.000000 0.000000
8577 225.000000 0.000000 0.000000
8578 300.000000 0.000000 0.000000
8579 375.000000 0.000000 0.000000
8580 -375.000000 0.000000 0.000000
8581 -300.000000 0.000000 0.000000
8582 -225.000000 0.000000 0.000000
8583 -150.000000 0.000000 0.000000
8584 -75.000000 0.000000 0.000000
8601 75.000000 0.000000 0.000000
8602 150.000000 0.000000 0.000000
8603 225.000000 0.000000 0.000000
8604 300.000000 0.000000 0.000000
8605 375.000000 0.000000 0.000000
8606 -375.000000 0.000000 0.000000
8607 -300.000000 0.000000 0.000000
8608 -225.000000 0.000000 0.000000
8609 -150.000000 0.000000 0.000000
8610 -75.000000 0.000000 0.000000
8627 75.000000 0.000000 0.000000
8628 150.000000 0.000000 0.000000
8629 225.000000 0.000000 0.000000
8630 300.000000 0.000000 0.000000
8631 375.000000 0.000000 0.000000
8632 -375.000000 0.000000 0.000000
8633 -300.000000 0.000000 0.000000
8634 -225.000000 0.000000 0.000000
8635 -150.000000 0.000000 0.000000
8636 -75.000000 0.000000 0.000000
8653 75.000000 0.000000 0.000000
8654 150.000000 0.000000 0.000000
8655 225.000000 0.000000 0.000000
8656 300.000000 0.000000 0.000000
8657 375.000000 0.000000 0.000000
8658 -375.000000 75.000000 0.000000
8659 -300.000000 75.000000 0.000000
8660 -225.000000 75.000000 0.000000
8661 -150.000000 75.000000 0.000000
8662 -75.000000 75.000000 0.000000
8663 0.000000 75.000000 0.000000
8664 0.000000 75.000000 0.000000
8665 0.000000 75.000000 0.000000
8666 0.000000 75.000000 0.000000
8667 0.000000 75.000000 0.000000
8668 0.000000 75.000000 0.000000
8669 0.000000 75.000000 0.000000
8670 0.000000 75.000000 0.000000
8671 0.000000 75.000000 0.000000
8672 0.000000 75.000000 0.000000
8673 0.000000 75.000000 0.000000
8674 0.000000 75.000000 0.000000
8675 0.000000 75.000000 0.000000
8676 0.000000 75.000000 0.000000
8677 0.000000 75.000000 0.000000
8678 0.000000 75.000000 0.000000
8679 75.000000 75.000000 0.000000
8680 150.000000 75.000000 0.000000
8681 225.000000 75.000000 0.000000
8682 300.000000 75.000000 0.000000
8683 375.000000 75.000000 0.000000
8684 -375.000000 150.000000 0.000000
8685 -300.000000 150.000000 0.000000
8686 -225.000000 150.000000 0.000000
8687 -150.000000 150.000000 0.000000
8688 -75.000000 150.000000 0.000000
8689 0.000000 150.000000 0.000000
8690 0.000000 150.000000 0.000000
8691 0.000000 150.000000 0.000000
8692 0.000000 150.000000 0.000000
8693 0.000000 150.000000 0.000000
8694 0.000000 150.000000 0.000000
8695 0.000000 150.000000 0.000000
8696 0.000000 150.000000 0.000000
8697 0.000000 150.000000 0.000000
8698 0.000000 150.000000 0.000000
8699 0.000000 150.000000 0.000000
8700 0.000000 150.000000 0.000000
8701 0.000000 150.000000 0.000000
8702 0.000000 150.000000 0.000000
8703 0.000000 150.000000 0.000000
8704 0.000000 150.000000 0.000000
8705 75.000000 150.000000 0.000000
8706 150.000000 150.000000 0.000000
8707 225.000000 150.000000 0.000000
8708 300.000000 150.000000 0.000000
8709 375.000000 150.000000 0.000000
8710 -375.000000 225.000000 0.000000
8711 -300.000000 225.000000 0.000000
8712 -225.000000 225.000000 0.000000
8713 -150.000000 225.000000 0.000000
8714 -75.000000 225.000000 0.000000
8715 0.000000 225.000000 0.000000
8716 0.000000 225.000000 0.000000
8717 0.000000 225.000000 0.000000
8718 0.000000 225.000000 0.000000
8719 0.000000 225.000000 0.000000
8720 0.000000 225.000000 0.000000
8721 0.000000 225.000000 0.000000
8722 0.000000 225.000000 0.000000
8723 0.000000 225.000000 0.000000
8724 0.000000 225.000000 0.000000
8725 0.000000 225.000000 0.000000
8726 0.000000 225.000000 0.000000
8727 0.000000 225.000000 0.000000
8728 0.000000 225.000000 0.000000
8729 0.000000 225.000000 0.000000
8730 0.000000 225.000000 0.000000
8731 75.000000 225.000000 0.000000
8732 150.000000 225.000000 0.000000
8733 225.000000 225.000000 0.000000
8734 300.000000 225.000000 0.000000
8735 375.000000 225.000000 0.000000
8736 -375.000000 300.000000 0.000000
8737 -300.000000 300.000000 0.000000
8738 -225.000000 300.000000 0.000000
8739 -150.000000 300.000000 0.000000
8740 -75.000000 300.000000 0.000000
8741 0.000000 300.000000 0.000000
8742 0.000000 300.000000 0.000000
8743 0.000000 300.000000 0.000000
8744 0.000000 300.000000 0.000000
8745 0.000000 300.000000 0.000000
8746 0.000000 300.000000 0.000000
8747 0.000000 300.000000 0.000000
8748 0.000000 300.000000 0.000000
8749 0.000000 300.000000 0.000000
8750 0.000000 300.000000 0.000000
8751 0.000000 300.000000 0.000000
8752 0.000000 300.000000 0.000000
8753 0.000000 300.000000 0.000000
8754 0.000000 300.000000 0.000000
8755 0.000000 300.000000 0.000000
8756 0.000000 300.000000 0.000000
8757 75.000000 300.000000 0.000000
8758 150.000000 300.000000 0.000000
8759 225.000000 300.000000 0.000000
8760 300.000000 300.000000 0.000000
8761 375.000000 300.000000 0.000000
8762 -375.000000 375.000000 0.000000
8763 -300.000000 375.000000 0.000000
8764 -225.000000 375.000000 0.000000
8765 -150.000000 375.000000 0.000000
8766 -75.000000 375.000000 0.000000
8767 0.000000 375.000000 0.000000
8768 0.000000 375.000000 0.000000
8769 0.000000 375.000000 0.000000
8770 0.000000 375.000000 0.000000
8771 0.000000 375.000000 0.000000
8772 0.000000 375.000000 0.000000
8773 0.000000 375.000000 0.000000
8774 0.000000 375.000000 0.000000
8775 0.000000 375.000000 0.000000
8776 0.000000 375.000000 0.000000
8777 0.000000 375.000000 0.000000
8778 0.000000 375.000000 0.000000
8779 0.000000 375.000000 0.000000
8780 0.000000 375.000000 0.000000
8781 0.000000 375.000000 0.000000
8782 0.000000 375.000000 0.000000
8783 75.000000 375.000000 0.000000
8784 150.000000 375.000000 0.000000
8785 225.000000 375.000000 0.000000
8786 300.000000 375.000000 0.000000
8787 375.000000 375.000000 0.000000
8788 -375.000000 -375.000000 0.000000
8789 -300.000000 -375.000000 0.000000
8790 -225.000000 -375.000000 0.000000
8791 -150.000000 -375.000000 0.000000
8792 -75.000000 -375.000000 0.000000
8793 0.000000 -375.000000 0.000000
8794 0.000000 -375.000000 0.000000
8795 0.000000 -375.000000 0.000000
8796 0.000000 -375.000000 0.000000
8797 0.000000 -375.000000 0.000000
8798 0.000000 -375.000000 0.000000
8799 0.000000 -375.000000 0.000000
8800 0.000000 -375.000000 0.000000
8801 0.000000 -375.000000 0.000000
8802 0.000000 -375.000000 0.000000
8803 0.000000 -375.000000 0.000000
8804 0.000000 -375.000000 0.000000
8805 0.000000 -375.000000 0.000000
8806 0.000000 -375.000000 0.000000
8807 0.000000 -375.000000 0.000000
8808 0.000000 -375.000000 0.000000
8809 75.000000 -375.000000 0.000000
8810 150.000000 -375.000000 0.000000
8811 225.000000 -375.000000 0.000000
8812 300.000000 -375.000000 0.000000
8813 375.000000 -375.000000 0.000000
8814 -375.000000 -300.000000 0.000000
8815 -300.000000 -300.000000 0.000000
8816 -225.000000 -300.000000 0.000000
8817 -150.000000 -300.000000 0.000000
8818 -75.000000 -300.000000 0.000000
8819 0.000000 -300.000000 0.000000
8820 0.000000 -300.000000 0.000000
8821 0.000000 -300.000000 0.000000
8822 0.000000 -300.000000 0.000000
8823 0.000000 -300.000000 0.000000
8824 0.000000 -300.000000 0.000000
8825 0.000000 -300.000000 0.000000
8826 0.000000 -300.000000 0.000000
8827 0.000000 -300.000000 0.000000
8828 0.000000 -300.000000 0.000000
8829 0.000000 -300.000000 0.000000
8830 0.000000 -300.000000 0.000000
8831 0.000000 -300.000000 0.000000
8832 0.000000 -300.000000 0.000000
8833 0.000000 -300.000000 0.000000
8834 0.000000 -300.000000 0.000000
8835 75.000000 -300.000000 0.000000
8836 150.000000 -300.000000 0.000000
8837 225.000000 -300.000000 0.000000
8838 300.000000 -300.000000 0.000000
8839 375.000000 -300.000000 0.000000
8840 -375.000000 -225.000000 0.000000
8841 -300.000000 -225.000000 0.000000
8842 -225.000000 -225.000000 0.000000
8843 -150.000000 -225.000000 0.000000
8844 -75.000000 -225.000000 0.000000
8845 0.000000 -225.000000 0.000000
8846 0.000000 -225.000000 0.000000
8847 0.000000 -225.000000 0.000000
8848 0.000000 -225.000000 0.000000
8849 0.000000 -225.000000 0.000000
8850 0.000000 -225.000000 0.000000
8851 0.000000 -225.000000 0.000000
8852 0.000000 -225.000000 0.000000
8853 0.000000 -225.000000 0.000000
8854 0.000000 -225.000000 0.000000
8855 0.000000 -225.000000 0.000000
8856 0.000000 -225.000000 0.000000
8857 0.000000 -225.000000 0.000000
8858 0.000000 -225.000000 0.000000
8859 0.000000 -225.000000 0.000000
8860 0.000000 -225.000000 0.000000
8861 75.000000 -225.000000 0.000000
8862 150.000000 -225.000000 0.000000
8863 225.000000 -225.000000 0.000000
8864 300.000000 -225.000000 0.000000
8865 375.000000 -225.000000 0.000000
8866 -375.000000 -150.000000 0.000000
8867 -300.000000 -150.000000 0.000000
8868 -225.000000 -150.000000 0.000000
8869 -150.000000 -150.000000 0.000000
8870 -75.000000 -150.000000 0.000000
8871 0.000000 -150.000000 0.000000
8872 0.000000 -150.000000 0.000000
8873 0.000000 -150.000000 0.000000
8874 0.000000 -150.000000 0.000000
8875 0.000000 -150.000000 0.000000
8876 0.000000 -150.000000 0.000000
8877 0.000000 -150.000000 0.000000
8878 0.000000 -150.000000 0.000000
8879 0.000000 -150.000000 0.000000
8880 0.000000 -150.000000 0.000000
8881 0.000000 -150.000000 0.000000
8882 0.000000 -150.000000 0.000000
8883 0.000000 -150.000000 0.000000
8884 0.000000 -150.000000 0.000000
8885 0.000000 -150.000000 0.000000
8886 0.000000 -150.000000 0.000000
8887 75.000000 -150.000000 0.000000
8888 150.000000 -150.000000 0.000000
8889 225.000000 -150.000000 0.000000
8890 300.000000 -150.000000 0.000000
8891 375.000000 -150.000000 0.000000
8892 -375.000000 -75.000000 0.000000
8893 -300.000000 -75.000000 0.000000
8894 -225.000000 -75.000000 0.000000
8895 -150.000000 -75.000000 0.000000
8896 -75.000000 -75.000000 0.000000
8897 0.000000 -75.000000 0.000000
8898 0.000000 -75.000000 0.000000
8899 0.000000 -75.000000 0.000000
8900 0.000000 -75.000000 0.000000
8901 0.000000 -75.000000 0.000000
8902 0.000000 -75.000000 0.000000
8903 0.000000 -75.000000 0.000000
8904 0.000000 -75.000000 0.000000
8905 0.000000 -75.000000 0.000000
8906 0.000000 -75.000000 0.000000
8907 0.000000 -75.000000 0.000000
8908 0.000000 -75.000000 0.000000
8909 0.000000 -75.000000 0.000000
8910 0.000000 -75.000000 0.000000
8911 0.000000 -75.000000 0.000000
8912 0.000000 -75.000000 0.000000
8913 75.000000 -75.000000 0.000000
8914 150.000000 -75.000000 0.000000
8915 225.000000 -75.000000 0.000000
8916 300.000000 -75.000000 0.000000
8917 375.000000 -75.000000 0.000000
8918 -375.000000 0.000000 0.000000
8919 -300.000000 0.000000 0.000000
8920 -225.000000 0.000000 0.000000
8921 -150.000000 0.000000 0.000000
8922 -75.000000 0.000000 0.000000
8939 75.000000 0.000000 0.000000
8940 150.000000 0.000000 0.000000
8941 225.000000 0.000000 0.000000
8942 300.000000 0.000000 0.000000
8943 375.000000 0.000000 0.000000
8944 -375.000000 0.000000 0.000000
8945 -300.000000 0.000000 0.000000
8946 -225.000000 0.000000 0.000000
8947 -150.000000 0.000000 0.000000
8948 -75.000000 0.000000 0.000000
8965 75.000000 0.000000 0.000000
8966 150.000000 0.000000 0.000000
8967 225.000000 0.000000 0.000000
8968 300.000000 0.000000 0.000000
8969 375.000000 0.000000 0.000000
8970 -375.000000 0.000000 0.000000
8971 -300.000000 0.000000 0.000000
8972 -225.000000 0.000000 0.000000
8973 -150.000000 0.000000 0.000000
8974 -75.000000 0.000000 0.000000
8991 75.000000 0.000000 0.000000
8992 150.000000 0.000000 0.000000
8993 225.000000 0.000000 0.000000
8994 300.000000 0.000000 0.000000
8995 375.000000 0.000000 0.000000
8996 -375.000000 0.000000 0.000000
8997 -300.000000 0.000000 0.000000
8998 -225.000000 0.000000 0.000000
8999 -150.000000 0.000000 0.000000
9000 -75.000000 0.000000 0.000000
9017 75.000000 0.000000 0.000000
9018 150.000000 0.000000 0.000000
9019 225.000000 0.000000 0.000000
9020 300.000000 0.000000 0.000000
9021 375.000000 0.000000 0.000000
9022 -375.000000 0.000000 0.000000
9023 -300.000000 0.000000 0.000000
9024 -225.000000 0.000000 0.000000
9025 -150.000000 0.000000 0.000000
9026 -75.000000 0.000000 0.000000
9043 75.000000 0.000000 0.000000
9044 150.000000 0.000000 0.000000
9045 225.000000 0.000000 0.000000
9046 300.000000 0.000000 0.000000
9047 375.000000 0.000000 0.000000
9048 -375.000000 0.000000 0.000000
9049 -300.000000 0.000000 0.000000
9050 -225.000000 0.000000 0.000000
9051 -150.000000 0.000000 0.000000
9052 -75.000000 0.000000 0.000000
9069 75.000000 0.000000 0.000000
9070 150.000000 0.000000 0.000000
9071 225.000000 0.000000 0.000000
9072 300.000000 0.000000 0.000000
9073 375.000000 0.000000 0.000000
9074 -375.000000 0.000000 0.000000
9075 -300.000000 0.000000 0.000000
9076 -225.000000 0.000000 0.000000
9077 -150.000000 0.000000 0.000000
9078 -75.000000 0.000000 0.000000
9095 75.000000 0.000000 0.000000
9096 150.000000 0.000000 0.000000
9097 225.000000 0.000000 0.000000
9098 300.000000 0.000000 0.000000
9099 375.000000 0.000000 0.000000
9100 -375.000000 0.000000 0.000000
9101 -300.000000 0.000000 0.000000
9102 -225.000000 0.000000 0.000000
9103 -150.000000 0.000000 0.000000
9104 -75.000000 0.000000 0.000000
9121 75.000000 0.000000 0.000000
9122 150.000000 0.000000 0.000000
9123 225.000000 0.000000 0.000000
9124 300.000000 0.000000 0.000000
9125 375.000000 0.000000 0.000000
9126 -375.000000 0.000000 0.000000
9127 -300.000000 0.000000 0.000000
9128 -225.000000 0.000000 0.000000
9129 -150.000000 0.000000 0.000000
9130 -75.000000 0.000000 0.000000
9147 75.000000 0.000000 0.000000
9148 150.000000 0.000000 0.000000
9149 225.000000 0.000000 0.000000
9150 300.000000 0.000000 0.000000
9151 375.000000 0.000000 0.000000
9152 -375.000000 0.000000 0.000000
9153 -300.000000 0.000000 0.000000
9154 -225.000000 0.000000 0.000000
9155 -150.000000 0.000000 0.000000
9156 -75.000000 0.000000 0.000000
9173 75.000000 0.000000 0.000000
9174 150.000000 0.000000 0.000000
9175 225.000000 0.000000 0.000000
9176 300.000000 0.000000 0.000000
9177 375.000000 0.000000 0.000000
9178 -375.000000 0.000000 0.000000
9179 -300.000000 0.000000 0.000000
9180 -225.000000 0.000000 0.000000
9181 -150.000000 0.000000 0.000000
9182 -75.000000 0.000000 0.000000
9199 75.000000 0.000000 0.000000
9200 150.000000 0.000000 0.000000
9201 225.000000 0.000000 0.000000
9202 300.000000 0.000000 0.000000
9203 375.000000 0.000000 0.000000
9204 -375.000000 0.000000 0.000000
9205 -300.000000 0.000000 0.000000
9206 -225.000000 0.000000 0.000000
9207 -150.000000 0.000000 0.000000
9208 -75.000000 0.000000 0.000000
9225 75.000000 0.000000 0.000000
9226 150.000000 0.000000 0.000000
9227 225.000000 0.000000 0.000000
9228 300.000000 0.000000 0.000000
9229 375.000000 0.000000 0.000000
9230 -375.000000 0.000000 0.000000
9231 -300.000000 0.000000 0.000000
9232 -225.000000 0.000000 0.000000
9233 -150.000000 0.000000 0.000000
9234 -75.000000 0.000000 0.000000
9251 75.000000 0.000000 0.000000
9252 150.000000 0.000000 0.000000
9253 225.000000 0.000000 0.000000
9254 300.000000 0.000000 0.000000
9255 375.000000 0.000000 0.000000
9256 -375.000000 0.000000 0.000000
9257 -300.000000 0.000000 0.000000
9258 -225.000000 0.000000 0.000000
9259 -150.000000 0.000000 0.000000
9260 -75.000000 0.000000 0.000000
9277 75.000000 0.000000 0.000000
9278 150.000000 0.000000 0.000000
9279 225.000000 0.000000 0.000000
9280 300.000000 0.000000 0.000000
9281 375.000000 0.000000 0.000000
9282 -375.000000 0.000000 0.000000
9283 -300.000000 0.000000 0.000000
9284 -225.000000 0.000000 0.000000
9285 -150.000000 0.000000 0.000000
9286 -75.000000 0.000000 0.000000
9303 75.000000 0.000000 0.000000
9304 150.000000 0.000000 0.000000
9305 225.000000 0.000000 0.000000
9306 300.000000 0.000000 0.000000
9307 375.000000 0.000000 0.000000
9308 -375.000000 0.000000 0.000000
9309 -300.000000 0.000000 0.000000
9310 -225.000000 0.000000 0.000000
9311 -150.000000 0.000000 0.000000
9312 -75.000000 0.000000 0.000000
9329 75.000000 0.000000 0.000000
9330 150.000000 0.000000 0.000000
9331 225.000000 0.000000 0.000000
9332 300.000000 0.000000 0.000000
9333 375.000000 0.000000 0.000000
9334 -375.000000 75.000000 0.000000
9335 -300.000000 75.000000 0.000000
9336 -225.000000 75.000000 0.000000
9337 -150.000000 75.000000 0.000000
9338 -75.000000 75.000000 0.000000
9339 0.000000 75.000000 0.000000
9340 0.000000 75.000000 0.000000
9341 0.000000 75.000000 0.000000
9342 0.000000 75.000000 0.000000
9343 0.000000 75.000000 0.000000
9344 0.000000 75.000000 0.000000
9345 0.000000 75.000000 0.000000
9346 0.000000 75.000000 0.000000
9347 0.000000 75.000000 0.000000
9348 0.000000 75.000000 0.000000
9349 0.000000 75.000000 0.000000
9350 0.000000 75.000000 0.000000
9351 0.000000 75.000000 0.000000
9352 0.000000 75.000000 0.000000
9353 0.000000 75.000000 0.000000
9354 0.000000 75.000000 0.000000
9355 75.000000 75.000000 0.000000
9356 150.000000 75.000000 0.000000
9357 225.000000 75.000000 0.000000
9358 300.000000 75.000000 0.000000
9359 375.000000 75.000000 0.000000
9360 -375.000000 150.000000 0.000000
9361 -300.000000 150.000000 0.000000
9362 -225.000000 150.000000 0.000000
9363 -150.000000 150.000000 0.000000
9364 -75.000000 150.000000 0.000000
9365 0.000000 150.000000 0.000000
9366 0.000000 150.000000 0.000000
9367 0.000000 150.000000 0.000000
9368 0.000000 150.000000 0.000000
9369 0.000000 150.000000 0.000000
9370 0.000000 150.000000 0.000000
9371 0.000000 150.000000 0.000000
9372 0.000000 150.000000 0.000000
9373 0.000000 150.000000 0.000000
9374 0.000000 150.000000 0.000000
9375 0.000000 150.000000 0.000000
9376 0.000000 150.000000 0.000000
9377 0.000000 150.000000 0.000000
9378 0.000000 150.000000 0.000000
9379 0.000000 150.000000 0.000000
9380 0.000000 150.000000 0.000000
9381 75.000000 150.000000 0.000000
9382 150.000000 150.000000 0.000000
9383 225.000000 150.000000 0.000000
9384 300.000000 150.000000 0.000000
9385 375.000000 150.000000 0.000000
9386 -375.000000 225.000000 0.000000
9387 -300.000000 225.000000 0.000000
9388 -225.000000 225.000000 0.000000
9389 -150.000000 225.000000 0.000000
9390 -75.000000 225.000000 0.000000
9391 0.000000 225.000000 0.000000
9392 0.000000 225.000000 0.000000
9393 0.000000 225.000000 0.000000
9394 0.000000 225.000000 0.000000
9395 0.000000 225.000000 0.000000
9396 0.000000 225.000000 0.000000
9397 0.000000 225.000000 0.000000
9398 0.000000 225.000000 0.000000
9399 0.000000 225.000000 0.000000
9400 0.000000 225.000000 0.000000
9401 0.000000 225.000000 0.000000
9402 0.000000 225.000000 0.000000
9403 0.000000 225.000000 0.000000
9404 0.000000 225.000000 0.000000
9405 0.000000 225.000000 0.000000
9406 0.000000 225.000000 0.000000
9407 75.000000 225.000000 0.000000
9408 150.000000 225.000000 0.000000
9409 225.000000 225.000000 0.000000
9410 300.000000 225.000000 0.000000
9411 375.000000 225.000000 0.000000
9412 -375.000000 300.000000 0.000000
9413 -300.000000 300.000000 0.000000
9414 -225.000000 300.000000 0.000000
9415 -150.000000 300.000000 0.000000
9416 -75.000000 300.000000 0.000000
9417 0.000000 300.000000 0.000000
9418 0.000000 300.000000 0.000000
9419 0.000000 300.000000 0.000000
9420 0.000000 300.000000 0.000000
9421 0.000000 300.000000 0.000000
9422 0.000000 300.000000 0.000000
9423 0.000000 300.000000 0.000000
9424 0.000000 300.000000 0.000000
9425 0.000000 300.000000 0.000000
9426 0.000000 300.000000 0.000000
9427 0.000000 300.000000 0.000000
9428 0.000000 300.000000 0.000000
9429 0.000000 300.000000 0.000000
9430 0.000000 300.000000 0.000000
9431 0.000000 300.000000 0.000000
9432 0.000000 300.000000 0.000000
9433 75.000000 300.000000 0.000000
9434 150.000000 300.000000 0.000000
9435 225.000000 300.000000 0.000000
9436 300.000000 300.000000 0.000000
9437 375.000000 300.000000 0.000000
9438 -375.000000 375.000000 0.000000
9439 -300.000000 375.000000 0.000000
9440 -225.000000 375.000000 0.000000
9441 -150.000000 375.000000 0.000000
9442 -75.000000 375.000000 0.000000
9443 0.000000 375.000000 0.000000
9444 0.000000 375.000000 0.000000
9445 0.000000 375.000000 0.000000
9446 0.000000 375.000000 0.000000
9447 0.000000 375.000000 0.000000
9448 0.000000 375.000000 0.000000
9449 0.000000 375.000000 0.000000
9450 0.000000 375.000000 0.000000
9451 0.000000 375.000000 0.000000
9452 0.000000 375.000000 0.000000
9453 0.000000 375.000000 0.000000
9454 0.000000 375.000000 0.000000
9455 0.000000 375.000000 0.000000
9456 0.000000 375.000000 0.000000
9457 0.000000 375.000000 0.000000
9458 0.000000 375.000000 0.000000
9459 75.000000 375.000000 0.000000
9460 150.000000 375.000000 0.000000
9461 225.000000 375.000000 0.000000
9462 300.000000 375.000000 0.000000
9463 375.000000 375.000000 0.000000
9464 -375.000000 -375.000000 0.000000
9465 -300.000000 -375.000000 0.000000
9466 -225.000000 -375.000000 0.000000
9467 -150.000000 -375.000000 0.000000
9468 -75.000000 -375.000000 0.000000
9469 0.000000 -375.000000 0.000000
9470 0.000000 -375.000000 0.000000
9471 0.000000 -375.000000 0.000000
9472 0.000000 -375.000000 0.000000
9473 0.000000 -375.000000 0.000000
9474 0.000000 -375.000000 0.000000
9475 0.000000 -375.000000 0.000000
9476 0.000000 -375.000000 0.000000
9477 0.000000 -375.000000 0.000000
9478 0.000000 -375.000000 0.000000
9479 0.000000 -375.000000 0.000000
9480 0.000000 -375.000000 0.000000
9481 0.000000 -375.000000 0.000000
9482 0.000000 -375.000000 0.000000
9483 0.000000 -375.000000 0.000000
9484 0.000000 -375.000000 0.000000
9485 75.000000 -375.000000 0.000000
9486 150.000000 -375.000000 0.000000
9487 225.000000 -375.000000 0.000000
9488 300.000000 -375.000000 0.000000
9489 375.000000 -375.000000 0.000000
9490 -375.000000 -300.000000 0.000000
9491 -300.000000 -300.000000 0.000000
9492 -225.000000 -300.000000 0.000000
9493 -150.000000 -300.000000 0.000000
9494 -75.000000 -300.000000 0.000000
9495 0.000000 -300.000000 0.000000
9496 0.000000 -300.000000 0.000000
9497 0.000000 -300.000000 0.000000
9498 0.000000 -300.000000 0.000000
9499 0.000000 -300.000000 0.000000
9500 0.000000 -300.000000 0.000000
9501 0.000000 -300.000000 0.000000
9502 0.000000 -300.000000 0.000000
9503 0.000000 -300.000000 0.000000
9504 0.000000 -300.000000 0.000000
9505 0.000000 -300.000000 0.000000
9506 0.000000 -300.000000 0.000000
9507 0.000000 -300.000000 0.000000
9508 0.000000 -300.000000 0.000000
9509 0.000000 -300.000000 0.000000
9510 0.000000 -300.000000 0.000000
9511 75.000000 -300.000000 0.000000
9512 150.000000 -300.000000 0.000000
9513 225.000000 -300.000000 0.000000
9514 300.000000 -300.000000 0.000000
9515 375.000000 -300.000000 0.000000
9516 -375.000000 -225.000000 0.000000
9517 -300.000000 -225.000000 0.000000
9518 -225.000000 -225.000000 0.000000
9519 -150.000000 -225.000000 0.000000
9520 -75.000000 -225.000000 0.000000
9521 0.000000 -225.000000 0.000000
9522 0.000000 -225.000000 0.000000
9523 0.000000 -225.000000 0.000000
9524 0.000000 -225.000000 0.000000
9525 0.000000 -225.000000 0.000000
9526 0.000000 -225.000000 0.000000
9527 0.000000 -225.000000 0.000000
9528 0.000000 -225.000000 0.000000
9529 0.000000 -225.000000 0.000000
9530 0.000000 -225.000000 0.000000
9531 0.000000 -225.000000 0.000000
9532 0.000000 -225.000000 0.000000
9533 0.000000 -225.000000 0.000000
9534 0.000000 -225.000000 0.000000
9535 0.000000 -225.000000 0.000000
9536 0.000000 -225.000000 0.000000
9537 75.000000 -225.000000 0.000000
9538 150.000000 -225.000000 0.000000
9539 225.000000 -225.000000 0.000000
9540 300.000000 -225.000000 0.000000
9541 375.000000 -225.000000 0.000000
9542 -375.000000 -150.000000 0.000000
9543 -300.000000 -150.000000 0.000000
9544 -225.000000 -150.000000 0.000000
9545 -150.000000 -150.000000 0.000000
9546 -75.000000 -150.000000 0.000000
9547 0.000000 -150.000000 0.000000
9548 0.000000 -150.000000 0.000000
9549 0.000000 -150.000000 0.000000
9550 0.000000 -150.000000 0.000000
9551 0.000000 -150.000000 0.000000
9552 0.000000 -150.000000 0.000000
9553 0.000000 -150.000000 0.000000
9554 0.000000 -150.000000 0.000000
9555 0.000000 -150.000000 0.000000
9556 0.000000 -150.000000 0.000000
9557 0.000000 -150.000000 0.000000
9558 0.000000 -150.000000 0.000000
9559 0.000000 -150.000000 0.000000
9560 0.000000 -150.000000 0.000000
9561 0.000000 -150.000000 0.000000
9562 0.000000 -150.000000 0.000000
9563 75.000000 -150.000000 0.000000
9564 150.000000 -150.000000 0.000000
9565 225.000000 -150.000000 0.000000
9566 300.000000 -150.000000 0.000000
9567 375.000000 -150.000000 0.000000
9568 -375.000000 -75.000000 0.000000
9569 -300.000000 -75.000000 0.000000
9570 -225.000000 -75.000000 0.000000
9571 -150.000000 -75.000000 0.000000
9572 -75.000000 -75.000000 0.000000
9573 0.000000 -75.000000 0.000000
9574 0.000000 -75.000000 0.000000
9575 0.000000 -75.000000 0.000000
9576 0.000000 -75.000000 0.000000
9577 0.000000 -75.000000 0.000000
9578 0.000000 -75.000000 0.000000
9579 0.000000 -75.000000 0.000000
9580 0.000000 -75.000000 0.000000
9581 0.000000 -75.000000 0.000000
9582 0.000000 -75.000000 0.000000
9583 0.000000 -75.000000 0.000000
9584 0.000000 -75.000000 0.000000
9585 0.000000 -75.000000 0.000000
9586 0.000000 -75.000000 0.000000
9587 0.000000 -75.000000 0.000000
9588 0.000000 -75.000000 0.000000
9589 75.000000 -75.000000 0.000000
9590 150.000000 -75.000000 0.000000
9591 225.000000 -75.000000 0.000000
9592 300.000000 -75.000000 0.000000
9593 375.000000 -75.000000 0.000000
9594 -375.000000 0.000000 0.000000
9595 -300.000000 0.000000 0.000000
9596 -225.000000 0.000000 0.000000
9597 -150.000000 0.000000 0.000000
9598 -75.000000 0.000000 0.000000
9615 75.000000 0.000000 0.000000
9616 150.000000 0.000000 0.000000
9617 225.000000 0.000000 0.000000
9618 300.000000 0.000000 0.000000
9619 375.000000 0.000000 0.000000
9620 -375.000000 0.000000 0.000000
9621 -300.000000 0.000000 0.000000
9622 -225.000000 0.000000 0.000000
9623 -150.000000 0.000000 0.000000
9624 -75.000000 0.000000 0.000000
9641 75.000000 0.000000 0.000000
9642 150.000000 0.000000 0.000000
9643 225.000000 0.000000 0.000000
9644 300.000000 0.000000 0.000000
9645 375.000000 0.000000 0.000000
9646 -375.000000 0.000000 0.000000
9647 -300.000000 0.000000 0.000000
9648 -225.000000 0.000000 0.000000
9649 -150.000000 0.000000 0.000000
9650 -75.000000 0.000000 0.000000
9667 75.000000 0.000000 0.000000
9668 150.000000 0.000000 0.000000
9669 225.000000 0.000000 0.000000
9670 300.000000 0.000000 0.000000
9671 375.000000 0.000000 0.000000
9672 -375.000000 0.000000 0.000000
9673 -300.000000 0.000000 0.000000
9674 -225.000000 0.000000 0.000000
9675 -150.000000 0.000000 0.000000
9676 -75.000000 0.000000 0.000000
9693 75.000000 0.000000 0.000000
9694 150.000000 0.000000 0.000000
9695 225.000000 0.000000 0.000000
9696 300.000000 0.000000 0.000000
9697 375.000000 0.000000 0.000000
9698 -375.000000 0.000000 0.000000
9699 -300.000000 0.000000 0.000000
9700 -225.000000 0.000000 0.000000
9701 -150.000000 0.000000 0.000000
9702 -75.000000 0.000000 0.000000
9719 75.000000 0.000000 0.000000
9720 150.000000 0.000000 0.000000
9721 225.000000 0.000000 0.000000
9722 300.000000 0.000000 0.000000
9723 375.000000 0.000000 0.000000
9724 -375.000000 0.000000 0.000000
9725 -300.000000 0.000000 0.000000
9726 -225.000000 0.000000 0.000000
9727 -150.000000 0.000000 0.000000
9728 -75.000000 0.000000 0.000000
9745 75.000000 0.000000 0.000000
9746 150.000000 0.000000 0.000000
9747 225.000000 0.000000 0.000000
9748 300.000000 0.000000 0.000000
9749 375.000000 0.000000 0.000000
9750 -375.000000 0.000000 0.000000
9751 -300.000000 0.000000 0.000000
9752 -225.000000 0.000000 0.000000
9753 -150.000000 0.000000 0.000000
9754 -75.000000 0.000000 0.000000
9771 75.000000 0.000000 0.000000
9772 150.000000 0.000000 0.000000
9773 225.000000 0.000000 0.000000
9774 300.000000 0.000000 0.000000
9775 375.000000 0.000000 0.000000
9776 -375.000000 0.000000 0.000000
9777 -300.000000 0.000000 0.000000
9778 -225.000000 0.000000 0.000000
9779 -150.000000 0.000000 0.000000
9780 -75.000000 0.000000 0.000000
9797 75.000000 0.000000 0.000000
9798 150.000000 0.000000 0.000000
9799 225.000000 0.000000 0.000000
9800 300.000000 0.000000 0.000000
9801 375.000000 0.000000 0.000000
9802 -375.000000 0.000000 0.000000
9803 -300.000000 0.000000 0.000000
9804 -225.000000 0.000000 0.000000
9805 -150.000000 0.000000 0.000000
9806 -75.000000 0.000000 0.000000
9823 75.000000 0.000000 0.000000
9824 150.000000 0.000000 0.000000
9825 225.000000 0.000000 0.000000
9826 300.000000 0.000000 0.000000
9827 375.000000 0.000000 0.000000
9828 -375.000000 0.000000 0.000000
9829 -300.000000 0.000000 0.000000
9830 -225.000000 0.000000 0.000000
9831 -150.000000 0.000000 0.000000
9832 -75.000000 0.000000 0.000000
9849 75.000000 0.000000 0.000000
9850 150.000000 0.000000 0.000000
9851 225.000000 0.000000 0.000000
9852 300.000000 0.000000 0.000000
9853 375.000000 0.000000 0.000000
9854 -375.000000 0.000000 0.000000
9855 -300.000000 0.000000 0.000000
9856 -225.000000 0.000000 0.000000
9857 -150.000000 0.000000 0.000000
9858 -75.000000 0.000000 0.000000
9875 75.000000 0.000000 0.000000
9876 150.000000 0.000000 0.000000
9877 225.000000 0.000000 0.000000
9878 300.000000 0.000000 0.000000
9879 375.000000 0.000000 0.000000
9880 -375.000000 0.000000 0.000000
9881 -300.000000 0.000000 0.000000
9882 -225.000000 0.000000 0.000000
9883 -150.000000 0.000000 0.000000
9884 -75.000000 0.000000 0.000000
9901 75.000000 0.000000 0.000000
9902 150.000000 0.000000 0.000000
9903 225.000000 0.000000 0.000000
9904 300.000000 0.000000 0.000000
9905 375.000000 0.000000 0.000000
9906 -375.000000 0.000000 0.000000
9907 -300.000000 0.000000 0.000000
9908 -225.000000 0.000000 0.000000
9909 -150.000000 0.000000 0.000000
9910 -75.000000 0.000000 0.000000
9927 75.000000 0.000000 0.000000
9928 150.000000 0.000000 0.000000
9929 225.000000 0.000000 0.000000
9930 300.000000 0.000000 0.000000
9931 375.000000 0.000000 0.000000
9932 -375.000000 0.000000 0.000000
9933 -300.000000 0.000000 0.000000
9934 -225.000000 0.000000 0.000000
9935 -150.000000 0.000000 0.000000
9936 -75.000000 0.000000 0.000000
9953 75.000000 0.000000 0.000000
9954 150.000000 0.000000 0.000000
9955 225.000000 0.000000 0.000000
9956 300.000000 0.000000 0.000000
9957 375.000000 0.000000 0.000000
9958 -375.000000 0.000000 0.000000
9959 -300.000000 0.000000 0.000000
9960 -225.000000 0.000000 0.000000
9961 -150.000000 0.000000 0.000000
9962 -75.000000 0.000000 0.000000
9979 75.000000 0.000000 0.000000
9980 150.000000 0.000000 0.000000
9981 225.000000 0.000000 0.000000
9982 300.000000 0.000000 0.000000
9983 375.000000 0.000000 0.000000
9984 -375.000000 0.000000 0.000000
9985 -300.000000 0.000000 0.000000
9986 -225.000000 0.000000 0.000000
9987 -150.000000 0.000000 0.000000
9988 -75.000000 0.000000 0.000000
10005 75.000000 0.000000 0.000000
10006 150.000000 0.000000 0.000000
10007 225.000000 0.000000 0.000000
10008 300.000000 0.000000 0.000000
10009 375.000000 0.000000 0.000000
10010 -375.000000 75.000000 0.000000
10011 -300.000000 75.000000 0.000000
10012 -225.000000 75.000000 0.000000
10013 -150.000000 75.000000 0.000000
10014 -75.000000 75.000000 0.000000
10015 0.000000 75.000000 0.000000
10016 0.000000 75.000000 0.000000
10017 0.000000 75.000000 0.000000
10018 0.000000 75.000000 0.000000
10019 0.000000 75.000000 0.000000
10020 0.000000 75.000000 0.000000
10021 0.000000 75.000000 0.000000
10022 0.000000 75.000000 0.000000
10023 0.000000 75.000000 0.000000
10024 0.000000 75.000000 0.000000
10025 0.000000 75.000000 0.000000
10026 0.000000 75.000000 0.000000
10027 0.000000 75.000000 0.000000
10028 0.000000 75.000000 0.000000
10029 0.000000 75.000000 0.000000
10030 0.000000 75.000000 0.000000
10031 75.000000 75.000000 0.000000
10032 150.000000 75.000000 0.000000
10033 225.000000 75.000000 0.000000
10034 300.000000 75.000000 0.000000
10035 375.000000 75.000000 0.000000
10036 -375.000000 150.000000 0.000000
10037 -300.000000 150.000000 0.000000
10038 -225.000000 150.000000 0.000000
10039 -150.000000 150.000000 0.000000
10040 -75.000000 150.000000 0.000000
10041 0.000000 150.000000 0.000000
10042 0.000000 150.000000 0.000000
10043 0.000000 150.000000 0.000000
10044 0.000000 150.000000 0.000000
10045 0.000000 150.000000 0.000000
10046 0.000000 150.000000 0.000000
10047 0.000000 150.000000 0.000000
10048 0.000000 150.000000 0.000000
10049 0.000000 150.000000 0.000000
10050 0.000000 150.000000 0.000000
10051 0.000000 150.000000 0.000000
10052 0.000000 150.000000 0.000000
10053 0.000000 150.000000 0.000000
10054 0.000000 150.000000 0.000000
10055 0.000000 150.000000 0.000000
10056 0.000000 150.000000 0.000000
10057 75.000000 150.000000 0.000000
10058 150.000000 150.000000 0.000000
10059 225.000000 150.000000 0.000000
10060 300.000000 150.000000 0.000000
10061 375.000000 150.000000 0.000000
10062 -375.000000 225.000000 0.000000
10063 -300.000000 225.000000 0.000000
10064 -225.000000 225.000000 0.000000
10065 -150.000000 225.000000 0.000000
10066 -75.000000 225.000000 0.000000
10067 0.000000 225.000000 0.000000
10068 0.000000 225.000000 0.000000
10069 0.000000 225.000000 0.000000
10070 0.000000 225.000000 0.000000
10071 0.000000 225.000000 0.000000
10072 0.000000 225.000000 0.000000
10073 0.000000 225.000000 0.000000
10074 0.000000 225.000000 0.000000
10075 0.000000 225.000000 0.000000
10076 0.000000 225.000000 0.000000
10077 0.000000 225.000000 0.000000
10078 0.000000 225.000000 0.000000
10079 0.000000 225.000000 0.000000
10080 0.000000 225.000000 0.000000
10081 0.000000 225.000000 0.000000
10082 0.000000 225.000000 0.000000
10083 75.000000 225.000000 0.000000
10084 150.000000 225.000000 0.000000
10085 225.000000 225.000000 0.000000
10086 300.000000 225.000000 0.000000
10087 375.000000 225.000000 0.000000
10088 -375.000000 300.000000 0.000000
10089 -300.000000 300.000000 0.000000
10090 -225.000000 300.000000 0.000000
10091 -150.000000 300.000000 0.000000
10092 -75.000000 300.000000 0.000000
10093 0.000000 300.000000 0.000000
10094 0.000000 300.000000 0.000000
10095 0.000000 300.000000 0.000000
10096 0.000000 300.000000 0.000000
10097 0.000000 300.000000 0.000000
10098 0.000000 300.000000 0.000000
10099 0.000000 300.000000 0.000000
10100 0.000000 300.000000 0.000000
10101 0.000000 300.000000 0.000000
10102 0.000000 300.000000 0.000000
10103 0.000000 300.000000 0.000000
10104 0.000000 300.000000 0.000000
10105 0.000000 300.000000 0.000000
10106 0.000000 300.000000 0.000000
10107 0.000000 300.000000 0.000000
10108 0.000000 300.000000 0.000000
10109 75.000000 300.000000 0.000000
10110 150.000000 300.000000 0.000000
10111 225.000000 300.000000 0.000000
10112 300.000000 300.000000 0.000000
10113 375.000000 300.000000 0.000000
10114 -375.000000 375.000000 0.000000
10115 -300.000000 375.000000 0.000000
10116 -225.000000 375.000000 0.000000
10117 -150.000000 375.000000 0.000000
10118 -75.000000 375.000000 0.000000
10119 0.000000 375.000000 0.000000
10120 0.000000 375.000000 0.000000
10121 0.000000 375.000000 0.000000
10122 0.000000 375.000000 0.000000
10123 0.000000 375.000000 0.000000
10124 0.000000 375.000000 0.000000
10125 0.000000 375.000000 0.000000
10126 0.000000 375.000000 0.000000
10127 0.000000 375.000000 0.000000
10128 0.000000 375.000000 0.000000
10129 0.000000 375.000000 0.000000
10130 0.000000 375.000000 0.000000
10131 0.000000 375.000000 0.000000
10132 0.000000 375.000000 0.000000
10133 0.000000 375.000000 0.000000
10134 0.000000 375.000000 0.000000
10135 75.000000 375.000000 0.000000
10136 150.000000 375.000000 0.000000
10137 225.000000 375.000000 0.000000
10138 300.000000 375.000000 0.000000
10139 375.000000 375.000000 0.000000
10140 -375.000000 -375.000000 0.000000
10141 -300.000000 -375.000000 0.000000
10142 -225.000000 -375.000000 0.000000
10143 -150.000000 -375.000000 0.000000
10144 -75.000000 -375.000000 0.000000
10145 0.000000 -375.000000 0.000000
10146 0.000000 -375.000000 0.000000
10147 0.000000 -375.000000 0.000000
10148 0.000000 -375.000000 0.000000
10149 0.000000 -375.000000 0.000000
10150 0.000000 -375.000000 0.000000
10151 0.000000 -375.000000 0.000000
10152 0.000000 -375.000000 0.000000
10153 0.000000 -375.000000 0.000000
10154 0.000000 -375.000000 0.000000
10155 0.000000 -375.000000 0.000000
10156 0.000000 -375.000000 0.000000
10157 0.000000 -375.000000 0.000000
10158 0.000000 -375.000000 0.000000
10159 0.000000 -375.000000 0.000000
10160 0.000000 -375.000000 0.000000
10161 75.000000 -375.000000 0.000000
10162 150.000000 -375.000000 0.000000
10163 225.000000 -375.000000 0.000000
10164 300.000000 -375.000000 0.000000
10165 375.000000 -375.000000 0.000000
10166 -375.000000 -300.000000 0.000000
10167 -300.000000 -300.000000 0.000000
10168 -225.000000 -300.000000 0.000000
10169 -150.000000 -300.000000 0.000000
10170 -75.000000 -300.000000 0.000000
10171 0.000000 -300.000000 0.000000
10172 0.000000 -300.000000 0.000000
10173 0.000000 -300.000000 0.000000
10174 0.000000 -300.000000 0.000000
10175 0.000000 -300.000000 0.000000
10176 0.000000 -300.000000 0.000000
10177 0.000000 -300.000000 0.000000
10178 0.000000 -300.000000 0.000000
10179 0.000000 -300.000000 0.000000
10180 0.000000 -300.000000 0.000000
10181 0.000000 -300.000000 0.000000
10182 0.000000 -300.000000 0.000000
10183 0.000000 -300.000000 0.000000
10184 0.000000 -300.000000 0.000000
10185 0.000000 -300.000000 0.000000
10186 0.000000 -300.000000 0.000000
10187 75.000000 -300.000000 0.000000
10188 150.000000 -300.000000 0.000000
10189 225.000000 -300.000000 0.000000
10190 300.000000 -300.000000 0.000000
10191 375.000000 -300.000000 0.000000
10192 -375.000000 -225.000000 0.000000
10193 -300.000000 -225.000000 0.000000
10194 -225.000000 -225.000000 0.000000
10195 -150.000000 -225.000000 0.000000
10196 -75.000000 -225.000000 0.000000
10197 0.000000 -225.000000 0.000000
10198 0.000000 -225.000000 0.000000
10199 0.000000 -225.000000 0.000000
10200 0.000000 -225.000000 0.000000
10201 0.000000 -225.000000 0.000000
10202 0.000000 -225.000000 0.000000
10203 0.000000 -225.000000 0.000000
10204 0.000000 -225.000000 0.000000
10205 0.000000 -225.000000 0.000000
10206 0.000000 -225.000000 0.000000
10207 0.000000 -225.000000 0.000000
10208 0.000000 -225.000000 0.000000
10209 0.000000 -225.000000 0.000000
10210 0.000000 -225.000000 0.000000
10211 0.000000 -225.000000 0.000000
10212 0.000000 -225.000000 0.000000
10213 75.000000 -225.000000 0.000000
10214 150.000000 -225.000000 0.000000
10215 225.000000 -225.000000 0.000000
10216 300.000000 -225.000000 0.000000
10217 375.000000 -225.000000 0.000000
10218 -375.000000 -150.000000 0.000000
10219 -300.000000 -150.000000 0.000000
10220 -225.000000 -150.000000 0.000000
10221 -150.000000 -150.000000 0.000000
10222 -75.000000 -150.000000 0.000000
10223 0.000000 -150.000000 0.000000
10224 0.000000 -150.000000 0.000000
10225 0.000000 -150.000000 0.000000
10226 0.000000 -150.000000 0.000000
10227 0.000000 -150.000000 0.000000
10228 0.000000 -150.000000 0.000000
10229 0.000000 -150.000000 0.000000
10230 0.000000 -150.000000 0.000000
10231 0.000000 -150.000000 0.000000
10232 0.000000 -150.000000 0.000000
10233 0.000000 -150.000000 0.000000
10234 0.000000 -150.000000 0.000000
10235 0.000000 -150.000000 0.000000
10236 0.000000 -150.000000 0.000000
10237 0.000000 -150.000000 0.000000
10238 0.000000 -150.000000 0.000000
10239 75.000000 -150.000000 0.000000
10240 150.000000 -150.000000 0.000000
10241 225.000000 -150.000000 0.000000
10242 300.000000 -150.000000 0.000000
10243 375.000000 -150.000000 0.000000
10244 -375.000000 -75.000000 0.000000
10245 -300.000000 -75.000000 0.000000
10246 -225.000000 -75.000000 0.000000
10247 -150.000000 -75.000000 0.000000
10248 -75.000000 -75.000000 0.000000
10249 0.000000 -75.000000 0.000000
10250 0.000000 -75.000000 0.000000
10251 0.000000 -75.000000 0.000000
10252 0.000000 -75.000000 0.000000
10253 0.000000 -75.000000 0.000000
10254 0.000000 -75.000000 0.000000
10255 0.000000 -75.000000 0.000000
10256 0.000000 -75.000000 0.000000
10257 0.000000 -75.000000 0.000000
10258 0.000000 -75.000000 0.000000
10259 0.000000 -75.000000 0.000000
10260 0.000000 -75.000000 0.000000
10261 0.000000 -75.000000 0.000000
10262 0.000000 -75.000000 0.000000
10263 0.000000 -75.000000 0.000000
10264 0.000000 -75.000000 0.000000
10265 75.000000 -75.000000 0.000000
10266 150.000000 -75.000000 0.000000
10267 225.000000 -75.000000 0.000000
10268 300.000000 -75.000000 0.000000
10269 375.000000 -75.000000 0.000000
10270 -375.000000 0.000000 0.000000
10271 -300.000000 0.000000 0.000000
10272 -225.000000 0.000000 0.000000
10273 -150.000000 0.000000 0.000000
10274 -75.000000 0.000000 0.000000
10291 75.000000 0.000000 0.000000
10292 150.000000 0.000000 0.000000
10293 225.000000 0.000000 0.000000
10294 300.000000 0.000000 0.000000
10295 375.000000 0.000000 0.000000
10296 -375.000000 0.000000 0.000000
10297 -300.000000 0.000000 0.000000
10298 -225.000000 0.000000 0.000000
10299 -150.000000 0.000000 0.000000
10300 -75.000000 0.000000 0.000000
10317 75.000000 0.000000 0.000000
10318 150.000000 0.000000 0.000000
10319 225.000000 0.000000 0.000000
10320 300.000000 0.000000 0.000000
10321 375.000000 0.000000 0.000000
10322 -375.000000 0.000000 0.000000
10323 -300.000000 0.000000 0.000000
10324 -225.000000 0.000000 0.000000
10325 -150.000000 0.000000 0.000000
10326 -75.000000 0.000000 0.000000
10343 75.000000 0.000000 0.000000
10344 150.000000 0.000000 0.000000
10345 225.000000 0.000000 0.000000
10346 300.000000 0.000000 0.000000
10347 375.000000 0.000000 0.000000
10348 -375.000000 0.000000 0.000000
10349 -300.000000 0.000000 0.000000
10350 -225.000000 0.000000 0.000000
10351 -150.000000 0.000000 0.000000
10352 -75.000000 0.000000 0.000000
10369 75.000000 0.000000 0.000000
10370 150.000000 0.000000 0.000000
10371 225.000000 0.000000 0.000000
10372 300.000000 0.000000 0.000000
10373 375.000000 0.000000 0.000000
10374 -375.000000 0.000000 0.000000
10375 -300.000000 0.000000 0.000000
10376 -225.000000 0.000000 0.000000
10377 -150.000000 0.000000 0.000000
10378 -75.000000 0.000000 0.000000
10395 75.000000 0.000000 0.000000
10396 150.000000 0.000000 0.000000
10397 225.000000 0.000000 0.000000
10398 300.000000 0.000000 0.000000
10399 375.000000 0.000000 0.000000
10400 -375.000000 0.000000 0.000000
10401 -300.000000 0.000000 0.000000
10402 -225.000000 0.000000 0.000000
10403 -150.000000 0.000000 0.000000
10404 -75.000000 0.000000 0.000000
10421 75.000000 0.000000 0.000000
10422 150.000000 0.000000 0.000000
10423 225.000000 0.000000 0.000000
10424 300.000000 0.000000 0.000000
10425 375.000000 0.000000 0.000000
10426 -375.000000 0.000000 0.000000
10427 -300.000000 0.000000 0.000000
10428 -225.000000 0.000000 0.000000
10429 -150.000000 0.000000 0.000000
10430 -75.000000 0.000000 0.000000
10447 75.000000 0.000000 0.000000
10448 150.000000 0.000000 0.000000
10449 225.000000 0.000000 0.000000
10450 300.000000 0.000000 0.000000
10451 375.000000 0.000000 0.000000
10452 -375.000000 0.000000 0.000000
10453 -300.000000 0.000000 0.000000
10454 -225.000000 0.000000 0.000000
10455 -150.000000 0.000000 0.000000
10456 -75.000000 0.000000 0.000000
10473 75.000000 0.000000 0.000000
10474 150.000000 0.000000 0.000000
10475 225.000000 0.000000 0.000000
10476 300.000000 0.000000 0.000000
10477 375.000000 0.000000 0.000000
10478 -375.000000 0.000000 0.000000
10479 -300.000000 0.000000 0.000000
10480 -225.000000 0.000000 0.000000
10481 -150.000000 0.000000 0.000000
10482 -75.000000 0.000000 0.000000
10499 75.000000 0.000000 0.000000
10500 150.000000 0.000000 0.000000
10501 225.000000 0.000000 0.000000
10502 300.000000 0.000000 0.000000
10503 375.000000 0.000000 0.000000
10504 -375.000000 0.000000 0.000000
10505 -300.000000 0.000000 0.000000
10506 -225.000000 0.000000 0.000000
10507 -150.000000 0.000000 0.000000
10508 -75.000000 0.000000 0.000000
10525 75.000000 0.000000 0.000000
10526 150.000000 0.000000 0.000000
10527 225.000000 0.000000 0.000000
10528 300.000000 0.000000 0.000000
10529 375.000000 0.000000 0.000000
10530 -375.000000 0.000000 0.000000
10531 -300.000000 0.000000 0.000000
10532 -225.000000 0.000000 0.000000
10533 -150.000000 0.000000 0.000000
10534 -75.000000 0.000000 0.000000
10551 75.000000 0.000000 0.000000
10552 150.000000 0.000000 0.000000
10553 225.000000 0.000000 0.000000
10554 300.000000 0.000000 0.000000
10555 375.000000 0.000000 0.000000
10556 -375.000000 0.000000 0.000000
10557 -300.000000 0.000000 0.000000
10558 -225.000000 0.000000 0.000000
10559 -150.000000 0.000000 0.000000
10560 -75.000000 0.000000 0.000000
10577 75.000000 0.000000 0.000000
10578 150.000000 0.000000 0.000000
10579 225.000000 0.000000 0.000000
10580 300.000000 0.000000 0.000000
10581 375.000000 0.000000 0.000000
10582 -375.000000 0.000000 0.000000
10583 -300.000000 0.000000 0.000000
10584 -225.000000 0.000000 0.000000
10585 -150.000000 0.000000 0.000000
10586 -75.000000 0.000000 0.000000
10603 75.000000 0.000000 0.000000
10604 150.000000 0.000000 0.000000
10605 225.000000 0.000000 0.000000
10606 300.000000 0.000000 0.000000
10607 375.000000 0.000000 0.000000
10608 -375.000000 0.000000 0.000000
10609 -300.000000 0.000000 0.000000
10610 -225.000000 0.000000 0.000000
10611 -150.000000 0.000000 0.000000
10612 -75.000000 0.000000 0.000000
10629 75.000000 0.000000 0.000000
10630 150.000000 0.000000 0.000000
10631 225.000000 0.000000 0.000000
10632 300.000000 0.000000 0.000000
10633 375.000000 0.000000 0.000000
10634 -375.000000 0.000000 0.000000
10635 -300.000000 0.000000 0.000000
10636 -225.000000 0.000000 0.000000
10637 -150.000000 0.000000 0.000000
10638 -75.000000 0.000000 0.000000
10655 75.000000 0.000000 0.000000
10656 150.000000 0.000000 0.000000
10657 225.000000 0.000000 0.000000
10658 300.000000 0.000000 0.000000
10659 375.000000 0.000000 0.000000
10660 -375.000000 0.000000 0.000000
10661 -300.000000 0.000000 0.000000
10662 -225.000000 0.000000 0.000000
10663 -150.000000 0.000000 0.000000
10664 -75.000000 0.000000 0.000000
10681 75.000000 0.000000 0.000000
10682 150.000000 0.000000 0.000000
10683 225.000000 0.000000 0.000000
10684 300.000000 0.000000 0.000000
10685 375.000000 0.000000 0.000000
10686 -375.000000 75.000000 0.000000
10687 -300.000000 75.000000 0.000000
10688 -225.000000 75.000000 0.000000
10689 -150.000000 75.000000 0.000000
10690 -75.000000 75.000000 0.000000
10691 0.000000 75.000000 0.000000
10692 0.000000 75.000000 0.000000
10693 0.000000 75.000000 0.000000
10694 0.000000 75.000000 0.000000
10695 0.000000 75.000000 0.000000
10696 0.000000 75.000000 0.000000
10697 0.000000 75.000000 0.000000
10698 0.000000 75.000000 0.000000
10699 0.000000 75.000000 0.000000
10700 0.000000 75.000000 0.000000
10701 0.000000 75.000000 0.000000
10702 0.000000 75.000000 0.000000
10703 0.000000 75.000000 0.000000
10704 0.000000 75.000000 0.000000
10705 0.000000 75.000000 0.000000
10706 0.000000 75.000000 0.000000
10707 75.000000 75.000000 0.000000
10708 150.000000 75.000000 0.000000
10709 225.000000 75.000000 0.000000
10710 300.000000 75.000000 0.000000
10711 375.000000 75.000000 0.000000
10712 -375.000000 150.000000 0.000000
10713 -300.000000 150.000000 0.000000
10714 -225.000000 150.000000 0.000000
10715 -150.000000 150.000000 0.000000
10716 -75.000000 150.000000 0.000000
10717 0.000000 150.000000 0.000000
10718 0.000000 150.000000 0.000000
10719 0.000000 150.000000 0.000000
10720 0.000000 150.000000 0.000000
10721 0.000000 150.000000 0.000000
10722 0.000000 150.000000 0.000000
10723 0.000000 150.000000 0.000000
10724 0.000000 150.000000 0.000000
10725 0.000000 150.000000 0.000000
10726 0.000000 150.000000 0.000000
10727 0.000000 150.000000 0.000000
10728 0.000000 150.000000 0.000000
10729 0.000000 150.000000 0.000000
10730 0.000000 150.000000 0.000000
10731 0.000000 150.000000 0.000000
10732 0.000000 150.000000 0.000000
10733 75.000000 150.000000 0.000000
10734 150.000000 150.000000 0.000000
10735 225.000000 150.000000 0.000000
10736 300.000000 150.000000 0.000000
10737 375.000000 150.000000 0.000000
10738 -375.000000 225.000000 0.000000
10739 -300.000000 225.000000 0.000000
10740 -225.000000 225.000000 0.000000
10741 -150.000000 225.000000 0.000000
10742 -75.000000 225.000000 0.000000
10743 0.000000 225.000000 0.000000
10744 0.000000 225.000000 0.000000
10745 0.000000 225.000000 0.000000
10746 0.000000 225.000000 0.000000
10747 0.000000 225.000000 0.000000
10748 0.000000 225.000000 0.000000
10749 0.000000 225.000000 0.000000
10750 0.000000 225.000000 0.000000
10751 0.000000 225.000000 0.000000
10752 0.000000 225.000000 0.000000
10753 0.000000 225.000000 0.000000
10754 0.000000 225.000000 0.000000
10755 0.000000 225.000000 0.000000
10756 0.000000 225.000000 0.000000
10757 0.000000 225.000000 0.000000
10758 0.000000 225.000000 0.000000
10759 75.000000 225.000000 0.000000
10760 150.000000 225.000000 0.000000
10761 225.000000 225.000000 0.000000
10762 300.000000 225.000000 0.000000
10763 375.000000 225.000000 0.000000
10764 -375.000000 300.000000 0.000000
10765 -300.000000 300.000000 0.000000
10766 -225.000000 300.000000 0.000000
10767 -150.000000 300.000000 0.000000
10768 -75.000000 300.000000 0.000000
10769 0.000000 300.000000 0.000000
10770 0.000000 300.000000 0.000000
10771 0.000000 300.000000 0.000000
10772 0.000000 300.000000 0.000000
10773 0.000000 300.000000 0.000000
10774 0.000000 300.000000 0.000000
10775 0.000000 300.000000 0.000000
10776 0.000000 300.000000 0.000000
10777 0.000000 300.000000 0.000000
10778 0.000000 300.000000 0.000000
10779 0.000000 300.000000 0.000000
10780 0.000000 300.000000 0.000000
10781 0.000000 300.000000 0.000000
10782 0.000000 300.000000 0.000000
10783 0.000000 300.000000 0.000000
10784 0.000000 300.000000 0.000000
10785 75.000000 300.000000 0.000000
10786 150.000000 300.000000 0.000000
10787 225.000000 300.000000 0.000000
10788 300.000000 300.000000 0.000000
10789 375.000000 300.000000 0.000000
10790 -375.000000 375.000000 0.000000
10791 -300.000000 375.000000 0.000000
10792 -225.000000 375.000000 0.000000
10793 -150.000000 375.000000 0.000000
10794 -75.000000 375.000000 0.000000
10795 0.000000 375.000000 0.000000
10796 0.000000 375.000000 0.000000
10797 0.000000 375.000000 0.000000
10798 0.000000 375.000000 0.000000
10799 0.000000 375.000000 0.000000
10800 0.000000 375.000000 0.000000
10801 0.000000 375.000000 0.000000
10802 0.000000 375.000000 0.000000
10803 0.000000 375.000000 0.000000
10804 0.000000 375.000000 0.000000
10805 0.000000 375.000000 0.000000
10806 0.000000 375.000000 0.000000
10807 0.000000 375.000000 0.000000
10808 0.000000 375.000000 0.000000
10809 0.000000 375.000000 0.000000
10810 0.000000 375.000000 0.000000
10811 75.000000 375.000000 0.000000
10812 150.000000 375.000000 0.000000
10813 225.000000 375.000000 0.000000
10814 300.000000 375.000000 0.000000
10815 375.000000 375.000000 0.000000
10816 -375.000000 -375.000000 75.000000
10817 -300.000000 -375.000000 75.000000
10818 -225.000000 -375.000000 75.000000
10819 -150.000000 -375.000000 75.000000
10820 -75.000000 -375.000000 75.000000
10821 0.000000 -375.000000 75.000000
10822 0.000000 -375.000000 75.000000
10823 0.000000 -375.000000 75.000000
10824 0.000000 -375.000000 75.000000
10825 0.000000 -375.000000 75.000000
10826 0.000000 -375.000000 75.000000
10827 0.000000 -375.000000 75.000000
10828 0.000000 -375.000000 75.000000
10829 0.000000 -375.000000 75.000000
10830 0.000000 -375.000000 75.000000
10831 0.000000 -375.000000 75.000000
10832 0.000000 -375.000000 75.000000
10833 0.000000 -375.000000 75.000000
10834 0.000000 -375.000000 75.000000
10835 0.000000 -375.000000 75.000000
10836 0.000000 -375.000000 75.000000
10837 75.000000 -375.000000 75.000000
10838 150.000000 -375.000000 75.000000
10839 225.000000 -375.000000 75.000000
10840 300.000000 -375.000000 75.000000
10841 375.000000 -375.000000 75.000000
10842 -375.000000 -300.000000 75.000000
10843 -300.000000 -300.000000 75.000000
10844 -225.000000 -300.000000 75.000000
10845 -150.000000 -300.000000 75.000000
10846 -75.000000 -300.000000 75.000000
10847 0.000000 -300.000000 75.000000
10848 0.000000 -300.000000 75.000000
10849 0.000000 -300.000000 75.000000
10850 0.000000 -300.000000 75.000000
10851 0.000000 -300.000000 75.000000
10852 0.000000 -300.000000 75.000000
10853 0.000000 -300.000000 75.000000
10854 0.000000 -300.000000 75.000000
10855 0.000000 -300.000000 75.000000
10856 0.000000 -300.000000 75.000000
10857 0.000000 -300.000000 75.000000
10858 0.000000 -300.000000 75.000000
10859 0.000000 -300.000000 75.000000
10860 0.000000 -300.000000 75.000000
10861 0.000000 -300.000000 75.000000
10862 0.000000 -300.000000 75.000000
10863 75.000000 -300.000000 75.000000
10864 150.000000 -300.000000 75.000000
10865 225.000000 -300.000000 75.000000
10866 300.000000 -300.000000 75.000000
10867 375.000000 -300.000000 75.000000
10868 -375.000000 -225.000000 75.000000
10869 -300.000000 -225.000000 75.000000
10870 -225.000000 -225.000000 75.000000
10871 -150.000000 -225.000000 75.000000
10872 -75.000000 -225.000000 75.000000
10873 0.000000 -225.000000 75.000000
10874 0.000000 -225.000000 75.000000
10875 0.000000 -225.000000 75.000000
10876 0.000000 -225.000000 75.000000
10877 0.000000 -225.000000 75.000000
10878 0.000000 -225.000000 75.000000
10879 0.000000 -225.000000 75.000000
10880 0.000000 -225.000000 75.000000
10881 0.000000 -225.000000 75.000000
10882 0.000000 -225.000000 75.000000
10883 0.000000 -225.000000 75.000000
10884 0.000000 -225.000000 75.000000
10885 0.000000 -225.000000 75.000000
10886 0.000000 -225.000000 75.000000
10887 0.000000 -225.000000 75.000000
10888 0.000000 -225.000000 75.000000
10889 75.000000 -225.000000 75.000000
10890 150.000000 -225.000000 75.000000
10891 225.000000 -225.000000 75.000000
10892 300.000000 -225.000000 75.000000
10893 375.000000 -225.000000 75.000000
10894 -375.000000 -150.000000 75.000000
10895 -300.000000 -150.000000 75.000000
10896 -225.000000 -150.000000 75.000000
10897 -150.000000 -150.000000 75.000000
10898 -75.000000 -150.000000 75.000000
10899 0.000000 -150.000000 75.000000
10900 0.000000 -150.000000 75.000000
10901 0.000000 -150.000000 75.000000
10902 0.000000 -150.000000 75.000000
10903 0.000000 -150.000000 75.000000
10904 0.000000 -150.000000 75.000000
10905 0.000000 -150.000000 75.000000
10906 0.000000 -150.000000 75.000000
10907 0.000000 -150.000000 75.000000
10908 0.000000 -150.000000 75.000000
10909 0.000000 -150.000000 75.000000
10910 0.000000 -150.000000 75.000000
10911 0.000000 -150.000000 75.000000
10912 0.000000 -150.000000 75.000000
10913 0.000000 -150.000000 75.000000
10914 0.000000 -150.000000 75.000000
10915 75.000000 -150.000000 75.000000
10916 150.000000 -150.000000 75.000000
10917 225.000000 -150.000000 75.000000
10918 300.000000 -150.000000 75.000000
10919 375.000000 -150.000000 75.000000
10920 -375.000000 -75.000000 75.000000
10921 -300.000000 -75.000000 75.000000
10922 -225.000000 -75.000000 75.000000
10923 -150.000000 -75.000000 75.000000
10924 -75.000000 -75.000000 75.000000
10925 0.000000 -75.000000 75.000000
10926 0.000000 -75.000000 75.000000
10927 0.000000 -75.000000 75.000000
10928 0.000000 -75.000000 75.000000
10929 0.000000 -75.000000 75.000000
10930 0.000000 -75.000000 75.000000
10931 0.000000 -75.000000 75.000000
10932 0.000000 -75.000000 75.000000
10933 0.000000 -75.000000 75.000000
10934 0.000000 -75.000000 75.000000
10935 0.000000 -75.000000 75.000000
10936 0.000000 -75.000000 75.000000
10937 0.000000 -75.000000 75.000000
10938 0.000000 -75.000000 75.000000
10939 0.000000 -75.000000 75.000000
10940 0.000000 -75.000000 75.000000
10941 75.000000 -75.000000 75.000000
10942 150.000000 -75.000000 75.000000
10943 225.000000 -75.000000 75.000000
10944 300.000000 -75.000000 75.000000
10945 375.000000 -75.000000 75.000000
10946 -375.000000 0.000000 75.000000
10947 -300.000000 0.000000 75.000000
10948 -225.000000 0.000000 75.000000
10949 -150.000000 0.000000 75.000000
10950 -75.000000 0.000000 75.000000
10951 0.000000 0.000000 75.000000
10952 0.000000 0.000000 75.000000
10953 0.000000 0.000000 75.000000
10954 0.000000 0.000000 75.000000
10955 0.000000 0.000000 75.000000
10956 0.000000 0.000000 75.000000
10957 0.000000 0.000000 75.000000
10958 0.000000 0.000000 75.000000
10959 0.000000 0.000000 75.000000
10960 0.000000 0.000000 75.000000
10961 0.000000 0.000000 75.000000
10962 0.000000 0.000000 75.000000
10963 0.000000 0.000000 75.000000
10964 0.000000 0.000000 75.000000
10965 0.000000 0.000000 75.000000
10966 0.000000 0.000000 75.000000
10967 75.000000 0.000000 75.000000
10968 150.000000 0.000000 75.000000
10969 225.000000 0.000000 75.000000
10970 300.000000 0.000000 75.000000
10971 375.000000 0.000000 75.000000
10972 -375.000000 0.000000 75.000000
10973 -300.000000 0.000000 75.000000
10974 -225.000000 0.000000 75.000000
10975 -150.000000 0.000000 75.000000
10976 -75.000000 0.000000 75.000000
10977 0.000000 0.000000 75.000000
10978 0.000000 0.000000 75.000000
10979 0.000000 0.000000 75.000000
10980 0.000000 0.000000 75.000000
10981 0.000000 0.000000 75.000000
10982 0.000000 0.000000 75.000000
10983 0.000000 0.000000 75.000000
10984 0.000000 0.000000 75.000000
10985 0.000000 0.000000 75.000000
10986 0.000000 0.000000 75.000000
10987 0.000000 0.000000 75.000000
10988 0.000000 0.000000 75.000000
10989 0.000000 0.000000 75.000000
10990 0.000000 0.000000 75.000000
10991 0.000000 0.000000 75.000000
10992 0.000000 0.000000 75.000000
10993 75.000000 0.000000 75.000000
10994 150.000000 0.000000 75.000000
10995 225.000000 0.000000 75.000000
10996 300.000000 0.000000 75.000000
10997 375.000000 0.000000 75.000000
10998 -375.000000 0.000000 75.000000
10999 -300.000000 0.000000 75.000000
11000 -225.000000 0.000000 75.000000
11001 -150.000000 0.000000 75.000000
11002 -75.000000 0.000000 75.000000
11003 0.000000 0.000000 75.000000
11004 0.000000 0.000000 75.000000
11005 0.000000 0.000000 75.000000
11006 0.000000 0.000000 75.000000
11007 0.000000 0.000000 75.000000
11008 0.000000 0.000000 75.000000
11009 0.000000 0.000000 75.000000
11010 0.000000 0.000000 75.000000
11011 0.000000 0.000000 75.000000
11012 0.000000 0.000000 75.000000
11013 0.000000 0.000000 75.000000
11014 0.000000 0.000000 75.000000
11015 0.000000 0.000000 75.000000
11016 0.000000 0.000000 75.000000
11017 0.000000 0.000000 75.000000
11018 0.000000 0.000000 75.000000
11019 75.000000 0.000000 75.000000
11020 150.000000 0.000000 75.000000
11021 225.000000 0.000000 75.000000
11022 300.000000 0.000000 75.000000
11023 375.000000 0.000000 75.000000
11024 -375.000000 0.000000 75.000000
11025 -300.000000 0.000000 75.000000
11026 -225.000000 0.000000 75.000000
11027 -150.000000 0.000000 75.000000
11028 -75.000000 0.000000 75.000000
11029 0.000000 0.000000 75.000000
11030 0.000000 0.000000 75.000000
11031 0.000000 0.000000 75.000000
11032 0.000000 0.000000 75.000000
11033 0.000000 0.000000 75.000000
11034 0.000000 0.000000 75.000000
11035 0.000000 0.000000 75.000000
11036 0.000000 0.000000 75.000000
11037 0.000000 0.000000 75.000000
11038 0.000000 0.000000 75.000000
11039 0.000000 0.000000 75.000000
11040 0.000000 0.000000 75.000000
11041 0.000000 0.000000 75.000000
11042 0.000000 0.000000 75.000000
11043 0.000000 0.000000 75.000000
11044 0.000000 0.000000 75.000000
11045 75.000000 0.000000 75.000000
11046 150.000000 0.000000 75.000000
11047 225.000000 0.000000 75.000000
11048 300.000000 0.000000 75.000000
11049 375.000000 0.000000 75.000000
11050 -375.000000 0.000000 75.000000
11051 -300.000000 0.000000 75.000000
11052 -225.000000 0.000000 75.000000
11053 -150.000000 0.000000 75.000000
11054 -75.000000 0.000000 75.000000
11055 0.000000 0.000000 75.000000
11056 0.000000 0.000000 75.000000
11057 0.000000 0.000000 75.000000
11058 0.000000 0.000000 75.000000
11059 0.000000 0.000000 75.000000
11060 0.000000 0.000000 75.000000
11061 0.000000 0.000000 75.000000
11062 0.000000 0.000000 75.000000
11063 0.000000 0.000000 75.000000
11064 0.000000 0.000000 75.000000
11065 0.000000 0.000000 75.000000
11066 0.000000 0.000000 75.000000
11067 0.000000 0.000000 75.000000
11068 0.000000 0.000000 75.000000
11069 0.000000 0.000000 75.000000
11070 0.000000 0.000000 75.000000
11071 75.000000 0.000000 75.000000
11072 150.000000 0.000000 75.000000
11073 225.000000 0.000000 75.000000
11074 300.000000 0.000000 75.000000
11075 375.000000 0.000000 75.000000
11076 -375.000000 0.000000 75.000000
11077 -300.000000 0.000000 75.000000
11078 -225.000000 0.000000 75.000000
11079 -150.000000 0.000000 75.000000
11080 -75.000000 0.000000 75.000000
11081 0.000000 0.000000 75.000000
11082 0.000000 0.000000 75.000000
11083 0.000000 0.000000 75.000000
11084 0.000000 0.000000 75.000000
11085 0.000000 0.000000 75.000000
11086 0.000000 0.000000 75.000000
11087 0.000000 0.000000 75.000000
11088 0.000000 0.000000 75.000000
11089 0.000000 0.000000 75.000000
11090 0.000000 0.000000 75.000000
11091 0.000000 0.000000 75.000000
11092 0.000000 0.000000 75.000000
11093 0.000000 0.000000 75.000000
11094 0.000000 0.000000 75.000000
11095 0.000000 0.000000 75.000000
11096 0.000000 0.000000 75.000000
11097 75.000000 0.000000 75.000000
11098 150.000000 0.000000 75.000000
11099 225.000000 0.000000 75.000000
11100 300.000000 0.000000 75.000000
11101 375.000000 0.000000 75.000000
11102 -375.000000 0.000000 75.000000
11103 -300.000000 0.000000 75.000000
11104 -225.000000 0.000000 75.000000
11105 -150.000000 0.000000 75.000000
11106 -75.000000 0.000000 75.000000
11107 0.000000 0.000000 75.000000
11108 0.000000 0.000000 75.000000
11109 0.000000 0.000000 75.000000
11110 0.000000 0.000000 75.000000
11111 0.000000 0.000000 75.000000
11112 0.000000 0.000000 75.000000
11113 0.000000 0.000000 75.000000
11114 0.000000 0.000000 75.000000
11115 0.000000 0.000000 75.000000
11116 0.000000 0.000000 75.000000
11117 0.000000 0.000000 75.000000
11118 0.000000 0.000000 75.000000
11119 0.000000 0.000000 75.000000
11120 0.000000 0.000000 75.000000
11121 0.000000 0.000000 75.000000
11122 0.000000 0.000000 75.000000
11123 75.000000 0.000000 75.000000
11124 150.000000 0.000000 75.000000
11125 225.000000 0.000000 75.000000
11126 300.000000 0.000000 75.000000
11127 375.000000 0.000000 75.000000
11128 -375.000000 0.000000 75.000000
11129 -300.000000 0.000000 75.000000
11130 -225.000000 0.000000 75.000000
11131 -150.000000 0.000000 75.000000
11132 -75.000000 0.000000 75.000000
11133 0.000000 0.000000 75.000000
11134 0.000000 0.000000 75.000000
11135 0.000000 0.000000 75.000000
11136 0.000000 0.000000 75.000000
11137 0.000000 0.000000 75.000000
11138 0.000000 0.000000 75.000000
11139 0.000000 0.000000 75.000000
11140 0.000000 0.000000 75.000000
11141 0.000000 0.000000 75.000000
11142 0.000000 0.000000 75.000000
11143 0.000000 0.000000 75.000000
11144 0.000000 0.000000 75.000000
11145 0.000000 0.000000 75.000000
11146 0.000000 0.000000 75.000000
11147 0.000000 0.000000 75.000000
11148 0.000000 0.000000 75.000000
11149 75.000000 0.000000 75.000000
11150 150.000000 0.000000 75.000000
11151 225.000000 0.000000 75.000000
11152 300.000000 0.000000 75.000000
11153 375.000000 0.000000 75.000000
11154 -375.000000 0.000000 75.000000
11155 -300.000000 0.000000 75.000000
11156 -225.000000 0.000000 75.000000
11157 -150.000000 0.000000 75.000000
11158 -75.000000 0.000000 75.000000
11159 0.000000 0.000000 75.000000
11160 0.000000 0.000000 75.000000
11161 0.000000 0.000000 75.000000
11162 0.000000 0.000000 75.000000
11163 0.000000 0.000000 75.000000
11164 0.000000 0.000000 75.000000
11165 0.000000 0.000000 75.000000
11166 0.000000 0.000000 75.000000
11167 0.000000 0.000000 75.000000
11168 0.000000 0.000000 75.000000
11169 0.000000 0.000000 75.000000
11170 0.000000 0.000000 75.000000
11171 0.000000 0.000000 75.000000
11172 0.000000 0.000000 75.000000
11173 0.000000 0.000000 75.000000
11174 0.000000 0.000000 75.000000
11175 75.000000 0.000000 75.000000
11176 150.000000 0.000000 75.000000
11177 225.000000 0.000000 75.000000
11178 300.000000 0.000000 75.000000
11179 375.000000 0.000000 75.000000
11180 -375.000000 0.000000 75.000000
11181 -300.000000 0.000000 75.000000
11182 -225.000000 0.000000 75.000000
11183 -150.000000 0.000000 75.000000
11184 -75.000000 0.000000 75.000000
11185 0.000000 0.000000 75.000000
11186 0.000000 0.000000 75.000000
11187 0.000000 0.000000 75.000000
11188 0.000000 0.000000 75.000000
11189 0.000000 0.000000 75.000000
11190 0.000000 0.000000 75.000000
11191 0.000000 0.000000 75.000000
11192 0.000000 0.000000 75.000000
11193 0.000000 0.000000 75.000000
11194 0.000000 0.000000 75.000000
11195 0.000000 0.000000 75.000000
11196 0.000000 0.000000 75.000000
11197 0.000000 0.000000 75.000000
11198 0.000000 0.000000 75.000000
11199 0.000000 0.000000 75.000000
11200 0.000000 0.000000 75.000000
11201 75.000000 0.000000 75.000000
11202 150.000000 0.000000 75.000000
11203 225.000000 0.000000 75.000000
11204 300.000000 0.000000 75.000000
11205 375.000000 0.000000 75.000000
11206 -375.000000 0.000000 75.000000
11207 -300.000000 0.000000 75.000000
11208 -225.000000 0.000000 75.000000
11209 -150.000000 0.000000 75.000000
11210 -75.000000 0.000000 75.000000
11211 0.000000 0.000000 75.000000
11212 0.000000 0.000000 75.000000
11213 0.000000 0.000000 75.000000
11214 0.000000 0.000000 75.000000
11215 0.000000 0.000000 75.000000
11216 0.000000 0.000000 75.000000
11217 0.000000 0.000000 75.000000
11218 0.000000 0.000000 75.000000
11219 0.000000 0.000000 75.000000
11220 0.000000 0.000000 75.000000
11221 0.000000 0.000000 75.000000
11222 0.000000 0.000000 75.000000
11223 0.000000 0.000000 75.000000
11224 0.000000 0.000000 75.000000
11225 0.000000 0.000000 75.000000
11226 0.000000 0.000000 75.000000
11227 75.000000 0.000000 75.000000
11228 150.000000 0.000000 75.000000
11229 225.000000 0.000000 75.000000
11230 300.000000 0.000000 75.000000
11231 375.000000 0.000000 75.000000
11232 -375.000000 0.000000 75.000000
11233 -300.000000 0.000000 75.000000
11234 -225.000000 0.000000 75.000000
11235 -150.000000 0.000000 75.000000
11236 -75.000000 0.000000 75.000000
11237 0.000000 0.000000 75.000000
11238 0.000000 0.000000 75.000000
11239 0.000000 0.000000 75.000000
11240 0.000000 0.000000 75.000000
11241 0.000000 0.000000 75.000000
11242 0.000000 0.000000 75.000000
11243 0.000000 0.000000 75.000000
11244 0.000000 0.000000 75.000000
11245 0.000000 0.000000 75.000000
11246 0.000000 0.000000 75.000000
11247 0.000000 0.000000 75.000000
11248 0.000000 0.000000 75.000000
11249 0.000000 0.000000 75.000000
11250 0.000000 0.000000 75.000000
11251 0.000000 0.000000 75.000000
11252 0.000000 0.000000 75.000000
11253 75.000000 0.000000 75.000000
11254 150.000000 0.000000 75.000000
11255 225.000000 0.000000 75.000000
11256 300.000000 0.000000 75.000000
11257 375.000000 0.000000 75.000000
11258 -375.000000 0.000000 75.000000
11259 -300.000000 0.000000 75.000000
11260 -225.000000 0.000000 75.000000
11261 -150.000000 0.000000 75.000000
11262 -75.000000 0.000000 75.000000
11263 0.000000 0.000000 75.000000
11264 0.000000 0.000000 75.000000
11265 0.000000 0.000000 75.000000
11266 0.000000 0.000000 75.000000
11267 0.000000 0.000000 75.000000
11268 0.000000 0.000000 75.000000
11269 0.000000 0.000000 75.000000
11270 0.000000 0.000000 75.000000
11271 0.000000 0.000000 75.000000
11272 0.000000 0.000000 75.000000
11273 0.000000 0.000000 75.000000
11274 0.000000 0.000000 75.000000
11275 0.000000 0.000000 75.000000
11276 0.000000 0.000000 75.000000
11277 0.000000 0.000000 75.000000
11278 0.000000 0.000000 75.000000
11279 75.000000 0.000000 75.000000
11280 150.000000 0.000000 75.000000
11281 225.000000 0.000000 75.000000
11282 300.000000 0.000000 75.000000
11283 375.000000 0.000000 75.000000
11284 -375.000000 0.000000 75.000000
11285 -300.000000 0.000000 75.000000
11286 -225.000000 0.000000 75.000000
11287 -150.000000 0.000000 75.000000
11288 -75.000000 0.000000 75.000000
11289 0.000000 0.000000 75.000000
11290 0.000000 0.000000 75.000000
11291 0.000000 0.000000 75.000000
11292 0.000000 0.000000 75.000000
11293 0.000000 0.000000 75.000000
11294 0.000000 0.000000 75.000000
11295 0.000000 0.000000 75.000000
11296 0.000000 0.000000 75.000000
11297 0.000000 0.000000 75.000000
11298 0.000000 0.000000 75.000000
11299 0.000000 0.000000 75.000000
11300 0.000000 0.000000 75.000000
11301 0.000000 0.000000 75.000000
11302 0.000000 0.000000 75.000000
11303 0.000000 0.000000 75.000000
11304 0.000000 0.000000 75.000000
11305 75.000000 0.000000 75.000000
11306 150.000000 0.000000 75.000000
11307 225.000000 0.000000 75.000000
11308 300.000000 0.000000 75.000000
11309 375.000000 0.000000 75.000000
11310 -375.000000 0.000000 75.000000
11311 -300.000000 0.000000 75.000000
11312 -225.000000 0.000000 75.000000
11313 -150.000000 0.000000 75.000000
11314 -75.000000 0.000000 75.000000
11315 0.000000 0.000000 75.000000
11316 0.000000 0.000000 75.000000
11317 0.000000 0.000000 75.000000
11318 0.000000 0.000000 75.000000
11319 0.000000 0.000000 75.000000
11320 0.000000 0.000000 75.000000
11321 0.000000 0.000000 75.000000
11322 0.000000 0.000000 75.000000
11323 0.000000 0.000000 75.000000
11324 0.000000 0.000000 75.000000
11325 0.000000 0.000000 75.000000
11326 0.000000 0.000000 75.000000
11327 0.000000 0.000000 75.000000
11328 0.000000 0.000000 75.000000
11329 0.000000 0.000000 75.000000
11330 0.000000 0.000000 75.000000
11331 75.000000 0.000000 75.000000
11332 150.000000 0.000000 75.000000
11333 225.000000 0.000000 75.000000
11334 300.000000 0.000000 75.000000
11335 375.000000 0.000000 75.000000
11336 -375.000000 0.000000 75.000000
11337 -300.000000 0.000000 75.000000
11338 -225.000000 0.000000 75.000000
11339 -150.000000 0.000000 75.000000
11340 -75.000000 0.000000 75.000000
11341 0.000000 0.000000 75.000000
11342 0.000000 0.000000 75.000000
11343 0.000000 0.000000 75.000000
11344 0.000000 0.000000 75.000000
11345 0.000000 0.000000 75.000000
11346 0.000000 0.000000 75.000000
11347 0.000000 0.000000 75.000000
11348 0.000000 0.000000 75.000000
11349 0.000000 0.000000 75.000000
11350 0.000000 0.000000 75.000000
11351 0.000000 0.000000 75.000000
11352 0.000000 0.000000 75.000000
11353 0.000000 0.000000 75.000000
11354 0.000000 0.000000 75.000000
11355 0.000000 0.000000 75.000000
11356 0.000000 0.000000 75.000000
11357 75.000000 0.000000 75.000000
11358 150.000000 0.000000 75.000000
11359 225.000000 0.000000 75.000000
11360 300.000000 0.000000 75.000000
11361 375.000000 0.000000 75.000000
11362 -375.000000 75.000000 75.000000
11363 -300.000000 75.000000 75.000000
11364 -225.000000 75.000000 75.000000
11365 -150.000000 75.000000 75.000000
11366 -75.000000 75.000000 75.000000
11367 0.000000 75.000000 75.000000
11368 0.000000 75.000000 75.000000
11369 0.000000 75.000000 75.000000
11370 0.000000 75.000000 75.000000
11371 0.000000 75.000000 75.000000
11372 0.000000 75.000000 75.000000
11373 0.000000 75.000000 75.000000
11374 0.000000 75.000000 75.000000
11375 0.000000 75.000000 75.000000
11376 0.000000 75.000000 75.000000
11377 0.000000 75.000000 75.000000
11378 0.000000 75.000000 75.000000
11379 0.000000 75.000000 75.000000
11380 0.000000 75.000000 75.000000
11381 0.000000 75.000000 75.000000
11382 0.000000 75.000000 75.000000
11383 75.000000 75.000000 75.000000
11384 150.000000 75.000000 75.000000
11385 225.000000 75.000000 75.000000
11386 300.000000 75.000000 75.000000
11387 375.000000 75.000000 75.000000
11388 -375.000000 150.000000 75.000000
11389 -300.000000 150.000000 75.000000
11390 -225.000000 150.000000 75.000000
11391 -150.000000 150.000000 75.000000
11392 -75.000000 150.000000 75.000000
11393 0.000000 150.000000 75.000000
11394 0.000000 150.000000 75.000000
11395 0.000000 150.000000 75.000000
11396 0.000000 150.000000 75.000000
11397 0.000000 150.000000 75.000000
11398 0.000000 150.000000 75.000000
11399 0.000000 150.000000 75.000000
11400 0.000000 150.000000 75.000000
11401 0.000000 150.000000 75.000000
11402 0.000000 150.000000 75.000000
11403 0.000000 150.000000 75.000000
11404 0.000000 150.000000 75.000000
11405 0.000000 150.000000 75.000000
11406 0.000000 150.000000 75.000000
11407 0.000000 150.000000 75.000000
11408 0.000000 150.000000 75.000000
11409 75.000000 150.000000 75.000000
11410 150.000000 150.000000 75.000000
11411 225.000000 150.000000 75.000000
11412 300.000000 150.000000 75.000000
11413 375.000000 150.000000 75.000000
11414 -375.000000 225.000000 75.000000
11415 -300.000000 225.000000 75.000000
11416 -225.000000 225.000000 75.000000
11417 -150.000000 225.000000 75.000000
11418 -75.000000 225.000000 75.000000
11419 0.000000 225.000000 75.000000
11420 0.000000 225.000000 75.000000
11421 0.000000 225.000000 75.000000
11422 0.000000 225.000000 75.000000
11423 0.000000 225.000000 75.000000
11424 0.000000 225.000000 75.000000
11425 0.000000 225.000000 75.000000
11426 0.000000 225.000000 75.000000
11427 0.000000 225.000000 75.000000
11428 0.000000 225.000000 75.000000
11429 0.000000 225.000000 75.000000
11430 0.000000 225.000000 75.000000
11431 0.000000 225.000000 75.000000
11432 0.000000 225.000000 75.000000
11433 0.000000 225.000000 75.000000
11434 0.000000 225.000000 75.000000
11435 75.000000 225.000000 75.000000
11436 150.000000 225.000000 75.000000
11437 225.000000 225.000000 75.000000
11438 300.000000 225.000000 75.000000
11439 375.000000 225.000000 75.000000
11440 -375.000000 300.000000 75.000000
11441 -300.000000 300.000000 75.000000
11442 -225.000000 300.000000 75.000000
11443 -150.000000 300.000000 75.000000
11444 -75.000000 300.000000 75.000000
11445 0.000000 300.000000 75.000000
11446 0.000000 300.000000 75.000000
11447 0.000000 300.000000 75.000000
11448 0.000000 300.000000 75.000000
11449 0.000000 300.000000 75.000000
11450 0.000000 300.000000 75.000000
11451 0.000000 300.000000 75.000000
11452 0.000000 300.000000 75.000000
11453 0.000000 300.000000 75.000000
11454 0.000000 300.000000 75.000000
11455 0.000000 300.000000 75.000000
11456 0.000000 300.000000 75.000000
11457 0.000000 300.000000 75.000000
11458 0.000000 300.000000 75.000000
11459 0.000000 300.000000 75.000000
11460 0.000000 300.000000 75.000000
11461 75.000000 300.000000 75.000000
11462 150.000000 300.000000 75.000000
11463 225.000000 300.000000 75.000000
11464 300.000000 300.000000 75.000000
11465 375.000000 300.000000 75.000000
11466 -375.000000 375.000000 75.000000
11467 -300.000000 375.000000 75.000000
11468 -225.000000 375.000000 75.000000
11469 -150.000000 375.000000 75.000000
11470 -75.000000 375.000000 75.000000
11471 0.000000 375.000000 75.000000
11472 0.000000 375.000000 75.000000
11473 0.000000 375.000000 75.000000
11474 0.000000 375.000000 75.000000
11475 0.000000 375.000000 75.000000
11476 0.000000 375.000000 75.000000
11477 0.000000 375.000000 75.000000
11478 0.000000 375.000000 75.000000
11479 0.000000 375.000000 75.000000
11480 0.000000 375.000000 75.000000
11481 0.000000 375.000000 75.000000
11482 0.000000 375.000000 75.000000
11483 0.000000 375.000000 75.000000
11484 0.000000 375.000000 75.000000
11485 0.000000 375.000000 75.000000
11486 0.000000 375.000000 75.000000
11487 75.000000 375.000000 75.000000
11488 150.000000 375.000000 75.000000
11489 225.000000 375.000000 75.000000
11490 300.000000 375.000000 75.000000
11491 375.000000 375.000000 75.000000
11492 -375.000000 -375.000000 150.000000
11493 -300.000000 -375.000000 150.000000
11494 -225.000000 -375.000000 150.000000
11495 -150.000000 -375.000000 150.000000
11496 -75.000000 -375.000000 150.000000
11497 0.000000 -375.000000 150.000000
11498 0.000000 -375.000000 150.000000
11499 0.000000 -375.000000 150.000000
11500 0.000000 -375.000000 150.000000
11501 0.000000 -375.000000 150.000000
11502 0.000000 -375.000000 150.000000
11503 0.000000 -375.000000 150.000000
11504 0.000000 -375.000000 150.000000
11505 0.000000 -375.000000 150.000000
11506 0.000000 -375.000000 150.000000
11507 0.000000 -375.000000 150.000000
11508 0.000000 -375.000000 150.000000
11509 0.000000 -375.000000 150.000000
11510 0.000000 -375.000000 150.000000
11511 0.000000 -375.000000 150.000000
11512 0.000000 -375.000000 150.000000
11513 75.000000 -375.000000 150.000000
11514 150.000000 -375.000000 150.000000
11515 225.000000 -375.000000 150.000000
11516 300.000000 -375.000000 150.000000
11517 375.000000 -375.000000 150.000000
11518 -375.000000 -300.000000 150.000000
11519 -300.000000 -300.000000 150.000000
11520 -225.000000 -300.000000 150.000000
11521 -150.000000 -300.000000 150.000000
11522 -75.000000 -300.000000 150.000000
11523 0.000000 -300.000000 150.000000
11524 0.000000 -300.000000 150.000000
11525 0.000000 -300.000000 150.000000
11526 0.000000 -300.000000 150.000000
11527 0.000000 -300.000000 150.000000
11528 0.000000 -300.000000 150.000000
11529 0.000000 -300.000000 150.000000
11530 0.000000 -300.000000 150.000000
11531 0.000000 -300.000000 150.000000
11532 0.000000 -300.000000 150.000000
11533 0.000000 -300.000000 150.000000
11534 0.000000 -300.000000 150.000000
11535 0.000000 -300.000000 150.000000
11536 0.000000 -300.000000 150.000000
11537 0.000000 -300.000000 150.000000
11538 0.000000 -300.000000 150.000000
11539 75.000000 -300.000000 150.000000
11540 150.000000 -300.000000 150.000000
11541 225.000000 -300.000000 150.000000
11542 300.000000 -300.000000 150.000000
11543 375.000000 -300.000000 150.000000
11544 -375.000000 -225.000000 150.000000
11545 -300.000000 -225.000000 150.000000
11546 -225.000000 -225.000000 150.000000
11547 -150.000000 -225.000000 150.000000
11548 -75.000000 -225.000000 150.000000
11549 0.000000 -225.000000 150.000000
11550 0.000000 -225.000000 150.000000
11551 0.000000 -225.000000 150.000000
11552 0.000000 -225.000000 150.000000
11553 0.000000 -225.000000 150.000000
11554 0.000000 -225.000000 150.000000
11555 0.000000 -225.000000 150.000000
11556 0.000000 -225.000000 150.000000
11557 0.000000 -225.000000 150.000000
11558 0.000000 -225.000000 150.000000
11559 0.000000 -225.000000 150.000000
11560 0.000000 -225.000000 150.000000
11561 0.000000 -225.000000 150.000000
11562 0.000000 -225.000000 150.000000
11563 0.000000 -225.000000 150.000000
11564 0.000000 -225.000000 150.000000
11565 75.000000 -225.000000 150.000000
11566 150.000000 -225.000000 150.000000
11567 225.000000 -225.000000 150.000000
11568 300.000000 -225.000000 150.000000
11569 375.000000 -225.000000 150.000000
11570 -375.000000 -150.000000 150.000000
11571 -300.000000 -150.000000 150.000000
11572 -225.000000 -150.000000 150.000000
11573 -150.000000 -150.000000 150.000000
11574 -75.000000 -150.000000 150.000000
11575 0.000000 -150.000000 150.000000
11576 0.000000 -150.000000 150.000000
11577 0.000000 -150.000000 150.000000
11578 0.000000 -150.000000 150.000000
11579 0.000000 -150.000000 150.000000
11580 0.000000 -150.000000 150.000000
11581 0.000000 -150.000000 150.000000
11582 0.000000 -150.000000 150.000000
11583 0.000000 -150.000000 150.000000
11584 0.000000 -150.000000 150.000000
11585 0.000000 -150.000000 150.000000
11586 0.000000 -150.000000 150.000000
11587 0.000000 -150.000000 150.000000
11588 0.000000 -150.000000 150.000000
11589 0.000000 -150.000000 150.000000
11590 0.000000 -150.000000 150.000000
11591 75.000000 -150.000000 150.000000
11592 150.000000 -150.000000 150.000000
11593 225.000000 -150.000000 150.000000
11594 300.000000 -150.000000 150.000000
11595 375.000000 -150.000000 150.000000
11596 -375.000000 -75.000000 150.000000
11597 -300.000000 -75.000000 150.000000
11598 -225.000000 -75.000000 150.000000
11599 -150.000000 -75.000000 150.000000
11600 -75.000000 -75.000000 150.000000
11601 0.000000 -75.000000 150.000000
11602 0.000000 -75.000000 150.000000
11603 0.000000 -75.000000 150.000000
11604 0.000000 -75.000000 150.000000
11605 0.000000 -75.000000 150.000000
11606 0.000000 -75.000000 150.000000
11607 0.000000 -75.000000 150.000000
11608 0.000000 -75.000000 150.000000
11609 0.000000 -75.000000 150.000000
11610 0.000000 -75.000000 150.000000
11611 0.000000 -75.000000 150.000000
11612 0.000000 -75.000000 150.000000
11613 0.000000 -75.000000 150.000000
11614 0.000000 -75.000000 150.000000
11615 0.000000 -75.000000 150.000000
11616 0.000000 -75.000000 150.000000
11617 75.000000 -75.000000 150.000000
11618 150.000000 -75.000000 150.000000
11619 225.000000 -75.000000 150.000000
11620 300.000000 -75.000000 150.000000
11621 375.000000 -75.000000 150.000000
11622 -375.000000 0.000000 150.000000
11623 -300.000000 0.000000 150.000000
11624 -225.000000 0.000000 150.000000
11625 -150.000000 0.000000 150.000000
11626 -75.000000 0.000000 150.000000
11627 0.000000 0.000000 150.000000
11628 0.000000 0.000000 150.000000
11629 0.000000 0.000000 150.000000
11630 0.000000 0.000000 150.000000
11631 0.000000 0.000000 150.000000
11632 0.000000 0.000000 150.000000
11633 0.000000 0.000000 150.000000
11634 0.000000 0.000000 150.000000
11635 0.000000 0.000000 150.000000
11636 0.000000 0.000000 150.000000
11637 0.000000 0.000000 150.000000
11638 0.000000 0.000000 150.000000
11639 0.000000 0.000000 150.000000
11640 0.000000 0.000000 150.000000
11641 0.000000 0.000000 150.000000
11642 0.000000 0.000000 150.000000
11643 75.000000 0.000000 150.000000
11644 150.000000 0.000000 150.000000
11645 225.000000 0.000000 150.000000
11646 300.000000 0.000000 150.000000
11647 375.000000 0.000000 150.000000
11648 -375.000000 0.000000 150.000000
11649 -300.000000 0.000000 150.000000
11650 -225.000000 0.000000 150.000000
11651 -150.000000 0.000000 150.000000
11652 -75.000000 0.000000 150.000000
11653 0.000000 0.000000 150.000000
11654 0.000000 0.000000 150.000000
11655 0.000000 0.000000 150.000000
11656 0.000000 0.000000 150.000000
11657 0.000000 0.000000 150.000000
11658 0.000000 0.000000 150.000000
11659 0.000000 0.000000 150.000000
11660 0.000000 0.000000 150.000000
11661 0.000000 0.000000 150.000000
11662 0.000000 0.000000 150.000000
11663 0.000000 0.000000 150.000000
11664 0.000000 0.000000 150.000000
11665 0.000000 0.000000 150.000000
11666 0.000000 0.000000 150.000000
11667 0.000000 0.000000 150.000000
11668 0.000000 0.000000 150.000000
11669 75.000000 0.000000 150.000000
11670 150.000000 0.000000 150.000000
11671 225.000000 0.000000 150.000000
11672 300.000000 0.000000 150.000000
11673 375.000000 0.000000 150.000000
11674 -375.000000 0.000000 150.000000
11675 -300.000000 0.000000 150.000000
11676 -225.000000 0.000000 150.000000
11677 -150.000000 0.000000 150.000000
11678 -75.000000 0.000000 150.000000
11679 0.000000 0.000000 150.000000
11680 0.000000 0.000000 150.000000
11681 0.000000 0.000000 150.000000
11682 0.000000 0.000000 150.000000
11683 0.000000 0.000000 150.000000
11684 0.000000 0.000000 150.000000
11685 0.000000 0.000000 150.000000
11686 0.000000 0.000000 150.000000
11687 0.000000 0.000000 150.000000
11688 0.000000 0.000000 150.000000
11689 0.000000 0.000000 150.000000
11690 0.000000 0.000000 150.000000
11691 0.000000 0.000000 150.000000
11692 0.000000 0.000000 150.000000
11693 0.000000 0.000000 150.000000
11694 0.000000 0.000000 150.000000
11695 75.000000 0.000000 150.000000
11696 150.000000 0.000000 150.000000
11697 225.000000 0.000000 150.000000
11698 300.000000 0.000000 150.000000
11699 375.000000 0.000000 150.000000
11700 -375.000000 0.000000 150.000000
11701 -300.000000 0.000000 150.000000
11702 -225.000000 0.000000 150.000000
11703 -150.000000 0.000000 150.000000
11704 -75.000000 0.000000 150.000000
11705 0.000000 0.000000 150.000000
11706 0.000000 0.000000 150.000000
11707 0.000000 0.000000 150.000000
11708 0.000000 0.000000 150.000000
11709 0.000000 0.000000 150.000000
11710 0.000000 0.000000 150.000000
11711 0.000000 0.000000 150.000000
11712 0.000000 0.000000 150.000000
11713 0.000000 0.000000 150.000000
11714 0.000000 0.000000 150.000000
11715 0.000000 0.000000 150.000000
11716 0.000000 0.000000 150.000000
11717 0.000000 0.000000 150.000000
11718 0.000000 0.000000 150.000000
11719 0.000000 0.000000 150.000000
11720 0.000000 0.000000 150.000000
11721 75.000000 0.000000 150.000000
11722 150.000000 0.000000 150.000000
11723 225.000000 0.000000 150.000000
11724 300.000000 0.000000 150.000000
11725 375.000000 0.000000 150.000000
11726 -375.000000 0.000000 150.000000
11727 -300.000000 0.000000 150.000000
11728 -225.000000 0.000000 150.000000
11729 -150.000000 0.000000 150.000000
11730 -75.000000 0.000000 150.000000
11731 0.000000 0.000000 150.000000
11732 0.000000 0.000000 150.000000
11733 0.000000 0.000000 150.000000
11734 0.000000 0.000000 150.000000
11735 0.000000 0.000000 150.000000
11736 0.000000 0.000000 150.000000
11737 0.000000 0.000000 150.000000
11738 0.000000 0.000000 150.000000
11739 0.000000 0.000000 150.000000
11740 0.000000 0.000000 150.000000
11741 0.000000 0.000000 150.000000
11742 0.000000 0.000000 150.000000
11743 0.000000 0.000000 150.000000
11744 0.000000 0.000000 150.000000
11745 0.000000 0.000000 150.000000
11746 0.000000 0.000000 150.000000
11747 75.000000 0.000000 150.000000
11748 150.000000 0.000000 150.000000
11749 225.000000 0.000000 150.000000
11750 300.000000 0.000000 150.000000
11751 375.000000 0.000000 150.000000
11752 -375.000000 0.000000 150.000000
11753 -300.000000 0.000000 150.000000
11754 -225.000000 0.000000 150.000000
11755 -150.000000 0.000000 150.000000
11756 -75.000000 0.000000 150.000000
11757 0.000000 0.000000 150.000000
11758 0.000000 0.000000 150.000000
11759 0.000000 0.000000 150.000000
11760 0.000000 0.000000 150.000000
11761 0.000000 0.000000 150.000000
11762 0.000000 0.000000 150.000000
11763 0.000000 0.000000 150.000000
11764 0.000000 0.000000 150.000000
11765 0.000000 0.000000 150.000000
11766 0.000000 0.000000 150.000000
11767 0.000000 0.000000 150.000000
11768 0.000000 0.000000 150.000000
11769 0.000000 0.000000 150.000000
11770 0.000000 0.000000 150.000000
11771 0.000000 0.000000 150.000000
11772 0.000000 0.000000 150.000000
11773 75.000000 0.000000 150.000000
11774 150.000000 0.000000 150.000000
11775 225.000000 0.000000 150.000000
11776 300.000000 0.000000 150.000000
11777 375.000000 0.000000 150.000000
11778 -375.000000 0.000000 150.000000
11779 -300.000000 0.000000 150.000000
11780 -225.000000 0.000000 150.000000
11781 -150.000000 0.000000 150.000000
11782 -75.000000 0.000000 150.000000
11783 0.000000 0.000000 150.000000
11784 0.000000 0.000000 150.000000
11785 0.000000 0.000000 150.000000
11786 0.000000 0.000000 150.000000
11787 0.000000 0.000000 150.000000
11788 0.000000 0.000000 150.000000
11789 0.000000 0.000000 150.000000
11790 0.000000 0.000000 150.000000
11791 0.000000 0.000000 150.000000
11792 0.000000 0.000000 150.000000
11793 0.000000 0.000000 150.000000
11794 0.000000 0.000000 150.000000
11795 0.000000 0.000000 150.000000
11796 0.000000 0.000000 150.000000
11797 0.000000 0.000000 150.000000
11798 0.000000 0.000000 150.000000
11799 75.000000 0.000000 150.000000
11800 150.000000 0.000000 150.000000
11801 225.000000 0.000000 150.000000
11802 300.000000 0.000000 150.000000
11803 375.000000 0.000000 150.000000
11804 -375.000000 0.000000 150.000000
11805 -300.000000 0.000000 150.000000
11806 -225.000000 0.000000 150.000000
11807 -150.000000 0.000000 150.000000
11808 -75.000000 0.000000 150.000000
11809 0.000000 0.000000 150.000000
11810 0.000000 0.000000 150.000000
11811 0.000000 0.000000 150.000000
11812 0.000000 0.000000 150.000000
11813 0.000000 0.000000 150.000000
11814 0.000000 0.000000 150.000000
11815 0.000000 0.000000 150.000000
11816 0.000000 0.000000 150.000000
11817 0.000000 0.000000 150.000000
11818 0.000000 0.000000 150.000000
11819 0.000000 0.000000 150.000000
11820 0.000000 0.000000 150.000000
11821 0.000000 0.000000 150.000000
11822 0.000000 0.000000 150.000000
11823 0.000000 0.000000 150.000000
11824 0.000000 0.000000 150.000000
11825 75.000000 0.000000 150.000000
11826 150.000000 0.000000 150.000000
11827 225.000000 0.000000 150.000000
11828 300.000000 0.000000 150.000000
11829 375.000000 0.000000 150.000000
11830 -375.000000 0.000000 150.000000
11831 -300.000000 0.000000 150.000000
11832 -225.000000 0.000000 150.000000
11833 -150.000000 0.000000 150.000000
11834 -75.000000 0.000000 150.000000
11835 0.000000 0.000000 150.000000
11836 0.000000 0.000000 150.000000
11837 0.000000 0.000000 150.000000
11838 0.000000 0.000000 150.000000
11839 0.000000 0.000000 150.000000
11840 0.000000 0.000000 150.000000
11841 0.000000 0.000000 150.000000
11842 0.000000 0.000000 150.000000
11843 0.000000 0.000000 150.000000
11844 0.000000 0.000000 150.000000
11845 0.000000 0.000000 150.000000
11846 0.000000 0.000000 150.000000
11847 0.000000 0.000000 150.000000
11848 0.000000 0.000000 150.000000
11849 0.000000 0.000000 150.000000
11850 0.000000 0.000000 150.000000
11851 75.000000 0.000000 150.000000
11852 150.000000 0.000000 150.000000
11853 225.000000 0.000000 150.000000
11854 300.000000 0.000000 150.000000
11855 375.000000 0.000000 150.000000
11856 -375.000000 0.000000 150.000000
11857 -300.000000 0.000000 150.000000
11858 -225.000000 0.000000 150.000000
11859 -150.000000 0.000000 150.000000
11860 -75.000000 0.000000 150.000000
11861 0.000000 0.000000 150.000000
11862 0.000000 0.000000 150.000000
11863 0.000000 0.000000 150.000000
11864 0.000000 0.000000 150.000000
11865 0.000000 0.000000 150.000000
11866 0.000000 0.000000 150.000000
11867 0.000000 0.000000 150.000000
11868 0.000000 0.000000 150.000000
11869 0.000000 0.000000 150.000000
11870 0.000000 0.000000 150.000000
11871 0.000000 0.000000 150.000000
11872 0.000000 0.000000 150.000000
11873 0.000000 0.000000 150.000000
11874 0.000000 0.000000 150.000000
11875 0.000000 0.000000 150.000000
11876 0.000000 0.000000 150.000000
11877 75.000000 0.000000 150.000000
11878 150.000000 0.000000 150.000000
11879 225.000000 0.000000 150.000000
11880 300.000000 0.000000 150.000000
11881 375.000000 0.000000 150.000000
11882 -375.000000 0.000000 150.000000
11883 -300.000000 0.000000 150.000000
11884 -225.000000 0.000000 150.000000
11885 -150.000000 0.000000 150.000000
11886 -75.000000 0.000000 150.000000
11887 0.000000 0.000000 150.000000
11888 0.000000 0.000000 150.000000
11889 0.000000 0.000000 150.000000
11890 0.000000 0.000000 150.000000
11891 0.000000 0.000000 150.000000
11892 0.000000 0.000000 150.000000
11893 0.000000 0.000000 150.000000
11894 0.000000 0.000000 150.000000
11895 0.000000 0.000000 150.000000
11896 0.000000 0.000000 150.000000
11897 0.000000 0.000000 150.000000
11898 0.000000 0.000000 150.000000
11899 0.000000 0.000000 150.000000
11900 0.000000 0.000000 150.000000
11901 0.000000 0.000000 150.000000
11902 0.000000 0.000000 150.000000
11903 75.000000 0.000000 150.000000
11904 150.000000 0.000000 150.000000
11905 225.000000 0.000000 150.000000
11906 300.000000 0.000000 150.000000
11907 375.000000 0.000000 150.000000
11908 -375.000000 0.000000 150.000000
11909 -300.000000 0.000000 150.000000
11910 -225.000000 0.000000 150.000000
11911 -150.000000 0.000000 150.000000
11912 -75.000000 0.000000 150.000000
11913 0.000000 0.000000 150.000000
11914 0.000000 0.000000 150.000000
11915 0.000000 0.000000 150.000000
11916 0.000000 0.000000 150.000000
11917 0.000000 0.000000 150.000000
11918 0.000000 0.000000 150.000000
11919 0.000000 0.000000 150.000000
11920 0.000000 0.000000 150.000000
11921 0.000000 0.000000 150.000000
11922 0.000000 0.000000 150.000000
11923 0.000000 0.000000 150.000000
11924 0.000000 0.000000 150.000000
11925 0.000000 0.000000 150.000000
11926 0.000000 0.000000 150.000000
11927 0.000000 0.000000 150.000000
11928 0.000000 0.000000 150.000000
11929 75.000000 0.000000 150.000000
11930 150.000000 0.000000 150.000000
11931 225.000000 0.000000 150.000000
11932 300.000000 0.000000 150.000000
11933 375.000000 0.000000 150.000000
11934 -375.000000 0.000000 150.000000
11935 -300.000000 0.000000 150.000000
11936 -225.000000 0.000000 150.000000
11937 -150.000000 0.000000 150.000000
11938 -75.000000 0.000000 150.000000
11939 0.000000 0.000000 150.000000
11940 0.000000 0.000000 150.000000
11941 0.000000 0.000000 150.000000
11942 0.000000 0.000000 150.000000
11943 0.000000 0.000000 150.000000
11944 0.000000 0.000000 150.000000
11945 0.000000 0.000000 150.000000
11946 0.000000 0.000000 150.000000
11947 0.000000 0.000000 150.000000
11948 0.000000 0.000000 150.000000
11949 0.000000 0.000000 150.000000
11950 0.000000 0.000000 150.000000
11951 0.000000 0.000000 150.000000
11952 0.000000 0.000000 150.000000
11953 0.000000 0.000000 150.000000
11954 0.000000 0.000000 150.000000
11955 75.000000 0.000000 150.000000
11956 150.000000 0.000000 150.000000
11957 225.000000 0.000000 150.000000
11958 300.000000 0.000000 150.000000
11959 375.000000 0.000000 150.000000
11960 -375.000000 0.000000 150.000000
11961 -300.000000 0.000000 150.000000
11962 -225.000000 0.000000 150.000000
11963 -150.000000 0.000000 150.000000
11964 -75.000000 0.000000 150.000000
11965 0.000000 0.000000 150.000000
11966 0.000000 0.000000 150.000000
11967 0.000000 0.000000 150.000000
11968 0.000000 0.000000 150.000000
11969 0.000000 0.000000 150.000000
11970 0.000000 0.000000 150.000000
11971 0.000000 0.000000 150.000000
11972 0.000000 0.000000 150.000000
11973 0.000000 0.000000 150.000000
11974 0.000000 0.000000 150.000000
11975 0.000000 0.000000 150.000000
11976 0.000000 0.000000 150.000000
11977 0.000000 0.000000 150.000000
11978 0.000000 0.000000 150.000000
11979 0.000000 0.000000 150.000000
11980 0.000000 0.000000 150.000000
11981 75.000000 0.000000 150.000000
11982 150.000000 0.000000 150.000000
11983 225.000000 0.000000 150.000000
11984 300.000000 0.000000 150.000000
11985 375.000000 0.000000 150.000000
11986 -375.000000 0.000000 150.000000
11987 -300.000000 0.000000 150.000000
11988 -225.000000 0.000000 150.000000
11989 -150.000000 0.000000 150.000000
11990 -75.000000 0.000000 150.000000
11991 0.000000 0.000000 150.000000
11992 0.000000 0.000000 150.000000
11993 0.000000 0.000000 150.000000
11994 0.000000 0.000000 150.000000
11995 0.000000 0.000000 150.000000
11996 0.000000 0.000000 150.000000
11997 0.000000 0.000000 150.000000
11998 0.000000 0.000000 150.000000
11999 0.000000 0.000000 150.000000
12000 0.000000 0.000000 150.000000
12001 0.000000 0.000000 150.000000
12002 0.000000 0.000000 150.000000
12003 0.000000 0.000000 150.000000
12004 0.000000 0.000000 150.000000
12005 0.000000 0.000000 150.000000
12006 0.000000 0.000000 150.000000
12007 75.000000 0.000000 150.000000
12008 150.000000 0.000000 150.000000
12009 225.000000 0.000000 150.000000
12010 300.000000 0.000000 150.000000
12011 375.000000 0.000000 150.000000
12012 -375.000000 0.000000 150.000000
12013 -300.000000 0.000000 150.000000
12014 -225.000000 0.000000 150.000000
12015 -150.000000 0.000000 150.000000
12016 -75.000000 0.000000 150.000000
12017 0.000000 0.000000 150.000000
12018 0.000000 0.000000 150.000000
12019 0.000000 0.000000 150.000000
12020 0.000000 0.000000 150.000000
12021 0.000000 0.000000 150.000000
12022 0.000000 0.000000 150.000000
12023 0.000000 0.000000 150.000000
12024 0.000000 0.000000 150.000000
12025 0.000000 0.000000 150.000000
12026 0.000000 0.000000 150.000000
12027 0.000000 0.000000 150.000000
12028 0.000000 0.000000 150.000000
12029 0.000000 0.000000 150.000000
12030 0.000000 0.000000 150.000000
12031 0.000000 0.000000 150.000000
12032 0.000000 0.000000 150.000000
12033 75.000000 0.000000 150.000000
12034 150.000000 0.000000 150.000000
12035 225.000000 0.000000 150.000000
12036 300.000000 0.000000 150.000000
12037 375.000000 0.000000 150.000000
12038 -375.000000 75.000000 150.000000
12039 -300.000000 75.000000 150.000000
12040 -225.000000 75.000000 150.000000
12041 -150.000000 75.000000 150.000000
12042 -75.000000 75.000000 150.000000
12043 0.000000 75.000000 150.000000
12044 0.000000 75.000000 150.000000
12045 0.000000 75.000000 150.000000
12046 0.000000 75.000000 150.000000
12047 0.000000 75.000000 150.000000
12048 0.000000 75.000000 150.000000
12049 0.000000 75.000000 150.000000
12050 0.000000 75.000000 150.000000
12051 0.000000 75.000000 150.000000
12052 0.000000 75.000000 150.000000
12053 0.000000 75.000000 150.000000
12054 0.000000 75.000000 150.000000
12055 0.000000 75.000000 150.000000
12056 0.000000 75.000000 150.000000
12057 0.000000 75.000000 150.000000
12058 0.000000 75.000000 150.000000
12059 75.000000 75.000000 150.000000
12060 150.000000 75.000000 150.000000
12061 225.000000 75.000000 150.000000
12062 300.000000 75.000000 150.000000
12063 375.000000 75.000000 150.000000
12064 -375.000000 150.000000 150.000000
12065 -300.000000 150.000000 150.000000
12066 -225.000000 150.000000 150.000000
12067 -150.000000 150.000000 150.000000
12068 -75.000000 150.000000 150.000000
12069 0.000000 150.000000 150.000000
12070 0.000000 150.000000 150.000000
12071 0.000000 150.000000 150.000000
12072 0.000000 150.000000 150.000000
12073 0.000000 150.000000 150.000000
12074 0.000000 150.000000 150.000000
12075 0.000000 150.000000 150.000000
12076 0.000000 150.000000 150.000000
12077 0.000000 150.000000 150.000000
12078 0.000000 150.000000 150.000000
12079 0.000000 150.000000 150.000000
12080 0.000000 150.000000 150.000000
12081 0.000000 150.000000 150.000000
12082 0.000000 150.000000 150.000000
12083 0.000000 150.000000 150.000000
12084 0.000000 150.000000 150.000000
12085 75.000000 150.000000 150.000000
12086 150.000000 150.000000 150.000000
12087 225.000000 150.000000 150.000000
12088 300.000000 150.000000 150.000000
12089 375.000000 150.000000 150.000000
12090 -375.000000 225.000000 150.000000
12091 -300.000000 225.000000 150.000000
12092 -225.000000 225.000000 150.000000
12093 -150.000000 225.000000 150.000000
12094 -75.000000 225.000000 150.000000
12095 0.000000 225.000000 150.000000
12096 0.000000 225.000000 150.000000
12097 0.000000 225.000000 150.000000
12098 0.000000 225.000000 150.000000
12099 0.000000 225.000000 150.000000
12100 0.000000 225.000000 150.000000
12101 0.000000 225.000000 150.000000
12102 0.000000 225.000000 150.000000
12103 0.000000 225.000000 150.000000
12104 0.000000 225.000000 150.000000
12105 0.000000 225.000000 150.000000
12106 0.000000 225.000000 150.000000
12107 0.000000 225.000000 150.000000
12108 0.000000 225.000000 150.000000
12109 0.000000 225.000000 150.000000
12110 0.000000 225.000000 150.000000
12111 75.000000 225.000000 150.000000
12112 150.000000 225.000000 150.000000
12113 225.000000 225.000000 150.000000
12114 300.000000 225.000000 150.000000
12115 375.000000 225.000000 150.000000
12116 -375.000000 300.000000 150.000000
12117 -300.000000 300.000000 150.000000
12118 -225.000000 300.000000 150.000000
12119 -150.000000 300.000000 150.000000
12120 -75.000000 300.000000 150.000000
12121 0.000000 300.000000 150.000000
12122 0.000000 300.000000 150.000000
12123 0.000000 300.000000 150.000000
12124 0.000000 300.000000 150.000000
12125 0.000000 300.000000 150.000000
12126 0.000000 300.000000 150.000000
12127 0.000000 300.000000 150.000000
12128 0.000000 300.000000 150.000000
12129 0.000000 300.000000 150.000000
12130 0.000000 300.000000 150.000000
12131 0.000000 300.000000 150.000000
12132 0.000000 300.000000 150.000000
12133 0.000000 300.000000 150.000000
12134 0.000000 300.000000 150.000000
12135 0.000000 300.000000 150.000000
12136 0.000000 300.000000 150.000000
12137 75.000000 300.000000 150.000000
12138 150.000000 300.000000 150.000000
12139 225.000000 300.000000 150.000000
12140 300.000000 300.000000 150.000000
12141 375.000000 300.000000 150.000000
12142 -375.000000 375.000000 150.000000
12143 -300.000000 375.000000 150.000000
12144 -225.000000 375.000000 150.000000
12145 -150.000000 375.000000 150.000000
12146 -75.000000 375.000000 150.000000
12147 0.000000 375.000000 150.000000
12148 0.000000 375.000000 150.000000
12149 0.000000 375.000000 150.000000
12150 0.000000 375.000000 150.000000
12151 0.000000 375.000000 150.000000
12152 0.000000 375.000000 150.000000
12153 0.000000 375.000000 150.000000
12154 0.000000 375.000000 150.000000
12155 0.000000 375.000000 150.000000
12156 0.000000 375.000000 150.000000
12157 0.000000 375.000000 150.000000
12158 0.000000 375.000000 150.000000
12159 0.000000 375.000000 150.000000
12160 0.000000 375.000000 150.000000
12161 0.000000 375.000000 150.000000
12162 0.000000 375.000000 150.000000
12163 75.000000 375.000000 150.000000
12164 150.000000 375.000000 150.000000
12165 225.000000 375.000000 150.000000
12166 300.000000 375.000000 150.000000
12167 375.000000 375.000000 150.000000
12168 -375.000000 -375.000000 225.000000
12169 -300.000000 -375.000000 225.000000
12170 -225.000000 -375.000000 225.000000
12171 -150.000000 -375.000000 225.000000
12172 -75.000000 -375.000000 225.000000
12173 0.000000 -375.000000 225.000000
12174 0.000000 -375.000000 225.000000
12175 0.000000 -375.000000 225.000000
12176 0.000000 -375.000000 225.000000
12177 0.000000 -375.000000 225.000000
12178 0.000000 -375.000000 225.000000
12179 0.000000 -375.000000 225.000000
12180 0.000000 -375.000000 225.000000
12181 0.000000 -375.000000 225.000000
12182 0.000000 -375.000000 225.000000
12183 0.000000 -375.000000 225.000000
12184 0.000000 -375.000000 225.000000
12185 0.000000 -375.000000 225.000000
12186 0.000000 -375.000000 225.000000
12187 0.000000 -375.000000 225.000000
12188 0.000000 -375.000000 225.000000
12189 75.000000 -375.000000 225.000000
12190 150.000000 -375.000000 225.000000
12191 225.000000 -375.000000 225.000000
12192 300.000000 -375.000000 225.000000
12193 375.000000 -375.000000 225.000000
12194 -375.000000 -300.000000 225.000000
12195 -300.000000 -300.000000 225.000000
12196 -225.000000 -300.000000 225.000000
12197 -150.000000 -300.000000 225.000000
12198 -75.000000 -300.000000 225.000000
12199 0.000000 -300.000000 225.000000
12200 0.000000 -300.000000 225.000000
12201 0.000000 -300.000000 225.000000
12202 0.000000 -300.000000 225.000000
12203 0.000000 -300.000000 225.000000
12204 0.000000 -300.000000 225.000000
12205 0.000000 -300.000000 225.000000
12206 0.000000 -300.000000 225.000000
12207 0.000000 -300.000000 225.000000
12208 0.000000 -300.000000 225.000000
12209 0.000000 -300.000000 225.000000
12210 0.000000 -300.000000 225.000000
12211 0.000000 -300.000000 225.000000
12212 0.000000 -300.000000 225.000000
12213 0.000000 -300.000000 225.000000
12214 0.000000 -300.000000 225.000000
12215 75.000000 -300.000000 225.000000
12216 150.000000 -300.000000 225.000000
12217 225.000000 -300.000000 225.000000
12218 300.000000 -300.000000 225.000000
12219 375.000000 -300.000000 225.000000
12220 -375.000000 -225.000000 225.000000
12221 -300.000000 -225.000000 225.000000
12222 -225.000000 -225.000000 225.000000
12223 -150.000000 -225.000000 225.000000
12224 -75.000000 -225.000000 225.000000
12225 0.000000 -225.000000 225.000000
12226 0.000000 -225.000000 225.000000
12227 0.000000 -225.000000 225.000000
12228 0.000000 -225.000000 225.000000
12229 0.000000 -225.000000 225.000000
12230 0.000000 -225.000000 225.000000
12231 0.000000 -225.000000 225.000000
12232 0.000000 -225.000000 225.000000
12233 0.000000 -225.000000 225.000000
12234 0.000000 -225.000000 225.000000
12235 0.000000 -225.000000 225.000000
12236 0.000000 -225.000000 225.000000
12237 0.000000 -225.000000 225.000000
12238 0.000000 -225.000000 225.000000
12239 0.000000 -225.000000 225.000000
12240 0.000000 -225.000000 225.000000
12241 75.000000 -225.000000 225.000000
12242 150.000000 -225.000000 225.000000
12243 225.000000 -225.000000 225.000000
12244 300.000000 -225.000000 225.000000
12245 375.000000 -225.000000 225.000000
12246 -375.000000 -150.000000 225.000000
12247 -300.000000 -150.000000 225.000000
12248 -225.000000 -150.000000 225.000000
12249 -150.000000 -150.000000 225.000000
12250 -75.000000 -150.000000 225.000000
12251 0.000000 -150.000000 225.000000
12252 0.000000 -150.000000 225.000000
12253 0.000000 -150.000000 225.000000
12254 0.000000 -150.000000 225.000000
12255 0.000000 -150.000000 225.000000
12256 0.000000 -150.000000 225.000000
12257 0.000000 -150.000000 225.000000
12258 0.000000 -150.000000 225.000000
12259 0.000000 -150.000000 225.000000
12260 0.000000 -150.000000 225.000000
12261 0.000000 -150.000000 225.000000
12262 0.000000 -150.000000 225.000000
12263 0.000000 -150.000000 225.000000
12264 0.000000 -150.000000 225.000000
12265 0.000000 -150.000000 225.000000
12266 0.000000 -150.000000 225.000000
12267 75.000000 -150.000000 225.000000
12268 150.000000 -150.000000 225.000000
12269 225.000000 -150.000000 225.000000
12270 300.000000 -150.000000 225.000000
12271 375.000000 -150.000000 225.000000
12272 -375.000000 -75.000000 225.000000
12273 -300.000000 -75.000000 225.000000
12274 -225.000000 -75.000000 225.000000
12275 -150.000000 -75.000000 225.000000
12276 -75.000000 -75.000000 225.000000
12277 0.000000 -75.000000 225.000000
12278 0.000000 -75.000000 225.000000
12279 0.000000 -75.000000 225.000000
12280 0.000000 -75.000000 225.000000
12281 0.000000 -75.000000 225.000000
12282 0.000000 -75.000000 225.000000
12283 0.000000 -75.000000 225.000000
12284 0.000000 -75.000000 225.000000
12285 0.000000 -75.000000 225.000000
12286 0.000000 -75.000000 225.000000
12287 0.000000 -75.000000 225.000000
12288 0.000000 -75.000000 225.000000
12289 0.000000 -75.000000 225.000000
12290 0.000000 -75.000000 225.000000
12291 0.000000 -75.000000 225.000000
12292 0.000000 -75.000000 225.000000
12293 75.000000 -75.000000 225.000000
12294 150.000000 -75.000000 225.000000
12295 225.000000 -75.000000 225.000000
12296 300.000000 -75.000000 225.000000
12297 375.000000 -75.000000 225.000000
12298 -375.000000 0.000000 225.000000
12299 -300.000000 0.000000 225.000000
12300 -225.000000 0.000000 225.000000
12301 -150.000000 0.000000 225.000000
12302 -75.000000 0.000000 225.000000
12303 0.000000 0.000000 225.000000
12304 0.000000 0.000000 225.000000
12305 0.000000 0.000000 225.000000
12306 0.000000 0.000000 225.000000
12307 0.000000 0.000000 225.000000
12308 0.000000 0.000000 225.000000
12309 0.000000 0.000000 225.000000
12310 0.000000 0.000000 225.000000
12311 0.000000 0.000000 225.000000
12312 0.000000 0.000000 225.000000
12313 0.000000 0.000000 225.000000
12314 0.000000 0.000000 225.000000
12315 0.000000 0.000000 225.000000
12316 0.000000 0.000000 225.000000
12317 0.000000 0.000000 225.000000
12318 0.000000 0.000000 225.000000
12319 75.000000 0.000000 225.000000
12320 150.000000 0.000000 225.000000
12321 225.000000 0.000000 225.000000
12322 300.000000 0.000000 225.000000
12323 375.000000 0.000000 225.000000
12324 -375.000000 0.000000 225.000000
12325 -300.000000 0.000000 225.000000
12326 -225.000000 0.000000 225.000000
12327 -150.000000 0.000000 225.000000
12328 -75.000000 0.000000 225.000000
12329 0.000000 0.000000 225.000000
12330 0.000000 0.000000 225.000000
12331 0.000000 0.000000 225.000000
12332 0.000000 0.000000 225.000000
12333 0.000000 0.000000 225.000000
12334 0.000000 0.000000 225.000000
12335 0.000000 0.000000 225.000000
12336 0.000000 0.000000 225.000000
12337 0.000000 0.000000 225.000000
12338 0.000000 0.000000 225.000000
12339 0.000000 0.000000 225.000000
12340 0.000000 0.000000 225.000000
12341 0.000000 0.000000 225.000000
12342 0.000000 0.000000 225.000000
12343 0.000000 0.000000 225.000000
12344 0.000000 0.000000 225.000000
12345 75.000000 0.000000 225.000000
12346 150.000000 0.000000 225.000000
12347 225.000000 0.000000 225.000000
12348 300.000000 0.000000 225.000000
12349 375.000000 0.000000 225.000000
12350 -375.000000 0.000000 225.000000
12351 -300.000000 0.000000 225.000000
12352 -225.000000 0.000000 225.000000
12353 -150.000000 0.000000 225.000000
12354 -75.000000 0.000000 225.000000
12355 0.000000 0.000000 225.000000
12356 0.000000 0.000000 225.000000
12357 0.000000 0.000000 225.000000
12358 0.000000 0.000000 225.000000
12359 0.000000 0.000000 225.000000
12360 0.000000 0.000000 225.000000
12361 0.000000 0.000000 225.000000
12362 0.000000 0.000000 225.000000
12363 0.000000 0.000000 225.000000
12364 0.000000 0.000000 225.000000
12365 0.000000 0.000000 225.000000
12366 0.000000 0.000000 225.000000
12367 0.000000 0.000000 225.000000
12368 0.000000 0.000000 225.000000
12369 0.000000 0.000000 225.000000
12370 0.000000 0.000000 225.000000
12371 75.000000 0.000000 225.000000
12372 150.000000 0.000000 225.000000
12373 225.000000 0.000000 225.000000
12374 300.000000 0.000000 225.000000
12375 375.000000 0.000000 225.000000
12376 -375.000000 0.000000 225.000000
12377 -300.000000 0.000000 225.000000
12378 -225.000000 0.000000 225.000000
12379 -150.000000 0.000000 225.000000
12380 -75.000000 0.000000 225.000000
12381 0.000000 0.000000 225.000000
12382 0.000000 0.000000 225.000000
12383 0.000000 0.000000 225.000000
12384 0.000000 0.000000 225.000000
12385 0.000000 0.000000 225.000000
12386 0.000000 0.000000 225.000000
12387 0.000000 0.000000 225.000000
12388 0.000000 0.000000 225.000000
12389 0.000000 0.000000 225.000000
12390 0.000000 0.000000 225.000000
12391 0.000000 0.000000 225.000000
12392 0.000000 0.000000 225.000000
12393 0.000000 0.000000 225.000000
12394 0.000000 0.000000 225.000000
12395 0.000000 0.000000 225.000000
12396 0.000000 0.000000 225.000000
12397 75.000000 0.000000 225.000000
12398 150.000000 0.000000 225.000000
12399 225.000000 0.000000 225.000000
12400 300.000000 0.000000 225.000000
12401 375.000000 0.000000 225.000000
12402 -375.000000 0.000000 225.000000
12403 -300.000000 0.000000 225.000000
12404 -225.000000 0.000000 225.000000
12405 -150.000000 0.000000 225.000000
12406 -75.000000 0.000000 225.000000
12407 0.000000 0.000000 225.000000
12408 0.000000 0.000000 225.000000
12409 0.000000 0.000000 225.000000
12410 0.000000 0.000000 225.000000
12411 0.000000 0.000000 225.000000
12412 0.000000 0.000000 225.000000
12413 0.000000 0.000000 225.000000
12414 0.000000 0.000000 225.000000
12415 0.000000 0.000000 225.000000
12416 0.000000 0.000000 225.000000
12417 0.000000 0.000000 225.000000
12418 0.000000 0.000000 225.000000
12419 0.000000 0.000000 225.000000
12420 0.000000 0.000000 225.000000
12421 0.000000 0.000000 225.000000
12422 0.000000 0.000000 225.000000
12423 75.000000 0.000000 225.000000
12424 150.000000 0.000000 225.000000
12425 225.000000 0.000000 225.000000
12426 300.000000 0.000000 225.000000
12427 375.000000 0.000000 225.000000
12428 -375.000000 0.000000 225.000000
12429 -300.000000 0.000000 225.000000
12430 -225.000000 0.000000 225.000000
12431 -150.000000 0.000000 225.000000
12432 -75.000000 0.000000 225.000000
12433 0.000000 0.000000 225.000000
12434 0.000000 0.000000 225.000000
12435 0.000000 0.000000 225.000000
12436 0.000000 0.000000 225.000000
12437 0.000000 0.000000 225.000000
12438 0.000000 0.000000 225.000000
12439 0.000000 0.000000 225.000000
12440 0.000000 0.000000 225.000000
12441 0.000000 0.000000 225.000000
12442 0.000000 0.000000 225.000000
12443 0.000000 0.000000 225.000000
12444 0.000000 0.000000 225.000000
12445 0.000000 0.000000 225.000000
12446 0.000000 0.000000 225.000000
12447 0.000000 0.000000 225.000000
12448 0.000000 0.000000 225.000000
12449 75.000000 0.000000 225.000000
12450 150.000000 0.000000 225.000000
12451 225.000000 0.000000 225.000000
12452 300.000000 0.000000 225.000000
12453 375.000000 0.000000 225.000000
12454 -375.000000 0.000000 225.000000
12455 -300.000000 0.000000 225.000000
12456 -225.000000 0.000000 225.000000
12457 -150.000000 0.000000 225.000000
12458 -75.000000 0.000000 225.000000
12459 0.000000 0.000000 225.000000
12460 0.000000 0.000000 225.000000
12461 0.000000 0.000000 225.000000
12462 0.000000 0.000000 225.000000
12463 0.000000 0.000000 225.000000
12464 0.000000 0.000000 225.000000
12465 0.000000 0.000000 225.000000
12466 0.000000 0.000000 225.000000
12467 0.000000 0.000000 225.000000
12468 0.000000 0.000000 225.000000
12469 0.000000 0.000000 225.000000
12470 0.000000 0.000000 225.000000
12471 0.000000 0.000000 225.000000
12472 0.000000 0.000000 225.000000
12473 0.000000 0.000000 225.000000
12474 0.000000 0.000000 225.000000
12475 75.000000 0.000000 225.000000
12476 150.000000 0.000000 225.000000
12477 225.000000 0.000000 225.000000
12478 300.000000 0.000000 225.000000
12479 375.000000 0.000000 225.000000
12480 -375.000000 0.000000 225.000000
12481 -300.000000 0.000000 225.000000
12482 -225.000000 0.000000 225.000000
12483 -150.000000 0.000000 225.000000
12484 -75.000000 0.000000 225.000000
12485 0.000000 0.000000 225.000000
12486 0.000000 0.000000 225.000000
12487 0.000000 0.000000 225.000000
12488 0.000000 0.000000 225.000000
12489 0.000000 0.000000 225.000000
12490 0.000000 0.000000 225.000000
12491 0.000000 0.000000 225.000000
12492 0.000000 0.000000 225.000000
12493 0.000000 0.000000 225.000000
12494 0.000000 0.000000 225.000000
12495 0.000000 0.000000 225.000000
12496 0.000000 0.000000 225.000000
12497 0.000000 0.000000 225.000000
12498 0.000000 0.000000 225.000000
12499 0.000000 0.000000 225.000000
12500 0.000000 0.000000 225.000000
12501 75.000000 0.000000 225.000000
12502 150.000000 0.000000 225.000000
12503 225.000000 0.000000 225.000000
12504 300.000000 0.000000 225.000000
12505 375.000000 0.000000 225.000000
12506 -375.000000 0.000000 225.000000
12507 -300.000000 0.000000 225.000000
12508 -225.000000 0.000000 225.000000
12509 -150.000000 0.000000 225.000000
12510 -75.000000 0.000000 225.000000
12511 0.000000 0.000000 225.000000
12512 0.000000 0.000000 225.000000
12513 0.000000 0.000000 225.000000
12514 0.000000 0.000000 225.000000
12515 0.000000 0.000000 225.000000
12516 0.000000 0.000000 225.000000
12517 0.000000 0.000000 225.000000
12518 0.000000 0.000000 225.000000
12519 0.000000 0.000000 225.000000
12520 0.000000 0.000000 225.000000
12521 0.000000 0.000000 225.000000
12522 0.000000 0.000000 225.000000
12523 0.000000 0.000000 225.000000
12524 0.000000 0.000000 225.000000
12525 0.000000 0.000000 225.000000
12526 0.000000 0.000000 225.000000
12527 75.000000 0.000000 225.000000
12528 150.000000 0.000000 225.000000
12529 225.000000 0.000000 225.000000
12530 300.000000 0.000000 225.000000
12531 375.000000 0.000000 225.000000
12532 -375.000000 0.000000 225.000000
12533 -300.000000 0.000000 225.000000
12534 -225.000000 0.000000 225.000000
12535 -150.000000 0.000000 225.000000
12536 -75.000000 0.000000 225.000000
12537 0.000000 0.000000 225.000000
12538 0.000000 0.000000 225.000000
12539 0.000000 0.000000 225.000000
12540 0.000000 0.000000 225.000000
12541 0.000000 0.000000 225.000000
12542 0.000000 0.000000 225.000000
12543 0.000000 0.000000 225.000000
12544 0.000000 0.000000 225.000000
12545 0.000000 0.000000 225.000000
12546 0.000000 0.000000 225.000000
12547 0.000000 0.000000 225.000000
12548 0.000000 0.000000 225.000000
12549 0.000000 0.000000 225.000000
12550 0.000000 0.000000 225.000000
12551 0.000000 0.000000 225.000000
12552 0.000000 0.000000 225.000000
12553 75.000000 0.000000 225.000000
12554 150.000000 0.000000 225.000000
12555 225.000000 0.000000 225.000000
12556 300.000000 0.000000 225.000000
12557 375.000000 0.000000 225.000000
12558 -375.000000 0.000000 225.000000
12559 -300.000000 0.000000 225.000000
12560 -225.000000 0.000000 225.000000
12561 -150.000000 0.000000 225.000000
12562 -75.000000 0.000000 225.000000
12563 0.000000 0.000000 225.000000
12564 0.000000 0.000000 225.000000
12565 0.000000 0.000000 225.000000
12566 0.000000 0.000000 225.000000
12567 0.000000 0.000000 225.000000
12568 0.000000 0.000000 225.000000
12569 0.000000 0.000000 225.000000
12570 0.000000 0.000000 225.000000
12571 0.000000 0.000000 225.000000
12572 0.000000 0.000000 225.000000
12573 0.000000 0.000000 225.000000
12574 0.000000 0.000000 225.000000
12575 0.000000 0.000000 225.000000
12576 0.000000 0.000000 225.000000
12577 0.000000 0.000000 225.000000
12578 0.000000 0.000000 225.000000
12579 75.000000 0.000000 225.000000
12580 150.000000 0.000000 225.000000
12581 225.000000 0.000000 225.000000
12582 300.000000 0.000000 225.000000
12583 375.000000 0.000000 225.000000
12584 -375.000000 0.000000 225.000000
12585 -300.000000 0.000000 225.000000
12586 -225.000000 0.000000 225.000000
12587 -150.000000 0.000000 225.000000
12588 -75.000000 0.000000 225.000000
12589 0.000000 0.000000 225.000000
12590 0.000000 0.000000 225.000000
12591 0.000000 0.000000 225.000000
12592 0.000000 0.000000 225.000000
12593 0.000000 0.000000 225.000000
12594 0.000000 0.000000 225.000000
12595 0.000000 0.000000 225.000000
12596 0.000000 0.000000 225.000000
12597 0.000000 0.000000 225.000000
12598 0.000000 0.000000 225.000000
12599 0.000000 0.000000 225.000000
12600 0.000000 0.000000 225.000000
12601 0.000000 0.000000 225.000000
12602 0.000000 0.000000 225.000000
12603 0.000000 0.000000 225.000000
12604 0.000000 0.000000 225.000000
12605 75.000000 0.000000 225.000000
12606 150.000000 0.000000 225.000000
12607 225.000000 0.000000 225.000000
12608 300.000000 0.000000 225.000000
12609 375.000000 0.000000 225.000000
12610 -375.000000 0.000000 225.000000
12611 -300.000000 0.000000 225.000000
12612 -225.000000 0.000000 225.000000
12613 -150.000000 0.000000 225.000000
12614 -75.000000 0.000000 225.000000
12615 0.000000 0.000000 225.000000
12616 0.000000 0.000000 225.000000
12617 0.000000 0.000000 225.000000
12618 0.000000 0.000000 225.000000
12619 0.000000 0.000000 225.000000
12620 0.000000 0.000000 225.000000
12621 0.000000 0.000000 225.000000
12622 0.000000 0.000000 225.000000
12623 0.000000 0.000000 225.000000
12624 0.000000 0.000000 225.000000
12625 0.000000 0.000000 225.000000
12626 0.000000 0.000000 225.000000
12627 0.000000 0.000000 225.000000
12628 0.000000 0.000000 225.000000
12629 0.000000 0.000000 225.000000
12630 0.000000 0.000000 225.000000
12631 75.000000 0.000000 225.000000
12632 150.000000 0.000000 225.000000
12633 225.000000 0.000000 225.000000
12634 300.000000 0.000000 225.000000
12635 375.000000 0.000000 225.000000
12636 -375.000000 0.000000 225.000000
12637 -300.000000 0.000000 225.000000
12638 -225.000000 0.000000 225.000000
12639 -150.000000 0.000000 225.000000
12640 -75.000000 0.000000 225.000000
12641 0.000000 0.000000 225.000000
12642 0.000000 0.000000 225.000000
12643 0.000000 0.000000 225.000000
12644 0.000000 0.000000 225.000000
12645 0.000000 0.000000 225.000000
12646 0.000000 0.000000 225.000000
12647 0.000000 0.000000 225.000000
12648 0.000000 0.000000 225.000000
12649 0.000000 0.000000 225.000000
12650 0.000000 0.000000 225.000000
12651 0.000000 0.000000 225.000000
12652 0.000000 0.000000 225.000000
12653 0.000000 0.000000 225.000000
12654 0.000000 0.000000 225.000000
12655 0.000000 0.000000 225.000000
12656 0.000000 0.000000 225.000000
12657 75.000000 0.000000 225.000000
12658 150.000000 0.000000 225.000000
12659 225.000000 0.000000 225.000000
12660 300.000000 0.000000 225.000000
12661 375.000000 0.000000 225.000000
12662 -375.000000 0.000000 225.000000
12663 -300.000000 0.000000 225.000000
12664 -225.000000 0.000000 225.000000
12665 -150.000000 0.000000 225.000000
12666 -75.000000 0.000000 225.000000
12667 0.000000 0.000000 225.000000
12668 0.000000 0.000000 225.000000
12669 0.000000 0.000000 225.000000
12670 0.000000 0.000000 225.000000
12671 0.000000 0.000000 225.000000
12672 0.000000 0.000000 225.000000
12673 0.000000 0.000000 225.000000
12674 0.000000 0.000000 225.000000
12675 0.000000 0.000000 225.000000
12676 0.000000 0.000000 225.000000
12677 0.000000 0.000000 225.000000
12678 0.000000 0.000000 225.000000
12679 0.000000 0.000000 225.000000
12680 0.000000 0.000000 225.000000
12681 0.000000 0.000000 225.000000
12682 0.000000 0.000000 225.000000
12683 75.000000 0.000000 225.000000
12684 150.000000 0.000000 225.000000
12685 225.000000 0.000000 225.000000
12686 300.000000 0.000000 225.000000
12687 375.000000 0.000000 225.000000
12688 -375.000000 0.000000 225.000000
12689 -300.000000 0.000000 225.000000
12690 -225.000000 0.000000 225.000000
12691 -150.000000 0.000000 225.000000
12692 -75.000000 0.000000 225.000000
12693 0.000000 0.000000 225.000000
12694 0.000000 0.000000 225.000000
12695 0.000000 0.000000 225.000000
12696 0.000000 0.000000 225.000000
12697 0.000000 0.000000 225.000000
12698 0.000000 0.000000 225.000000
12699 0.000000 0.000000 225.000000
12700 0.000000 0.000000 225.000000
12701 0.000000 0.000000 225.000000
12702 0.000000 0.000000 225.000000
12703 0.000000 0.000000 225.000000
12704 0.000000 0.000000 225.000000
12705 0.000000 0.000000 225.000000
12706 0.000000 0.000000 225.000000
12707 0.000000 0.000000 225.000000
12708 0.000000 0.000000 225.000000
12709 75.000000 0.000000 225.000000
12710 150.000000 0.000000 225.000000
12711 225.000000 0.000000 225.000000
12712 300.000000 0.000000 225.000000
12713 375.000000 0.000000 225.000000
12714 -375.000000 75.000000 225.000000
12715 -300.000000 75.000000 225.000000
12716 -225.000000 75.000000 225.000000
12717 -150.000000 75.000000 225.000000
12718 -75.000000 75.000000 225.000000
12719 0.000000 75.000000 225.000000
12720 0.000000 75.000000 225.000000
12721 0.000000 75.000000 225.000000
12722 0.000000 75.000000 225.000000
12723 0.000000 75.000000 225.000000
12724 0.000000 75.000000 225.000000
12725 0.000000 75.000000 225.000000
12726 0.000000 75.000000 225.000000
12727 0.000000 75.000000 225.000000
12728 0.000000 75.000000 225.000000
12729 0.000000 75.000000 225.000000
12730 0.000000 75.000000 225.000000
12731 0.000000 75.000000 225.000000
12732 0.000000 75.000000 225.000000
12733 0.000000 75.000000 225.000000
12734 0.000000 75.000000 225.000000
12735 75.000000 75.000000 225.000000
12736 150.000000 75.000000 225.000000
12737 225.000000 75.000000 225.000000
12738 300.000000 75.000000 225.000000
12739 375.000000 75.000000 225.000000
12740 -375.000000 150.000000 225.000000
12741 -300.000000 150.000000 225.000000
12742 -225.000000 150.000000 225.000000
12743 -150.000000 150.000000 225.000000
12744 -75.000000 150.000000 225.000000
12745 0.000000 150.000000 225.000000
12746 0.000000 150.000000 225.000000
12747 0.000000 150.000000 225.000000
12748 0.000000 150.000000 225.000000
12749 0.000000 150.000000 225.000000
12750 0.000000 150.000000 225.000000
12751 0.000000 150.000000 225.000000
12752 0.000000 150.000000 225.000000
12753 0.000000 150.000000 225.000000
12754 0.000000 150.000000 225.000000
12755 0.000000 150.000000 225.000000
12756 0.000000 150.000000 225.000000
12757 0.000000 150.000000 225.000000
12758 0.000000 150.000000 225.000000
12759 0.000000 150.000000 225.000000
12760 0.000000 150.000000 225.000000
12761 75.000000 150.000000 225.000000
12762 150.000000 150.000000 225.000000
12763 225.000000 150.000000 225.000000
12764 300.000000 150.000000 225.000000
12765 375.000000 150.000000 225.000000
12766 -375.000000 225.000000 225.000000
12767 -300.000000 225.000000 225.000000
12768 -225.000000 225.000000 225.000000
12769 -150.000000 225.000000 225.000000
12770 -75.000000 225.000000 225.000000
12771 0.000000 225.000000 225.000000
12772 0.000000 225.000000 225.000000
12773 0.000000 225.000000 225.000000
12774 0.000000 225.000000 225.000000
12775 0.000000 225.000000 225.000000
12776 0.000000 225.000000 225.000000
12777 0.000000 225.000000 225.000000
12778 0.000000 225.000000 225.000000
12779 0.000000 225.000000 225.000000
12780 0.000000 225.000000 225.000000
12781 0.000000 225.000000 225.000000
12782 0.000000 225.000000 225.000000
12783 0.000000 225.000000 225.000000
12784 0.000000 225.000000 225.000000
12785 0.000000 225.000000 225.000000
12786 0.000000 225.000000 225.000000
12787 75.000000 225.000000 225.000000
12788 150.000000 225.000000 225.000000
12789 225.000000 225.000000 225.000000
12790 300.000000 225.000000 225.000000
12791 375.000000 225.000000 225.000000
12792 -375.000000 300.000000 225.000000
12793 -300.000000 300.000000 225.000000
12794 -225.000000 300.000000 225.000000
12795 -150.000000 300.000000 225.000000
12796 -75.000000 300.000000 225.000000
12797 0.000000 300.000000 225.000000
12798 0.000000 300.000000 225.000000
12799 0.000000 300.000000 225.000000
12800 0.000000 300.000000 225.000000
12801 0.000000 300.000000 225.000000
12802 0.000000 300.000000 225.000000
12803 0.000000 300.000000 225.000000
12804 0.000000 300.000000 225.000000
12805 0.000000 300.000000 225.000000
12806 0.000000 300.000000 225.000000
12807 0.000000 300.000000 225.000000
12808 0.000000 300.000000 225.000000
12809 0.000000 300.000000 225.000000
12810 0.000000 300.000000 225.000000
12811 0.000000 300.000000 225.000000
12812 0.000000 300.000000 225.000000
12813 75.000000 300.000000 225.000000
12814 150.000000 300.000000 225.000000
12815 225.000000 300.000000 225.000000
12816 300.000000 300.000000 225.000000
12817 375.000000 300.000000 225.000000
12818 -375.000000 375.000000 225.000000
12819 -300.000000 375.000000 225.000000
12820 -225.000000 375.000000 225.000000
12821 -150.000000 375.000000 225.000000
12822 -75.000000 375.000000 225.000000
12823 0.000000 375.000000 225.000000
12824 0.000000 375.000000 225.000000
12825 0.000000 375.000000 225.000000
12826 0.000000 375.000000 225.000000
12827 0.000000 375.000000 225.000000
12828 0.000000 375.000000 225.000000
12829 0.000000 375.000000 225.000000
12830 0.000000 375.000000 225.000000
12831 0.000000 375.000000 225.000000
12832 0.000000 375.000000 225.000000
12833 0.000000 375.000000 225.000000
12834 0.000000 375.000000 225.000000
12835 0.000000 375.000000 225.000000
12836 0.000000 375.000000 225.000000
12837 0.000000 375.000000 225.000000
12838 0.000000 375.000000 225.000000
12839 75.000000 375.000000 225.000000
12840 150.000000 375.000000 225.000000
12841 225.000000 375.000000 225.000000
12842 300.000000 375.000000 225.000000
12843 375.000000 375.000000 225.000000
12844 -375.000000 -375.000000 300.000000
12845 -300.000000 -375.000000 300.000000
12846 -225.000000 -375.000000 300.000000
12847 -150.000000 -375.000000 300.000000
12848 -75.000000 -375.000000 300.000000
12849 0.000000 -375.000000 300.000000
12850 0.000000 -375.000000 300.000000
12851 0.000000 -375.000000 300.000000
12852 0.000000 -375.000000 300.000000
12853 0.000000 -375.000000 300.000000
12854 0.000000 -375.000000 300.000000
12855 0.000000 -375.000000 300.000000
12856 0.000000 -375.000000 300.000000
12857 0.000000 -375.000000 300.000000
12858 0.000000 -375.000000 300.000000
12859 0.000000 -375.000000 300.000000
12860 0.000000 -375.000000 300.000000
12861 0.000000 -375.000000 300.000000
12862 0.000000 -375.000000 300.000000
12863 0.000000 -375.000000 300.000000
12864 0.000000 -375.000000 300.000000
12865 75.000000 -375.000000 300.000000
12866 150.000000 -375.000000 300.000000
12867 225.000000 -375.000000 300.000000
12868 300.000000 -375.000000 300.000000
12869 375.000000 -375.000000 300.000000
12870 -375.000000 -300.000000 300.000000
12871 -300.000000 -300.000000 300.000000
12872 -225.000000 -300.000000 300.000000
12873 -150.000000 -300.000000 300.000000
12874 -75.000000 -300.000000 300.000000
12875 0.000000 -300.000000 300.000000
12876 0.000000 -300.000000 300.000000
12877 0.000000 -300.000000 300.000000
12878 0.000000 -300.000000 300.000000
12879 0.000000 -300.000000 300.000000
12880 0.000000 -300.000000 300.000000
12881 0.000000 -300.000000 300.000000
12882 0.000000 -300.000000 300.000000
12883 0.000000 -300.000000 300.000000
12884 0.000000 -300.000000 300.000000
12885 0.000000 -300.000000 300.000000
12886 0.000000 -300.000000 300.000000
12887 0.000000 -300.000000 300.000000
12888 0.000000 -300.000000 300.000000
12889 0.000000 -300.000000 300.000000
12890 0.000000 -300.000000 300.000000
12891 75.000000 -300.000000 300.000000
12892 150.000000 -300.000000 300.000000
12893 225.000000 -300.000000 300.000000
12894 300.000000 -300.000000 300.000000
12895 375.000000 -300.000000 300.000000
12896 -375.000000 -225.000000 300.000000
12897 -300.000000 -225.000000 300.000000
12898 -225.000000 -225.000000 300.000000
12899 -150.000000 -225.000000 300.000000
12900 -75.000000 -225.000000 300.000000
12901 0.000000 -225.000000 300.000000
12902 0.000000 -225.000000 300.000000
12903 0.000000 -225.000000 300.000000
12904 0.000000 -225.000000 300.000000
12905 0.000000 -225.000000 300.000000
12906 0.000000 -225.000000 300.000000
12907 0.000000 -225.000000 300.000000
12908 0.000000 -225.000000 300.000000
12909 0.000000 -225.000000 300.000000
12910 0.000000 -225.000000 300.000000
12911 0.000000 -225.000000 300.000000
12912 0.000000 -225.000000 300.000000
12913 0.000000 -225.000000 300.000000
12914 0.000000 -225.000000 300.000000
12915 0.000000 -225.000000 300.000000
12916 0.000000 -225.000000 300.000000
12917 75.000000 -225.000000 300.000000
12918 150.000000 -225.000000 300.000000
12919 225.000000 -225.000000 300.000000
12920 300.000000 -225.000000 300.000000
12921 375.000000 -225.000000 300.000000
12922 -375.000000 -150.000000 300.000000
12923 -300.000000 -150.000000 300.000000
12924 -225.000000 -150.000000 300.000000
12925 -150.000000 -150.000000 300.000000
12926 -75.000000 -150.000000 300.000000
12927 0.000000 -150.000000 300.000000
12928 0.000000 -150.000000 300.000000
12929 0.000000 -150.000000 300.000000
12930 0.000000 -150.000000 300.000000
12931 0.000000 -150.000000 300.000000
12932 0.000000 -150.000000 300.000000
12933 0.000000 -150.000000 300.000000
12934 0.000000 -150.000000 300.000000
12935 0.000000 -150.000000 300.000000
12936 0.000000 -150.000000 300.000000
12937 0.000000 -150.000000 300.000000
12938 0.000000 -150.000000 300.000000
12939 0.000000 -150.000000 300.000000
12940 0.000000 -150.000000 300.000000
12941 0.000000 -150.000000 300.000000
12942 0.000000 -150.000000 300.000000
12943 75.000000 -150.000000 300.000000
12944 150.000000 -150.000000 300.000000
12945 225.000000 -150.000000 300.000000
12946 300.000000 -150.000000 300.000000
12947 375.000000 -150.000000 300.000000
12948 -375.000000 -75.000000 300.000000
12949 -300.000000 -75.000000 300.000000
12950 -225.000000 -75.000000 300.000000
12951 -150.000000 -75.000000 300.000000
12952 -75.000000 -75.000000 300.000000
12953 0.000000 -75.000000 300.000000
12954 0.000000 -75.000000 300.000000
12955 0.000000 -75.000000 300.000000
12956 0.000000 -75.000000 300.000000
12957 0.000000 -75.000000 300.000000
12958 0.000000 -75.000000 300.000000
12959 0.000000 -75.000000 300.000000
12960 0.000000 -75.000000 300.000000
12961 0.000000 -75.000000 300.000000
12962 0.000000 -75.000000 300.000000
12963 0.000000 -75.000000 300.000000
12964 0.000000 -75.000000 300.000000
12965 0.000000 -75.000000 300.000000
12966 0.000000 -75.000000 300.000000
12967 0.000000 -75.000000 300.000000
12968 0.000000 -75.000000 300.000000
12969 75.000000 -75.000000 300.000000
12970 150.000000 -75.000000 300.000000
12971 225.000000 -75.000000 300.000000
12972 300.000000 -75.000000 300.000000
12973 375.000000 -75.000000 300.000000
12974 -375.000000 0.000000 300.000000
12975 -300.000000 0.000000 300.000000
12976 -225.000000 0.000000 300.000000
12977 -150.000000 0.000000 300.000000
12978 -75.000000 0.000000 300.000000
12979 0.000000 0.000000 300.000000
12980 0.000000 0.000000 300.000000
12981 0.000000 0.000000 300.000000
12982 0.000000 0.000000 300.000000
12983 0.000000 0.000000 300.000000
12984 0.000000 0.000000 300.000000
12985 0.000000 0.000000 300.000000
12986 0.000000 0.000000 300.000000
12987 0.000000 0.000000 300.000000
12988 0.000000 0.000000 300.000000
12989 0.000000 0.000000 300.000000
12990 0.000000 0.000000 300.000000
12991 0.000000 0.000000 300.000000
12992 0.000000 0.000000 300.000000
12993 0.000000 0.000000 300.000000
12994 0.000000 0.000000 300.000000
12995 75.000000 0.000000 300.000000
12996 150.000000 0.000000 300.000000
12997 225.000000 0.000000 300.000000
12998 300.000000 0.000000 300.000000
12999 375.000000 0.000000 300.000000
13000 -375.000000 0.000000 300.000000
13001 -300.000000 0.000000 300.000000
13002 -225.000000 0.000000 300.000000
13003 -150.000000 0.000000 300.000000
13004 -75.000000 0.000000 300.000000
13005 0.000000 0.000000 300.000000
13006 0.000000 0.000000 300.000000
13007 0.000000 0.000000 300.000000
13008 0.000000 0.000000 300.000000
13009 0.000000 0.000000 300.000000
13010 0.000000 0.000000 300.000000
13011 0.000000 0.000000 300.000000
13012 0.000000 0.000000 300.000000
13013 0.000000 0.000000 300.000000
13014 0.000000 0.000000 300.000000
13015 0.000000 0.000000 300.000000
13016 0.000000 0.000000 300.000000
13017 0.000000 0.000000 300.000000
13018 0.000000 0.000000 300.000000
13019 0.000000 0.000000 300.000000
13020 0.000000 0.000000 300.000000
13021 75.000000 0.000000 300.000000
13022 150.000000 0.000000 300.000000
13023 225.000000 0.000000 300.000000
13024 300.000000 0.000000 300.000000
13025 375.000000 0.000000 300.000000
13026 -375.000000 0.000000 300.000000
13027 -300.000000 0.000000 300.000000
13028 -225.000000 0.000000 300.000000
13029 -150.000000 0.000000 300.000000
13030 -75.000000 0.000000 300.000000
13031 0.000000 0.000000 300.000000
13032 0.000000 0.000000 300.000000
13033 0.000000 0.000000 300.000000
13034 0.000000 0.000000 300.000000
13035 0.000000 0.000000 300.000000
13036 0.000000 0.000000 300.000000
13037 0.000000 0.000000 300.000000
13038 0.000000 0.000000 300.000000
13039 0.000000 0.000000 300.000000
13040 0.000000 0.000000 300.000000
13041 0.000000 0.000000 300.000000
13042 0.000000 0.000000 300.000000
13043 0.000000 0.000000 300.000000
13044 0.000000 0.000000 300.000000
13045 0.000000 0.000000 300.000000
13046 0.000000 0.000000 300.000000
13047 75.000000 0.000000 300.000000
13048 150.000000 0.000000 300.000000
13049 225.000000 0.000000 300.000000
13050 300.000000 0.000000 300.000000
13051 375.000000 0.000000 300.000000
13052 -375.000000 0.000000 300.000000
13053 -300.000000 0.000000 300.000000
13054 -225.000000 0.000000 300.000000
13055 -150.000000 0.000000 300.000000
13056 -75.000000 0.000000 300.000000
13057 0.000000 0.000000 300.000000
13058 0.000000 0.000000 300.000000
13059 0.000000 0.000000 300.000000
13060 0.000000 0.000000 300.000000
13061 0.000000 0.000000 300.000000
13062 0.000000 0.000000 300.000000
13063 0.000000 0.000000 300.000000
13064 0.000000 0.000000 300.000000
13065 0.000000 0.000000 300.000000
13066 0.000000 0.000000 300.000000
13067 0.000000 0.000000 300.000000
13068 0.000000 0.000000 300.000000
13069 0.000000 0.000000 300.000000
13070 0.000000 0.000000 300.000000
13071 0.000000 0.000000 300.000000
13072 0.000000 0.000000 300.000000
13073 75.000000 0.000000 300.000000
13074 150.000000 0.000000 300.000000
13075 225.000000 0.000000 300.000000
13076 300.000000 0.000000 300.000000
13077 375.000000 0.000000 300.000000
13078 -375.000000 0.000000 300.000000
13079 -300.000000 0.000000 300.000000
13080 -225.000000 0.000000 300.000000
13081 -150.000000 0.000000 300.000000
13082 -75.000000 0.000000 300.000000
13083 0.000000 0.000000 300.000000
13084 0.000000 0.000000 300.000000
13085 0.000000 0.000000 300.000000
13086 0.000000 0.000000 300.000000
13087 0.000000 0.000000 300.000000
13088 0.000000 0.000000 300.000000
13089 0.000000 0.000000 300.000000
13090 0.000000 0.000000 300.000000
13091 0.000000 0.000000 300.000000
13092 0.000000 0.000000 300.000000
13093 0.000000 0.000000 300.000000
13094 0.000000 0.000000 300.000000
13095 0.000000 0.000000 300.000000
13096 0.000000 0.000000 300.000000
13097 0.000000 0.000000 300.000000
13098 0.000000 0.000000 300.000000
13099 75.000000 0.000000 300.000000
13100 150.000000 0.000000 300.000000
13101 225.000000 0.000000 300.000000
13102 300.000000 0.000000 300.000000
13103 375.000000 0.000000 300.000000
13104 -375.000000 0.000000 300.000000
13105 -300.000000 0.000000 300.000000
13106 -225.000000 0.000000 300.000000
13107 -150.000000 0.000000 300.000000
13108 -75.000000 0.000000 300.000000
13109 0.000000 0.000000 300.000000
13110 0.000000 0.000000 300.000000
13111 0.000000 0.000000 300.000000
13112 0.000000 0.000000 300.000000
13113 0.000000 0.000000 300.000000
13114 0.000000 0.000000 300.000000
13115 0.000000 0.000000 300.000000
13116 0.000000 0.000000 300.000000
13117 0.000000 0.000000 300.000000
13118 0.000000 0.000000 300.000000
13119 0.000000 0.000000 300.000000
13120 0.000000 0.000000 300.000000
13121 0.000000 0.000000 300.000000
13122 0.000000 0.000000 300.000000
13123 0.000000 0.000000 300.000000
13124 0.000000 0.000000 300.000000
13125 75.000000 0.000000 300.000000
13126 150.000000 0.000000 300.000000
13127 225.000000 0.000000 300.000000
13128 300.000000 0.000000 300.000000
13129 375.000000 0.000000 300.000000
13130 -375.000000 0.000000 300.000000
13131 -300.000000 0.000000 300.000000
13132 -225.000000 0.000000 300.000000
13133 -150.000000 0.000000 300.000000
13134 -75.000000 0.000000 300.000000
13135 0.000000 0.000000 300.000000
13136 0.000000 0.000000 300.000000
13137 0.000000 0.000000 300.000000
13138 0.000000 0.000000 300.000000
13139 0.000000 0.000000 300.000000
13140 0.000000 0.000000 300.000000
13141 0.000000 0.000000 300.000000
13142 0.000000 0.000000 300.000000
13143 0.000000 0.000000 300.000000
13144 0.000000 0.000000 300.000000
13145 0.000000 0.000000 300.000000
13146 0.000000 0.000000 300.000000
13147 0.000000 0.000000 300.000000
13148 0.000000 0.000000 300.000000
13149 0.000000 0.000000 300.000000
13150 0.000000 0.000000 300.000000
13151 75.000000 0.000000 300.000000
13152 150.000000 0.000000 300.000000
13153 225.000000 0.000000 300.000000
13154 300.000000 0.000000 300.000000
13155 375.000000 0.000000 300.000000
13156 -375.000000 0.000000 300.000000
13157 -300.000000 0.000000 300.000000
13158 -225.000000 0.000000 300.000000
13159 -150.000000 0.000000 300.000000
13160 -75.000000 0.000000 300.000000
13161 0.000000 0.000000 300.000000
13162 0.000000 0.000000 300.000000
13163 0.000000 0.000000 300.000000
13164 0.000000 0.000000 300.000000
13165 0.000000 0.000000 300.000000
13166 0.000000 0.000000 300.000000
13167 0.000000 0.000000 300.000000
13168 0.000000 0.000000 300.000000
13169 0.000000 0.000000 300.000000
13170 0.000000 0.000000 300.000000
13171 0.000000 0.000000 300.000000
13172 0.000000 0.000000 300.000000
13173 0.000000 0.000000 300.000000
13174 0.000000 0.000000 300.000000
13175 0.000000 0.000000 300.000000
13176 0.000000 0.000000 300.000000
13177 75.000000 0.000000 300.000000
13178 150.000000 0.000000 300.000000
13179 225.000000 0.000000 300.000000
13180 300.000000 0.000000 300.000000
13181 375.000000 0.000000 300.000000
13182 -375.000000 0.000000 300.000000
13183 -300.000000 0.000000 300.000000
13184 -225.000000 0.000000 300.000000
13185 -150.000000 0.000000 300.000000
13186 -75.000000 0.000000 300.000000
13187 0.000000 0.000000 300.000000
13188 0.000000 0.000000 300.000000
13189 0.000000 0.000000 300.000000
13190 0.000000 0.000000 300.000000
13191 0.000000 0.000000 300.000000
13192 0.000000 0.000000 300.000000
13193 0.000000 0.000000 300.000000
13194 0.000000 0.000000 300.000000
13195 0.000000 0.000000 300.000000
13196 0.000000 0.000000 300.000000
13197 0.000000 0.000000 300.000000
13198 0.000000 0.000000 300.000000
13199 0.000000 0.000000 300.000000
13200 0.000000 0.000000 300.000000
13201 0.000000 0.000000 300.000000
13202 0.000000 0.000000 300.000000
13203 75.000000 0.000000 300.000000
13204 150.000000 0.000000 300.000000
13205 225.000000 0.000000 300.000000
13206 300.000000 0.000000 300.000000
13207 375.000000 0.000000 300.000000
13208 -375.000000 0.000000 300.000000
13209 -300.000000 0.000000 300.000000
13210 -225.000000 0.000000 300.000000
13211 -150.000000 0.000000 300.000000
13212 -75.000000 0.000000 300.000000
13213 0.000000 0.000000 300.000000
13214 0.000000 0.000000 300.000000
13215 0.000000 0.000000 300.000000
13216 0.000000 0.000000 300.000000
13217 0.000000 0.000000 300.000000
13218 0.000000 0.000000 300.000000
13219 0.000000 0.000000 300.000000
13220 0.000000 0.000000 300.000000
13221 0.000000 0.000000 300.000000
13222 0.000000 0.000000 300.000000
13223 0.000000 0.000000 300.000000
13224 0.000000 0.000000 300.000000
13225 0.000000 0.000000 300.000000
13226 0.000000 0.000000 300.000000
13227 0.000000 0.000000 300.000000
13228 0.000000 0.000000 300.000000
13229 75.000000 0.000000 300.000000
13230 150.000000 0.000000 300.000000
13231 225.000000 0.000000 300.000000
13232 300.000000 0.000000 300.000000
13233 375.000000 0.000000 300.000000
13234 -375.000000 0.000000 300.000000
13235 -300.000000 0.000000 300.000000
13236 -225.000000 0.000000 300.000000
13237 -150.000000 0.000000 300.000000
13238 -75.000000 0.000000 300.000000
13239 0.000000 0.000000 300.000000
13240 0.000000 0.000000 300.000000
13241 0.000000 0.000000 300.000000
13242 0.000000 0.000000 300.000000
13243 0.000000 0.000000 300.000000
13244 0.000000 0.000000 300.000000
13245 0.000000 0.000000 300.000000
13246 0.000000 0.000000 300.000000
13247 0.000000 0.000000 300.000000
13248 0.000000 0.000000 300.000000
13249 0.000000 0.000000 300.000000
13250 0.000000 0.000000 300.000000
13251 0.000000 0.000000 300.000000
13252 0.000000 0.000000 300.000000
13253 0.000000 0.000000 300.000000
13254 0.000000 0.000000 300.000000
13255 75.000000 0.000000 300.000000
13256 150.000000 0.000000 300.000000
13257 225.000000 0.000000 300.000000
13258 300.000000 0.000000 300.000000
13259 375.000000 0.000000 300.000000
13260 -375.000000 0.000000 300.000000
13261 -300.000000 0.000000 300.000000
13262 -225.000000 0.000000 300.000000
13263 -150.000000 0.000000 300.000000
13264 -75.000000 0.000000 300.000000
13265 0.000000 0.000000 300.000000
13266 0.000000 0.000000 300.000000
13267 0.000000 0.000000 300.000000
13268 0.000000 0.000000 300.000000
13269 0.000000 0.000000 300.000000
13270 0.000000 0.000000 300.000000
13271 0.000000 0.000000 300.000000
13272 0.000000 0.000000 300.000000
13273 0.000000 0.000000 300.000000
13274 0.000000 0.000000 300.000000
13275 0.000000 0.000000 300.000000
13276 0.000000 0.000000 300.000000
13277 0.000000 0.000000 300.000000
13278 0.000000 0.000000 300.000000
13279 0.000000 0.000000 300.000000
13280 0.000000 0.000000 300.000000
13281 75.000000 0.000000 300.000000
13282 150.000000 0.000000 300.000000
13283 225.000000 0.000000 300.000000
13284 300.000000 0.000000 300.000000
13285 375.000000 0.000000 300.000000
13286 -375.000000 0.000000 300.000000
13287 -300.000000 0.000000 300.000000
13288 -225.000000 0.000000 300.000000
13289 -150.000000 0.000000 300.000000
13290 -75.000000 0.000000 300.000000
13291 0.000000 0.000000 300.000000
13292 0.000000 0.000000 300.000000
13293 0.000000 0.000000 300.000000
13294 0.000000 0.000000 300.000000
13295 0.000000 0.000000 300.000000
13296 0.000000 0.000000 300.000000
13297 0.000000 0.000000 300.000000
13298 0.000000 0.000000 300.000000
13299 0.000000 0.000000 300.000000
13300 0.000000 0.000000 300.000000
13301 0.000000 0.000000 300.000000
13302 0.000000 0.000000 300.000000
13303 0.000000 0.000000 300.000000
13304 0.000000 0.000000 300.000000
13305 0.000000 0.000000 300.000000
13306 0.000000 0.000000 300.000000
13307 75.000000 0.000000 300.000000
13308 150.000000 0.000000 300.000000
13309 225.000000 0.000000 300.000000
13310 300.000000 0.000000 300.000000
13311 375.000000 0.000000 300.000000
13312 -375.000000 0.000000 300.000000
13313 -300.000000 0.000000 300.000000
13314 -225.000000 0.000000 300.000000
13315 -150.000000 0.000000 300.000000
13316 -75.000000 0.000000 300.000000
13317 0.000000 0.000000 300.000000
13318 0.000000 0.000000 300.000000
13319 0.000000 0.000000 300.000000
13320 0.000000 0.000000 300.000000
13321 0.000000 0.000000 300.000000
13322 0.000000 0.000000 300.000000
13323 0.000000 0.000000 300.000000
13324 0.000000 0.000000 300.000000
13325 0.000000 0.000000 300.000000
13326 0.000000 0.000000 300.000000
13327 0.000000 0.000000 300.000000
13328 0.000000 0.000000 300.000000
13329 0.000000 0.000000 300.000000
13330 0.000000 0.000000 300.000000
13331 0.000000 0.000000 300.000000
13332 0.000000 0.000000 300.000000
13333 75.000000 0.000000 300.000000
13334 150.000000 0.000000 300.000000
13335 225.000000 0.000000 300.000000
13336 300.000000 0.000000 300.000000
13337 375.000000 0.000000 300.000000
13338 -375.000000 0.000000 300.000000
13339 -300.000000 0.000000 300.000000
13340 -225.000000 0.000000 300.000000
13341 -150.000000 0.000000 300.000000
13342 -75.000000 0.000000 300.000000
13343 0.000000 0.000000 300.000000
13344 0.000000 0.000000 300.000000
13345 0.000000 0.000000 300.000000
13346 0.000000 0.000000 300.000000
13347 0.000000 0.000000 300.000000
13348 0.000000 0.000000 300.000000
13349 0.000000 0.000000 300.000000
13350 0.000000 0.000000 300.000000
13351 0.000000 0.000000 300.000000
13352 0.000000 0.000000 300.000000
13353 0.000000 0.000000 300.000000
13354 0.000000 0.000000 300.000000
13355 0.000000 0.000000 300.000000
13356 0.000000 0.000000 300.000000
13357 0.000000 0.000000 300.000000
13358 0.000000 0.000000 300.000000
13359 75.000000 0.000000 300.000000
13360 150.000000 0.000000 300.000000
13361 225.000000 0.000000 300.000000
13362 300.000000 0.000000 300.000000
13363 375.000000 0.000000 300.000000
13364 -375.000000 0.000000 300.000000
13365 -300.000000 0.000000 300.000000
13366 -225.000000 0.000000 300.000000
13367 -150.000000 0.000000 300.000000
13368 -75.000000 0.000000 300.000000
13369 0.000000 0.000000 300.000000
13370 0.000000 0.000000 300.000000
13371 0.000000 0.000000 300.000000
13372 0.000000 0.000000 300.000000
13373 0.000000 0.000000 300.000000
13374 0.000000 0.000000 300.000000
13375 0.000000 0.000000 300.000000
13376 0.000000 0.000000 300.000000
13377 0.000000 0.000000 300.000000
13378 0.000000 0.000000 300.000000
13379 0.000000 0.000000 300.000000
13380 0.000000 0.000000 300.000000
13381 0.000000 0.000000 300.000000
13382 0.000000 0.000000 300.000000
13383 0.000000 0.000000 300.000000
13384 0.000000 0.000000 300.000000
13385 75.000000 0.000000 300.000000
13386 150.000000 0.000000 300.000000
13387 225.000000 0.000000 300.000000
13388 300.000000 0.000000 300.000000
13389 375.000000 0.000000 300.000000
13390 -375.000000 75.000000 300.000000
13391 -300.000000 75.000000 300.000000
13392 -225.000000 75.000000 300.000000
13393 -150.000000 75.000000 300.000000
13394 -75.000000 75.000000 300.000000
13395 0.000000 75.000000 300.000000
13396 0.000000 75.000000 300.000000
13397 0.000000 75.000000 300.000000
13398 0.000000 75.000000 300.000000
13399 0.000000 75.000000 300.000000
13400 0.000000 75.000000 300.000000
13401 0.000000 75.000000 300.000000
13402 0.000000 75.000000 300.000000
13403 0.000000 75.000000 300.000000
13404 0.000000 75.000000 300.000000
13405 0.000000 75.000000 300.000000
13406 0.000000 75.000000 300.000000
13407 0.000000 75.000000 300.000000
13408 0.000000 75.000000 300.000000
13409 0.000000 75.000000 300.000000
13410 0.000000 75.000000 300.000000
13411 75.000000 75.000000 300.000000
13412 150.000000 75.000000 300.000000
13413 225.000000 75.000000 300.000000
13414 300.000000 75.000000 300.000000
13415 375.000000 75.000000 300.000000
13416 -375.000000 150.000000 300.000000
13417 -300.000000 150.000000 300.000000
13418 -225.000000 150.000000 300.000000
13419 -150.000000 150.000000 300.000000
13420 -75.000000 150.000000 300.000000
13421 0.000000 150.000000 300.000000
13422 0.000000 150.000000 300.000000
13423 0.000000 150.000000 300.000000
13424 0.000000 150.000000 300.000000
13425 0.000000 150.000000 300.000000
13426 0.000000 150.000000 300.000000
13427 0.000000 150.000000 300.000000
13428 0.000000 150.000000 300.000000
13429 0.000000 150.000000 300.000000
13430 0.000000 150.000000 300.000000
13431 0.000000 150.000000 300.000000
13432 0.000000 150.000000 300.000000
13433 0.000000 150.000000 300.000000
13434 0.000000 150.000000 300.000000
13435 0.000000 150.000000 300.000000
13436 0.000000 150.000000 300.000000
13437 75.000000 150.000000 300.000000
13438 150.000000 150.000000 300.000000
13439 225.000000 150.000000 300.000000
13440 300.000000 150.000000 300.000000
13441 375.000000 150.000000 300.000000
13442 -375.000000 225.000000 300.000000
13443 -300.000000 225.000000 300.000000
13444 -225.000000 225.000000 300.000000
13445 -150.000000 225.000000 300.000000
13446 -75.000000 225.000000 300.000000
13447 0.000000 225.000000 300.000000
13448 0.000000 225.000000 300.000000
13449 0.000000 225.000000 300.000000
13450 0.000000 225.000000 300.000000
13451 0.000000 225.000000 300.000000
13452 0.000000 225.000000 300.000000
13453 0.000000 225.000000 300.000000
13454 0.000000 225.000000 300.000000
13455 0.000000 225.000000 300.000000
13456 0.000000 225.000000 300.000000
13457 0.000000 225.000000 300.000000
13458 0.000000 225.000000 300.000000
13459 0.000000 225.000000 300.000000
13460 0.000000 225.000000 300.000000
13461 0.000000 225.000000 300.000000
13462 0.000000 225.000000 300.000000
13463 75.000000 225.000000 300.000000
13464 150.000000 225.000000 300.000000
13465 225.000000 225.000000 300.000000
13466 300.000000 225.000000 300.000000
13467 375.000000 225.000000 300.000000
13468 -375.000000 300.000000 300.000000
13469 -300.000000 300.000000 300.000000
13470 -225.000000 300.000000 300.000000
13471 -150.000000 300.000000 300.000000
13472 -75.000000 300.000000 300.000000
13473 0.000000 300.000000 300.000000
13474 0.000000 300.000000 300.000000
13475 0.000000 300.000000 300.000000
13476 0.000000 300.000000 300.000000
13477 0.000000 300.000000 300.000000
13478 0.000000 300.000000 300.000000
13479 0.000000 300.000000 300.000000
13480 0.000000 300.000000 300.000000
13481 0.000000 300.000000 300.000000
13482 0.000000 300.000000 300.000000
13483 0.000000 300.000000 300.000000
13484 0.000000 300.000000 300.000000
13485 0.000000 300.000000 300.000000
13486 0.000000 300.000000 300.000000
13487 0.000000 300.000000 300.000000
13488 0.000000 300.000000 300.000000
13489 75.000000 300.000000 300.000000
13490 150.000000 300.000000 300.000000
13491 225.000000 300.000000 300.000000
13492 300.000000 300.000000 300.000000
13493 375.000000 300.000000 300.000000
13494 -375.000000 375.000000 300.000000
13495 -300.000000 375.000000 300.000000
13496 -225.000000 375.000000 300.000000
13497 -150.000000 375.000000 300.000000
13498 -75.000000 375.000000 300.000000
13499 0.000000 375.000000 300.000000
13500 0.000000 375.000000 300.000000
13501 0.000000 375.000000 300.000000
13502 0.000000 375.000000 300.000000
13503 0.000000 375.000000 300.000000
13504 0.000000 375.000000 300.000000
13505 0.000000 375.000000 300.000000
13506 0.000000 375.000000 300.000000
13507 0.000000 375.000000 300.000000
13508 0.000000 375.000000 300.000000
13509 0.000000 375.000000 300.000000
13510 0.000000 375.000000 300.000000
13511 0.000000 375.000000 300.000000
13512 0.000000 375.000000 300.000000
13513 0.000000 375.000000 300.000000
13514 0.000000 375.000000 300.000000
13515 75.000000 375.000000 300.000000
13516 150.000000 375.000000 300.000000
13517 225.000000 375.000000 300.000000
13518 300.000000 375.000000 300.000000
13519 375.000000 375.000000 300.000000
13520 -375.000000 -375.000000 375.000000
13521 -300.000000 -375.000000 375.000000
13522 -225.000000 -375.000000 375.000000
13523 -150.000000 -375.000000 375.000000
13524 -75.000000 -375.000000 375.000000
13525 0.000000 -375.000000 375.000000
13526 0.000000 -375.000000 375.000000
13527 0.000000 -375.000000 375.000000
13528 0.000000 -375.000000 375.000000
13529 0.000000 -375.000000 375.000000
13530 0.000000 -375.000000 375.000000
13531 0.000000 -375.000000 375.000000
13532 0.000000 -375.000000 375.000000
13533 0.000000 -375.000000 375.000000
13534 0.000000 -375.000000 375.000000
13535 0.000000 -375.000000 375.000000
13536 0.000000 -375.000000 375.000000
13537 0.000000 -375.000000 375.000000
13538 0.000000 -375.000000 375.000000
13539 0.000000 -375.000000 375.000000
13540 0.000000 -375.000000 375.000000
13541 75.000000 -375.000000 375.000000
13542 150.000000 -375.000000 375.000000
13543 225.000000 -375.000000 375.000000
13544 300.000000 -375.000000 375.000000
13545 375.000000 -375.000000 375.000000
13546 -375.000000 -300.000000 375.000000
13547 -300.000000 -300.000000 375.000000
13548 -225.000000 -300.000000 375.000000
13549 -150.000000 -300.000000 375.000000
13550 -75.000000 -300.000000 375.000000
13551 0.000000 -300.000000 375.000000
13552 0.000000 -300.000000 375.000000
13553 0.000000 -300.000000 375.000000
13554 0.000000 -300.000000 375.000000
13555 0.000000 -300.000000 375.000000
13556 0.000000 -300.000000 375.000000
13557 0.000000 -300.000000 375.000000
13558 0.000000 -300.000000 375.000000
13559 0.000000 -300.000000 375.000000
13560 0.000000 -300.000000 375.000000
13561 0.000000 -300.000000 375.000000
13562 0.000000 -300.000000 375.000000
13563 0.000000 -300.000000 375.000000
13564 0.000000 -300.000000 375.000000
13565 0.000000 -300.000000 375.000000
13566 0.000000 -300.000000 375.000000
13567 75.000000 -300.000000 375.000000
13568 150.000000 -300.000000 375.000000
13569 225.000000 -300.000000 375.000000
13570 300.000000 -300.000000 375.000000
13571 375.000000 -300.000000 375.000000
13572 -375.000000 -225.000000 375.000000
13573 -300.000000 -225.000000 375.000000
13574 -225.000000 -225.000000 375.000000
13575 -150.000000 -225.000000 375.000000
13576 -75.000000 -225.000000 375.000000
13577 0.000000 -225.000000 375.000000
13578 0.000000 -225.000000 375.000000
13579 0.000000 -225.000000 375.000000
13580 0.000000 -225.000000 375.000000
13581 0.000000 -225.000000 375.000000
13582 0.000000 -225.000000 375.000000
13583 0.000000 -225.000000 375.000000
13584 0.000000 -225.000000 375.000000
13585 0.000000 -225.000000 375.000000
13586 0.000000 -225.000000 375.000000
13587 0.000000 -225.000000 375.000000
13588 0.000000 -225.000000 375.000000
13589 0.000000 -225.000000 375.000000
13590 0.000000 -225.000000 375.000000
13591 0.000000 -225.000000 375.000000
13592 0.000000 -225.000000 375.000000
13593 75.000000 -225.000000 375.000000
13594 150.000000 -225.000000 375.000000
13595 225.000000 -225.000000 375.000000
13596 300.000000 -225.000000 375.000000
13597 375.000000 -225.000000 375.000000
13598 -375.000000 -150.000000 375.000000
13599 -300.000000 -150.000000 375.000000
13600 -225.000000 -150.000000 375.000000
13601 -150.000000 -150.000000 375.000000
13602 -75.000000 -150.000000 375.000000
13603 0.000000 -150.000000 375.000000
13604 0.000000 -150.000000 375.000000
13605 0.000000 -150.000000 375.000000
13606 0.000000 -150.000000 375.000000
13607 0.000000 -150.000000 375.000000
13608 0.000000 -150.000000 375.000000
13609 0.000000 -150.000000 375.000000
13610 0.000000 -150.000000 375.000000
13611 0.000000 -150.000000 375.000000
13612 0.000000 -150.000000 375.000000
13613 0.000000 -150.000000 375.000000
13614 0.000000 -150.000000 375.000000
13615 0.000000 -150.000000 375.000000
13616 0.000000 -150.000000 375.000000
13617 0.000000 -150.000000 375.000000
13618 0.000000 -150.000000 375.000000
13619 75.000000 -150.000000 375.000000
13620 150.000000 -150.000000 375.000000
13621 225.000000 -150.000000 375.000000
13622 300.000000 -150.000000 375.000000
13623 375.000000 -150.000000 375.000000
13624 -375.000000 -75.000000 375.000000
13625 -300.000000 -75.000000 375.000000
13626 -225.000000 -75.000000 375.000000
13627 -150.000000 -75.000000 375.000000
13628 -75.000000 -75.000000 375.000000
13629 0.000000 -75.000000 375.000000
13630 0.000000 -75.000000 375.000000
13631 0.000000 -75.000000 375.000000
13632 0.000000 -75.000000 375.000000
13633 0.000000 -75.000000 375.000000
13634 0.000000 -75.000000 375.000000
13635 0.000000 -75.000000 375.000000
13636 0.000000 -75.000000 375.000000
13637 0.000000 -75.000000 375.000000
13638 0.000000 -75.000000 375.000000
13639 0.000000 -75.000000 375.000000
13640 0.000000 -75.000000 375.000000
13641 0.000000 -75.000000 375.000000
13642 0.000000 -75.000000 375.000000
13643 0.000000 -75.000000 375.000000
13644 0.000000 -75.000000 375.000000
13645 75.000000 -75.000000 375.000000
13646 150.000000 -75.000000 375.000000
13647 225.000000 -75.000000 375.000000
13648 300.000000 -75.000000 375.000000
13649 375.000000 -75.000000 375.000000
13650 -375.000000 0.000000 375.000000
13651 -300.000000 0.000000 375.000000
13652 -225.000000 0.000000 375.000000
13653 -150.000000 0.000000 375.000000
13654 -75.000000 0.000000 375.000000
13655 0.000000 0.000000 375.000000
13656 0.000000 0.000000 375.000000
13657 0.000000 0.000000 375.000000
13658 0.000000 0.000000 375.000000
13659 0.000000 0.000000 375.000000
13660 0.000000 0.000000 375.000000
13661 0.000000 0.000000 375.000000
13662 0.000000 0.000000 375.000000
13663 0.000000 0.000000 375.000000
13664 0.000000 0.000000 375.000000
13665 0.000000 0.000000 375.000000
13666 0.000000 0.000000 375.000000
13667 0.000000 0.000000 375.000000
13668 0.000000 0.000000 375.000000
13669 0.000000 0.000000 375.000000
13670 0.000000 0.000000 375.000000
13671 75.000000 0.000000 375.000000
13672 150.000000 0.000000 375.000000
13673 225.000000 0.000000 375.000000
13674 300.000000 0.000000 375.000000
13675 375.000000 0.000000 375.000000
13676 -375.000000 0.000000 375.000000
13677 -300.000000 0.000000 375.000000
13678 -225.000000 0.000000 375.000000
13679 -150.000000 0.000000 375.000000
13680 -75.000000 0.000000 375.000000
13681 0.000000 0.000000 375.000000
13682 0.000000 0.000000 375.000000
13683 0.000000 0.000000 375.000000
13684 0.000000 0.000000 375.000000
13685 0.000000 0.000000 375.000000
13686 0.000000 0.000000 375.000000
13687 0.000000 0.000000 375.000000
13688 0.000000 0.000000 375.000000
13689 0.000000 0.000000 375.000000
13690 0.000000 0.000000 375.000000
13691 0.000000 0.000000 375.000000
13692 0.000000 0.000000 375.000000
13693 0.000000 0.000000 375.000000
13694 0.000000 0.000000 375.000000
13695 0.000000 0.000000 375.000000
13696 0.000000 0.000000 375.000000
13697 75.000000 0.000000 375.000000
13698 150.000000 0.000000 375.000000
13699 225.000000 0.000000 375.000000
13700 300.000000 0.000000 375.000000
13701 375.000000 0.000000 375.000000
13702 -375.000000 0.000000 375.000000
13703 -300.000000 0.000000 375.000000
13704 -225.000000 0.000000 375.000000
13705 -150.000000 0.000000 375.000000
13706 -75.000000 0.000000 375.000000
13707 0.000000 0.000000 375.000000
13708 0.000000 0.000000 375.000000
13709 0.000000 0.000000 375.000000
13710 0.000000 0.000000 375.000000
13711 0.000000 0.000000 375.000000
13712 0.000000 0.000000 375.000000
13713 0.000000 0.000000 375.000000
13714 0.000000 0.000000 375.000000
13715 0.000000 0.000000 375.000000
13716 0.000000 0.000000 375.000000
13717 0.000000 0.000000 375.000000
13718 0.000000 0.000000 375.000000
13719 0.000000 0.000000 375.000000
13720 0.000000 0.000000 375.000000
13721 0.000000 0.000000 375.000000
13722 0.000000 0.000000 375.000000
13723 75.000000 0.000000 375.000000
13724 150.000000 0.000000 375.000000
13725 225.000000 0.000000 375.000000
13726 300.000000 0.000000 375.000000
13727 375.000000 0.000000 375.000000
13728 -375.000000 0.000000 375.000000
13729 -300.000000 0.000000 375.000000
13730 -225.000000 0.000000 375.000000
13731 -150.000000 0.000000 375.000000
13732 -75.000000 0.000000 375.000000
13733 0.000000 0.000000 375.000000
13734 0.000000 0.000000 375.000000
13735 0.000000 0.000000 375.000000
13736 0.000000 0.000000 375.000000
13737 0.000000 0.000000 375.000000
13738 0.000000 0.000000 375.000000
13739 0.000000 0.000000 375.000000
13740 0.000000 0.000000 375.000000
13741 0.000000 0.000000 375.000000
13742 0.000000 0.000000 375.000000
13743 0.000000 0.000000 375.000000
13744 0.000000 0.000000 375.000000
13745 0.000000 0.000000 375.000000
13746 0.000000 0.000000 375.000000
13747 0.000000 0.000000 375.000000
13748 0.000000 0.000000 375.000000
13749 75.000000 0.000000 375.000000
13750 150.000000 0.000000 375.000000
13751 225.000000 0.000000 375.000000
13752 300.000000 0.000000 375.000000
13753 375.000000 0.000000 375.000000
13754 -375.000000 0.000000 375.000000
13755 -300.000000 0.000000 375.000000
13756 -225.000000 0.000000 375.000000
13757 -150.000000 0.000000 375.000000
13758 -75.000000 0.000000 375.000000
13759 0.000000 0.000000 375.000000
13760 0.000000 0.000000 375.000000
13761 0.000000 0.000000 375.000000
13762 0.000000 0.000000 375.000000
13763 0.000000 0.000000 375.000000
13764 0.000000 0.000000 375.000000
13765 0.000000 0.000000 375.000000
13766 0.000000 0.000000 375.000000
13767 0.000000 0.000000 375.000000
13768 0.000000 0.000000 375.000000
13769 0.000000 0.000000 375.000000
13770 0.000000 0.000000 375.000000
13771 0.000000 0.000000 375.000000
13772 0.000000 0.000000 375.000000
13773 0.000000 0.000000 375.000000
13774 0.000000 0.000000 375.000000
13775 75.000000 0.000000 375.000000
13776 150.000000 0.000000 375.000000
13777 225.000000 0.000000 375.000000
13778 300.000000 0.000000 375.000000
13779 375.000000 0.000000 375.000000
13780 -375.000000 0.000000 375.000000
13781 -300.000000 0.000000 375.000000
13782 -225.000000 0.000000 375.000000
13783 -150.000000 0.000000 375.000000
13784 -75.000000 0.000000 375.000000
13785 0.000000 0.000000 375.000000
13786 0.000000 0.000000 375.000000
13787 0.000000 0.000000 375.000000
13788 0.000000 0.000000 375.000000
13789 0.000000 0.000000 375.000000
13790 0.000000 0.000000 375.000000
13791 0.000000 0.000000 375.000000
13792 0.000000 0.000000 375.000000
13793 0.000000 0.000000 375.000000
13794 0.000000 0.000000 375.000000
13795 0.000000 0.000000 375.000000
13796 0.000000 0.000000 375.000000
13797 0.000000 0.000000 375.000000
13798 0.000000 0.000000 375.000000
13799 0.000000 0.000000 375.000000
13800 0.000000 0.000000 375.000000
13801 75.000000 0.000000 375.000000
13802 150.000000 0.000000 375.000000
13803 225.000000 0.000000 375.000000
13804 300.000000 0.000000 375.000000
13805 375.000000 0.000000 375.000000
13806 -375.000000 0.000000 375.000000
13807 -300.000000 0.000000 375.000000
13808 -225.000000 0.000000 375.000000
13809 -150.000000 0.000000 375.000000
13810 -75.000000 0.000000 375.000000
13811 0.000000 0.000000 375.000000
13812 0.000000 0.000000 375.000000
13813 0.000000 0.000000 375.000000
13814 0.000000 0.000000 375.000000
13815 0.000000 0.000000 375.000000
13816 0.000000 0.000000 375.000000
13817 0.000000 0.000000 375.000000
13818 0.000000 0.000000 375.000000
13819 0.000000 0.000000 375.000000
13820 0.000000 0.000000 375.000000
13821 0.000000 0.000000 375.000000
13822 0.000000 0.000000 375.000000
13823 0.000000 0.000000 375.000000
13824 0.000000 0.000000 375.000000
13825 0.000000 0.000000 375.000000
13826 0.000000 0.000000 375.000000
13827 75.000000 0.000000 375.000000
13828 150.000000 0.000000 375.000000
13829 225.000000 0.000000 375.000000
13830 300.000000 0.000000 375.000000
13831 375.000000 0.000000 375.000000
13832 -375.000000 0.000000 375.000000
13833 -300.000000 0.000000 375.000000
13834 -225.000000 0.000000 375.000000
13835 -150.000000 0.000000 375.000000
13836 -75.000000 0.000000 375.000000
13837 0.000000 0.000000 375.000000
13838 0.000000 0.000000 375.000000
13839 0.000000 0.000000 375.000000
13840 0.000000 0.000000 375.000000
13841 0.000000 0.000000 375.000000
13842 0.000000 0.000000 375.000000
13843 0.000000 0.000000 375.000000
13844 0.000000 0.000000 375.000000
13845 0.000000 0.000000 375.000000
13846 0.000000 0.000000 375.000000
13847 0.000000 0.000000 375.000000
13848 0.000000 0.000000 375.000000
13849 0.000000 0.000000 375.000000
13850 0.000000 0.000000 375.000000
13851 0.000000 0.000000 375.000000
13852 0.000000 0.000000 375.000000
13853 75.000000 0.000000 375.000000
13854 150.000000 0.000000 375.000000
13855 225.000000 0.000000 375.000000
13856 300.000000 0.000000 375.000000
13857 375.000000 0.000000 375.000000
13858 -375.000000 0.000000 375.000000
13859 -300.000000 0.000000 375.000000
13860 -225.000000 0.000000 375.000000
13861 -150.000000 0.000000 375.000000
13862 -75.000000 0.000000 375.000000
13863 0.000000 0.000000 375.000000
13864 0.000000 0.000000 375.000000
13865 0.000000 0.000000 375.000000
13866 0.000000 0.000000 375.000000
13867 0.000000 0.000000 375.000000
13868 0.000000 0.000000 375.000000
13869 0.000000 0.000000 375.000000
13870 0.000000 0.000000 375.000000
13871 0.000000 0.000000 375.000000
13872 0.000000 0.000000 375.000000
13873 0.000000 0.000000 375.000000
13874 0.000000 0.000000 375.000000
13875 0.000000 0.000000 375.000000
13876 0.000000 0.000000 375.000000
13877 0.000000 0.000000 375.000000
13878 0.000000 0.000000 375.000000
13879 75.000000 0.000000 375.000000
13880 150.000000 0.000000 375.000000
13881 225.000000 0.000000 375.000000
13882 300.000000 0.000000 375.000000
13883 375.000000 0.000000 375.000000
13884 -375.000000 0.000000 375.000000
13885 -300.000000 0.000000 375.000000
13886 -225.000000 0.000000 375.000000
13887 -150.000000 0.000000 375.000000
13888 -75.000000 0.000000 375.000000
13889 0.000000 0.000000 375.000000
13890 0.000000 0.000000 375.000000
13891 0.000000 0.000000 375.000000
13892 0.000000 0.000000 375.000000
13893 0.000000 0.000000 375.000000
13894 0.000000 0.000000 375.000000
13895 0.000000 0.000000 375.000000
13896 0.000000 0.000000 375.000000
13897 0.000000 0.000000 375.000000
13898 0.000000 0.000000 375.000000
13899 0.000000 0.000000 375.000000
13900 0.000000 0.000000 375.000000
13901 0.000000 0.000000 375.000000
13902 0.000000 0.000000 375.000000
13903 0.000000 0.000000 375.000000
13904 0.000000 0.000000 375.000000
13905 75.000000 0.000000 375.000000
13906 150.000000 0.000000 375.000000
13907 225.000000 0.000000 375.000000
13908 300.000000 0.000000 375.000000
13909 375.000000 0.000000 375.000000
13910 -375.000000 0.000000 375.000000
13911 -300.000000 0.000000 375.000000
13912 -225.000000 0.000000 375.000000
13913 -150.000000 0.000000 375.000000
13914 -75.000000 0.000000 375.000000
13915 0.000000 0.000000 375.000000
13916 0.000000 0.000000 375.000000
13917 0.000000 0.000000 375.000000
13918 0.000000 0.000000 375.000000
13919 0.000000 0.000000 375.000000
13920 0.000000 0.000000 375.000000
13921 0.000000 0.000000 375.000000
13922 0.000000 0.000000 375.000000
13923 0.000000 0.000000 375.000000
13924 0.000000 0.000000 375.000000
13925 0.000000 0.000000 375.000000
13926 0.000000 0.000000 375.000000
13927 0.000000 0.000000 375.000000
13928 0.000000 0.000000 375.000000
13929 0.000000 0.000000 375.000000
13930 0.000000 0.000000 375.000000
13931 75.000000 0.000000 375.000000
13932 150.000000 0.000000 375.000000
13933 225.000000 0.000000 375.000000
13934 300.000000 0.000000 375.000000
13935 375.000000 0.000000 375.000000
13936 -375.000000 0.000000 375.000000
13937 -300.000000 0.000000 375.000000
13938 -225.000000 0.000000 375.000000
13939 -150.000000 0.000000 375.000000
13940 -75.000000 0.000000 375.000000
13941 0.000000 0.000000 375.000000
13942 0.000000 0.000000 375.000000
13943 0.000000 0.000000 375.000000
13944 0.000000 0.000000 375.000000
13945 0.000000 0.000000 375.000000
13946 0.000000 0.000000 375.000000
13947 0.000000 0.000000 375.000000
13948 0.000000 0.000000 375.000000
13949 0.000000 0.000000 375.000000
13950 0.000000 0.000000 375.000000
13951 0.000000 0.000000 375.000000
13952 0.000000 0.000000 375.000000
13953 0.000000 0.000000 375.000000
13954 0.000000 0.000000 375.000000
13955 0.000000 0.000000 375.000000
13956 0.000000 0.000000 375.000000
13957 75.000000 0.000000 375.000000
13958 150.000000 0.000000 375.000000
13959 225.000000 0.000000 375.000000
13960 300.000000 0.000000 375.000000
13961 375.000000 0.000000 375.000000
13962 -375.000000 0.000000 375.000000
13963 -300.000000 0.000000 375.000000
13964 -225.000000 0.000000 375.000000
13965 -150.000000 0.000000 375.000000
13966 -75.000000 0.000000 375.000000
13967 0.000000 0.000000 375.000000
13968 0.000000 0.000000 375.000000
13969 0.000000 0.000000 375.000000
13970 0.000000 0.000000 375.000000
13971 0.000000 0.000000 375.000000
13972 0.000000 0.000000 375.000000
13973 0.000000 0.000000 375.000000
13974 0.000000 0.000000 375.000000
13975 0.000000 0.000000 375.000000
13976 0.000000 0.000000 375.000000
13977 0.000000 0.000000 375.000000
13978 0.000000 0.000000 375.000000
13979 0.000000 0.000000 375.000000
13980 0.000000 0.000000 375.000000
13981 0.000000 0.000000 375.000000
13982 0.000000 0.000000 375.000000
13983 75.000000 0.000000 375.000000
13984 150.000000 0.000000 375.000000
13985 225.000000 0.000000 375.000000
13986 300.000000 0.000000 375.000000
13987 375.000000 0.000000 375.000000
13988 -375.000000 0.000000 375.000000
13989 -300.000000 0.000000 375.000000
13990 -225.000000 0.000000 375.000000
13991 -150.000000 0.000000 375.000000
13992 -75.000000 0.000000 375.000000
13993 0.000000 0.000000 375.000000
13994 0.000000 0.000000 375.000000
13995 0.000000 0.000000 375.000000
13996 0.000000 0.000000 375.000000
13997 0.000000 0.000000 375.000000
13998 0.000000 0.000000 375.000000
13999 0.000000 0.000000 375.000000
14000 0.000000 0.000000 375.000000
14001 0.000000 0.000000 375.000000
14002 0.000000 0.000000 375.000000
14003 0.000000 0.000000 375.000000
14004 0.000000 0.000000 375.000000
14005 0.000000 0.000000 375.000000
14006 0.000000 0.000000 375.000000
14007 0.000000 0.000000 375.000000
14008 0.000000 0.000000 375.000000
14009 75.000000 0.000000 375.000000
14010 150.000000 0.000000 375.000000
14011 225.000000 0.000000 375.000000
14012 300.000000 0.000000 375.000000
14013 375.000000 0.000000 375.000000
14014 -375.000000 0.000000 375.000000
14015 -300.000000 0.000000 375.000000
14016 -225.000000 0.000000 375.000000
14017 -150.000000 0.000000 375.000000
14018 -75.000000 0.000000 375.000000
14019 0.000000 0.000000 375.000000
14020 0.000000 0.000000 375.000000
14021 0.000000 0.000000 375.000000
14022 0.000000 0.000000 375.000000
14023 0.000000 0.000000 375.000000
14024 0.000000 0.000000 375.000000
14025 0.000000 0.000000 375.000000
14026 0.000000 0.000000 375.000000
14027 0.000000 0.000000 375.000000
14028 0.000000 0.000000 375.000000
14029 0.000000 0.000000 375.000000
14030 0.000000 0.000000 375.000000
14031 0.000000 0.000000 375.000000
14032 0.000000 0.000000 375.000000
14033 0.000000 0.000000 375.000000
14034 0.000000 0.000000 375.000000
14035 75.000000 0.000000 375.000000
14036 150.000000 0.000000 375.000000
14037 225.000000 0.000000 375.000000
14038 300.000000 0.000000 375.000000
14039 375.000000 0.000000 375.000000
14040 -375.000000 0.000000 375.000000
14041 -300.000000 0.000000 375.000000
14042 -225.000000 0.000000 375.000000
14043 -150.000000 0.000000 375.000000
14044 -75.000000 0.000000 375.000000
14045 0.000000 0.000000 375.000000
14046 0.000000 0.000000 375.000000
14047 0.000000 0.000000 375.000000
14048 0.000000 0.000000 375.000000
14049 0.000000 0.000000 375.000000
14050 0.000000 0.000000 375.000000
14051 0.000000 0.000000 375.000000
14052 0.000000 0.000000 375.000000
14053 0.000000 0.000000 375.000000
14054 0.000000 0.000000 375.000000
14055 0.000000 0.000000 375.000000
14056 0.000000 0.000000 375.000000
14057 0.000000 0.000000 375.000000
14058 0.000000 0.000000 375.000000
14059 0.000000 0.000000 375.000000
14060 0.000000 0.000000 375.000000
14061 75.000000 0.000000 375.000000
14062 150.000000 0.000000 375.000000
14063 225.000000 0.000000 375.000000
14064 300.000000 0.000000 375.000000
14065 375.000000 0.000000 375.000000
14066 -375.000000 75.000000 375.000000
14067 -300.000000 75.000000 375.000000
14068 -225.000000 75.000000 375.000000
14069 -150.000000 75.000000 375.000000
14070 -75.000000 75.000000 375.000000
14071 0.000000 75.000000 375.000000
14072 0.000000 75.000000 375.000000
14073 0.000000 75.000000 375.000000
14074 0.000000 75.000000 375.000000
14075 0.000000 75.000000 375.000000
14076 0.000000 75.000000 375.000000
14077 0.000000 75.000000 375.000000
14078 0.000000 75.000000 375.000000
14079 0.000000 75.000000 375.000000
14080 0.000000 75.000000 375.000000
14081 0.000000 75.000000 375.000000
14082 0.000000 75.000000 375.000000
14083 0.000000 75.000000 375.000000
14084 0.000000 75.000000 375.000000
14085 0.000000 75.000000 375.000000
14086 0.000000 75.000000 375.000000
14087 75.000000 75.000000 375.000000
14088 150.000000 75.000000 375.000000
14089 225.000000 75.000000 375.000000
14090 300.000000 75.000000 375.000000
14091 375.000000 75.000000 375.000000
14092 -375.000000 150.000000 375.000000
14093 -300.000000 150.000000 375.000000
14094 -225.000000 150.000000 375.000000
14095 -150.000000 150.000000 375.000000
14096 -75.000000 150.000000 375.000000
14097 0.000000 150.000000 375.000000
14098 0.000000 150.000000 375.000000
14099 0.000000 150.000000 375.000000
14100 0.000000 150.000000 375.000000
14101 0.000000 150.000000 375.000000
14102 0.000000 150.000000 375.000000
14103 0.000000 150.000000 375.000000
14104 0.000000 150.000000 375.000000
14105 0.000000 150.000000 375.000000
14106 0.000000 150.000000 375.000000
14107 0.000000 150.000000 375.000000
14108 0.000000 150.000000 375.000000
14109 0.000000 150.000000 375.000000
14110 0.000000 150.000000 375.000000
14111 0.000000 150.000000 375.000000
14112 0.000000 150.000000 375.000000
14113 75.000000 150.000000 375.000000
14114 150.000000 150.000000 375.000000
14115 225.000000 150.000000 375.000000
14116 300.000000 150.000000 375.000000
14117 375.000000 150.000000 375.000000
14118 -375.000000 225.000000 375.000000
14119 -300.000000 225.000000 375.000000
14120 -225.000000 225.000000 375.000000
14121 -150.000000 225.000000 375.000000
14122 -75.000000 225.000000 375.000000
14123 0.000000 225.000000 375.000000
14124 0.000000 225.000000 375.000000
14125 0.000000 225.000000 375.000000
14126 0.000000 225.000000 375.000000
14127 0.000000 225.000000 375.000000
14128 0.000000 225.000000 375.000000
14129 0.000000 225.000000 375.000000
14130 0.000000 225.000000 375.000000
14131 0.000000 225.000000 375.000000
14132 0.000000 225.000000 375.000000
14133 0.000000 225.000000 375.000000
14134 0.000000 225.000000 375.000000
14135 0.000000 225.000000 375.000000
14136 0.000000 225.000000 375.000000
14137 0.000000 225.000000 375.000000
14138 0.000000 225.000000 375.000000
14139 75.000000 225.000000 375.000000
14140 150.000000 225.000000 375.000000
14141 225.000000 225.000000 375.000000
14142 300.000000 225.000000 375.000000
14143 375.000000 225.000000 375.000000
14144 -375.000000 300.000000 375.000000
14145 -300.000000 300.000000 375.000000
14146 -225.000000 300.000000 375.000000
14147 -150.000000 300.000000 375.000000
14148 -75.000000 300.000000 375.000000
14149 0.000000 300.000000 375.000000
14150 0.000000 300.000000 375.000000
14151 0.000000 300.000000 375.000000
14152 0.000000 300.000000 375.000000
14153 0.000000 300.000000 375.000000
14154 0.000000 300.000000 375.000000
14155 0.000000 300.000000 375.000000
14156 0.000000 300.000000 375.000000
14157 0.000000 300.000000 375.000000
14158 0.000000 300.000000 375.000000
14159 0.000000 300.000000 375.000000
14160 0.000000 300.000000 375.000000
14161 0.000000 300.000000 375.000000
14162 0.000000 300.000000 375.000000
14163 0.000000 300.000000 375.000000
14164 0.000000 300.000000 375.000000
14165 75.000000 300.000000 375.000000
14166 150.000000 300.000000 375.000000
14167 225.000000 300.000000 375.000000
14168 300.000000 300.000000 375.000000
14169 375.000000 300.000000 375.000000
14170 -375.000000 375.000000 375.000000
14171 -300.000000 375.000000 375.000000
14172 -225.000000 375.000000 375.000000
14173 -150.000000 375.000000 375.000000
14174 -75.000000 375.000000 375.000000
14175 0.000000 375.000000 375.000000
14176 0.000000 375.000000 375.000000
14177 0.000000 375.000000 375.000000
14178 0.000000 375.000000 375.000000
14179 0.000000 375.000000 375.000000
14180 0.000000 375.000000 375.000000
14181 0.000000 375.000000 375.000000
14182 0.000000 375.000000 375.000000
14183 0.000000 375.000000 375.000000
14184 0.000000 375.000000 375.000000
14185 0.000000 375.000000 375.000000
14186 0.000000 375.000000 375.000000
14187 0.000000 375.000000 375.000000
14188 0.000000 375.000000 375.000000
14189 0.000000 375.000000 375.000000
14190 0.000000 375.000000 375.000000
14191 75.000000 375.000000 375.000000
14192 150.000000 375.000000 375.000000
14193 225.000000 375.000000 375.000000
14194 300.000000 375.000000 375.000000
14195 375.000000 375.000000 375.000000
