2998
0.0 -0.00749775994568181
0.00016666666666666666 0.018744399864204522
0.0003333333333333333 0.7557742025247267
0.0005 7.024882908100362
0.0006666666666666666 55.652920536442366
0.0008333333333333333 60.80598140419665
0.001 188.65893896193367
0.0011666666666666665 401.93345388255784
0.0013333333333333333 655.7136891590097
0.0015 1161.2366419855234
0.0016666666666666666 1737.8598018248754
0.0018333333333333333 2575.8164008055537
0.002 3566.6789301874755
0.0021666666666666666 4694.236691573116
0.002333333333333333 5894.54546095164
0.0025 7220.551235617178
0.0026666666666666666 8380.108832577014
0.002833333333333333 9491.936536863024
0.003 10208.893149647309
0.0031666666666666666 10717.635189345143
0.003333333333333333 10671.401850216182
0.0035 10074.14175302969
0.0036666666666666666 9001.347414954364
0.003833333333333333 7245.123906566264
0.004 4991.144323543701
0.004166666666666667 2197.503050275557
0.004333333333333333 -1035.776870668208
0.0045 -4539.965332355379
0.004666666666666666 -8250.889147379554
0.004833333333333334 -11909.336209822144
0.005 -15469.577030546223
0.005166666666666667 -18635.093682326577
0.005333333333333333 -21334.140550661185
0.0055 -23452.931218967056
0.005666666666666666 -24739.951514882538
0.005833333333333333 -25247.571777973855
0.006 -24856.220437213247
0.006166666666666667 -23660.009542920587
0.006333333333333333 -21526.558863179675
0.0065 -18672.805571482662
0.006666666666666666 -15078.47274444098
0.006833333333333333 -11074.477945929764
0.007 -6543.212476660366
0.007166666666666667 -1880.3901485253862
0.007333333333333333 2764.5917165842206
0.0075 7391.9720071516795
0.007666666666666666 11598.273609655209
0.007833333333333333 15315.408473089583
0.008 18476.81263145474
0.008166666666666666 20899.63009136048
0.008333333333333333 22573.007100792853
0.008499999999999999 23291.682818350117
0.008666666666666666 23385.540246743727
0.008833333333333334 22431.450551577916
0.009 20956.82688369334
0.009166666666666667 18657.231266043116
0.009333333333333332 15903.460223723861
0.0095 12674.98672061195
0.009666666666666667 9212.356471824809
0.009833333333333333 5568.680805612754
0.01 1938.1207261470338
0.010166666666666666 -1461.983533394797
0.010333333333333333 -4727.030154672456
0.010499999999999999 -7526.392450073474
0.010666666666666666 -9848.278295191363
0.010833333333333334 -11670.848821382944
0.011 -12937.986873774407
0.011166666666666667 -13552.530747847031
0.011333333333333332 -13637.089830865163
0.0115 -13163.110937207342
0.011666666666666665 -12203.460263521392
0.011833333333333333 -10750.780298978694
0.012 -9009.69458802418
0.012166666666666666 -7054.23846276492
0.012333333333333333 -4879.307041684701
0.012499999999999999 -2632.6740003244836
0.012666666666666666 -466.55936074388296
0.012833333333333334 1583.745144573074
0.013 3428.3374901099073
0.013166666666666667 5097.8823078737005
0.013333333333333332 6303.8223708512705
0.0135 7285.664494110657
0.013666666666666666 7865.101793367582
0.013833333333333333 8087.525026006136
0.014 7963.902106827317
0.014166666666666666 7461.752627481055
0.014333333333333333 6764.058800689585
0.014499999999999999 5795.876829579501
0.014666666666666666 4628.66257698293
0.014833333333333332 3383.236608173152
0.015 2011.9399440308873
0.015166666666666667 725.2083038733837
0.015333333333333332 -522.0297848618927
0.0155 -1765.729641348603
0.015666666666666666 -2720.8079144947865
0.01583333333333333 -3597.6723681961353
0.016 -4207.679608166542
0.016166666666666666 -4616.278208740345
0.01633333333333333 -4867.175641573953
0.0165 -4787.567379447605
0.016666666666666666 -4575.102290735596
0.016833333333333332 -4181.829798960819
0.016999999999999998 -3650.871005115176
0.017166666666666667 -2934.9966319682712
0.017333333333333333 -2240.049910910398
0.017499999999999998 -1428.4915837935514
0.017666666666666667 -594.0028306305152
0.017833333333333333 168.63196428276606
0.018 861.4443385444224
0.018166666666666668 1539.7126751177332
0.018333333333333333 2083.8411035455897
0.0185 2424.1238109287583
0.018666666666666665 2815.359378725852
0.018833333333333334 2859.742402174197
0.019 2934.2498821459276
0.019166666666666665 2805.4304608050793
0.019333333333333334 2607.9930556779445
0.0195 2220.294848760837
0.019666666666666666 1942.3203316884135
0.01983333333333333 1393.2852870415236
0.02 960.2796148490223
0.020166666666666666 502.6493970397139
0.02033333333333333 -38.54087385731253
0.0205 -453.40266618311364
0.020666666666666667 -871.1504549904597
0.020833333333333332 -1165.6926144016807
0.020999999999999998 -1451.4159649365515
0.021166666666666667 -1664.3866507574646
0.021333333333333333 -1741.3396323894683
0.0215 -1794.7720532221674
0.021666666666666667 -1706.2477299359603
0.021833333333333333 -1601.7468689600958
0.022 -1426.9508355408525
0.022166666666666664 -1173.5902089439214
0.022333333333333334 -921.9272404611046
0.0225 -667.4896819481402
0.022666666666666665 -333.107661291709
0.022833333333333334 -16.264370472371947
0.023 178.81389920449033
0.023166666666666665 520.8703175396876
0.02333333333333333 673.3314624499718
0.0235 875.5599913403016
0.023666666666666666 948.331095685624
0.02383333333333333 1088.2855567966487
0.024 1055.752370480771
0.024166666666666666 1067.4164059369602
0.024333333333333332 1015.9254168422648
0.024499999999999997 835.7237805750423
0.024666666666666667 802.1910059683688
0.024833333333333332 560.3793160649249
0.024999999999999998 436.2304931877807
0.025166666666666667 226.29527291799923
0.025333333333333333 80.11641890867449
0.0255 -130.60084857099176
0.025666666666666667 -255.96859860787058
0.025833333333333333 -403.33327261020395
0.026 -491.88279444638727
0.026166666666666664 -583.6965474898799
0.026333333333333334 -656.1603825016092
0.0265 -651.5893054850957
0.026666666666666665 -649.0643520988393
0.026833333333333334 -585.8831295744632
0.027 -581.4600343155847
0.027166666666666665 -457.7125329626681
0.02733333333333333 -405.7871389230136
0.0275 -231.34585001145004
0.027666666666666666 -207.06178296713685
0.02783333333333333 -36.228290144625255
0.028 29.188775948333692
0.028166666666666666 155.77673448297924
0.028333333333333332 233.7358703103799
0.028499999999999998 314.67206341841325
0.028666666666666667 308.7060173176806
0.028833333333333332 406.1248520325651
0.028999999999999998 382.90397581797725
0.029166666666666667 431.733394212556
0.029333333333333333 337.2045913864622
0.0295 354.84944441111287
0.029666666666666664 308.3165727753353
0.029833333333333333 244.41765083227287
0.03 179.43160388361184
0.030166666666666665 96.40124977416819
0.030333333333333334 53.74953935755489
0.0305 -0.6639894427371562
0.030666666666666665 -100.1547426191357
0.03083333333333333 -117.75081239376495
0.031 -185.3699139854449
0.031166666666666665 -191.03426016680663
0.03133333333333333 -216.82803295436068
0.0315 -286.18495178431294
0.03166666666666666 -189.7075632492315
0.03183333333333333 -285.41999534209987
0.032 -190.05832748354578
0.03216666666666666 -186.023280723837
0.03233333333333333 -140.4286727101139
0.0325 -147.58595012290408
0.03266666666666666 -53.43719269263564
0.03283333333333333 -48.22096253910158
0.033 12.952883137788252
0.033166666666666664 49.21745684991536
0.03333333333333333 43.0722176993697
0.0335 108.36522502662675
0.033666666666666664 154.66510001102944
0.03383333333333333 118.60201487416802
0.033999999999999996 138.62419755725918
0.034166666666666665 137.2501352142545
0.034333333333333334 182.40234669575753
0.034499999999999996 97.04907685747405
0.034666666666666665 141.57033821201543
0.034833333333333334 84.76564405825603
0.034999999999999996 79.17749096864829
0.035166666666666666 35.15833260647011
0.035333333333333335 61.93802181381383
0.0355 -29.552538161196964
0.035666666666666666 -24.203145300661255
0.035833333333333335 -3.8934372717175925
0.036 -95.13986223384305
0.036166666666666666 -44.08113495463387
0.036333333333333336 -101.75610375442842
0.0365 -90.52053785645965
0.03666666666666667 -86.38848088069133
0.03683333333333333 -88.68744453496923
0.037 -87.99072967972336
0.03716666666666667 -50.658707417802155
0.03733333333333333 -80.53405293594962
0.0375 -48.19117402412275
0.03766666666666667 -12.707348628575504
0.03783333333333333 -32.65822984207082
0.038 -48.26594351148206
0.03816666666666667 88.1124478304459
0.03833333333333333 -21.574208074319383
0.0385 39.400943015415955
0.03866666666666667 37.961786042720895
0.03883333333333333 40.38487565106087
0.039 95.31653369120518
0.03916666666666666 4.887790563540273
0.03933333333333333 84.25757004063657
0.0395 46.095331224879025
0.03966666666666666 53.94451261006269
0.03983333333333333 18.46774826933049
0.04 38.3303261657416
0.04016666666666666 37.95174641551323
0.04033333333333333 -2.9073170463812663
0.0405 17.415191456465944
0.04066666666666666 -32.34225077056134
0.04083333333333333 18.429793293652505
0.041 -41.59560730681309
0.041166666666666664 3.1711448173197683
0.04133333333333333 -61.596360909316026
0.041499999999999995 -6.195501317294607
0.041666666666666664 -55.56659696528055
0.041833333333333333 -18.66449495200283
0.041999999999999996 -38.19477230177209
0.042166666666666665 -38.288275292586945
0.042333333333333334 -21.309293835679917
0.042499999999999996 1.8773144600850966
0.042666666666666665 -41.055424526181916
0.042833333333333334 18.59323198083419
0.043 -31.6475634703729
0.043166666666666666 15.748965590508494
0.043333333333333335 11.809339702749648
0.0435 13.625304756178375
0.043666666666666666 9.471003668759787
0.043833333333333335 -1.8885101034506018
0.044 54.92691999408337
0.04416666666666667 7.244378228482822
0.04433333333333333 -3.194691473343194
0.0445 45.951286195099975
0.04466666666666667 -7.7341744212158785
0.04483333333333333 21.51180347380495
0.045 45.67520807515284
0.04516666666666667 -6.3687639243882535
0.04533333333333333 -10.017690228425817
0.0455 -6.801932616303918
0.04566666666666667 46.71925569150593
0.04583333333333333 -39.370744761459925
0.046 -5.075993889116625
0.04616666666666667 5.627643295904195
0.04633333333333333 -25.563102480921035
0.0465 1.8215083297979002
0.04666666666666666 -41.13300191951929
0.04683333333333333 13.723607610218858
0.047 6.303963122667594
0.04716666666666666 -45.334253566752835
0.04733333333333333 4.3378593476703715
0.0475 2.109190860314237
0.04766666666666666 -40.867415752808036
0.04783333333333333 42.99955800555729
0.048 -49.35814598294643
0.04816666666666666 49.343258594530646
0.04833333333333333 -44.01785537397254
0.0485 31.855167468868974
0.048666666666666664 -16.98514002194387
0.04883333333333333 24.59439940968259
0.048999999999999995 0.8835651914454283
0.049166666666666664 -1.435216036918107
0.04933333333333333 40.3393494263801
0.049499999999999995 -31.55636607488988
0.049666666666666665 16.081550753039785
0.049833333333333334 40.38328255901195
0.049999999999999996 -48.741193640455386
0.050166666666666665 47.72580417267527
0.050333333333333334 -28.502588821901522
0.050499999999999996 14.847228432151358
0.050666666666666665 9.102894896518416
0.050833333333333335 4.824357836449769
0.051 -47.31885790994856
0.051166666666666666 47.111624085355736
0.051333333333333335 -29.665818106031605
0.0515 5.339231706270095
0.051666666666666666 -4.585399355216957
0.05183333333333333 -10.772049083112613
0.052 -15.618230754204168
0.05216666666666667 31.384175761913024
0.05233333333333333 -39.370645723209655
0.0525 10.2598343294227
0.05266666666666667 14.442147741164716
0.05283333333333333 -24.880447315548444
0.053 -0.5018237548980349
0.05316666666666667 0.5008596446923024
0.05333333333333333 24.814502177272594
0.0535 -14.93943578672729
0.05366666666666667 -9.064530492856708
0.05383333333333333 -4.819129034425596
0.054 47.32000001053845
0.05416666666666666 -47.114116145355496
0.05433333333333333 29.568252079734474
0.0545 -6.0739051781252655
0.05466666666666666 6.351286397220536
0.05483333333333333 0.07128997261268699
0.055 -5.812651048471215
0.05516666666666666 4.782764562792467
0.05533333333333333 10.817807739605442
0.0555 15.76659761803401
0.05566666666666666 -31.7394965320089
0.05583333333333333 14.502573209972981
0.056 4.129308933412124
0.05616666666666666 -4.053942050763308
0.05633333333333333 -9.347478437598829
0.056499999999999995 -4.052932070351504
0.056666666666666664 4.1268746216287235
0.05683333333333333 14.405148944930929
0.056999999999999995 -32.47315666731659
0.057166666666666664 17.530049326926633
0.05733333333333333 0.0196423055164735
0.057499999999999996 -17.381640796301777
0.057666666666666665 32.11741268952136
0.057833333333333334 -39.292844809826065
0.057999999999999996 10.114426525183966
0.058166666666666665 14.796496796368446
0.058333333333333334 3.64552138476526e-09
0.058499999999999996 -14.79649676879285
0.058666666666666666 -10.114426591271725
0.058833333333333335 39.29284216758807
0.059 -32.11743258685904
0.059166666666666666 17.38168862228714
0.05933333333333333 -0.017729345226299986
0.0595 -17.51564367502871
0.059666666666666666 32.43853072802889
0.05983333333333333 -15.790129563516068
0.06 -15.889880022725098
0.06016666666666667 31.788730954961533
0.06033333333333333 -14.595133338788422
0.0605 -4.877886551644516
0.06066666666666667 5.853591232464137
0.06083333333333333 1.727407279716875e-07
0.061 -5.853589927141099
0.06116666666666667 4.8778834227645484
0.06133333333333333 14.59500826037595
0.0615 -31.789672862814026
0.06166666666666666 15.892144026120013
0.06183333333333333 15.880685976216602
0.062 -31.756590724289335
0.06216666666666666 15.87650833049896
0.06233333333333333 15.788344954738905
0.0625 -32.43864274650541
0.06266666666666666 17.515824692089424
0.06283333333333332 0.02423345564061402
0.063 -17.33272747153625
0.06316666666666666 31.999747938473313
0.06333333333333332 -44.000033517926916
0.0635 49.3333321483656
0.06366666666666666 -49.33333214835779
0.06383333333333333 44.00003351791521
0.064 -31.999747938524052
0.06416666666666666 17.332727471649438
0.06433333333333333 -0.02423345234637414
0.0645 -17.51582466708989
0.06466666666666666 32.438642686451885
0.06483333333333333 -15.788347356774507
0.065 -15.876526419084277
0.06516666666666666 31.756634202670387
0.06533333333333333 -15.878946913330719
0.0655 -15.8790479181368
0.06566666666666666 31.758194590009257
0.06583333333333333 -15.854087397302978
0.066 -15.6927808511397
0.06616666666666667 31.310482632310524
0.06633333333333333 -44.42844410401138
0.0665 46.78571747078909
0.06666666666666667 -7.214287043029281
0.06683333333333333 -39.28571463768195
0.067 49.49999866941469
0.06716666666666667 -49.49999681051103
0.06733333333333333 39.28584178630951
0.0675 7.215245862720893
0.06766666666666667 -46.788022132773776
0.06783333333333333 44.33626134236471
0.06799999999999999 -32.00466994728556
0.06816666666666667 17.361354270315367
0.06833333333333333 1.2609463538705914
0.06849999999999999 -6.500870707857806
0.06866666666666667 6.500863760762563
0.06883333333333333 -1.2614215346910644
0.06899999999999999 -17.36493757840702
0.06916666666666667 32.0132829472004
0.06933333333333333 -43.99175523867732
0.06949999999999999 49.38234413814479
0.06966666666666667 -49.45105087623275
0.06983333333333333 39.292214354700455
0.06999999999999999 7.214448222677035
0.07016666666666667 -46.78578189512605
0.07033333333333333 44.428562450550984
0.0705 -31.309524033980903
0.07066666666666667 15.690476283864406
0.07083333333333333 15.76190477430321
0.071 -32.45238095205905
0.07116666666666667 17.54761904746837
0.07133333333333333 1.285714284807258
0.0715 -6.500000006713809
0.07166666666666667 6.50000001612425
0.07183333333333333 -1.2857136411229333
0.072 -17.54761419348397
0.07216666666666667 32.45236928480595
0.07233333333333333 -15.762371445856173
0.0725 -15.69399057945722
0.07266666666666667 31.317971120358933
0.07283333333333333 -44.090692889963826
0.073 49.33012704442554
0.07316666666666666 -49.33012708022893
0.07333333333333333 44.09069044050132
0.0735 -31.317989591489805
0.07366666666666666 15.694034977512764
0.07383333333333333 15.764147296791228
0.074 -32.43899614245073
0.07416666666666666 17.515470030988155
0.07433333333333333 1.2638327884229028e-08
0.0745 -17.515469935447392
0.07466666666666666 32.43899591345812
0.07483333333333334 -15.764156450941321
0.075 -15.694103913088762
0.07516666666666666 31.31815528753263
0.07533333333333334 -44.08406287119155
0.0755 49.380036352408844
0.07566666666666666 -49.45009075322431
0.07583333333333334 39.29234185497251
0.076 7.214451435267385
0.07616666666666666 -46.78578328140386
0.07633333333333334 44.42855986879196
0.0765 -31.30954215426352
0.07666666666666666 15.690519829679797
0.07683333333333334 15.763646462780244
0.077 -32.43926507386693
0.07716666666666666 17.516093254300955
0.07733333333333334 0.02473441280698846
0.0775 -17.329211024309092
0.07766666666666666 31.991297375470047
0.07783333333333332 -44.33802799381874
0.078 46.7880466713715
0.07816666666666666 -7.215393087925578
0.07833333333333332 -39.29246689931458
0.0785 49.45008762651448
0.07866666666666666 -49.38003505060252
0.07883333333333332 44.084063091074256
0.079 -31.318154927871113
0.07916666666666666 15.694103057206991
0.07933333333333333 15.764122287960284
0.0795 -32.439253177765636
0.07966666666666666 17.51608830511146
0.07983333333333333 0.0247337555749072
0.08 -17.32921104074907
0.08016666666666666 31.99129738231223
0.08033333333333333 -44.3380279928976
0.0805 46.7880466713754
0.08066666666666666 -7.21539308792948
0.08083333333333333 -39.29246689931068
0.081 49.45008762650667
0.08116666666666666 -49.38003505059862
0.08133333333333333 44.084063091082065
0.0815 -31.318154927886724
0.08166666666666667 15.694103057214797
0.08183333333333333 15.76412228795638
0.082 -32.439253177761735
0.08216666666666667 17.516088305115364
0.08233333333333333 0.02473375580909487
0.0825 -17.32921103894192
0.08266666666666667 31.99129737797195
0.08283333333333333 -44.33802816559149
0.08299999999999999 46.788045370747824
0.08316666666666667 -7.215389961703639
0.08333333333333333 -39.29234185503496
0.08349999999999999 49.45102927916877
0.08366666666666667 -49.38229844058187
0.08383333333333333 43.99353121521113
0.08399999999999999 -31.999910155787113
0.08416666666666667 17.332794267940592
0.08433333333333333 -0.024257943025390166
0.08449999999999999 -17.51607650421136
0.08466666666666667 32.439248457400915
0.08483333333333333 -15.76411379129207
0.08499999999999999 -15.694034139885922
0.08516666666666667 31.31798924306149
0.08533333333333333 -44.09069048344353
0.08549999999999999 49.330127104108264
0.08566666666666667 -49.330127104116066
0.08583333333333333 44.09069048345524
0.086 -31.317989243065394
0.08616666666666667 15.69403413988202
0.08633333333333333 15.764113791295973
0.0865 -32.439248457397014
0.08666666666666667 17.516076504203554
0.08683333333333333 0.024257943025390166
0.087 -17.33279426792498
0.08716666666666667 31.999910155767598
0.08733333333333333 -43.99353121526577
0.0875 49.382298440086174
0.08766666666666667 -49.45102927798612
0.08783333333333333 39.29234190221988
0.088 7.215390317040494
0.08816666666666666 -46.788046224857574
0.08833333333333333 44.337994002895385
0.0885 -31.991554642142855
0.08866666666666666 17.329829408278126
0.08883333333333333 -1.5612511283791264e-11
0.089 -17.329829408250802
0.08916666666666666 31.991554642131145
0.08933333333333333 -44.33799400296564
0.0895 46.78804622437359
0.08966666666666666 -7.215390315857846
0.08983333333333333 -39.29234185504667
0.09 49.45102963333078
0.09016666666666666 -49.382299294180314
0.09033333333333333 43.99349705251892
0.0905 -32.00016742005169
0.09066666666666666 17.333412637573435
0.09083333333333334 0.00047582541422633295
0.091 -17.32981751212219
0.09116666666666666 31.991549692910425
0.09133333333333334 -44.33799466018601
0.0915 46.78804620794532
0.09166666666666666 -7.215390309035178
0.09183333333333334 -39.29234185412944
0.092 49.4510296333542
0.09216666666666666 -49.38229929419202
0.09233333333333334 43.99349705251892
0.0925 -32.00016742004389
0.09266666666666666 17.333412637561725
0.09283333333333334 0.00047582541422633295
0.093 -17.32981751212219
0.09316666666666666 31.99154969291823
0.09333333333333332 -44.337994660193814
0.0935 46.78804620796093
0.09366666666666666 -7.2153903090507905
0.09383333333333332 -39.29234185503106
0.094 49.45102962665253
0.09416666666666666 -49.382299278072104
0.09433333333333332 43.99349769708535
0.0945 -32.00016256603607
0.09466666666666666 17.333400970304723
0.09483333333333333 9.153861262739538e-06
0.095 -17.33333180767207
0.09516666666666666 31.999996779190877
0.09533333333333333 -44.00012510296725
0.0955 49.332391331722256
0.09566666666666666 -49.33106910525722
0.09583333333333333 44.09056539292746
0.096 -31.317992370333368
0.09616666666666666 15.694035440677428
0.09633333333333333 15.764113951683301
0.0965 -32.43924854650542
0.09666666666666666 17.51607672694725
0.09683333333333333 0.02426692388441537
0.097 -17.33272663529892
0.09716666666666667 31.9997475915477
0.09733333333333333 -44.0000335170292
0.0975 49.333332502055335
0.09766666666666667 -49.333333000820424
0.09783333333333333 43.999999401486775
0.09799999999999999 -32.00000485466086
0.09816666666666667 17.33334500444777
0.09833333333333333 0.0004668442702727982
0.09849999999999999 -17.32981773669255
0.09866666666666667 31.991549786339597
0.09883333333333333 -44.33799464777016
0.09899999999999999 46.78804620824977
0.09916666666666667 -7.215390309179594
0.09933333333333333 -39.29234185502326
0.09949999999999999 49.451029626633016
0.09966666666666667 -49.382299278079905
0.09983333333333333 43.99349769735857
0.09999999999999999 -32.000162564264045
0.10016666666666667 17.333400965987863
0.10033333333333333 8.981101019128745e-06
0.10049999999999999 -17.33333310880705
0.10066666666666667 31.999999906583753
0.10083333333333333 -44.00000001239263
0.10099999999999999 49.33333333301563
0.10116666666666667 -49.33333333321079
0.10133333333333333 44.000000000035335
0.10149999999999999 -32.000000000012925
0.10166666666666667 17.333333333342285
0.10183333333333333 5.4643789493269423e-11
0.102 -17.33333333285049
0.10216666666666667 31.999999998845887
0.10233333333333333 -44.000000046295206
0.1025 49.333332984700505
0.10266666666666667 -49.33333249534586
0.10283333333333333 44.000033517911305
0.103 -31.99974759152428
0.10316666666666666 17.33272663530282
0.10333333333333333 -0.024266923907834137
0.1035 -17.51607672693164
0.10366666666666666 32.43924854650152
0.10383333333333333 -15.764113951687206
0.104 -15.694035440673524
0.10416666666666666 31.317992370341173
0.10433333333333333 -44.09056539292746
0.1045 49.33106910540554
0.10466666666666666 -49.33239133204231
0.10483333333333333 44.00012509055921
0.105 -31.99999687261224
0.10516666666666666 17.33333203223072
0.10533333333333333 -1.7278366237771792e-07
0.1055 -17.333333337647435
0.10566666666666666 32.00000000179665
0.10583333333333333 -43.99999999976602
0.106 49.333333333339596
0.10616666666666666 -49.33333333333179
0.10633333333333334 43.9999999999963
0.1065 -32.000000000001215
0.10666666666666666 17.33333333333838
0.10683333333333334 -3.903127820947816e-12
0.107 -17.33333333332667
0.10716666666666666 31.999999999993406
0.10733333333333334 -44.000000000000206
0.1075 49.33333333333569
0.10766666666666666 -49.33333333333179
0.10783333333333334 43.9999999999963
0.108 -32.000000000001215
0.10816666666666666 17.333333333342285
0.10833333333333332 -1.1709383462843448e-11
0.1085 -17.33333333332667
0.10866666666666666 32.000000000001215
0.10883333333333332 -44.00000000000411
0.109 49.33333333333179
0.10916666666666666 -49.33333333332398
0.10933333333333332 43.9999999999924
0.1095 -32.000000000001215
0.10966666666666666 17.333333333342285
0.10983333333333332 -1.5612511283791264e-11
0.11 -17.33333333332277
0.11016666666666666 32.000000000005116
0.11033333333333332 -44.000000000011916
0.1105 49.333333333339596
0.11066666666666666 -49.333333333327886
0.11083333333333333 43.9999999999924
0.111 -31.99999999999731
0.11116666666666666 17.33333333333448
0.11133333333333333 -3.903127820947816e-12
0.1115 -17.33333333333838
0.11166666666666666 32.00000000000902
0.11183333333333333 -43.9999999999963
0.112 49.33333333332398
0.11216666666666666 -49.333333333327886
0.11233333333333333 43.99999999993385
0.1125 -32.0000000004852
0.11266666666666666 17.33333333449761
0.11283333333333333 4.628719282862015e-08
0.11299999999999999 -17.333332984697343
0.11316666666666667 31.999999162015282
0.11333333333333333 -44.00003351790936
0.11349999999999999 49.333080924843145
0.11366666666666667 -49.332726635292325
0.11383333333333333 44.02426692390999
0.11399999999999999 -31.817256606407955
0.11416666666666667 16.89408478684198
0.11433333333333333 -28.235886048318854
0.11449999999999999 47.69403544066693
0.11466666666666667 -48.651325703667844
0.11483333333333333 44.090565392933314
0.11499999999999999 -31.997735772086678
0.11516666666666667 17.332391332056716
0.11533333333333333 -0.00012509056290799236
0.11549999999999999 -17.333336460729306
0.11566666666666667 32.000001301104966
0.11583333333333333 -43.99999982720873
0.11599999999999999 49.333333337644746
0.11616666666666667 -49.33333333513113
0.11633333333333333 43.99999999976602
0.11649999999999999 -31.99999999999731
0.11666666666666667 17.33333333331106
0.11683333333333333 -8.860100153551542e-10
0.11699999999999999 -17.333333340045908
0.11716666666666667 32.000000016125036
0.11733333333333333 -43.99999935518983
0.1175 49.33333818914285
0.11766666666666667 -49.33334500492126
0.11783333333333333 43.99953315567333
0.118 -32.00351559666656
0.11816666666666666 17.34178354701171
0.11833333333333333 0.3379946477699569
0.1185 -14.78804620825636
0.11866666666666666 -10.117943024152932
0.11883333333333333 39.29234185503887
0.119 -32.11769629332
0.11916666666666666 17.3822992780826
0.11933333333333333 0.006502302655293432
0.1195 -17.333170769083356
0.11966666666666666 31.999932367359538
0.11983333333333333 -44.00000898086704
0.12 49.33333311060174
0.12016666666666666 -49.33333324423899
0.12033333333333333 43.999999839624586
0.1205 -32.00000130079662
0.12066666666666666 17.333336460594648
0.12083333333333333 0.00012509053948922544
0.121 -17.33239133203915
0.12116666666666666 31.99773577206716
0.12133333333333333 -44.090565392917696
0.1215 48.65132570366199
0.12166666666666666 -47.694035440664976
0.12183333333333334 28.235886048309094
0.122 -16.894084786832224
0.12216666666666666 31.81725660640405
0.12233333333333334 -44.02426692366214
0.1225 49.33272663708776
0.12266666666666666 -49.33308092916587
0.12283333333333334 44.00003334513545
0.123 -32.00000046313465
0.12316666666666666 17.333336112109734
0.12333333333333332 0.0001250442503448329
0.1235 -17.332391333194476
0.12366666666666666 31.99773577255115
0.12383333333333332 -44.090565392859155
0.124 48.6513257036776
0.12416666666666666 -47.69403544068645
0.12433333333333332 28.235886047419182
0.1245 -16.894084793539747
0.12466666666666666 31.817256622518116
0.12483333333333332 -44.024266279084
0.125 49.33273149109753
0.12516666666666668 -49.33309259643847
0.12533333333333332 43.99956667358834
0.1255 -32.00351475868258
0.12566666666666665 17.341783198376525
0.12583333333333332 0.33799460146910315
0.126 -14.788046209433153
0.12616666666666665 -10.117943023606495
0.12633333333333333 39.29234185843069
0.1265 -32.11769626828339
0.12666666666666665 17.382299217917836
0.12683333333333333 0.006499896168174479
0.127 -17.333188891178978
0.12716666666666665 31.999975926301147
0.12733333333333333 -43.99826669435276
0.1275 49.3464534941626
0.12766666666666665 -49.36486986669114
0.12783333333333333 42.73858681333649
0.128 -42.83247421037694
0.12816666666666665 42.832474219966926
0.12833333333333333 -42.738586157025544
0.1285 49.36487481589624
0.12866666666666665 -49.34646539027561
0.12883333333333333 43.99779086892487
0.129 -32.003559155619875
0.12916666666666665 17.34180166912099
0.12933333333333333 0.33799705448540884
0.1295 -14.788046146276642
0.12966666666666665 -10.11794305352397
0.12983333333333333 39.2923416789434
0.13 -32.11769759449792
0.13016666666666665 17.38230240549109
0.13033333333333333 0.006627393214298297
0.1305 -17.332228767813397
0.13066666666666665 31.997668139495744
0.13083333333333333 -44.0905743706913
0.131 48.651325504159466
0.13116666666666665 -47.69403540742204
0.13133333333333333 28.23588365424173
0.1315 -16.894102908627303
0.13166666666666665 31.817300165214906
0.13183333333333333 -44.02252463722983
0.132 49.34584702016657
0.13216666666666665 -49.36461755044511
0.13233333333333333 42.738620366032265
0.1325 -42.83247301736836
0.13266666666666665 42.8324730173625
0.13283333333333333 -42.73862036602641
0.133 49.36461755045488
0.13316666666666666 -49.345847020186106
0.13333333333333333 44.02252463632235
0.1335 -31.817300172060992
0.13366666666666666 16.89410292507118
0.13383333333333333 -28.23588299702721
0.134 47.69404035664471
0.13416666666666666 -48.651337400290025
0.13433333333333333 44.090098545290736
0.1345 -32.00125136868762
0.13466666666666666 17.340841545439257
0.13483333333333333 0.33786954481656967
0.135 -14.788049429062793
0.13516666666666666 -10.117941498513943
0.13533333333333333 39.29235100893331
0.1355 -32.11762865620925
0.13566666666666666 17.382136711708174
0.13583333333333333 -1.2640279448139502e-08
0.13599999999999998 -17.38213680724113
0.13616666666666666 32.11762888518624
0.13633333333333333 -39.292341855017405
0.13649999999999998 10.118010432257421
0.13666666666666666 14.787883737428553
0.13683333333333333 -0.3444969377966803
0.13699999999999998 -17.39074948962677
0.13716666666666666 32.12121188550456
0.13733333333333334 -39.29187518348591
0.13749999999999998 10.11795339462304
0.13766666666666666 14.78804447985183
0.13783333333333334 -0.33787020179299604
0.13799999999999998 -17.340841560038907
0.13816666666666666 32.00125137110756
0.13833333333333334 -44.09009872045531
0.13849999999999998 48.65133607414966
0.13866666666666666 -47.69403716908902
0.13883333333333334 28.236010494309475
0.13899999999999998 -16.893142799882842
0.13916666666666666 31.814992380848956
0.13933333333333334 -44.11483248867635
0.13949999999999999 48.65071770451292
0.13966666666666666 -47.69377990479518
0.13983333333333334 28.236044657034856
0.13999999999999999 -16.893141945776993
0.14016666666666666 31.8149920255121
0.14033333333333334 -44.114832535867116
0.14049999999999999 48.65071770333222
0.14066666666666666 -47.69377990429752
0.14083333333333334 28.236044657095356
0.141 -16.893141945776993
0.14116666666666666 31.81499202552381
0.14133333333333334 -44.114832535867116
0.1415 48.65071770347273
0.14166666666666666 -47.693779904611716
0.14183333333333334 28.236044644447272
0.142 -16.893142040985992
0.14216666666666666 31.814992254375905
0.14233333333333334 -44.11482338199024
0.1425 48.650786637233786
0.14266666666666666 -47.693945596259624
0.14283333333333334 28.22941725122907
0.143 -16.943049987009925
0.14316666666666666 31.934952775618992
0.14333333333333334 -39.316599844121164
0.1435 10.117403957732524
0.14366666666666666 14.788136052665616
0.14383333333333334 -0.34446344486169234
0.144 -17.390748747164036
0.14416666666666667 32.12121176585222
0.14433333333333334 -39.291866076801746
0.1445 10.11802232053099
0.14466666666666667 14.787878804803931
0.14483333333333334 -0.34449695037060657
0.145 -17.390744652047214
0.14516666666666667 32.121200225064364
0.14533333333333334 -39.292341855036916
0.1455 10.114439092392958
0.14566666666666667 14.796491582248295
0.14583333333333331 -7.41594285980085e-11
0.146 -14.796491582726429
0.14616666666666667 -10.114439091218117
0.14633333333333332 39.29234190222768
0.1465 -32.121199869741176
0.14666666666666667 17.39074379796283
0.14683333333333332 0.34446278763156263
0.147 -14.788136069089978
0.14716666666666667 -10.117403950898147
0.14733333333333332 39.31659984501108
0.1475 -31.934952775617038
0.14766666666666667 16.943049987086034
0.14783333333333332 -28.229417247852865
0.148 47.69394562178023
0.14816666666666667 -48.65078669855973
0.14833333333333332 44.114820929459874
0.1485 -31.81501072332298
0.14866666666666667 16.893186433612286
0.14883333333333332 -28.23426901249135
0.149 47.707151397957894
0.14916666666666667 -48.6828579023481
0.14933333333333332 42.82927744565291
0.1495 -42.829268063848986
0.14966666666666667 42.82926819747842
0.14983333333333332 -42.82926830532575
0.15 48.68292682895665
0.15016666666666667 -47.707317073042866
0.15033333333333332 28.22764227650523
0.1505 -16.943089430401837
0.15066666666666667 31.934959348415987
0.15083333333333332 -39.31707321791641
0.151 10.113820782907315
0.15116666666666667 14.796748821501632
0.15133333333333332 3.415934137114551e-05
0.1515 -14.796490728700594
0.15166666666666667 -10.114439446527648
0.15183333333333332 39.29234185504082
0.152 -32.12119987094529
0.15216666666666667 17.39074379852098
0.15233333333333332 0.3444627910916855
0.1525 -14.788136043577182
0.15266666666666667 -10.117404012216285
0.15283333333333332 39.31659739248266
0.153 -31.93497124453484
0.15316666666666667 16.943094379630363
0.15333333333333332 -28.22764161927705
0.1535 47.70731708960774
0.15366666666666667 -48.68292683611305
0.15383333333333332 42.829268291715536
0.154 -42.82926829319482
0.15416666666666667 42.82926829386421
0.15433333333333332 -42.829268245494696
0.1545 48.68292718457649
0.15466666666666667 -47.707317927199455
0.15483333333333332 28.227608117089698
0.155 -16.943346669680544
0.15516666666666667 31.93557765791334
0.15533333333333332 -39.292341855044725
0.1555 10.3000616595596
0.15566666666666665 14.34909359986406
0.15583333333333332 -28.572105067520802
0.156 47.698705149271106
0.15616666666666665 -48.67934395526361
0.15633333333333332 42.82974407092649
0.1565 -42.8292563977356
0.15666666666666665 42.829263343946785
0.15683333333333332 -42.82926894983558
0.157 48.68292681284846
0.15716666666666665 -47.7073170663451
0.15733333333333333 28.22764227732098
0.1575 -16.94308943085265
0.15766666666666665 31.934959349579117
0.15783333333333333 -39.3170731704895
0.158 10.113821140041559
0.15816666666666665 14.796747963080875
0.15833333333333333 -1.7609351476988166e-07
0.1585 -14.7967492934698
0.15866666666666665 -10.113817950981215
0.15883333333333333 39.31720065513149
0.159 -31.933999321399117
0.15916666666666665 16.940781872834933
0.15933333333333333 -28.31994080312178
0.1595 47.01225798504493
0.15966666666666665 -47.01225798499418
0.15983333333333333 28.319940806499936
0.16 -16.940781847314334
0.16016666666666665 31.93399926006927
0.16033333333333333 -39.31720310765209
0.1605 10.113799482053656
0.16066666666666665 14.796793686029739
0.16083333333333333 0.0017758046537159206
0.161 -14.783376495237748
0.16116666666666665 -10.145961277604641
0.16133333333333333 38.03152053274907
0.1615 -42.94921691947828
0.16166666666666665 42.87917129116117
0.16183333333333333 -42.82264150943832
0.162 48.68309285979417
0.16216666666666665 -47.70738685412027
0.16233333333333333 28.227598964128106
0.1625 -16.943346898360897
0.16266666666666665 31.935577752786667
0.16283333333333333 -39.29234185503887
0.163 10.30006156467261
0.16316666666666665 14.349093828556125
0.16333333333333333 -28.57209591457092
0.1635 47.69877407616459
0.16366666666666665 -48.679509630401284
0.16383333333333333 42.823117338252175
0.164 -42.87915936952171
0.16416666666666666 42.949211908927715
0.16433333333333333 -38.03152364273205
0.1645 10.145942790426057
0.16466666666666666 14.783420899009423
0.16483333333333333 -9.75781955236954e-12
0.165 -14.783420898991858
0.16516666666666666 -10.145942790435814
0.16533333333333333 38.031523642737895
0.1655 -42.94921190893357
0.16566666666666666 42.87915936951391
0.16583333333333333 -42.823117337980904
0.16599999999999998 48.67950963220844
0.16616666666666666 -47.69877408055366
0.16633333333333333 28.57209573846765
0.16649999999999998 -14.349095154698446
0.16666666666666666 -10.300058377124728
0.16683333333333333 39.29246935203035
0.16699999999999998 -31.934617629899222
0.16716666666666666 16.941039112669834
0.16733333333333333 -28.31990659636131
0.16749999999999998 47.01225919621672
0.16766666666666666 -47.01225919879473
0.16783333333333333 28.319906420515643
0.16799999999999998 -16.941040438808255
0.16816666666666666 31.934620817435395
0.16833333333333333 -39.29234185502521
0.16849999999999998 10.301018500016076
0.16866666666666666 14.346787368993724
0.16883333333333334 -28.664403370702804
0.16899999999999998 47.0036464227106
0.16916666666666666 -47.008675971324124
0.16933333333333334 28.320382245699584
0.16949999999999998 -16.9410285426894
0.16966666666666666 31.93461586821272
0.16983333333333334 -39.292342512241675
0.16999999999999998 10.30101848358781
0.17016666666666666 14.3467873758281
0.17033333333333334 -28.664403369793373
0.17049999999999998 47.00364642272621
0.17066666666666666 -47.00867597132804
0.17083333333333334 28.320382245697633
0.17099999999999999 -16.94102854269135
0.17116666666666666 31.934615868216625
0.17133333333333334 -39.29234251224363
0.17149999999999999 10.30101848358586
0.17166666666666666 14.346787375832003
0.17183333333333334 -28.664403369795327
0.172 47.00364642273793
0.17216666666666666 -47.008675971349504
0.17233333333333334 28.320382244786252
0.1725 -16.941028549527676
0.17266666666666666 31.934615884660502
0.17283333333333334 -39.29234185504277
0.173 10.301023432810483
0.17316666666666666 14.346775479711196
0.17333333333333334 -28.66487919522126
0.1735 47.00006319343091
0.17366666666666666 -47.00006319342896
0.17383333333333334 28.664879195215406
0.174 -14.346775479750226
0.17416666666666666 -10.30102343271876
0.17433333333333334 39.292341858424834
0.1745 -31.934615859147705
0.17466666666666666 16.94102848820759
0.17483333333333334 -28.320384697562517
0.175 47.00865750060894
0.17516666666666666 -47.00360202580063
0.17533333333333334 28.666179174454896
0.1755 -14.33341458203976
0.17566666666666667 -10.333161808286995
0.1758333333333333 38.006662393580896
0.176 -42.949833440156546
0.17616666666666667 42.87941789818308
0.17633333333333331 -42.82308546467418
0.1765 48.67949192428346
0.17666666666666667 -47.6987298107588
0.17683333333333331 28.573880696092715
0.177 -14.335653077986958
0.17716666666666667 -10.332368235064235
0.17733333333333332 38.000128157660974
0.1775 -42.99999679588753
0.17766666666666667 42.999998666904546
0.17783333333333332 -38.000000180422795
0.178 10.333333303261467
0.17816666666666667 14.333333396823008
0.17833333333333332 -28.666664200948475
0.1785 47.00001856646473
0.17866666666666667 -47.00004462698955
0.17883333333333332 28.664881660694398
0.179 -14.346775418100323
0.17916666666666667 -10.301023458372068
0.17933333333333332 39.29234185503887
0.1795 -31.934615859095015
0.17966666666666667 16.941028487922658
0.17983333333333332 -28.3203847102711
0.18 47.00865740491205
0.18016666666666667 -47.00360179576199
0.18033333333333332 28.666188375754775
0.1805 -14.33334529109178
0.18066666666666667 -10.333328358470796
0.18083333333333332 38.00000066062071
0.181 -42.99999998347639
0.18116666666666667 42.99999999312493
0.18133333333333332 -38.00000000091209
0.1815 10.333333333305793
0.18166666666666667 14.333333333350343
0.18183333333333332 -28.66666666667141
0.182 47.00000000000775
0.18216666666666667 -47.000000000005805
0.18233333333333332 28.66666666666751
0.1825 -14.33333333333473
0.18266666666666667 -10.333333333331163
0.18283333333333332 37.9999999999968
0.183 -42.99999999999444
0.18316666666666667 42.99999999999638
0.18333333333333332 -38.00000000000071
0.1835 10.333333333331163
0.18366666666666667 14.333333333342537
0.18383333333333332 -28.666666666673365
0.184 47.00000000000386
0.18416666666666667 -47.00000000000386
0.18433333333333332 28.66666666667141
0.1845 -14.333333333340585
0.18466666666666667 -10.333333333331163
0.18483333333333332 38.00000000000071
0.185 -42.99999999999834
0.18516666666666667 42.99999999999834
0.18533333333333332 -38.00000000000071
0.1855 10.333333333331163
0.18566666666666667 14.333333333342537
0.18583333333333332 -28.666666666675315
0.186 47.000000000005805
0.18616666666666665 -47.00000000000386
0.18633333333333332 28.666666666661655
0.1865 -14.333333333319118
0.18666666666666665 -10.333333333342873
0.18683333333333332 38.00000000000071
0.187 -43.000000000000284
0.18716666666666665 43.00000000000224
0.18733333333333332 -38.00000000000071
0.1875 10.333333333329213
0.18766666666666665 14.333333333340585
0.18783333333333332 -28.666666666673365
0.188 47.000000000005805
0.18816666666666665 -47.00000000000386
0.18833333333333332 28.6666666666597
0.1885 -14.333333333315215
0.18866666666666665 -10.333333333344825
0.18883333333333333 38.00000000000266
0.189 -43.00000000000419
0.18916666666666665 43.00000000000419
0.18933333333333333 -38.00000000000266
0.1895 10.333333333331163
0.18966666666666665 14.333333333338633
0.18983333333333333 -28.666666666651896
0.19 47.00000000013851
0.19016666666666665 -47.000000000323915
0.19033333333333333 28.66666665395112
0.1905 -14.333333429023812
0.19066666666666665 -10.333333103300326
0.19083333333333333 38.00000920131034
0.191 -42.99993070906402
0.19116666666666665 42.99983344982234
0.19133333333333333 -38.006661732958946
0.1915 10.28316679001131
0.19166666666666665 14.453915428274625
0.19183333333333333 -23.84358120290542
0.192 8.653841409022277
0.19216666666666665 15.032063144113096
0.19233333333333333 -28.57388069610052
0.1925 47.00231974465804
0.19266666666666665 -47.000965098266875
0.19283333333333333 28.66653850892723
0.193 -14.333336537878782
0.19316666666666665 -10.333331999148399
0.19333333333333333 38.00000022444812
0.1935 -42.99999963839891
0.19366666666666665 42.99999913962797
0.19383333333333333 -38.000034339980786
0.194 10.333074736023534
0.19416666666666665 14.333954907041297
0.19433333333333333 -28.641804740784252
0.1945 47.18722408853329
0.19466666666666665 -47.450018504818004
0.19483333333333333 1.3660947373317356e-11
0.195 47.450018504950705
0.19516666666666665 -47.18722408884555
0.19533333333333333 28.64180472806591
0.1955 -14.333955002724524
0.19566666666666666 -10.333074506012212
0.19583333333333333 38.00004354106989
0.19599999999999998 -42.99992985054568
0.19616666666666666 42.99983309263736
0.19633333333333333 -38.006661780374145
0.19649999999999998 10.283166788815
0.19666666666666666 14.453915428774225
0.19683333333333333 -23.843581202848824
0.19699999999999998 8.653841408985198
0.19716666666666666 15.032063144198965
0.19733333333333333 -28.573880692687233
0.19749999999999998 47.00231977029378
0.19766666666666666 -47.00096515990507
0.19783333333333333 28.666536043522395
0.19799999999999998 -14.333355103857615
0.19816666666666666 -10.333287373345346
0.19833333333333333 38.001785182931876
0.19849999999999998 -42.9865579113062
0.19866666666666666 42.96769012437376
0.19883333333333333 -39.292341807836394
0.19899999999999998 -0.7320504504047376
0.19916666666666666 40.39230398687841
0.19933333333333333 -38.34631629612837
0.19949999999999998 10.324417331120214
0.19966666666666666 14.337556702799429
0.19983333333333334 -28.64132644987835
0.19999999999999998 47.18723604624838
0.20016666666666666 -47.45002347959152
0.20033333333333334 -6.57211589837059e-07
0.20049999999999998 47.4500185139318
0.20066666666666666 -47.18722414328832
0.20083333333333334 28.641802276211763
0.20099999999999998 -14.333973473467042
0.20116666666666666 -10.333030109067106
0.20133333333333334 38.00181934565921
0.20149999999999998 -42.986557057202305
0.20166666666666666 42.96768976903691
0.20183333333333334 -39.29234185502423
0.20199999999999999 -0.7320504515873852
0.20216666666666666 40.39230398737606
0.20233333333333334 -38.346316295820024
0.20249999999999999 10.324417332964442
0.20266666666666666 14.33755669837133
0.20283333333333334 -28.641326626885196
0.20299999999999999 47.187234713271685
0.20316666666666666 -47.45002027559976
0.20333333333333334 0.00012749703441443383
0.2035 47.45098358651908
0.20366666666666666 -47.18954382621355
0.20383333333333334 28.549018774526314
0.204 -15.032684692152698
0.20416666666666666 -8.653582873366503
0.20433333333333334 23.843613077161585
0.2045 -14.45393313619667
0.20466666666666666 -10.283122520205715
0.20483333333333334 38.00844669143099
0.205 -42.986391366733145
0.20516666666666666 42.967620835780345
0.20533333333333334 -39.29235100885135
0.2055 -0.7320506804326483
0.20566666666666666 40.39230408259189
0.2058333333333333 -38.346316283187555
0.206 10.324417333274742
0.20616666666666666 14.337556698264969
0.2063333333333333 -28.641326626915443
0.2065 47.187234713281434
0.20666666666666667 -47.450020275625135
0.2068333333333333 0.00012749613084034328
0.207 47.450983579681775
0.20716666666666667 -47.18954380978432
0.20733333333333331 28.549019431742785
0.2075 -15.032679742967101
0.20766666666666667 -8.653594769407295
0.20783333333333331 23.843137255144054
0.208 -14.457516339865016
0.20816666666666667 -10.274509803921413
0.20833333333333331 38.352941176468974
0.2085 -40.39215686274718
0.20866666666666667 0.732026143795278
0.20883333333333332 39.29411764705523
0.209 -42.95424836600918
0.20916666666666667 42.95424836600918
0.20933333333333332 -39.294117647057185
0.2095 -0.7320261437903991
0.20966666666666667 40.39215686274425
0.20983333333333332 -38.352941176472875
0.21 10.274509803921413
0.21016666666666667 14.457516339875752
0.21033333333333332 -23.843137254907916
0.2105 8.653594771241766
0.21066666666666667 15.032679738569252
0.21083333333333332 -28.54901960784703
0.211 47.18954248365761
0.21116666666666667 -47.450980392155365
0.21133333333333332 -9.75781955236954e-13
0.2115 47.450980392159266
0.21166666666666667 -47.189542483661505
0.21183333333333332 28.549019607841178
0.212 -15.032679738559498
0.21216666666666667 -8.65359477124274
0.21233333333333332 23.843137254896206
0.2125 -14.4575163399021
0.21266666666666667 -10.274509803838471
0.21283333333333332 38.352941179856884
0.213 -40.39215683723047
0.21316666666666667 0.7320260824693336
0.21333333333333332 39.29411519430044
0.2135 -42.95426683662289
0.21366666666666667 42.95429276263618
0.21383333333333332 -39.29234185504082
0.214 -0.7186534451690975
0.21416666666666667 40.36001376681129
0.21433333333333332 -39.63861214473935
0.2145 -0.7406388603879277
0.21466666666666667 40.3957400665414
0.21483333333333332 -38.352465354500225
0.215 10.274521699467485
0.21516666666666667 14.45751139186988
0.21533333333333332 -23.843137864934597
0.2155 8.653595110144499
0.21566666666666667 15.03267889130754
0.21583333333333332 -28.54905376942685
0.216 47.18928522122848
0.21616666666666665 -47.450362026935984
0.21633333333333332 0.024733592362690023
0.2165 47.63723805812563
0.21666666666666665 -47.637238060696816
0.21683333333333332 -0.024733768219089777
0.217 47.45036070079952
0.21716666666666665 -47.189282033671816
0.21733333333333332 28.54918126645248
0.2175 -15.031718767872682
0.21766666666666665 -8.655902897069927
0.21783333333333332 23.7508301843553
0.218 -15.152639413694244
0.21816666666666665 -8.603687163663901
0.21833333333333332 23.849765257301915
0.2185 -14.457345707037815
0.21866666666666665 -10.274590616807092
0.21883333333333332 38.35245685783885
0.219 -40.39573534621376
0.21916666666666665 0.7406270595619863
0.21933333333333332 39.63813633534454
0.2195 -40.36359697033425
0.21966666666666665 0.7272661617256432
0.21983333333333333 39.636836356087485
0.22 -40.36005813796453
0.22016666666666665 0.7186718545485871
0.22033333333333333 39.292341858429715
0.2205 -42.95431114641993
0.22066666666666665 42.954311146417005
0.22083333333333333 -39.29234185842678
0.221 -0.7186718545456596
0.22116666666666665 40.36005813795965
0.22133333333333333 -39.636836356087485
0.2215 -0.7272661617158853
0.22166666666666665 40.363596970320586
0.22183333333333333 -39.638136335322095
0.222 -0.7406270594253768
0.22216666666666665 40.3957353458898
0.22233333333333333 -38.352456870461566
0.2225 10.274590521719093
0.22266666666666665 14.457345935593269
0.22283333333333333 -23.849756116059464
0.223 8.603756002334993
0.22316666666666665 15.152473950602772
0.22333333333333333 -23.757448436412044
0.2235 8.60606378908673
0.22366666666666665 15.151513827522122
0.22383333333333333 -23.757575920808126
0.224 8.606060696745894
0.22416666666666665 15.151514924803566
0.22433333333333333 -23.75758489858368
0.2245 8.605991767389531
0.22466666666666665 15.151680614616998
0.22483333333333333 -23.750957505606497
0.225 8.655899713406633
0.22516666666666665 15.031720093382697
0.22533333333333333 -28.54918104348533
0.2255 47.189282392915686
0.22566666666666665 -47.45036155555035
0.22583333333333333 0.024699652617144775
0.22599999999999998 47.63698115307176
0.22616666666666665 -47.63662054580701
0.22633333333333333 -3.411560682391179e-05
0.22649999999999998 47.63636278344282
0.22666666666666666 -47.63636328152292
0.22683333333333333 4.7124413746213456e-08
0.22699999999999998 47.63636363754379
0.22716666666666666 -47.636363636857816
0.22733333333333333 -6.440160904563896e-11
0.22749999999999998 47.636363636366994
0.22766666666666666 -47.636363636368955
0.22783333333333333 6.830473686658678e-12
0.22799999999999998 47.636363636355284
0.22816666666666666 -47.636363636360166
0.22833333333333333 3.903127820947816e-12
0.22849999999999998 47.63636363635821
0.22866666666666666 -47.63636363636211
0.22883333333333333 4.87890977618477e-12
0.22899999999999998 47.636363636356265
0.22916666666666666 -47.636363636361146
0.22933333333333333 1.951563910473908e-12
0.22949999999999998 47.636363636361146
0.22966666666666666 -47.636363636364074
0.22983333333333333 4.87890977618477e-12
0.22999999999999998 47.63636363635723
0.23016666666666666 -47.636363636361146
0.23033333333333333 3.903127820947816e-12
0.23049999999999998 47.63636363635723
0.23066666666666666 -47.636363636361146
0.23083333333333333 4.87890977618477e-12
0.23099999999999998 47.636363636355284
0.23116666666666666 -47.636363636360166
0.23133333333333334 4.87890977618477e-12
0.23149999999999998 47.636363636355284
0.23166666666666666 -47.636363636360166
0.23183333333333334 4.87890977618477e-12
0.23199999999999998 47.636363636355284
0.23216666666666666 -47.636363636360166
0.23233333333333334 3.903127820947816e-12
0.23249999999999998 47.63636363635723
0.23266666666666666 -47.63636363636211
0.23283333333333334 6.830473686658678e-12
0.23299999999999998 47.636363636355284
0.23316666666666666 -47.63636363636211
0.23333333333333334 4.87890977618477e-12
0.23349999999999999 47.63636363635723
0.23366666666666666 -47.636363636360166
0.23383333333333334 2.2442984970449942e-11
0.23399999999999999 47.63636363648507
0.23416666666666666 -47.63636363667242
0.23433333333333334 -1.2626618500766185e-08
0.2345 47.63636354127606
0.23466666666666666 -47.636363407816425
0.23483333333333334 9.1412492809681e-06
0.235 47.63643247503614
0.23516666666666666 -47.636529099462365
0.23533333333333334 -0.006618251971847802
0.2355 47.586524529014156
0.23566666666666666 -47.51656857822417
0.23583333333333334 4.791605285904056
0.236 9.053141849502166
0.23616666666666666 14.965513070716694
0.2363333333333333 -23.78227541019744
0.2365 8.605443089340246
0.23666666666666666 15.151772060978224
0.2368333333333333 -23.75754164198323
0.237 8.606061458938937
0.23716666666666666 15.151514796775121
0.2373333333333333 -23.757575801326553
0.2375 8.60606063034881
0.23766666666666666 15.151515090790907
0.2378333333333333 -23.757578206912044
0.238 8.606042160782113
0.23816666666666667 15.151559487242267
0.2383333333333333 -23.755802402314924
0.2385 8.619414954611436
0.23866666666666667 15.11941616245624
0.23883333333333331 -25.04148252439388
0.239 -2.395802642942758
0.23916666666666667 41.057805579542254
0.23933333333333331 -39.54418327878427
0.2395 -0.7249681303715672
0.23966666666666667 40.36267758095516
0.23983333333333332 -39.63649030123181
0.24 -0.7272709680362661
0.24016666666666667 40.363625808228235
0.24033333333333332 -39.63683862961845
0.2405 -0.7308510097915003
0.24066666666666667 40.372237260017194
0.24083333333333332 -39.29234185504179
0.241 1.863402057454772
0.24116666666666667 -1.8634020600259575
0.24133333333333332 39.29234167918149
0.2415 -40.37223858614585
0.24166666666666667 0.7308541973452369
0.24183333333333332 39.63696612658652
0.242 -40.362665685316394
0.24216666666666667 0.7249631823266637
0.24233333333333332 39.544182668686354
0.2425 -41.057805241124484
0.24266666666666667 2.3958017968549097
0.24283333333333332 25.04144840967892
0.243 -15.119673071849414
0.24316666666666667 -8.618797437924238
0.24333333333333332 23.780502054933052
0.2435 -14.965557406270477
0.24366666666666667 -9.053123404560303
0.24383333333333332 -4.7916028491423255
0.244 47.51656854438795
0.24416666666666667 -47.58652432595783
0.24433333333333332 0.006627389834189604
0.2445 47.63659793802612
0.24466666666666667 -47.63659793802612
0.24483333333333332 -0.006627389834189604
0.245 47.58652432595783
0.24516666666666667 -47.51656854438795
0.24533333333333332 4.791602849140374
0.2455 9.053123404571036
0.24566666666666667 14.965557406253888
0.24583333333333332 -23.780502055848327
0.246 8.618797431089861
0.24616666666666664 15.119673088287437
0.24633333333333332 -25.0414477524683
0.2465 -2.395796847633213
0.24666666666666665 41.05779334500563
0.24683333333333332 -39.54465849386835
0.247 -0.7285464098060433
0.24716666666666665 40.37127845884202
0.24733333333333332 -39.292469352015715
0.2475 1.86339754816437
0.24766666666666665 -1.8633975481633942
0.24783333333333332 39.29246935201767
0.248 -40.37127845884787
0.24816666666666665 0.7285464098079949
0.24833333333333332 39.54465849387323
0.2485 -41.05779334501344
0.24866666666666665 2.395796847638092
0.24883333333333332 25.041447752474156
0.249 -15.119673088135212
0.24916666666666665 -8.618797431414796
0.24933333333333332 23.780502043188537
0.2495 -14.96555750148045
0.24966666666666665 -9.053123175638929
0.24983333333333332 -4.791593691879488
0.25 47.51663750361105
0.25016666666666665 -47.586690078827274
0.25033333333333335 -2.4527704086535485e-06
0.2505 47.58667154676857
0.25066666666666665 -47.51659308118046
0.25083333333333335 4.7933694990214475
0.251 9.066495962688519
0.25116666666666665 14.93341419315001
0.2513333333333333 -25.066181507836344
0.2515 -2.3964152151183598
0.25166666666666665 41.05805060475722
0.2518333333333333 -39.54462450725697
0.252 -0.7285468818386126
0.25216666666666665 40.37128129105207
0.2523333333333333 -39.292341902221835
0.2525 1.8643576698877067
0.25266666666666665 -1.865705333375348
0.2528333333333333 39.200161719617604
0.253 -41.06640611839269
0.25316666666666665 2.399380074795464
0.2533333333333333 25.041923565013917
0.2535 -15.119661287277069
0.25366666666666665 -8.618802151686822
0.2538333333333333 23.780510543240762
0.254 -14.965488558654393
0.25416666666666665 -9.053288921760835
0.2543333333333333 -4.798223536965499
0.2545 47.46671108687485
0.25466666666666665 -47.46668516067811
0.2548333333333333 4.799996888854661
0.255 9.066661654245673
0.25516666666666665 14.933345259427023
0.2553333333333333 -25.06619066170737
0.2555 -2.3964154439733805
0.25566666666666665 41.05805069996816
0.2558333333333333 -39.54462449467817
0.256 -0.7285468820201081
0.25616666666666665 40.371281292111775
0.2563333333333333 -39.292341855040824
0.2565 1.8643580253582424
0.25666666666666665 -1.8657061877973498
0.2568333333333333 39.200127544241205
0.257 -41.06666347792774
0.25716666666666665 2.399998673369196
0.2573333333333333 25.06666649049682
0.2575 -14.933333337746584
0.25766666666666665 -9.066666664809903
0.2578333333333333 -4.799999998849344
0.258 47.46666667351416
0.25816666666666666 -47.46666668311293
0.2583333333333333 4.799999342539377
0.2585 9.066661715608697
0.25866666666666666 14.933345233875196
0.2588333333333333 -25.066190665081617
0.259 -2.396415444061201
0.25916666666666666 41.05805070001061
0.2593333333333333 -39.54462449467816
0.2595 -0.7285468820196201
0.25966666666666666 40.37128129211225
0.2598333333333333 -39.29234185504131
0.26 1.8643580253587304
0.26016666666666666 -1.8657061877983254
0.2603333333333333 39.20012754424267
0.2605 -41.06666347792921
0.26066666666666666 2.3999986733682204
0.2608333333333333 25.06666649050121
0.261 -14.93333333773926
0.26116666666666666 -9.066666664832345
0.2613333333333333 -4.7999999997573095
0.2615 47.466666666675884
0.26166666666666666 -47.466666666675394
0.2618333333333333 4.800000000001743
0.262 9.066666666659984
0.26216666666666666 14.93333333334922
0.2623333333333333 -25.066666666674745
0.2625 -2.4000000000008717
0.26266666666666666 41.06666666666754
0.2628333333333333 -39.20000000000529
0.263 1.8666666666319995
0.26316666666666666 -1.8666666665822347
0.2633333333333333 39.200000003388816
0.2635 -41.0666666411445
0.26366666666666666 2.399999938654924
0.2638333333333333 25.06666421298466
0.264 -14.933351810916353
0.26416666666666666 -9.066622253286615
0.2643333333333333 -4.798223537876879
0.2645 47.48004441155601
0.26466666666666666 -47.498821891991305
0.2648333333333333 3.5138438763335764
0.265 -1.9521354868499812
0.26516666666666666 40.88033871712534
0.2653333333333333 -39.224742925485266
0.2655 1.8660480680924196
0.26566666666666666 -1.866409307130126
0.2658333333333333 39.20003417537729
0.266 -41.06666581224651
0.26616666666666666 2.39999964452936
0.2663333333333333 25.066666619463483
0.2665 -14.933333334517235
0.26666666666666666 -9.066666666167702
0.2668333333333333 -4.79999999969242
0.267 47.46666666850353
0.26716666666666666 -47.46666667107763
0.2673333333333333 4.799999823835044
0.2675 9.066665340031724
0.26766666666666666 14.933336522083653
0.2678333333333333 -25.066539122431998
0.268 -2.3990395211315816
0.26816666666666666 41.06435802535963
0.2683333333333333 -39.29234185504131
0.2685 1.171281292111355
0.26866666666666666 -0.1952135486863642
0.2688333333333333 24.722042171989184
0.269 -14.941949299992489
0.26916666666666667 -9.06308211072129
0.2693333333333333 -4.79952399816614
0.2695 47.4666785690295
0.26966666666666667 -47.46667162212502
0.2698333333333333 4.799999166370239
0.27 9.066665323599556
0.27016666666666667 14.933336528910223
0.2703333333333333 -25.06653912152257
0.2705 -2.399039521141339
0.27066666666666667 41.06435802543086
0.2708333333333333 -39.29234185165144
0.271 1.1712813176309802
0.27116666666666667 -0.1952136100254816
0.2713333333333333 24.722039718300074
0.27149999999999996 -14.941967777568891
0.27166666666666667 -9.063037697349383
0.2718333333333333 -4.797747536284733
0.27199999999999996 47.48005631208247
0.27216666666666667 -47.49882684303918
0.2723333333333333 3.5138432188868234
0.27249999999999996 -1.952135503153834
0.27266666666666667 40.88033872363088
0.2728333333333333 -39.22474293719807
0.27299999999999996 1.8660479728546373
0.27316666666666667 -1.8664090782107035
0.2733333333333333 39.20004333266502
0.27349999999999997 -41.06659685298097
0.27366666666666667 2.399833891549659
0.2738333333333333 25.060036772798163
0.27399999999999997 -14.983259756284557
0.27416666666666667 -8.946661735961781
0.2743333333333333 -1.7610376048041165e-07
0.27449999999999997 8.946660405422099
0.27466666666666667 14.983262945679595
0.2748333333333333 -25.059909275534444
0.27499999999999997 -2.3988737681713963
0.27516666666666667 41.0642890661458
0.2753333333333333 -39.292351008887934
0.27549999999999997 1.171281088674478
0.27566666666666667 -0.19521351477159868
0.2758333333333333 24.72203973119064
0.27599999999999997 -14.941967775419734
0.27616666666666667 -9.063037701885307
0.2763333333333333 -4.7977477124685075
0.27649999999999997 47.480054985451766
0.27666666666666667 -47.49882365430328
0.2768333333333333 3.5139707631076136
0.27699999999999997 -1.9511750244518906
0.2771666666666667 40.87803008272451
0.2773333333333333 -39.31708477620297
0.27749999999999997 1.1706627190650543
0.2776666666666667 -0.19495625049140716
0.2778333333333333 24.722073893918466
0.27799999999999997 -14.941966921316324
0.2781666666666667 -9.063038057224599
0.2783333333333333 -4.797747759653908
0.27849999999999997 47.48005498427107
0.2786666666666667 -47.498823653811975
0.2788333333333333 3.5139707631739667
0.27899999999999997 -1.9511750244518906
0.2791666666666667 40.87803008272451
0.2793333333333333 -39.31708477620248
0.27949999999999997 1.1706627190645664
0.2796666666666667 -0.19495625049140716
0.2798333333333333 24.72207389391895
0.27999999999999997 -14.941966921317784
0.2801666666666667 -9.063038057222649
0.2803333333333333 -4.7977477596373195
0.28049999999999997 47.48005498440329
0.2806666666666667 -47.498823654128614
0.2808333333333333 3.51397075053076
0.28099999999999997 -1.9511751196555207
0.2811666666666667 40.87803031157416
0.2813333333333333 -39.31707562326284
0.2815 1.1707316460019663
0.2816666666666667 -0.19512192570958053
0.2818333333333333 24.71544715792551
0.282 -14.991869918124904
0.2821666666666667 -8.94308943210915
0.2823333333333333 -4.7185888009393384e-08
0.2825 8.943089075591601
0.2826666666666667 14.99187077271815
0.2828333333333333 -24.715412995131334
0.283 0.19537918999952986
0.2831666666666667 -1.171350015633833
0.2833333333333333 39.29234185503936
0.2835 -41.06428930183179
0.2836666666666667 2.3988738798150004
0.2838333333333333 25.059909945566343
0.284 -14.983257994800045
0.2841666666666667 -8.946672304898133
0.2843333333333333 -0.00047577824395083484
0.2845 8.943077535948825
0.2846666666666667 14.991874867430512
0.2848333333333333 -24.715446497318688
0.285 0.19512196764820108
0.2851666666666667 -1.1707317141500901
0.2853333333333333 39.3170731698206
0.2855 -40.878048780506596
0.2856666666666667 1.951219512202776
0.28583333333333333 -3.5121951219500676
0.286 47.51219512195174
0.2861666666666667 -47.51219512195174
0.28633333333333333 3.5121951219515313
0.2865 -1.9512195121949698
0.2866666666666667 40.87804878048757
0.28683333333333333 -39.3170731707315
0.287 1.1707317073166892
0.2871666666666667 -0.1951219512189603
0.28733333333333333 24.715447154488807
0.2875 -14.991869918567907
0.2876666666666667 -8.943089431209968
0.28783333333333333 -1.2642718903027594e-08
0.288 8.94308933569165
0.2881666666666667 14.991870147532705
0.28833333333333333 -24.715438001504285
0.2885 0.1951908781431871
0.2886666666666667 -1.1708973825304714
0.28883333333333333 39.310446434661465
0.289 -40.92795177777624
0.2891666666666667 2.071168138485747
0.28933333333333333 1.2855526376809097
0.2895 8.9752295684447
0.2896666666666667 14.978498450873099
0.28983333333333333 -24.717222783049497
0.29 0.19507755867999907
0.2901666666666667 -1.1707132384032788
0.29033333333333333 39.31707562325991
0.2905 -40.87804871916797
0.2906666666666667 1.9512194866836385
0.29083333333333333 -3.512195125344813
0.291 47.51219512183318
0.29116666666666663 -47.512195121831724
0.29133333333333333 3.512195125342861
0.2915 -1.951219486685102
0.29166666666666663 40.87804871917187
0.29183333333333333 -39.31707562326332
0.292 1.1707132384062062
0.29216666666666663 -0.19507755868097484
0.29233333333333333 24.71722278302315
0.2925 -14.97849845086773
0.29266666666666663 -8.975229568378348
0.29283333333333333 -1.2855526342944583
0.293 -2.071168112978807
0.29316666666666663 40.9279517164659
0.29333333333333333 -39.310448887196216
0.2935 1.1708789136195006
0.29366666666666663 -0.19514648560373798
0.29383333333333334 24.71721363006693
0.294 -14.97849867967933
0.29416666666666663 -8.975229473254243
0.29433333333333334 -1.2855526250396543
0.2945 -2.071168138174473
0.29466666666666663 40.92795177765572
0.29483333333333334 -39.31044643443996
0.295 1.1708973843644537
0.29516666666666663 -0.1951908825459153
0.29533333333333334 24.71543782540589
0.2955 -14.991871473512557
0.29566666666666663 -8.943086148465287
0.29583333333333334 0.00012749704026912556
0.296 8.944049459400702
0.29616666666666663 14.989562360520432
0.29633333333333334 -24.807745680940457
0.2965 -0.4999371350474565
0.29666666666666663 0.4999371324752953
0.29683333333333334 24.807745505065515
0.297 -14.989563686658851
0.29716666666666663 -8.944046271781588
0.29733333333333334 3.3903544034707966e-09
0.2975 8.944046297356344
0.29766666666666663 14.989563625337784
0.29783333333333334 -24.807747957612467
0.298 -0.4999556013896814
0.29816666666666664 0.49998152758544195
0.29833333333333334 24.809521309483575
0.2985 -14.976190892832943
0.29866666666666664 -8.976189596566641
0.29883333333333334 -1.285680118689569
0.299 -2.071171300218342
0.29916666666666664 40.927953042471614
0.29933333333333334 -39.31044871117735
0.2995 1.1708789175314105
0.29966666666666664 -0.19514648625556033
0.29983333333333334 24.717213677006427
0.3 -14.978498324372968
0.30016666666666664 -8.975230327293495
0.30033333333333334 -1.285586785287771
0.3005 -2.071425383786736
0.30066666666666664 40.928570102396506
0.30083333333333334 -39.28571446183921
0.301 1.3571428526106888
0.30116666666666664 -0.6428571407101594
0.30133333333333334 -3.857142844259249
0.3015 47.50000009522793
0.30166666666666664 -47.500000228867854
0.30183333333333334 3.857133703023385
0.302 0.6427882072664894
0.30216666666666664 -1.356977161095981
0.30233333333333334 39.29234185504595
0.3025 -40.8786621563833
0.30266666666666664 1.9514648625543836
0.30283333333333334 -3.512636752591792
0.303 47.508613006787925
0.30316666666666664 -47.50358332452568
0.30333333333333334 3.8566670190735994
0.3035 0.642845246416504
0.30366666666666664 -1.3571379077905008
0.30383333333333334 39.28571494295557
0.304 -40.92857141214983
0.30416666666666664 2.071428564597575
0.30433333333333334 1.2857142848075018
0.3045 8.97619047616528
0.30466666666666664 14.976190476201369
0.30483333333333335 -24.80952380952233
0.305 -0.5000000000004459
0.30516666666666664 0.499999999999958
0.30533333333333335 24.809523809509642
0.3055 -14.97619047616087
0.30566666666666664 -8.976190476206508
0.30583333333333335 -1.2857142857132715
0.306 -2.0714285714292684
0.30616666666666664 40.92857142857175
0.30633333333333335 -39.28571428571423
0.3065 1.3571428571429522
0.30666666666666664 -0.6428571428568797
0.30683333333333335 -3.8571428571398148
0.307 47.499999999991374
0.30716666666666664 -47.49999999999284
0.30733333333333335 3.857142857075169
0.3075 0.6428571423663053
0.30766666666666664 -1.3571428559634757
0.30783333333333335 39.28571433290207
0.308 -40.9285710732249
0.30816666666666664 2.071427717303904
0.30833333333333335 1.285680122077484
0.3085 8.975933205065349
0.30866666666666664 14.976808862253936
0.30883333333333335 -24.78478938406579
0.309 -0.3137360603869526
0.30916666666666665 0.052289343398150695
0.30933333333333335 -3.7648327246370887
0.3095 47.50230784820347
0.30966666666666665 -47.50096014890488
0.30983333333333335 3.857015356648205
0.31 0.6428539547247484
0.31016666666666665 -1.3571415297882221
0.31033333333333335 39.285714509008265
0.3105 -40.92857106882217
0.31066666666666665 2.07142771547163
0.31083333333333335 1.2856801218347582
0.311 8.975933205037052
0.31116666666666665 14.97680886230053
0.3113333333333333 -24.7847893840875
0.3115 -0.3137360603869526
0.31166666666666665 0.05228934339790675
0.3118333333333333 -3.764832724636357
0.312 47.50230784820152
0.31216666666666665 -47.50096014890243
0.3123333333333333 3.857015356647473
0.3125 0.6428539547230407
0.31266666666666665 -1.3571415297852947
0.3128333333333333 39.28571450900631
0.313 -40.92857106882144
0.31316666666666665 2.0714277154713856
0.3133333333333333 1.2856801218345142
0.3135 8.975933205037295
0.31366666666666665 14.976808862300775
0.3138333333333333 -24.784789384092623
0.314 -0.3137360604218368
0.31416666666666665 0.052289343482311894
0.3143333333333333 -3.76483272124893
0.3145 47.502307873714315
0.31466666666666665 -47.50096021022447
0.3148333333333333 3.8570129038917007
0.315 0.6428354841098183
0.31516666666666665 -1.3570971331597588
0.3153333333333333 39.287490301024384
0.3155 -40.91519837020404
0.31566666666666665 2.039284619544281
0.3158333333333333 9.153875899468866e-06
0.316 -2.0392154569255334
0.31616666666666665 40.91503258333909
0.3163333333333333 -39.29411770688409
0.3165 1.3071891868323575
0.31666666666666665 -0.5228749627654952
0.3168333333333333 0.9412106330916061
0.317 8.967577523874452
0.31716666666666665 14.979773791675301
0.3173333333333333 -24.809047317632928
0.3175 -0.4999831543261763
0.31766666666666665 0.4999831543259323
0.3178333333333333 24.809047317610727
0.318 -14.979773791630414
0.31816666666666665 -8.967577523896894
0.3183333333333333 -0.9412106330733102
0.3185 0.5228749628957621
0.31866666666666665 -1.3071891871475352
0.3188333333333333 39.29411769424429
0.319 -40.91503267855833
0.31916666666666665 2.039215685782994
0.3193333333333333 -6.488950002325744e-11
0.3195 -2.0392156862764956
0.31966666666666665 40.91503267974024
0.3198333333333333 -39.29411764705913
0.32 1.3071895424831692
0.32016666666666665 -0.5228758169930725
0.3203333333333333 0.9411764705872377
0.3205 8.967320261431901
0.32066666666666666 14.980392156877365
0.3208333333333333 -24.78431372549833
0.321 -0.313725490195258
0.32116666666666666 0.052287581698965725
0.3213333333333333 -3.764705882352854
0.3215 47.50326797385897
0.32166666666666666 -47.50326797386189
0.3218333333333333 3.7647058823557815
0.322 -0.05228758169945362
0.32216666666666666 0.3137254901962338
0.3223333333333333 24.78431372548979
0.3225 -14.980392156862726
0.32266666666666666 -8.96732026143727
0.3228333333333333 -0.9411764705882135
0.323 0.5228758169930725
0.32316666666666666 -1.307189542483657
0.3233333333333333 39.29411764705889
0.3235 -40.915032679738786
0.32366666666666666 2.039215686274788
0.3238333333333333 1.7564075194265172e-11
0.324 -2.039215686143545
0.32416666666666666 40.91503267942385
0.3243333333333333 -39.294117659703076
0.3245 1.3071894472717327
0.32466666666666666 -0.5228755881385395
0.3248333333333333 0.9411856243977599
0.325 8.967389194699443
0.32516666666666666 14.980226466413082
0.3253333333333333 -24.79094107153259
0.3255 -0.3636330808828251
0.32566666666666666 0.1722472488379105
0.3258333333333333 1.0334834929725754
0.326 8.969628031397749
0.32616666666666666 14.979432041493682
0.3263333333333333 -24.78444117444255
0.3265 -0.3137283223948208
0.32666666666666666 0.05228805373238882
0.3268333333333333 -3.7647398687378497
0.327 47.50301071580292
0.32716666666666666 -47.50264961046234
0.3273333333333333 3.7894394742331423
0.3275 0.13397008242243863
0.32766666666666666 -0.13397008242256062
0.3278333333333333 -3.7894394742303366
0.328 47.502649610459905
0.32816666666666666 -47.50301071580621
0.3283333333333333 3.764739868741021
0.3285 -0.05228805373251079
0.32866666666666666 0.31372832239469883
0.3288333333333333 24.78444117443498
0.329 -14.979432041479408
0.32916666666666666 -8.969628031403117
0.3293333333333333 -1.0334834929724532
0.3295 -0.17224724882888454
0.32966666666666666 0.363633080860748
0.3298333333333333 24.79094107061694
0.33 -14.98022647323502
0.33016666666666666 -8.967389178273374
0.3303333333333333 -0.9411849671839745
0.3305 0.5228805373342559
0.33066666666666666 -1.3072013433348468
0.3308333333333333 39.29364183675733
0.331 -40.918615890054284
0.33116666666666666 2.047828419171778
0.3313333333333333 0.34449515487740906
0.33149999999999996 0.5550238621230902
0.33166666666666667 -1.320574137179904
0.3318333333333333 39.291866032120815
0.33199999999999996 -40.91866028700878
0.33216666666666667 2.0478468899168534
0.3323333333333333 0.3444976076507451
0.33249999999999996 0.5550239234446435
0.33266666666666667 -1.3205741626916014
0.3328333333333333 39.291866028732905
0.33299999999999996 -40.91866028709343
0.33316666666666667 2.0478468899519817
0.3333333333333333 0.34449760765525805
0.33349999999999996 0.5550239234451313
0.33366666666666667 -1.3205741626920893
0.3338333333333333 39.29186602873327
0.33399999999999996 -40.918660287093665
0.33416666666666667 2.0478468899522255
0.3343333333333333 0.34449760765501414
0.33449999999999996 0.5550239234452533
0.33466666666666667 -1.3205741626919674
0.3348333333333333 39.29186602873314
0.33499999999999996 -40.91866028709355
0.33516666666666667 2.0478468899517375
0.3353333333333333 0.344497607655746
0.33549999999999996 0.5550239234448874
0.33566666666666667 -1.3205741626920893
0.3358333333333333 39.291866028733146
0.33599999999999997 -40.91866028709343
0.33616666666666667 2.0478468899518596
0.3363333333333333 0.344497607655502
0.33649999999999997 0.5550239234450094
0.33666666666666667 -1.3205741626920893
0.3368333333333333 39.29186602873327
0.33699999999999997 -40.918660287093665
0.33716666666666667 2.0478468899521034
0.3373333333333333 0.34449760765538007
0.33749999999999997 0.5550239234450094
0.33766666666666667 -1.3205741626920893
0.3378333333333333 39.29186602873327
0.33799999999999997 -40.91866028709355
0.33816666666666667 2.0478468899518596
0.3383333333333333 0.34449760765525805
0.33849999999999997 0.555023923442326
0.33866666666666667 -1.3205741626861125
0.3388333333333333 39.29186602897672
0.33899999999999997 -40.918660285261886
0.33916666666666667 2.047846885549131
0.3393333333333333 0.34449743155393703
0.33949999999999997 0.5550225973025664
0.3396666666666667 -1.3205709751288388
0.3398333333333333 39.2919935260148
0.33999999999999997 -40.91770016186251
0.3401666666666667 2.04553909866115
0.3403333333333333 0.25218975188968074
0.34049999999999997 -0.14010541771547286
0.3406666666666667 0.3502635442928292
0.3408333333333333 24.789292772421128
0.34099999999999997 -14.979310745201824
0.3411666666666667 -8.9696784977365
0.3413333333333333 -1.033490323002769
0.34149999999999997 -0.17224838716690455
0.3416666666666667 0.36363548402313395
0.3418333333333333 24.79103441437148
0.34199999999999997 -14.979523612417559
0.3421666666666667 -8.969078599164764
0.3423333333333333 -1.0087590201985754
0.34249999999999997 0.014010446559440044
0.3426666666666667 -0.08406302177432383
0.3428333333333333 -3.7828371244561994
0.34299999999999997 47.50262697031166
0.3431666666666667 -47.50262697026416
0.3433333333333333 3.7828371278430772
0.34349999999999997 0.08406304728467938
0.3436666666666667 -0.014010507881115321
0.3438333333333333 1.0087565674256664
0.344 8.969060128429508
0.3441666666666667 14.979568009340586
0.3443333333333333 -24.789258610624753
0.3445 -0.3502626970226992
0.3446666666666667 0.14010507880907966
0.3448333333333333 -0.25218914185653857
0.345 -2.0455341506126485
0.3451666666666667 40.917688266199356
0.3453333333333333 -39.292469352013946
0.3455 1.3169877408056905
0.3456666666666667 -0.5464098073555693
0.3458333333333333 -1.2197274440461925e-13
0.346 0.5464098073552034
0.3461666666666667 -1.3169877408046538
0.3463333333333333 39.2924693520115
0.3465 -40.91768826619588
0.3466666666666667 2.045534150611368
0.3468333333333333 0.25218914185623365
0.347 -0.14010507880914067
0.3471666666666667 0.35026269702282115
0.3473333333333333 24.789258610625243
0.3475 -14.979568009341564
0.3476666666666667 -8.969060128429142
0.3478333333333333 -1.0087565674255443
0.348 0.014010507880932362
0.3481666666666667 -0.08406304728541121
0.34833333333333333 -3.782837127846188
0.3485 47.50262697022824
0.3486666666666667 -47.502626970227986
0.34883333333333333 3.782837127845883
0.349 0.0840630472854722
0.3491666666666667 -0.014010507880810388
0.34933333333333333 1.0087565674250565
0.3495 8.96906012842719
0.3496666666666667 14.979568009346472
0.34983333333333333 -24.789258610381452
0.35 -0.3502626951910955
0.3501666666666667 0.14010507440647346
0.35033333333333333 -0.2521893179576156
0.3505 -2.0455354767518594
0.3506666666666667 40.917691453754706
0.35083333333333333 -39.292341855040725
0.351 1.3179478637142668
0.3511666666666667 -0.548717593063891
0.35133333333333333 -0.09230763247806338
0.3515 -0.1487178523257078
0.3516666666666666 0.3538459244990905
0.35183333333333333 24.78973443577991
0.352 -14.979556113213311
0.35216666666666663 -8.969065077585523
0.35233333333333333 -1.0087572212559888
0.3525 0.01401051696177269
0.35266666666666663 -0.084063101771246
0.35283333333333333 -3.7828395797120766
0.353 47.502608499514935
0.35316666666666663 -47.50258257331292
0.35333333333333333 3.784612931841495
0.3535 0.09743583611412593
0.35366666666666663 -0.04615382064179037
0.35383333333333333 -0.2769230735353282
0.354 -2.046153846068823
0.35416666666666663 40.91794871791305
0.35433333333333333 -39.29230769231332
0.3545 1.3179487179508549
0.35466666666666663 -0.5487179487190326
0.35483333333333333 -0.09230769230766132
0.355 -0.14871794871797758
0.35516666666666663 0.3538461538461799
0.35533333333333333 24.789743589721844
0.3555 -14.97948717944364
0.35566666666666663 -8.969230769252635
0.35583333333333333 -1.0153846153845338
0.356 -0.03589743589749754
0.35616666666666663 0.035897435897512785
0.35633333333333334 1.0153846153855859
0.3565 8.969230769228803
0.35666666666666663 14.979487179488077
0.35683333333333334 -24.78974358974319
0.357 -0.35384615384683554
0.35716666666666663 0.1487179487182825
0.35733333333333334 0.0923076923077833
0.3575 0.5487179487177366
0.35766666666666663 -1.3179487179485374
0.35783333333333334 39.292307692312335
0.358 -40.917948717958105
0.35816666666666663 2.0461538461585373
0.35833333333333334 0.2769230769230757
0.3585 0.04615384615384818
0.35866666666666663 -0.09743589743589724
0.35883333333333334 -3.7846153846190482
0.359 47.50256410257203
0.35916666666666663 -47.502564102568954
0.35933333333333334 3.7846153845498423
0.3595 0.0974358969452802
0.35966666666666663 -0.04615384497423225
0.35983333333333334 -0.2769230297371646
0.36 -2.046153490815158
0.36016666666666663 40.91794786384501
0.36033333333333334 -39.2923418550421
0.3605 1.3176914536264939
0.36066666666666664 -0.5480995790015256
0.36083333333333334 -0.06757392069870503
0.361 0.03754106705485307
0.36116666666666664 -0.09385266763706407
0.36133333333333334 -3.784139559128938
0.3615 47.50257599869847
0.36166666666666664 -47.50256905179083
0.36183333333333334 3.7846147273310637
0.362 0.0974358805141412
0.36216666666666664 -0.04615383813829266
0.36233333333333334 -0.27692302882939007
0.3625 -2.046153490792468
0.36266666666666664 40.91794786383554
0.36283333333333334 -39.29234185504207
0.363 1.3176914536359163
0.36316666666666664 -0.5480995790242279
0.36333333333333334 -0.06757392160644145
0.3635 0.03754106021887536
0.36366666666666664 -0.09385265120588697
0.36383333333333334 -3.784138901910312
0.364 47.502580947919554
0.36416666666666664 -47.502580947915256
0.36433333333333334 3.784138901923607
0.3645 0.09385265133758704
0.36466666666666664 -0.03754106053505921
0.36483333333333334 0.0675739089629907
0.365 0.5480994838102605
0.36516666666666664 -1.3176912247769312
0.36533333333333334 39.29235100892056
0.3655 -40.91787893008906
0.36566666666666664 2.0459877991599646
0.36583333333333334 0.27029563585168837
0.366 -0.0037541060533961457
0.36616666666666664 0.022524636320925752
0.36633333333333334 1.0136086344448607
0.3665 8.96918504614234
0.36666666666666664 14.97950883779222
0.36683333333333334 -24.789613639917036
0.367 -0.3528859690197866
0.36716666666666664 0.14641013606394032
0.36733333333333335 -9.077821502313788e-10
0.3675 -0.1464101429221018
0.36766666666666664 0.352885985459456
0.36783333333333335 24.78961429712286
0.368 -14.979503888540272
0.36816666666666664 -8.969196942284858
0.36833333333333335 -1.0140844598505794
0.3685 -0.026107865497373192
0.36866666666666664 0.012366883656538116
0.36883333333333335 0.07420130194032645
0.369 0.5482651754483132
0.36916666666666664 -1.31776015853337
0.36933333333333335 39.29234185504119
0.3695 -40.917879158935854
0.36966666666666664 2.0459878943665224
0.36983333333333335 0.2702956484300362
0.37 -0.0037541062282135814
0.37016666666666664 0.022524637369159516
0.37033333333333335 1.0136086816126662
0.3705 8.96918540148285
0.37066666666666664 14.979507983686277
0.37083333333333335 -24.78964780264528
0.371 -0.35314323331119957
0.37116666666666664 0.14702850570269854
0.37133333333333335 0.024733767556594816
0.3715 0.03984884917011692
0.37166666666666665 -0.09481277910421577
0.3718333333333333 -3.7842665750558964
0.372 47.50257643420511
0.37216666666666665 -47.50257643420414
0.3723333333333333 3.7842665750561406
0.3725 0.09481277911372965
0.37266666666666665 -0.03984884919274286
0.3728333333333333 -0.024733768464437953
0.373 -0.14702851253829508
0.37316666666666665 0.35314324974166006
0.3733333333333333 24.78964845986419
0.3735 -14.979503034464582
0.37366666666666665 -8.969197297608416
0.3738333333333333 -1.0140845070419562
0.374 -0.026107866712404688
0.37416666666666665 0.01236688423206651
0.3743333333333333 0.07420130539343583
0.3745 0.5482652009608033
0.37466666666666665 -1.3177602198535816
0.3748333333333333 39.29233940226633
0.375 -40.91789762968092
0.37516666666666665 2.046032291309065
0.3753333333333333 0.27207145310412156
0.3755 0.009618687701004896
0.37566666666666665 -0.009618687651483961
0.3758333333333333 -0.2720714497211465
0.376 -2.046032265792672
0.37616666666666665 40.91789756835083
0.3763333333333333 -39.292341855037165
0.3765 1.317741749110946
0.37666666666666665 -0.5482208040195409
0.3768333333333333 -0.07242550071447156
0.377 0.00100590973221913
0.37716666666666665 -0.0060354583928268896
0.3773333333333333 -0.2715956276793446
0.3775 -2.0460203951799034
0.37766666666666665 40.917892680451295
0.3778333333333333 -39.29234005948212
0.378 1.3177602034246456
0.37816666666666665 -0.5482651941256337
0.3783333333333333 -0.0742013044680896
0.3785 -0.012366884078014935
0.37866666666666665 0.026107866386981406
0.3788333333333333 1.0140844943974077
0.379 8.969197202372706
0.37916666666666665 14.97950326336626
0.3793333333333333 -24.789639306010795
0.3795 -0.3530743159831784
0.37966666666666665 0.14686282089362532
0.3798333333333333 0.018106375195922772
0.38 -0.010059097189606929
0.38016666666666665 0.025147742987373337
0.3803333333333333 1.0139569973591511
0.3805 8.969194014815676
0.38066666666666665 14.979504589506075
0.3808333333333333 -24.789639129909595
0.381 -0.3530743115804502
0.38116666666666665 0.14686281906183865
0.3813333333333333 0.018106374948196127
0.3815 -0.010059097231321607
0.38166666666666665 0.025147743074827793
0.3818333333333333 1.0139570007465781
0.382 8.969194040342863
0.38216666666666665 14.979504528156347
0.3823333333333333 -24.78964158266988
0.3825 -0.3530927823249154
0.38266666666666665 0.14690721600365003
0.3828333333333333 0.019882179609718303
0.383 0.003313696601538402
0.38316666666666666 -0.006995581714494374
0.3833333333333333 -0.27172312133066195
0.3835 -2.046023557229261
0.38366666666666666 40.91789394527799
0.3838333333333333 -39.292342336158534
0.384 1.3177417370818718
0.38416666666666666 -0.5482207990149991
0.3843333333333333 -0.07242550005319633
0.3845 0.0010059097228272288
0.38466666666666666 -0.006035458337695209
0.3848333333333333 -0.27159562520018754
0.385 -2.046020376508315
0.38516666666666666 40.91789263556954
0.3853333333333333 -39.29234185504119
0.3855 1.3177466819007182
0.38566666666666666 -0.5482326933084106
0.3858333333333333 -0.07290132523530853
0.386 -0.002577319581630608
0.38616666666666666 0.0025773195851678176
0.3863333333333333 0.07290132547827823
0.3865 0.5482326951400753
0.38666666666666666 -1.3177466863036904
0.3868333333333333 39.29234167893962
0.387 -40.917893961708074
0.38716666666666666 2.0460235640643694
0.3873333333333333 0.271723122238993
0.3875 0.0069955817376691955
0.38766666666666666 -0.003313696612637922
0.3878333333333333 -0.019882179675949505
0.388 -0.14690721649495625
0.38816666666666666 0.3530927835051237
0.3883333333333333 24.789641629848084
0.3885 -14.979504172804004
0.38866666666666666 -8.969194894451274
0.3888333333333333 -1.013991163476474
0.389 -0.0254050073635574
0.38916666666666666 0.010677466862944416
0.3893333333333333 0.006627393220762852
0.3895 0.039396170803889616
0.38966666666666666 -0.09462444763239922
0.3898333333333333 -3.784241528276183
0.39 47.50257734510215
0.39016666666666666 -47.5025773809148
0.3903333333333333 3.784239078893324
0.3905 0.09460597697246115
0.39066666666666666 -0.03935177389732835
0.3908333333333333 -0.004851588563143804
0.391 0.0026953269767460673
0.39116666666666666 -0.006738317442109114
0.3913333333333333 -0.27168895926685915
0.3915 -2.0460227081301494
0.39166666666666666 40.91789360195581
0.3918333333333333 -39.29234190220207
0.39199999999999996 1.3177453589710375
0.39216666666666666 -0.5482295070919833
0.3923333333333333 -0.07277382837507117
0.39249999999999996 -0.0016171961861696131
0.39266666666666666 0.0002695326977965795
0.3928333333333333 -0.019406354233425495
0.39299999999999996 -0.14689532023863733
0.39316666666666666 0.35308783397154286
0.3933333333333333 24.789640959978655
0.39349999999999996 -14.979504284443465
0.39366666666666666 -8.969194658760047
0.3938333333333333 -1.0139820086928535
0.39399999999999996 -0.025336073582388815
0.39416666666666667 0.010511775209797554
0.3943333333333333 -2.439454888092385e-13
0.39449999999999996 -0.010511775212358982
0.39466666666666667 0.025336073588731398
0.3948333333333333 1.0139820089352132
0.39499999999999996 8.969194660591713
0.39516666666666667 14.979504280048662
0.3953333333333333 -24.789641136094
0.39549999999999996 -0.3530891601045939
0.39566666666666667 0.14689850779554522
0.3958333333333333 0.019533851271987
0.39599999999999996 0.0006905907014455705
0.39616666666666667 -0.000690590701689516
0.3963333333333333 -0.019533851276256047
0.39649999999999996 -0.14689850783091732
0.39666666666666667 0.3530891601958295
0.3968333333333333 24.78964113946801
0.39699999999999996 -14.979504254528912
0.39716666666666667 -8.96919472191351
0.3973333333333333 -1.013984461709647
0.39749999999999996 -0.025354544333318546
0.39766666666666667 0.010556172154536286
0.3978333333333333 0.0017758046612782307
0.39799999999999996 0.002861018621476809
0.39816666666666667 -0.006807251202542333
0.3983333333333333 -0.27169811320716025
0.39849999999999997 -2.0460229374755006
0.39866666666666667 40.917893698343676
0.3988333333333333 -39.29234184236957
0.39899999999999997 1.3177457146241665
0.39916666666666667 -0.548230361326391
0.3993333333333333 -0.0728079911207016
0.39949999999999997 -0.0018744604763628941
0.39966666666666667 0.0008879023308830608
0.3998333333333333 0.00532741398420061
0.39999999999999997 0.03936366999386296
0.40016666666666667 -0.09461092612670675
0.4003333333333333 -3.7842397333837012
0.40049999999999997 47.50257738498504
0.40066666666666667 -47.50257738755842
0.4008333333333333 3.784239557530351
0.40099999999999997 0.09460959999036246
0.40116666666666667 -0.03936048243890664
0.4013333333333333 -0.00519991694637094
0.40149999999999997 7.222106884698012e-05
0.40166666666666667 -0.00043332641235004424
0.4018333333333333 -0.019499688546482062
0.40199999999999997 -0.14689765371787236
0.4021666666666667 0.35308880483445926
0.4023333333333333 24.789641091374524
0.40249999999999997 -14.979504262544719
0.4026666666666667 -8.9691947049915
0.4028333333333333 -1.0139838044257272
0.40299999999999997 -0.02534959511064623
0.4031666666666667 0.010544276028850195
0.4033333333333333 0.0012999792368061872
0.40349999999999997 -0.0007222106872500737
0.4036666666666667 0.0018055267175153206
0.4038333333333333 0.07279883724089901
0.40399999999999997 0.5482301324351443
0.4041666666666667 -1.3177456193536952
0.4043333333333333 39.29234185845447
0.40449999999999997 -40.91789367254473
0.4046666666666667 2.0460228760236805
0.4048333333333333 0.27169566041687004
0.40499999999999997 0.006788780456979402
0.4051666666666667 -0.002816621679543451
0.4053333333333333 4.87890977618477e-13
0.40549999999999997 0.0028166216788116146
0.4056666666666667 -0.006788780457223347
0.4058333333333333 -0.2716956604210171
0.40599999999999997 -2.046022876058809
0.4061666666666667 40.91789367261621
0.4063333333333333 -39.292341855040576
0.4065 1.3177456448528293
0.4066666666666667 -0.5482301937574294
0.4068333333333333 -0.072801290014235
0.407 -0.00182399746210247
0.4071666666666667 0.0007666076289394863
0.4073333333333333 0.00047582542495993446
0.4075 0.0028285178040098145
0.4076666666666667 -0.006793729678675935
0.4078333333333333 -0.2716963176396814
0.408 -2.046022892489757
0.4081666666666667 40.91789367945205
0.4083333333333333 -39.29234185413261
0.4085 1.3177456448747844
0.4086666666666667 -0.5482301937662114
0.4088333333333333 -0.07280129001545474
0.409 -0.001823997462590361
0.4091666666666667 0.0007666076291834318
0.4093333333333333 0.00047582542495993446
0.4095 0.0028285178040098145
0.4096666666666667 -0.006793729678675935
0.4098333333333333 -0.2716963176382177
0.41 -2.046022892480731
0.4101666666666667 40.917893679429355
0.4103333333333333 -39.292341855040334
0.4105 1.3177456380391879
0.4106666666666667 -0.548230177335263
0.41083333333333333 -0.07280063279679048
0.411 -0.0018190482411377731
0.4111666666666667 0.0007547115039852319
0.41133333333333333 2.439454888092385e-13
0.4115 -0.0007547115042291774
0.4116666666666666 0.0018190482408938276
0.41183333333333333 0.07280063279654654
0.412 0.5482301773337994
0.4121666666666666 -1.317745638034553
0.41233333333333333 39.29234185522012
0.4125 -40.91789367809278
0.4126666666666666 2.0460228892601626
0.41283333333333333 0.27169618872278467
0.413 0.006792758877355743
0.4131666666666666 -0.002826184350511029
0.41333333333333333 -0.00038249111544057593
0.4135 -6.374851842694436e-05
0.4136666666666666 0.0001345802065979857
0.41383333333333333 0.005227378572483701
0.414 0.03936116900628674
0.4141666666666666 -0.09460988562454967
0.41433333333333333 -3.7842395952646926
0.4145 47.5025773880851
0.41466666666666663 -47.502577388133155
0.41483333333333333 3.784239591879949
0.415 0.0946098601129744
0.41516666666666663 -0.03936110768448949
0.41533333333333333 -0.005224925799147701
0.4155 -0.00011610946188886362
0.41566666666666663 1.9351576493586292e-05
0.41583333333333333 -0.0013933135458376548
0.416 -0.010546609482714898
0.41616666666666663 0.025350565912576287
0.41633333333333333 1.0139839333542113
0.4165 8.96919470831794
0.41666666666666663 14.97950426095871
0.41683333333333333 -24.789641101478622
0.417 -0.35308887954093565
0.41716666666666663 0.1468978332824875
0.41733333333333333 0.019506870766388764
0.4175 0.00048741250781563633
0.41766666666666663 -0.00020222433883693158
0.41783333333333333 2.439454888092385e-13
0.418 0.00020222433810509512
0.41816666666666663 -0.00048741250708379986
0.41833333333333333 -0.019506870766632708
0.4185 -0.14689783328224357
0.41866666666666663 0.35308887954044776
0.41883333333333334 24.789641101477404
0.419 -14.979504260832346
0.41916666666666663 -8.96919470856603
0.41933333333333334 -1.0139839426090154
0.4195 -0.025350635612925297
0.41966666666666663 0.010546777017158247
0.41983333333333334 0.0014000146481571787
0.42 3.111143691302866e-05
0.42016666666666663 -5.185239688792684e-06
0.42033333333333334 0.00037333723954110706
0.4205 0.0028259554940264844
0.42066666666666663 -0.006792663664211733
0.42083333333333334 -0.2716961760810416
0.421 -2.0460228889418137
0.42116666666666663 40.91789367796129
0.42133333333333334 -39.29234185504277
0.4215 1.317745639510667
0.42166666666666663 -0.5482301808739363
0.42183333333333334 -0.07280077435591818
0.422 -0.0018201142546261928
0.42216666666666663 0.0007572738137246165
0.42233333333333334 0.00010248818590671838
0.4225 1.708136391121058e-05
0.42266666666666663 -3.606065763377998e-05
0.42283333333333334 -0.001400671867309326
0.423 -0.010546793447618755
0.42316666666666664 0.025350642448521837
0.42333333333333334 1.0139839435179563
0.4235 8.96919470857213
0.42366666666666664 14.979504260852103
0.42383333333333334 -24.789641101540344
0.424 -0.3530888799009992
0.42416666666666664 0.14689783414678637
0.42433333333333334 0.019506905308826032
0.4245 0.00048767263323293633
0.42466666666666664 -0.000202849585273588
0.42483333333333334 -2.5008853630570718e-05
0.425 1.3893808223060591e-05
0.42516666666666664 -3.473451872806031e-05
0.42533333333333334 -0.001400495765744355
0.4255 -0.010546789045134519
0.42566666666666664 0.025350640617223055
0.42583333333333334 1.0139839432747426
0.426 8.969194708565544
0.42616666666666664 14.97950426085503
0.42633333333333334 -24.78964110154058
0.4265 -0.3530888799000234
0.42666666666666664 0.14689783414605453
0.42683333333333334 0.01950690530906998
0.427 0.00048767263323293633
0.42716666666666664 -0.0002028495855175335
0.42733333333333334 -2.5008852898734252e-05
0.4275 1.3893807247278636e-05
0.42766666666666664 -3.4734518240169335e-05
0.42783333333333334 -0.001400495765744355
0.428 -0.010546789044890573
0.42816666666666664 0.025350640616735164
0.42833333333333334 1.0139839432752304
0.4285 8.969194708565544
0.42866666666666664 14.979504260854297
0.42883333333333334 -24.78964110154473
0.429 -0.3530888799353955
0.42916666666666664 0.14689783423094757
0.42933333333333334 0.01950690869674098
0.4295 0.0004876981452961015
0.42966666666666664 -0.00020291090731478292
0.42983333333333335 -2.7461626478679155e-05
0.43 -4.5769374618434555e-06
0.43016666666666664 9.662423693188732e-06
0.43033333333333335 0.00037530889553387577
0.4305 0.0028260047878474626
0.43066666666666664 -0.006792684172221087
0.43083333333333335 -0.27169617880420505
0.431 -2.0460228890101186
0.43116666666666664 40.91789367798984
0.43133333333333335 -39.29234185504131
0.4315 1.317745639479442
0.43166666666666664 -0.5482301808051437
0.4318333333333333 -0.07280077163153496
0.432 -0.0018200937475926215
0.43216666666666664 0.0007572245211233657
0.4323333333333333 0.00010051652893816772
0.4325 2.2337007731746544e-06
0.43266666666666664 -3.722832589078684e-07
0.4328333333333333 2.680440757047743e-05
0.433 0.0002028944756345477
0.43316666666666664 -0.0004876913087237776
0.4333333333333333 -0.01950690778901982
0.4335 -0.14689783420777275
0.43366666666666664 0.35308887992539373
0.4338333333333333 24.789641101542784
0.434 -14.979504260851131
0.43416666666666665 -8.969194708569935
0.4343333333333333 -1.0139839433249953
0.4345 -0.025350641002169036
0.43466666666666665 0.010546789970907649
0.4348333333333333 0.0014005327883754096
0.435 3.501331988014708e-05
0.43516666666666665 -1.4563945020676719e-05
0.4353333333333333 -1.7955546717431797e-06
0.4355 9.97530427400764e-07
0.43566666666666665 -2.4938264344201433e-06
0.4358333333333333 -0.00010055107210727408
0.436 -0.0007572253837146142
0.43616666666666665 0.00182009410619249
0.4363333333333333 0.07280077167983617
0.4365 0.5482301808046558
0.43666666666666665 -1.3177456394774905
0.4368333333333333 39.292341855040334
0.437 -40.91789367799056
0.43716666666666665 2.0460228890106067
0.4373333333333333 0.2716961787512689
0.4375 0.00679268377727334
0.43766666666666665 -0.002826003838899511
0.4378333333333333 -0.0003752709654256028
0.438 -9.376786212723573e-06
0.43816666666666665 3.890368983992115e-06
0.4383333333333333 -4.87890977618477e-13
0.4385 -3.890368252155649e-06
0.43866666666666665 9.376785968778084e-06
0.4388333333333333 0.0003752709651816573
0.439 0.002826003839387402
0.43916666666666665 -0.006792683777517286
0.4393333333333333 -0.2716961787517568
0.4395 -2.0460228890057275
0.43966666666666665 40.917893677981546
0.4398333333333333 -39.29234185503643
0.44 1.317745639479686
0.44016666666666665 -0.5482301808063634
0.4403333333333333 -0.07280077168325141
0.4405 -0.0018200941322946574
0.44066666666666665 0.0007572254466525503
0.4408333333333333 0.00010055355181316783
0.441 2.5125026570978898e-06
0.44116666666666665 -1.04242127625144e-06
0.4413333333333333 -4.87890977618477e-13
0.4415 1.0424220080879065e-06
0.44166666666666665 -2.5125031449888674e-06
0.4418333333333333 -0.00010055355156922234
0.442 -0.0007572254464086048
0.44216666666666665 0.001820094132050712
0.4423333333333333 0.07280077168325141
0.4425 0.5482301808051437
0.44266666666666665 -1.3177456394774905
0.4428333333333333 39.292341855039844
0.443 -40.91789367799033
0.44316666666666665 2.0460228890106067
0.4433333333333333 0.2716961787517568
0.4435 0.006792683785323541
0.44366666666666665 -0.0028260038569514773
0.4438333333333333 -0.0003752716953105053
0.444 -9.382281084859001e-06
0.44416666666666665 3.903577168538203e-06
0.4443333333333333 5.283029872946154e-07
0.4445 8.805066051276178e-08
0.44466666666666665 -1.8588402301775164e-07
0.4448333333333333 -7.220150258918645e-06
0.445 -5.4366359070884274e-05
0.44516666666666665 0.0001306768867919382
0.4453333333333333 0.0052268602410122066
0.4455 0.03936115604741448
0.44566666666666666 -0.09460988023286647
0.4458333333333333 -3.784239594550664
0.446 47.502577388073625
0.44616666666666666 -47.50257738807655
0.4463333333333333 3.7842395945535916
0.4465 0.09460988023262253
0.44666666666666666 -0.039361156046926596
0.4468333333333333 -0.00522686024028037
0.447 -0.00013067687996146451
0.44716666666666666 5.4366342726536523e-05
0.4473333333333333 7.2194847756251734e-06
0.4475 1.8088070104227416e-07
0.44766666666666666 -7.602170845957823e-08
0.4478333333333333 -4.718661984585981e-08
0.448 -2.804958413975267e-07
0.44816666666666666 6.737142582095151e-07
0.4483333333333333 2.6943307936296013e-05
0.4485 0.0002028979481985809
0.44866666666666666 -0.00048769275312501685
0.4488333333333333 -0.019506907981004917
0.449 -0.14689783421362743
0.44916666666666666 0.35308887992880894
0.4493333333333333 24.789641101543513
0.4495 -14.9795042608543
0.44966666666666666 -8.96919470856652
0.4498333333333333 -1.013983943326459
0.45 -0.02535064100460849
0.45016666666666666 0.01054678997627445
0.4503333333333333 0.0014005329803605093
0.4505 3.501476428138632e-05
0.45066666666666666 -1.4567417584709919e-05
0.4508333333333333 -1.9344555254527385e-06
0.451 -4.846611393466427e-08
0.45116666666666666 2.0369692261060224e-08
0.4513333333333333 1.2643450739494022e-08
0.4515 7.515887326565995e-08
0.45166666666666666 -1.8052161328274696e-07
0.4518333333333333 -7.219436962309367e-06
0.45199999999999996 -5.436634199470006e-05
0.45216666666666666 0.00013067687996146451
0.4523333333333333 0.005226860239792479
0.45249999999999996 0.03936115604765843
0.45266666666666666 -0.0946098802340862
0.4528333333333333 -3.7842395945489566
0.45299999999999996 47.5025773880729
0.45316666666666666 -47.50257738807753
0.4533333333333333 3.784239594555299
0.45349999999999996 0.09460988023262253
0.45366666666666666 -0.03936115604790238
0.4538333333333333 -0.005226860239792479
0.45399999999999996 -0.00013067687996146451
0.45416666666666666 5.436634150680908e-05
0.4543333333333333 7.219432815236057e-06
0.45449999999999996 1.8048648513235843e-07
0.45466666666666666 -7.507446812653196e-08
0.4548333333333333 -9.255291845422509e-09
0.45499999999999996 5.1413951221435106e-09
0.45516666666666666 -1.2854463587314013e-08
0.4553333333333333 -5.183182984376533e-07
0.45549999999999996 -3.9033278562486395e-06
0.45566666666666666 9.382178139862724e-06
0.4558333333333333 0.00037527168116166694
0.45599999999999996 0.0028260038564635864
0.45616666666666666 -0.00679268378483565
0.4563333333333333 -0.2716961787515128
0.45649999999999996 -2.046022889009143
0.45666666666666667 40.91789367797325
0.4568333333333333 -39.29234185501252
0.45699999999999996 1.3177456394655371
0.45716666666666667 -0.5482301808053877
0.4573333333333333 -0.07280077168325141
0.45749999999999996 -0.0018200941342462213
0.45766666666666667 0.0007572254507996236
0.4578333333333333 0.0001005537442861585
0.45799999999999996 2.5139465704461517e-06
0.45816666666666667 -1.045893352393662e-06
0.4583333333333333 -1.3888621698023018e-07
0.45849999999999996 -3.470612469289036e-09
0.45866666666666667 1.440254165929744e-09
0.4588333333333333 -4.87890977618477e-13
0.45899999999999996 -1.4397662749521256e-09
0.45916666666666667 3.470612469289036e-09
0.4593333333333333 1.38886460925719e-07
0.45949999999999996 1.0458928645026844e-06
0.45966666666666667 -2.513946326500663e-06
0.4598333333333333 -0.00010055374355432203
0.45999999999999996 -0.000757225452507242
0.46016666666666667 0.0018200941352220033
0.4603333333333333 0.0728007716837393
0.46049999999999996 0.5482301808053877
0.46066666666666667 -1.3177456394923712
0.4608333333333333 39.29234185506643
0.46099999999999997 -40.91789367800228
0.46116666666666667 2.046022889009875
0.4613333333333333 0.27169617875273255
0.46149999999999997 0.006792683784347759
0.46166666666666667 -0.002826003856707532
0.4618333333333333 -0.00037527168091772145
0.46199999999999997 -9.382178139862724e-06
0.46216666666666667 3.9033278562486395e-06
0.4623333333333333 5.183322033305154e-07
0.46249999999999997 1.2958384365546749e-08
0.46266666666666667 -5.3909513571953616e-09
0.4628333333333333 -7.120768818341672e-10
0.46299999999999997 9.269928574751063e-12
0.46316666666666667 -5.903480829183572e-11
0.4633333333333333 -2.670471265994734e-09
0.46349999999999997 -2.012135575345242e-08
0.46366666666666667 4.836341288387558e-08
0.4638333333333333 1.9344416205598763e-06
0.46399999999999997 1.4567416852873452e-05
0.46416666666666667 -3.501476428138632e-05
0.4643333333333333 -0.0014005329798726183
0.46449999999999997 -0.01054678997676234
0.4646666666666667 0.025350641005096382
0.4648333333333333 1.0139839433254834
0.46499999999999997 8.969194708567008
0.4651666666666667 14.979504260858935
0.4653333333333333 -24.789641101551318
0.46549999999999997 -0.35308887992514976
0.4656666666666667 0.14689783421313954
0.4658333333333333 0.019506907981248864
0.46599999999999997 0.00048769275288107136
0.4661666666666667 -0.00020289794771068993
0.4663333333333333 -2.694329403140315e-05
0.46649999999999997 -6.736105813767712e-07
0.4666666666666667 2.8024628516247485e-07
0.4668333333333333 3.721510404529338e-08
0.46699999999999997 9.296762578520079e-10
0.4671666666666667 -3.8689754525145226e-10
0.4673333333333333 -5.1228552649940085e-11
0.46749999999999997 -2.1955093992831465e-12
0.4676666666666667 2.1955093992831465e-12
0.4678333333333333 5.147249813874932e-11
0.46799999999999997 3.86653599762643e-10
0.4681666666666667 -9.299202033408172e-10
0.4683333333333333 -3.721437220882695e-08
0.46849999999999997 -2.802470169989413e-07
0.4686666666666667 6.736103374312824e-07
0.4688333333333333 2.6943294763239617e-05
0.469 0.00020289794771068993
0.4691666666666667 -0.00048769275336896234
0.4693333333333333 -0.019506907980273082
0.4695 -0.14689783421435926
0.4696666666666667 0.353088879928565
0.4698333333333333 24.789641101545225
0.47 -14.979504260855764
0.4701666666666667 -8.969194708567008
0.4703333333333333 -1.0139839433254834
0.4705 -0.025350641005096382
0.4706666666666667 0.01054678997627445
0.4708333333333333 0.0014005329808484002
0.471 3.501476403744083e-05
0.4711666666666667 -1.4567417584709919e-05
0.4713333333333333 -1.93444088872341e-06
0.4715 -4.836341288387558e-08
0.4716666666666667 2.0120379971497182e-08
0.4718333333333333 2.6719349389275893e-09
0.472 6.757290040015906e-11
0.4721666666666666 -2.8053731213062427e-11
0.4723333333333333 -4.391018798566293e-12
0.4725 9.75781955236954e-13
0.4726666666666666 -7.318364664277155e-13
0.4728333333333333 3.6591823321385775e-12
0.473 2.8541622190680904e-11
0.4731666666666666 -6.708500942254059e-11
0.47333333333333333 -2.6724228299052077e-09
0.4735 -2.0120136026008373e-08
0.4736666666666666 4.836268104740915e-08
0.47383333333333333 1.9344413766143875e-06
0.474 1.4567418072600896e-05
0.4741666666666666 -3.5014765257168276e-05
0.47433333333333333 -0.0014005329801165638
0.4745 -0.010546789975542613
0.4746666666666666 0.025350641003876653
0.47483333333333333 1.0139839433262152
0.475 8.96919470856774
0.4751666666666666 14.97950426085381
0.47533333333333333 -24.789641101543758
0.4755 -0.3530888799290529
0.4756666666666666 0.14689783421387137
0.47583333333333333 0.019506907980760973
0.476 0.00048769275361290783
0.4761666666666666 -0.00020289794795463542
0.47633333333333333 -2.6943295007185106e-05
0.4765 -6.736098495403048e-07
0.4766666666666666 2.8024652910796366e-07
0.47683333333333333 3.721461615431576e-08
0.477 9.299202033408172e-10
0.47716666666666663 -3.86653599762643e-10
0.47733333333333333 -5.171644362755856e-11
0.4775 -7.318364664277155e-13
0.47766666666666663 0.0
0.47783333333333333 2.439454888092385e-13
0.478 0.0
0.47816666666666663 0.0
0.47833333333333333 -2.439454888092385e-13
0.4785 2.439454888092385e-13
0.47866666666666663 2.439454888092385e-13
0.47883333333333333 5.171644362755856e-11
0.479 3.8738543622907073e-10
0.47916666666666663 -9.306520398072449e-10
0.47933333333333333 -3.721461615431576e-08
0.4795 -2.8024579727149723e-07
0.47966666666666663 6.736091177038384e-07
0.47983333333333333 2.6943295251130595e-05
0.48 0.0002028979481985809
0.48016666666666663 -0.0004876927541007988
0.48033333333333333 -0.019506907980760973
0.4805 -0.1468978342128956
0.48066666666666663 0.35308887992783317
0.48083333333333333 24.789641101522292
0.481 -14.979504260809898
0.48116666666666663 -8.969194708590184
0.48133333333333334 -1.0139839433254834
0.4815 -0.025350641003876653
0.48166666666666663 0.010546789974810776
0.48183333333333334 0.0014005329808484002
0.482 3.50147647692773e-05
0.48216666666666663 -1.4567417584709919e-05
0.48233333333333334 -1.934441864505365e-06
0.4825 -4.836219315643153e-08
0.48266666666666663 2.0120136026008373e-08
0.48283333333333334 2.67169099343878e-09
0.483 6.78168458889683e-11
0.48316666666666663 -2.8541622190680904e-11
0.48333333333333334 -4.1470733097570545e-12
0.4835 7.318364664277155e-13
0.48366666666666663 -2.439454888092385e-13
0.48383333333333334 -2.439454888092385e-13
0.484 4.87890977618477e-13
0.48416666666666663 -2.439454888092385e-13
0.48433333333333334 -2.439454888092385e-13
0.4845 4.87890977618477e-13
0.48466666666666663 -2.439454888092385e-13
0.48483333333333334 -2.439454888092385e-13
0.485 4.87890977618477e-13
0.48516666666666663 -2.439454888092385e-13
0.48533333333333334 3.6591823321385775e-12
0.4855 2.8053731213062427e-11
0.48566666666666664 -6.708500942254059e-11
0.48583333333333334 -2.6719349389275893e-09
0.486 -2.0120379971497182e-08
0.48616666666666664 4.836268104740915e-08
0.48633333333333334 1.9344413766143875e-06
0.4865 1.4567417584709919e-05
0.48666666666666664 -3.501476428138632e-05
0.48683333333333334 -0.0014005329806044547
0.487 -0.010546789975542613
0.48716666666666664 0.025350641003876653
0.48733333333333334 1.0139839433269469
0.4875 8.96919470856652
0.48766666666666664 14.97950426085381
0.48783333333333334 -24.789641101543268
0.488 -0.353088879928565
0.48816666666666664 0.14689783421313954
0.48833333333333334 0.019506907980760973
0.4885 0.0004876927541007988
0.48866666666666664 -0.0002028979481985809
0.48883333333333334 -2.6943295251130595e-05
0.489 -6.736093616493272e-07
0.48916666666666664 2.8024628516247485e-07
0.48933333333333334 3.721412826333814e-08
0.4895 9.311399307848633e-10
0.48966666666666664 -3.8762938171787997e-10
0.48983333333333334 -5.171644362755856e-11
0.49 -2.439454888092385e-13
0.49016666666666664 -2.439454888092385e-13
0.49033333333333334 0.0
0.4905 4.87890977618477e-13
0.49066666666666664 -2.439454888092385e-13
0.49083333333333334 -2.439454888092385e-13
0.491 4.87890977618477e-13
0.49116666666666664 -2.439454888092385e-13
0.49133333333333334 -2.439454888092385e-13
0.4915 4.87890977618477e-13
0.49166666666666664 -2.439454888092385e-13
0.49183333333333334 -2.439454888092385e-13
0.492 4.87890977618477e-13
0.49216666666666664 -2.439454888092385e-13
0.4923333333333333 -2.439454888092385e-13
0.4925 4.87890977618477e-13
0.49266666666666664 -2.439454888092385e-13
0.4928333333333333 -2.439454888092385e-13
0.493 4.87890977618477e-13
0.49316666666666664 -2.439454888092385e-13
0.4933333333333333 -1.2197274440461925e-12
0.4935 -6.830473686658678e-12
0.49366666666666664 1.7320129705455933e-11
0.4938333333333333 7.15980009655115e-10
0.494 5.3919271391505985e-09
0.49416666666666664 -1.2959360147501986e-08
0.4943333333333333 -5.183322033305154e-07
0.4945 -3.903327368357662e-06
0.49466666666666664 9.382177651971746e-06
0.4948333333333333 0.00037527168116166694
0.495 0.002826003857195423
0.49516666666666664 -0.006792683785323541
0.4953333333333333 -0.2716961787524886
0.4955 -2.0460228890057275
0.49566666666666664 40.91789367798203
0.4958333333333333 -39.29234185503741
0.496 1.3177456394801739
0.49616666666666664 -0.5482301808063634
0.4963333333333333 -0.07280077168349536
0.4965 -0.0018200941342462213
0.49666666666666665 0.0007572254512875146
0.4968333333333333 0.00010055374379826752
0.497 2.5139470583371293e-06
0.49716666666666665 -1.0458935963391508e-06
0.4973333333333333 -1.388867048712078e-07
0.4975 -3.4720761422218915e-09
0.49766666666666665 1.4444012392395011e-09
0.4978333333333333 1.919850996928707e-10
0.498 4.87890977618477e-12
0.49816666666666665 -2.1955093992831465e-12
0.4983333333333333 -4.87890977618477e-13
0.4985 2.439454888092385e-13
0.49866666666666665 0.0
0.4988333333333333 0.0
0.499 0.0
0.49916666666666665 0.0
0.4993333333333333 0.0
0.4995 0.0
