6000
0.0 0.0
0.0003333333333333333 -3.287754818896319e-14
0.0006666666666666666 2.5184201912745824e-12
0.001 2e-10
0.0013333333333333333 2.3385581487982663e-09
0.0016666666666666666 1.4867706121018635e-08
0.002 6.56e-08
0.002333333333333333 2.229420840229426e-07
0.0026666666666666666 6.213672418849325e-07
0.003 1.4820000000000002e-06
0.003333333333333333 3.115186157870019e-06
0.0036666666666666666 5.897757864332273e-06
0.004 1.0219499999999998e-05
0.004333333333333333 1.6408647349509124e-05
0.004666666666666666 2.464690015217068e-05
0.005 3.48975e-05
0.005333333333333333 4.686069173687762e-05
0.005666666666666666 5.9973928279078296e-05
0.006 7.34591e-05
0.006333333333333333 8.641300170853791e-05
0.006666666666666666 9.79255352172387e-05
0.007 0.0001072064
0.007333333333333333 0.00011369729423136539
0.007666666666666666 0.00011714947334250572
0.008 0.00011765570000000002
0.008333333333333333 0.00011562896705749247
0.008666666666666666 0.0001117352771462079
0.009 0.0001067916
0.009333333333333332 0.00010164645538214083
0.009666666666666667 9.706428896823026e-05
0.01 9.36293e-05
0.010333333333333333 9.168387047612964e-05
0.010666666666666666 9.130762265621791e-05
0.011 9.23373e-05
0.011333333333333332 9.44198771702718e-05
0.011666666666666665 9.708917066465512e-05
0.012 9.985e-05
0.012333333333333333 0.0001022580610519636
0.012666666666666666 0.00010398139302173689
0.013 0.0001048383
0.013333333333333332 0.00010480675998605697
0.013666666666666666 0.00010400790524808509
0.014 0.0001026688
0.014333333333333333 0.00010107344444882445
0.014666666666666666 9.951071672672874e-05
0.015 9.822740000000001e-05
0.015333333333333332 9.739430627025931e-05
0.015666666666666666 9.708858143183561e-05
0.016 9.72929e-05
0.01633333333333333 9.791006245400809e-05
0.016666666666666666 9.878831206428644e-05
0.016999999999999998 9.975319999999999e-05
0.017333333333333333 0.00010063756836499651
0.017666666666666667 0.00010130861866511054
0.018 0.00010168410000000003
0.018333333333333333 0.00010174000234666334
0.018666666666666665 0.00010150697951065406
0.019 0.00010105849999999999
0.019333333333333334 0.00010049389154242905
0.019666666666666666 9.991913964460593e-05
0.02 9.94285e-05
0.02033333333333333 9.909127367369292e-05
0.020666666666666667 9.894309956866485e-05
0.020999999999999998 9.898479999999999e-05
0.021333333333333333 9.918617238706711e-05
0.021666666666666667 9.949500643093907e-05
0.022 9.984790000000002e-05
0.022333333333333334 0.0001001823115018801
0.022666666666666665 0.0001004461907495624
0.023 0.0001006055
0.02333333333333333 0.00010064716595557947
0.023666666666666666 0.00010057901394241183
0.024 0.0001004254
0.024333333333333332 0.00010022181803439066
0.024666666666666667 0.00010000740717407335
0.024999999999999998 9.981829999999999e-05
0.025333333333333333 9.968190383414373e-05
0.025666666666666667 9.961401914961914e-05
0.026 9.96172e-05
0.026333333333333334 9.968220339223177e-05
0.026666666666666665 9.979089195608419e-05
0.027 9.99204e-05
0.02733333333333333 0.00010004700474621964
0.027666666666666666 0.0001001507100563198
0.028 0.00010021740000000001
0.028333333333333332 0.00010024078228045321
0.028666666666666667 0.00010022247682176689
0.028999999999999998 0.0001001705
0.029333333333333333 0.00010009742509221874
0.029666666666666664 0.00010001758870335674
0.03 9.99449e-05
0.030333333333333334 9.989025453399687e-05
0.030666666666666665 9.986016464454548e-05
0.031 9.985659999999999e-05
0.03133333333333333 9.987695596773781e-05
0.03166666666666666 9.99148383075448e-05
0.032 9.996209999999998e-05
0.03233333333333333 0.00010000984512437194
0.03266666666666666 0.00010005029137382719
0.033 0.00010007779999999999
0.03333333333333333 0.00010008952953793372
0.033666666666666664 0.00010008539802592071
0.033999999999999996 0.00010006810000000001
0.034333333333333334 0.00010004206802782993
0.034666666666666665 0.0001000125475743584
0.034999999999999996 9.998480000000001e-05
0.035333333333333335 9.996300128711895e-05
0.035666666666666666 9.995005481722922e-05
0.036 9.994700000000001e-05
0.036333333333333336 9.995306919974427e-05
0.03666666666666667 9.996612984053532e-05
0.037 9.99832e-05
0.03733333333333333 0.00010000112026962029
0.03766666666666667 0.00010001677423881104
0.038 0.000100028
0.03833333333333333 0.00010003346466289212
0.03866666666666667 0.00010003294692064984
0.039 0.00010002730000000002
0.03933333333333333 0.00010001815690725499
0.03966666666666666 0.00010000730306348797
0.04 9.999669999999999e-05
0.04033333333333333 9.998816473367475e-05
0.04066666666666666 9.998272788368626e-05
0.041 9.99809e-05
0.04133333333333333 9.99826152705621e-05
0.041666666666666664 9.998702251120779e-05
0.041999999999999996 9.999320000000002e-05
0.042333333333333334 9.999984095509643e-05
0.042666666666666665 0.00010000588045614751
0.043 0.0001000104
0.043333333333333335 0.00010001282216155732
0.043666666666666666 0.00010001298332726772
0.044 0.0001000113
0.04433333333333333 0.00010000803414797368
0.04466666666666667 0.00010000411046907451
0.045 0.0001000001
0.04533333333333333 9.999670963202907e-05
0.04566666666666667 9.999443703974689e-05
0.046 9.99936e-05
0.04633333333333333 9.999399911713515e-05
0.04666666666666666 9.99954284778553e-05
0.047 9.999760000000001e-05
0.04733333333333333 0.0001000001451961262
0.04766666666666666 0.0001000024031731758
0.048 0.00010000419999999999
0.04833333333333333 0.00010000527958108142
0.048666666666666664 0.00010000550481362244
0.048999999999999995 0.00010000500000000003
0.04933333333333333 0.00010000388486158006
0.049666666666666665 0.00010000244291524164
0.049999999999999996 0.00010000090000000001
0.050333333333333334 9.99995913083124e-05
0.050666666666666665 9.999864903790627e-05
0.051 9.99983e-05
0.051333333333333335 9.999833625366368e-05
0.051666666666666666 9.999883403040443e-05
0.052 9.99996e-05
0.05233333333333333 0.00010000050695455615
0.05266666666666667 0.00010000133009725835
0.053 0.0001000021
0.05333333333333333 0.00010000253532609883
0.05366666666666667 0.00010000268108372769
0.054 0.0001000025
0.05433333333333333 0.00010000213407425849
0.05466666666666666 0.00010000163324768872
0.055 0.00010000110000000001
0.05533333333333333 0.00010000057541949065
0.05566666666666666 0.00010000020401386126
0.056 0.0001
0.05633333333333333 0.0001000000020024476
0.056666666666666664 0.0001000000988134509
0.056999999999999995 0.00010000040000000002
0.05733333333333333 0.0001000007333193434
0.057666666666666665 0.00010000106742084872
0.057999999999999996 0.00010000130000000001
0.058333333333333334 0.00010000149074430199
0.058666666666666666 0.00010000159787326406
0.059 0.0001000016
0.05933333333333333 0.00010000139634211464
0.059666666666666666 0.00010000123067339216
0.06 0.000100001
0.06033333333333333 0.00010000087048204421
0.06066666666666667 0.00010000068937659851
0.061 0.0001000006
0.06133333333333333 0.00010000059942577042
0.06166666666666666 0.00010000066957934095
0.062 0.00010000070000000001
0.06233333333333333 0.00010000083328592707
0.06266666666666666 0.00010000101058909581
0.063 0.0001000011
0.06333333333333332 0.00010000121070425392
0.06366666666666666 0.00010000119986447777
0.064 0.0001000012
0.06433333333333333 0.00010000116941535812
0.06466666666666666 0.00010000109661363656
0.065 0.00010000100000000001
0.06533333333333333 0.00010000088928467676
0.06566666666666666 0.00010000090090422206
0.066 0.0001000008
0.06633333333333333 0.00010000079968702528
0.06666666666666667 0.0001000008693750138
0.067 0.0001000009
0.06733333333333333 0.00010000090193657754
0.06766666666666667 0.00010000100721374966
0.06799999999999999 0.00010000100000000002
0.06833333333333333 0.00010000099278639062
0.06866666666666667 0.00010000109805265388
0.06899999999999999 0.00010000110000000003
0.06933333333333333 0.0001000009893497447
0.06966666666666667 0.00010000100013903731
0.06999999999999999 0.00010000100000000002
0.07033333333333333 0.00010000099806733051
0.07066666666666667 0.00010000089278725542
0.071 0.0001000009
0.07133333333333333 0.00010000090000086456
0.07166666666666667 0.00010000090001469697
0.072 0.0001000009
0.07233333333333333 0.00010000101065053463
0.07266666666666667 0.00010000099986124205
0.073 0.00010000100000000001
0.07333333333333333 0.00010000100000002034
0.07366666666666666 0.00010000099999999974
0.074 0.00010000099999999998
0.07433333333333333 0.00010000100000000001
0.07466666666666666 0.00010000100000000001
0.075 0.000100001
0.07533333333333334 0.00010000100000000001
0.07566666666666666 0.00010000100000000001
0.076 0.000100001
0.07633333333333334 0.00010000100000000001
0.07666666666666666 0.00010000100000000002
0.077 0.000100001
0.07733333333333334 0.000100001
0.07766666666666666 0.00010000100000000002
0.078 0.000100001
0.07833333333333332 0.00010000100000000001
0.07866666666666666 0.00010000100000000002
0.079 0.000100001
0.07933333333333333 0.00010000100000000001
0.07966666666666666 0.000100001
0.08 0.000100001
0.08033333333333333 0.00010000100000000001
0.08066666666666666 0.000100001
0.081 0.000100001
0.08133333333333333 0.00010000100000000001
0.08166666666666667 0.000100001
0.082 0.000100001
0.08233333333333333 0.00010000100000000001
0.08266666666666667 0.000100001
0.08299999999999999 0.00010000100000000002
0.08333333333333333 0.00010000100000000001
0.08366666666666667 0.000100001
0.08399999999999999 0.00010000100000000002
0.08433333333333333 0.00010000100000000001
0.08466666666666667 0.000100001
0.08499999999999999 0.00010000100000000002
0.08533333333333333 0.00010000100000000001
0.08566666666666667 0.000100001
0.086 0.000100001
0.08633333333333333 0.00010000100000000002
0.08666666666666667 0.00010000100000000001
0.087 0.000100001
0.08733333333333333 0.00010000100000000002
0.08766666666666667 0.00010000100000000001
0.088 0.000100001
0.08833333333333333 0.00010000100000000002
0.08866666666666666 0.00010000100000000001
0.089 0.000100001
0.08933333333333333 0.00010000100000000001
0.08966666666666666 0.00010000100000000001
0.09 0.000100001
0.09033333333333333 0.00010000100000000001
0.09066666666666666 0.00010000100000000001
0.091 0.000100001
0.09133333333333334 0.00010000100000000001
0.09166666666666666 0.00010000100000000001
0.092 0.000100001
0.09233333333333334 0.000100001
0.09266666666666666 0.00010000100000000002
0.093 0.000100001
0.09333333333333332 0.00010000100000000001
0.09366666666666666 0.00010000100000000002
0.094 0.000100001
0.09433333333333332 0.00010000100000000001
0.09466666666666666 0.00010000100000000002
0.095 0.000100001
0.09533333333333333 0.00010000100000000001
0.09566666666666666 0.000100001
0.096 0.000100001
0.09633333333333333 0.00010000100000000001
0.09666666666666666 0.000100001
0.097 0.000100001
0.09733333333333333 0.00010000100000000001
0.09766666666666667 0.000100001
0.09799999999999999 0.000100001
0.09833333333333333 0.00010000100000000001
0.09866666666666667 0.000100001
0.09899999999999999 0.00010000100000000002
0.09933333333333333 0.00010000100000000001
0.09966666666666667 0.000100001
0.09999999999999999 0.00010000100000000002
0.10033333333333333 0.00010000100000000001
0.10066666666666667 0.000100001
0.10099999999999999 0.00010000100000000002
0.10133333333333333 0.00010000100000000001
0.10166666666666667 0.000100001
0.102 0.000100001
0.10233333333333333 0.00010000100000000002
0.10266666666666667 0.00010000100000000001
0.103 0.000100001
0.10333333333333333 0.00010000100000000002
0.10366666666666666 0.00010000100000000001
0.104 0.000100001
0.10433333333333333 0.00010000100000000002
0.10466666666666666 0.00010000100000000001
0.105 0.000100001
0.10533333333333333 0.00010000100000000001
0.10566666666666666 0.00010000100000000001
0.106 0.000100001
0.10633333333333334 0.00010000100000000001
0.10666666666666666 0.00010000100000000001
0.107 0.000100001
0.10733333333333334 0.00010000100000000001
0.10766666666666666 0.00010000100000000001
0.108 0.000100001
0.10833333333333332 0.00010000100000000001
0.10866666666666666 0.00010000100000000002
0.109 0.000100001
0.10933333333333332 0.00010000100000000001
0.10966666666666666 0.00010000100000000002
0.11 0.000100001
0.11033333333333332 0.00010000100000000001
0.11066666666666666 0.00010000100000000002
0.111 0.000100001
0.11133333333333333 0.00010000100000000001
0.11166666666666666 0.000100001
0.112 0.000100001
0.11233333333333333 0.00010000100000000001
0.11266666666666666 0.000100001
0.11299999999999999 0.000100001
0.11333333333333333 0.00010000100000000001
0.11366666666666667 0.000100001
0.11399999999999999 0.00010000100000000002
0.11433333333333333 0.00010000100000000001
0.11466666666666667 0.000100001
0.11499999999999999 0.00010000100000000002
0.11533333333333333 0.00010000100000000001
0.11566666666666667 0.000100001
0.11599999999999999 0.00010000100000000002
0.11633333333333333 0.00010000100000000001
0.11666666666666667 0.000100001
0.11699999999999999 0.00010000100000000002
0.11733333333333333 0.00010000100000000001
0.11766666666666667 0.00010000100000000001
0.118 0.000100001
0.11833333333333333 0.00010000100000000002
0.11866666666666666 0.00010000100000000001
0.119 0.000100001
0.11933333333333333 0.00010000100000000002
0.11966666666666666 0.00010000100000000001
0.12 0.000100001
0.12033333333333333 0.00010000100000000001
0.12066666666666666 0.00010000100000000001
0.121 0.000100001
0.12133333333333333 0.00010000100000000001
0.12166666666666666 0.00010000100000000001
0.122 0.000100001
0.12233333333333334 0.00010000100000000001
0.12266666666666666 0.00010000100000000001
0.123 0.000100001
0.12333333333333332 0.000100001
0.12366666666666666 0.00010000100000000002
0.124 0.000100001
0.12433333333333332 0.00010000100000000001
0.12466666666666666 0.00010000100000000002
0.125 0.000100001
0.12533333333333332 0.000100001
0.12566666666666665 0.000100001
0.126 0.000100001
0.12633333333333333 0.00010000099999999998
0.12666666666666665 0.000100001
0.127 0.000100001
0.12733333333333333 0.00010000099999999998
0.12766666666666665 0.000100001
0.128 0.000100001
0.12833333333333333 0.00010000099999999997
0.12866666666666665 0.000100001
0.129 0.000100001
0.12933333333333333 0.00010000099999999997
0.12966666666666665 0.000100001
0.13 0.000100001
0.13033333333333333 0.00010000099999999997
0.13066666666666665 0.000100001
0.131 0.000100001
0.13133333333333333 0.00010000099999999997
0.13166666666666665 0.000100001
0.132 0.000100001
0.13233333333333333 0.00010000099999999997
0.13266666666666665 0.000100001
0.133 0.000100001
0.13333333333333333 0.00010000099999999997
0.13366666666666666 0.000100001
0.134 0.000100001
0.13433333333333333 0.00010000099999999998
0.13466666666666666 0.00010000099999999998
0.135 0.00010000100000000001
0.13533333333333333 0.000100001
0.13566666666666666 0.00010000099999999998
0.13599999999999998 0.00010000100000000002
0.13633333333333333 0.000100001
0.13666666666666666 0.00010000099999999998
0.13699999999999998 0.00010000100000000002
0.13733333333333334 0.000100001
0.13766666666666666 0.00010000099999999998
0.13799999999999998 0.00010000100000000002
0.13833333333333334 0.000100001
0.13866666666666666 0.00010000099999999998
0.13899999999999998 0.00010000100000000002
0.13933333333333334 0.000100001
0.13966666666666666 0.00010000099999999998
0.13999999999999999 0.00010000100000000002
0.14033333333333334 0.000100001
0.14066666666666666 0.00010000099999999998
0.141 0.000100001
0.14133333333333334 0.000100001
0.14166666666666666 0.00010000099999999998
0.142 0.000100001
0.14233333333333334 0.000100001
0.14266666666666666 0.00010000099999999998
0.143 0.000100001
0.14333333333333334 0.000100001
0.14366666666666666 0.00010000099999999998
0.144 0.000100001
0.14433333333333334 0.000100001
0.14466666666666667 0.00010000099999999998
0.145 0.000100001
0.14533333333333334 0.000100001
0.14566666666666667 0.00010000099999999998
0.146 0.000100001
0.14633333333333332 0.000100001
0.14666666666666667 0.00010000099999999998
0.147 0.00010000099999999998
0.14733333333333332 0.000100001
0.14766666666666667 0.00010000100000000001
0.148 0.000100001
0.14833333333333332 0.000100001
0.14866666666666667 0.00010000100000000001
0.149 0.000100001
0.14933333333333332 0.000100001
0.14966666666666667 0.00010000100000000001
0.15 0.000100001
0.15033333333333332 0.000100001
0.15066666666666667 0.00010000100000000001
0.151 0.000100001
0.15133333333333332 0.000100001
0.15166666666666667 0.00010000100000000001
0.152 0.000100001
0.15233333333333332 0.000100001
0.15266666666666667 0.00010000100000000001
0.153 0.000100001
0.15333333333333332 0.000100001
0.15366666666666667 0.000100001
0.154 0.000100001
0.15433333333333332 0.00010000099999999998
0.15466666666666667 0.000100001
0.155 0.000100001
0.15533333333333332 0.00010000099999999998
0.15566666666666665 0.000100001
0.156 0.000100001
0.15633333333333332 0.00010000099999999998
0.15666666666666665 0.000100001
0.157 0.000100001
0.15733333333333333 0.00010000099999999998
0.15766666666666665 0.000100001
0.158 0.000100001
0.15833333333333333 0.00010000099999999998
0.15866666666666665 0.000100001
0.159 0.000100001
0.15933333333333333 0.00010000099999999997
0.15966666666666665 0.000100001
0.16 0.000100001
0.16033333333333333 0.00010000099999999997
0.16066666666666665 0.000100001
0.161 0.000100001
0.16133333333333333 0.00010000099999999997
0.16166666666666665 0.000100001
0.162 0.000100001
0.16233333333333333 0.00010000099999999997
0.16266666666666665 0.000100001
0.163 0.000100001
0.16333333333333333 0.00010000099999999997
0.16366666666666665 0.000100001
0.164 0.000100001
0.16433333333333333 0.00010000099999999997
0.16466666666666666 0.000100001
0.165 0.000100001
0.16533333333333333 0.00010000099999999998
0.16566666666666666 0.00010000099999999998
0.16599999999999998 0.00010000100000000002
0.16633333333333333 0.000100001
0.16666666666666666 0.00010000099999999998
0.16699999999999998 0.00010000100000000002
0.16733333333333333 0.000100001
0.16766666666666666 0.00010000099999999998
0.16799999999999998 0.00010000100000000002
0.16833333333333333 0.000100001
0.16866666666666666 0.00010000099999999998
0.16899999999999998 0.00010000100000000002
0.16933333333333334 0.000100001
0.16966666666666666 0.00010000099999999998
0.16999999999999998 0.00010000100000000002
0.17033333333333334 0.000100001
0.17066666666666666 0.00010000099999999998
0.17099999999999999 0.00010000100000000002
0.17133333333333334 0.000100001
0.17166666666666666 0.00010000099999999998
0.172 0.000100001
0.17233333333333334 0.000100001
0.17266666666666666 0.00010000099999999998
0.173 0.000100001
0.17333333333333334 0.000100001
0.17366666666666666 0.00010000099999999998
0.174 0.000100001
0.17433333333333334 0.000100001
0.17466666666666666 0.00010000099999999998
0.175 0.000100001
0.17533333333333334 0.000100001
0.17566666666666667 0.00010000099999999998
0.176 0.000100001
0.17633333333333331 0.000100001
0.17666666666666667 0.00010000099999999998
0.177 0.000100001
0.17733333333333332 0.000100001
0.17766666666666667 0.00010000099999999998
0.178 0.00010000099999999998
0.17833333333333332 0.000100001
0.17866666666666667 0.00010000100000000001
0.179 0.000100001
0.17933333333333332 0.000100001
0.17966666666666667 0.00010000100000000001
0.18 0.000100001
0.18033333333333332 0.000100001
0.18066666666666667 0.00010000100000000001
0.181 0.000100001
0.18133333333333332 0.000100001
0.18166666666666667 0.00010000100000000001
0.182 0.000100001
0.18233333333333332 0.000100001
0.18266666666666667 0.00010000100000000001
0.183 0.000100001
0.18333333333333332 0.000100001
0.18366666666666667 0.00010000100000000001
0.184 0.000100001
0.18433333333333332 0.000100001
0.18466666666666667 0.000100001
0.185 0.000100001
0.18533333333333332 0.00010000099999999998
0.18566666666666667 0.000100001
0.186 0.000100001
0.18633333333333332 0.00010000099999999998
0.18666666666666665 0.000100001
0.187 0.000100001
0.18733333333333332 0.00010000099999999998
0.18766666666666665 0.000100001
0.188 0.000100001
0.18833333333333332 0.00010000099999999998
0.18866666666666665 0.000100001
0.189 0.000100001
0.18933333333333333 0.00010000099999999998
0.18966666666666665 0.000100001
0.19 0.000100001
0.19033333333333333 0.00010000099999999998
0.19066666666666665 0.000100001
0.191 0.000100001
0.19133333333333333 0.00010000099999999997
0.19166666666666665 0.000100001
0.192 0.000100001
0.19233333333333333 0.00010000099999999997
0.19266666666666665 0.000100001
0.193 0.000100001
0.19333333333333333 0.00010000099999999997
0.19366666666666665 0.000100001
0.194 0.000100001
0.19433333333333333 0.00010000099999999997
0.19466666666666665 0.000100001
0.195 0.000100001
0.19533333333333333 0.00010000099999999997
0.19566666666666666 0.000100001
0.19599999999999998 0.00010000100000000001
0.19633333333333333 0.00010000099999999997
0.19666666666666666 0.000100001
0.19699999999999998 0.00010000100000000002
0.19733333333333333 0.000100001
0.19766666666666666 0.00010000099999999998
0.19799999999999998 0.00010000100000000002
0.19833333333333333 0.000100001
0.19866666666666666 0.00010000099999999998
0.19899999999999998 0.00010000100000000002
0.19933333333333333 0.000100001
0.19966666666666666 0.00010000099999999998
0.19999999999999998 0.00010000100000000002
0.20033333333333334 0.000100001
0.20066666666666666 0.00010000099999999998
0.20099999999999998 0.00010000100000000002
0.20133333333333334 0.000100001
0.20166666666666666 0.00010000099999999998
0.20199999999999999 0.00010000100000000002
0.20233333333333334 0.000100001
0.20266666666666666 0.00010000099999999998
0.20299999999999999 0.00010000100000000002
0.20333333333333334 0.00010000100000000001
0.20366666666666666 0.00010000099999999998
0.204 0.000100001
0.20433333333333334 0.000100001
0.20466666666666666 0.00010000099999999998
0.205 0.000100001
0.20533333333333334 0.000100001
0.20566666666666666 0.00010000099999999998
0.206 0.000100001
0.2063333333333333 0.000100001
0.20666666666666667 0.00010000099999999998
0.207 0.000100001
0.20733333333333331 0.000100001
0.20766666666666667 0.00010000099999999998
0.208 0.000100001
0.20833333333333331 0.000100001
0.20866666666666667 0.00010000099999999998
0.209 0.000100001
0.20933333333333332 0.000100001
0.20966666666666667 0.00010000100000000001
0.21 0.000100001
0.21033333333333332 0.000100001
0.21066666666666667 0.00010000100000000001
0.211 0.000100001
0.21133333333333332 0.000100001
0.21166666666666667 0.00010000100000000001
0.212 0.000100001
0.21233333333333332 0.000100001
0.21266666666666667 0.00010000100000000001
0.213 0.000100001
0.21333333333333332 0.000100001
0.21366666666666667 0.00010000100000000001
0.214 0.000100001
0.21433333333333332 0.000100001
0.21466666666666667 0.00010000100000000001
0.215 0.000100001
0.21533333333333332 0.000100001
0.21566666666666667 0.000100001
0.216 0.000100001
0.21633333333333332 0.00010000099999999998
0.21666666666666665 0.000100001
0.217 0.000100001
0.21733333333333332 0.00010000099999999998
0.21766666666666665 0.000100001
0.218 0.000100001
0.21833333333333332 0.00010000099999999998
0.21866666666666665 0.000100001
0.219 0.000100001
0.21933333333333332 0.00010000099999999998
0.21966666666666665 0.000100001
0.22 0.000100001
0.22033333333333333 0.00010000099999999998
0.22066666666666665 0.000100001
0.221 0.000100001
0.22133333333333333 0.00010000099999999998
0.22166666666666665 0.000100001
0.222 0.000100001
0.22233333333333333 0.00010000099999999997
0.22266666666666665 0.000100001
0.223 0.000100001
0.22333333333333333 0.00010000099999999997
0.22366666666666665 0.000100001
0.224 0.000100001
0.22433333333333333 0.00010000099999999997
0.22466666666666665 0.000100001
0.225 0.000100001
0.22533333333333333 0.00010000099999999997
0.22566666666666665 0.000100001
0.22599999999999998 0.00010000100000000001
0.22633333333333333 0.00010000099999999997
0.22666666666666666 0.000100001
0.22699999999999998 0.00010000100000000001
0.22733333333333333 0.00010000099999999997
0.22766666666666666 0.000100001
0.22799999999999998 0.00010000100000000002
0.22833333333333333 0.000100001
0.22866666666666666 0.00010000099999999998
0.22899999999999998 0.00010000100000000002
0.22933333333333333 0.000100001
0.22966666666666666 0.00010000099999999998
0.22999999999999998 0.00010000100000000002
0.23033333333333333 0.000100001
0.23066666666666666 0.00010000099999999998
0.23099999999999998 0.00010000100000000002
0.23133333333333334 0.000100001
0.23166666666666666 0.00010000099999999998
0.23199999999999998 0.00010000100000000002
0.23233333333333334 0.000100001
0.23266666666666666 0.00010000099999999998
0.23299999999999998 0.00010000100000000002
0.23333333333333334 0.000100001
0.23366666666666666 0.00010000099999999998
0.23399999999999999 0.00010000100000000002
0.23433333333333334 0.00010000100000000001
0.23466666666666666 0.00010000099999999998
0.235 0.000100001
0.23533333333333334 0.000100001
0.23566666666666666 0.00010000099999999998
0.236 0.000100001
0.2363333333333333 0.000100001
0.23666666666666666 0.00010000099999999998
0.237 0.000100001
0.2373333333333333 0.000100001
0.23766666666666666 0.00010000099999999998
0.238 0.000100001
0.2383333333333333 0.000100001
0.23866666666666667 0.00010000099999999998
0.239 0.000100001
0.23933333333333331 0.000100001
0.23966666666666667 0.00010000099999999998
0.24 0.000100001
0.24033333333333332 0.000100001
0.24066666666666667 0.00010000100000000001
0.241 0.000100001
0.24133333333333332 0.000100001
0.24166666666666667 0.00010000100000000001
0.242 0.000100001
0.24233333333333332 0.000100001
0.24266666666666667 0.00010000100000000001
0.243 0.000100001
0.24333333333333332 0.000100001
0.24366666666666667 0.00010000100000000001
0.244 0.000100001
0.24433333333333332 0.000100001
0.24466666666666667 0.00010000100000000001
0.245 0.000100001
0.24533333333333332 0.000100001
0.24566666666666667 0.00010000100000000001
0.246 0.000100001
0.24633333333333332 0.000100001
0.24666666666666665 0.000100001
0.247 0.000100001
0.24733333333333332 0.00010000099999999998
0.24766666666666665 0.000100001
0.248 0.000100001
0.24833333333333332 0.00010000099999999998
0.24866666666666665 0.000100001
0.249 0.000100001
0.24933333333333332 0.00010000099999999998
0.24966666666666665 0.000100001
0.25 0.000100001
0.25033333333333335 0.000100001
0.25066666666666665 0.000100001
0.251 0.00010000100000000001
0.2513333333333333 0.000100001
0.25166666666666665 0.000100001
0.252 0.00010000100000000001
0.2523333333333333 0.000100001
0.25266666666666665 0.000100001
0.253 0.00010000100000000001
0.2533333333333333 0.000100001
0.25366666666666665 0.000100001
0.254 0.00010000100000000001
0.2543333333333333 0.000100001
0.25466666666666665 0.000100001
0.255 0.00010000100000000001
0.2553333333333333 0.000100001
0.25566666666666665 0.000100001
0.256 0.00010000100000000001
0.2563333333333333 0.000100001
0.25666666666666665 0.00010000100000000001
0.257 0.000100001
0.2573333333333333 0.000100001
0.25766666666666665 0.00010000100000000001
0.258 0.000100001
0.2583333333333333 0.000100001
0.25866666666666666 0.00010000100000000001
0.259 0.000100001
0.2593333333333333 0.000100001
0.25966666666666666 0.00010000100000000001
0.26 0.000100001
0.2603333333333333 0.000100001
0.26066666666666666 0.00010000100000000001
0.261 0.000100001
0.2613333333333333 0.000100001
0.26166666666666666 0.00010000100000000001
0.262 0.000100001
0.2623333333333333 0.000100001
0.26266666666666666 0.00010000100000000001
0.263 0.000100001
0.2633333333333333 0.000100001
0.26366666666666666 0.00010000100000000001
0.264 0.000100001
0.2643333333333333 0.000100001
0.26466666666666666 0.00010000100000000001
0.265 0.000100001
0.2653333333333333 0.000100001
0.26566666666666666 0.00010000100000000001
0.266 0.000100001
0.2663333333333333 0.000100001
0.26666666666666666 0.00010000100000000001
0.267 0.000100001
0.2673333333333333 0.000100001
0.26766666666666666 0.00010000100000000001
0.268 0.000100001
0.2683333333333333 0.000100001
0.26866666666666666 0.00010000100000000001
0.269 0.00010000099999999997
0.2693333333333333 0.00010000100000000001
0.26966666666666667 0.00010000100000000001
0.27 0.00010000099999999997
0.2703333333333333 0.00010000100000000001
0.27066666666666667 0.00010000100000000001
0.271 0.00010000099999999997
0.2713333333333333 0.00010000100000000001
0.27166666666666667 0.00010000100000000001
0.27199999999999996 0.00010000099999999997
0.2723333333333333 0.00010000100000000001
0.27266666666666667 0.00010000100000000001
0.27299999999999996 0.00010000099999999997
0.2733333333333333 0.00010000100000000001
0.27366666666666667 0.00010000100000000001
0.27399999999999997 0.00010000099999999997
0.2743333333333333 0.00010000100000000001
0.27466666666666667 0.00010000100000000001
0.27499999999999997 0.00010000099999999997
0.2753333333333333 0.00010000100000000001
0.27566666666666667 0.00010000100000000001
0.27599999999999997 0.00010000099999999997
0.2763333333333333 0.00010000100000000001
0.27666666666666667 0.00010000100000000001
0.27699999999999997 0.00010000099999999997
0.2773333333333333 0.00010000100000000001
0.2776666666666667 0.00010000100000000001
0.27799999999999997 0.00010000099999999997
0.2783333333333333 0.00010000100000000001
0.2786666666666667 0.00010000100000000001
0.27899999999999997 0.00010000099999999997
0.2793333333333333 0.00010000100000000001
0.2796666666666667 0.00010000100000000001
0.27999999999999997 0.00010000099999999997
0.2803333333333333 0.00010000100000000001
0.2806666666666667 0.00010000100000000001
0.28099999999999997 0.00010000099999999997
0.2813333333333333 0.00010000099999999998
0.2816666666666667 0.000100001
0.282 0.00010000100000000001
0.2823333333333333 0.000100001
0.2826666666666667 0.000100001
0.283 0.00010000100000000001
0.2833333333333333 0.000100001
0.2836666666666667 0.000100001
0.284 0.00010000100000000001
0.2843333333333333 0.000100001
0.2846666666666667 0.000100001
0.285 0.00010000100000000001
0.2853333333333333 0.000100001
0.2856666666666667 0.000100001
0.286 0.00010000100000000001
0.28633333333333333 0.000100001
0.2866666666666667 0.000100001
0.287 0.00010000100000000001
0.28733333333333333 0.000100001
0.2876666666666667 0.000100001
0.288 0.00010000100000000001
0.28833333333333333 0.000100001
0.2886666666666667 0.000100001
0.289 0.00010000100000000001
0.28933333333333333 0.000100001
0.2896666666666667 0.000100001
0.29 0.00010000100000000001
0.29033333333333333 0.000100001
0.2906666666666667 0.000100001
0.291 0.00010000100000000001
0.29133333333333333 0.000100001
0.29166666666666663 0.00010000099999999998
0.292 0.00010000100000000001
0.29233333333333333 0.000100001
0.29266666666666663 0.00010000099999999998
0.293 0.00010000100000000001
0.29333333333333333 0.000100001
0.29366666666666663 0.00010000099999999998
0.294 0.00010000099999999998
0.29433333333333334 0.000100001
0.29466666666666663 0.000100001
0.295 0.000100001
0.29533333333333334 0.000100001
0.29566666666666663 0.000100001
0.296 0.000100001
0.29633333333333334 0.000100001
0.29666666666666663 0.000100001
0.297 0.000100001
0.29733333333333334 0.000100001
0.29766666666666663 0.000100001
0.298 0.000100001
0.29833333333333334 0.000100001
0.29866666666666664 0.000100001
0.299 0.000100001
0.29933333333333334 0.000100001
0.29966666666666664 0.000100001
0.3 0.000100001
0.30033333333333334 0.000100001
0.30066666666666664 0.000100001
0.301 0.000100001
0.30133333333333334 0.000100001
0.30166666666666664 0.000100001
0.302 0.000100001
0.30233333333333334 0.000100001
0.30266666666666664 0.000100001
0.303 0.000100001
0.30333333333333334 0.000100001
0.30366666666666664 0.000100001
0.304 0.000100001
0.30433333333333334 0.000100001
0.30466666666666664 0.000100001
0.305 0.000100001
0.30533333333333335 0.000100001
0.30566666666666664 0.000100001
0.306 0.000100001
0.30633333333333335 0.000100001
0.30666666666666664 0.000100001
0.307 0.00010000100000000001
0.30733333333333335 0.000100001
0.30766666666666664 0.000100001
0.308 0.00010000100000000001
0.30833333333333335 0.000100001
0.30866666666666664 0.000100001
0.309 0.00010000100000000001
0.30933333333333335 0.000100001
0.30966666666666665 0.000100001
0.31 0.00010000100000000001
0.31033333333333335 0.000100001
0.31066666666666665 0.000100001
0.311 0.00010000100000000001
0.3113333333333333 0.000100001
0.31166666666666665 0.000100001
0.312 0.00010000100000000001
0.3123333333333333 0.000100001
0.31266666666666665 0.000100001
0.313 0.00010000100000000001
0.3133333333333333 0.000100001
0.31366666666666665 0.000100001
0.314 0.00010000100000000001
0.3143333333333333 0.000100001
0.31466666666666665 0.000100001
0.315 0.00010000100000000001
0.3153333333333333 0.000100001
0.31566666666666665 0.000100001
0.316 0.00010000100000000001
0.3163333333333333 0.000100001
0.31666666666666665 0.000100001
0.317 0.00010000100000000001
0.3173333333333333 0.000100001
0.31766666666666665 0.000100001
0.318 0.00010000100000000001
0.3183333333333333 0.000100001
0.31866666666666665 0.000100001
0.319 0.000100001
0.3193333333333333 0.000100001
0.31966666666666665 0.00010000100000000001
0.32 0.000100001
0.3203333333333333 0.000100001
0.32066666666666666 0.00010000100000000001
0.321 0.000100001
0.3213333333333333 0.000100001
0.32166666666666666 0.00010000100000000001
0.322 0.000100001
0.3223333333333333 0.000100001
0.32266666666666666 0.00010000100000000001
0.323 0.000100001
0.3233333333333333 0.000100001
0.32366666666666666 0.00010000100000000001
0.324 0.000100001
0.3243333333333333 0.000100001
0.32466666666666666 0.00010000100000000001
0.325 0.000100001
0.3253333333333333 0.000100001
0.32566666666666666 0.00010000100000000001
0.326 0.000100001
0.3263333333333333 0.000100001
0.32666666666666666 0.00010000100000000001
0.327 0.000100001
0.3273333333333333 0.000100001
0.32766666666666666 0.00010000100000000001
0.328 0.000100001
0.3283333333333333 0.000100001
0.32866666666666666 0.00010000100000000001
0.329 0.000100001
0.3293333333333333 0.000100001
0.32966666666666666 0.00010000100000000001
0.33 0.000100001
0.3303333333333333 0.000100001
0.33066666666666666 0.00010000100000000001
0.331 0.000100001
0.3313333333333333 0.000100001
0.33166666666666667 0.00010000100000000001
0.33199999999999996 0.00010000099999999997
0.3323333333333333 0.00010000100000000001
0.33266666666666667 0.00010000100000000001
0.33299999999999996 0.00010000099999999997
0.3333333333333333 0.00010000100000000001
0.33366666666666667 0.00010000100000000001
0.33399999999999996 0.00010000099999999997
0.3343333333333333 0.00010000100000000001
0.33466666666666667 0.00010000100000000001
0.33499999999999996 0.00010000099999999997
0.3353333333333333 0.00010000100000000001
0.33566666666666667 0.00010000100000000001
0.33599999999999997 0.00010000099999999997
0.3363333333333333 0.00010000100000000001
0.33666666666666667 0.00010000100000000001
0.33699999999999997 0.00010000099999999997
0.3373333333333333 0.00010000100000000001
0.33766666666666667 0.00010000100000000001
0.33799999999999997 0.00010000099999999997
0.3383333333333333 0.00010000100000000001
0.33866666666666667 0.00010000100000000001
0.33899999999999997 0.00010000099999999997
0.3393333333333333 0.00010000100000000001
0.3396666666666667 0.00010000100000000001
0.33999999999999997 0.00010000099999999997
0.3403333333333333 0.00010000100000000001
0.3406666666666667 0.00010000100000000001
0.34099999999999997 0.00010000099999999997
0.3413333333333333 0.00010000100000000001
0.3416666666666667 0.00010000100000000001
0.34199999999999997 0.00010000099999999997
0.3423333333333333 0.00010000100000000001
0.3426666666666667 0.00010000100000000001
0.34299999999999997 0.00010000099999999997
0.3433333333333333 0.00010000100000000001
0.3436666666666667 0.00010000100000000001
0.344 0.000100001
0.3443333333333333 0.000100001
0.3446666666666667 0.000100001
0.345 0.00010000100000000001
0.3453333333333333 0.000100001
0.3456666666666667 0.000100001
0.346 0.00010000100000000001
0.3463333333333333 0.000100001
0.3466666666666667 0.000100001
0.347 0.00010000100000000001
0.3473333333333333 0.000100001
0.3476666666666667 0.000100001
0.348 0.00010000100000000001
0.34833333333333333 0.000100001
0.3486666666666667 0.000100001
0.349 0.00010000100000000001
0.34933333333333333 0.000100001
0.3496666666666667 0.000100001
0.35 0.00010000100000000001
0.35033333333333333 0.000100001
0.3506666666666667 0.000100001
0.351 0.00010000100000000001
0.35133333333333333 0.000100001
0.3516666666666666 0.00010000099999999998
0.352 0.00010000100000000001
0.35233333333333333 0.000100001
0.35266666666666663 0.00010000099999999998
0.353 0.00010000100000000001
0.35333333333333333 0.000100001
0.35366666666666663 0.00010000099999999998
0.354 0.00010000100000000001
0.35433333333333333 0.000100001
0.35466666666666663 0.00010000099999999998
0.355 0.00010000100000000001
0.35533333333333333 0.000100001
0.35566666666666663 0.00010000099999999998
0.356 0.00010000100000000001
0.35633333333333334 0.000100001
0.35666666666666663 0.000100001
0.357 0.000100001
0.35733333333333334 0.000100001
0.35766666666666663 0.000100001
0.358 0.000100001
0.35833333333333334 0.000100001
0.35866666666666663 0.000100001
0.359 0.000100001
0.35933333333333334 0.000100001
0.35966666666666663 0.000100001
0.36 0.000100001
0.36033333333333334 0.000100001
0.36066666666666664 0.000100001
0.361 0.000100001
0.36133333333333334 0.000100001
0.36166666666666664 0.000100001
0.362 0.000100001
0.36233333333333334 0.000100001
0.36266666666666664 0.000100001
0.363 0.000100001
0.36333333333333334 0.000100001
0.36366666666666664 0.000100001
0.364 0.000100001
0.36433333333333334 0.000100001
0.36466666666666664 0.000100001
0.365 0.000100001
0.36533333333333334 0.000100001
0.36566666666666664 0.000100001
0.366 0.000100001
0.36633333333333334 0.000100001
0.36666666666666664 0.000100001
0.367 0.000100001
0.36733333333333335 0.000100001
0.36766666666666664 0.000100001
0.368 0.000100001
0.36833333333333335 0.000100001
0.36866666666666664 0.000100001
0.369 0.00010000100000000001
0.36933333333333335 0.000100001
0.36966666666666664 0.000100001
0.37 0.00010000100000000001
0.37033333333333335 0.000100001
0.37066666666666664 0.000100001
0.371 0.00010000100000000001
0.37133333333333335 0.000100001
0.37166666666666665 0.000100001
0.372 0.00010000100000000001
0.3723333333333333 0.000100001
0.37266666666666665 0.000100001
0.373 0.00010000100000000001
0.3733333333333333 0.000100001
0.37366666666666665 0.000100001
0.374 0.00010000100000000001
0.3743333333333333 0.000100001
0.37466666666666665 0.000100001
0.375 0.00010000100000000001
0.3753333333333333 0.000100001
0.37566666666666665 0.000100001
0.376 0.00010000100000000001
0.3763333333333333 0.000100001
0.37666666666666665 0.000100001
0.377 0.00010000100000000001
0.3773333333333333 0.000100001
0.37766666666666665 0.000100001
0.378 0.00010000100000000001
0.3783333333333333 0.000100001
0.37866666666666665 0.000100001
0.379 0.00010000100000000001
0.3793333333333333 0.000100001
0.37966666666666665 0.000100001
0.38 0.00010000100000000001
0.3803333333333333 0.000100001
0.38066666666666665 0.000100001
0.381 0.00010000100000000001
0.3813333333333333 0.000100001
0.38166666666666665 0.00010000100000000001
0.382 0.000100001
0.3823333333333333 0.000100001
0.38266666666666665 0.00010000100000000001
0.383 0.000100001
0.3833333333333333 0.000100001
0.38366666666666666 0.00010000100000000001
0.384 0.000100001
0.3843333333333333 0.000100001
0.38466666666666666 0.00010000100000000001
0.385 0.000100001
0.3853333333333333 0.000100001
0.38566666666666666 0.00010000100000000001
0.386 0.000100001
0.3863333333333333 0.000100001
0.38666666666666666 0.00010000100000000001
0.387 0.000100001
0.3873333333333333 0.000100001
0.38766666666666666 0.00010000100000000001
0.388 0.000100001
0.3883333333333333 0.000100001
0.38866666666666666 0.00010000100000000001
0.389 0.000100001
0.3893333333333333 0.000100001
0.38966666666666666 0.00010000100000000001
0.39 0.000100001
0.3903333333333333 0.000100001
0.39066666666666666 0.00010000100000000001
0.391 0.000100001
0.3913333333333333 0.000100001
0.39166666666666666 0.00010000100000000001
0.39199999999999996 0.000100001
0.3923333333333333 0.000100001
0.39266666666666666 0.00010000100000000001
0.39299999999999996 0.000100001
0.3933333333333333 0.000100001
0.39366666666666666 0.00010000100000000001
0.39399999999999996 0.00010000099999999997
0.3943333333333333 0.00010000100000000001
0.39466666666666667 0.00010000100000000001
0.39499999999999996 0.00010000099999999997
0.3953333333333333 0.00010000100000000001
0.39566666666666667 0.00010000100000000001
0.39599999999999996 0.00010000099999999997
0.3963333333333333 0.00010000100000000001
0.39666666666666667 0.00010000100000000001
0.39699999999999996 0.00010000099999999997
0.3973333333333333 0.00010000100000000001
0.39766666666666667 0.00010000100000000001
0.39799999999999996 0.00010000099999999997
0.3983333333333333 0.00010000100000000001
0.39866666666666667 0.00010000100000000001
0.39899999999999997 0.00010000099999999997
0.3993333333333333 0.00010000100000000001
0.39966666666666667 0.00010000100000000001
0.39999999999999997 0.00010000099999999997
0.4003333333333333 0.00010000100000000001
0.40066666666666667 0.00010000100000000001
0.40099999999999997 0.00010000099999999997
0.4013333333333333 0.00010000100000000001
0.40166666666666667 0.00010000100000000001
0.40199999999999997 0.00010000099999999997
0.4023333333333333 0.00010000100000000001
0.4026666666666667 0.00010000100000000001
0.40299999999999997 0.00010000099999999997
0.4033333333333333 0.00010000100000000001
0.4036666666666667 0.00010000100000000001
0.40399999999999997 0.00010000099999999997
0.4043333333333333 0.00010000100000000001
0.4046666666666667 0.00010000100000000001
0.40499999999999997 0.00010000099999999997
0.4053333333333333 0.00010000100000000001
0.4056666666666667 0.00010000100000000001
0.40599999999999997 0.00010000099999999997
0.4063333333333333 0.00010000099999999998
0.4066666666666667 0.000100001
0.407 0.00010000100000000001
0.4073333333333333 0.000100001
0.4076666666666667 0.000100001
0.408 0.00010000100000000001
0.4083333333333333 0.000100001
0.4086666666666667 0.000100001
0.409 0.00010000100000000001
0.4093333333333333 0.000100001
0.4096666666666667 0.000100001
0.41 0.00010000100000000001
0.4103333333333333 0.000100001
0.4106666666666667 0.000100001
0.411 0.00010000100000000001
0.41133333333333333 0.000100001
0.4116666666666666 0.00010000099999999998
0.412 0.00010000100000000001
0.41233333333333333 0.000100001
0.4126666666666666 0.00010000099999999998
0.413 0.00010000100000000001
0.41333333333333333 0.000100001
0.4136666666666666 0.00010000099999999998
0.414 0.00010000100000000001
0.41433333333333333 0.000100001
0.41466666666666663 0.00010000099999999998
0.415 0.00010000100000000001
0.41533333333333333 0.000100001
0.41566666666666663 0.00010000099999999998
0.416 0.00010000100000000001
0.41633333333333333 0.000100001
0.41666666666666663 0.00010000099999999998
0.417 0.00010000100000000001
0.41733333333333333 0.000100001
0.41766666666666663 0.00010000099999999998
0.418 0.00010000100000000001
0.41833333333333333 0.000100001
0.41866666666666663 0.00010000099999999998
0.419 0.00010000099999999998
0.41933333333333334 0.000100001
0.41966666666666663 0.000100001
0.42 0.000100001
0.42033333333333334 0.000100001
0.42066666666666663 0.000100001
0.421 0.000100001
0.42133333333333334 0.000100001
0.42166666666666663 0.000100001
0.422 0.000100001
0.42233333333333334 0.000100001
0.42266666666666663 0.000100001
0.423 0.000100001
0.42333333333333334 0.000100001
0.42366666666666664 0.000100001
0.424 0.000100001
0.42433333333333334 0.000100001
0.42466666666666664 0.000100001
0.425 0.000100001
0.42533333333333334 0.000100001
0.42566666666666664 0.000100001
0.426 0.000100001
0.42633333333333334 0.000100001
0.42666666666666664 0.000100001
0.427 0.000100001
0.42733333333333334 0.000100001
0.42766666666666664 0.000100001
0.428 0.000100001
0.42833333333333334 0.000100001
0.42866666666666664 0.000100001
0.429 0.000100001
0.42933333333333334 0.000100001
0.42966666666666664 0.000100001
0.43 0.000100001
0.43033333333333335 0.000100001
0.43066666666666664 0.000100001
0.431 0.000100001
0.43133333333333335 0.000100001
0.43166666666666664 0.000100001
0.432 0.00010000100000000001
0.4323333333333333 0.000100001
0.43266666666666664 0.000100001
0.433 0.00010000100000000001
0.4333333333333333 0.000100001
0.43366666666666664 0.000100001
0.434 0.00010000100000000001
0.4343333333333333 0.000100001
0.43466666666666665 0.000100001
0.435 0.00010000100000000001
0.4353333333333333 0.000100001
0.43566666666666665 0.000100001
0.436 0.00010000100000000001
0.4363333333333333 0.000100001
0.43666666666666665 0.000100001
0.437 0.00010000100000000001
0.4373333333333333 0.000100001
0.43766666666666665 0.000100001
0.438 0.00010000100000000001
0.4383333333333333 0.000100001
0.43866666666666665 0.000100001
0.439 0.00010000100000000001
0.4393333333333333 0.000100001
0.43966666666666665 0.000100001
0.44 0.00010000100000000001
0.4403333333333333 0.000100001
0.44066666666666665 0.000100001
0.441 0.00010000100000000001
0.4413333333333333 0.000100001
0.44166666666666665 0.000100001
0.442 0.00010000100000000001
0.4423333333333333 0.000100001
0.44266666666666665 0.000100001
0.443 0.00010000100000000001
0.4433333333333333 0.000100001
0.44366666666666665 0.000100001
0.444 0.000100001
0.4443333333333333 0.000100001
0.44466666666666665 0.00010000100000000001
0.445 0.000100001
0.4453333333333333 0.000100001
0.44566666666666666 0.00010000100000000001
0.446 0.000100001
0.4463333333333333 0.000100001
0.44666666666666666 0.00010000100000000001
0.447 0.000100001
0.4473333333333333 0.000100001
0.44766666666666666 0.00010000100000000001
0.448 0.000100001
0.4483333333333333 0.000100001
0.44866666666666666 0.00010000100000000001
0.449 0.000100001
0.4493333333333333 0.000100001
0.44966666666666666 0.00010000100000000001
0.45 0.000100001
0.4503333333333333 0.000100001
0.45066666666666666 0.00010000100000000001
0.451 0.000100001
0.4513333333333333 0.000100001
0.45166666666666666 0.00010000100000000001
0.45199999999999996 0.000100001
0.4523333333333333 0.000100001
0.45266666666666666 0.00010000100000000001
0.45299999999999996 0.000100001
0.4533333333333333 0.000100001
0.45366666666666666 0.00010000100000000001
0.45399999999999996 0.000100001
0.4543333333333333 0.000100001
0.45466666666666666 0.00010000100000000001
0.45499999999999996 0.000100001
0.4553333333333333 0.000100001
0.45566666666666666 0.00010000100000000001
0.45599999999999996 0.000100001
0.4563333333333333 0.000100001
0.45666666666666667 0.00010000100000000001
0.45699999999999996 0.00010000099999999997
0.4573333333333333 0.00010000100000000001
0.45766666666666667 0.00010000100000000001
0.45799999999999996 0.00010000099999999997
0.4583333333333333 0.00010000100000000001
0.45866666666666667 0.00010000100000000001
0.45899999999999996 0.00010000099999999997
0.4593333333333333 0.00010000100000000001
0.45966666666666667 0.00010000100000000001
0.45999999999999996 0.00010000099999999997
0.4603333333333333 0.00010000100000000001
0.46066666666666667 0.00010000100000000001
0.46099999999999997 0.00010000099999999997
0.4613333333333333 0.00010000100000000001
0.46166666666666667 0.00010000100000000001
0.46199999999999997 0.00010000099999999997
0.4623333333333333 0.00010000100000000001
0.46266666666666667 0.00010000100000000001
0.46299999999999997 0.00010000099999999997
0.4633333333333333 0.00010000100000000001
0.46366666666666667 0.00010000100000000001
0.46399999999999997 0.00010000099999999997
0.4643333333333333 0.00010000100000000001
0.4646666666666667 0.00010000100000000001
0.46499999999999997 0.00010000099999999997
0.4653333333333333 0.00010000100000000001
0.4656666666666667 0.00010000100000000001
0.46599999999999997 0.00010000099999999997
0.4663333333333333 0.00010000100000000001
0.4666666666666667 0.00010000100000000001
0.46699999999999997 0.00010000099999999997
0.4673333333333333 0.00010000100000000001
0.4676666666666667 0.00010000100000000001
0.46799999999999997 0.00010000099999999997
0.4683333333333333 0.00010000100000000001
0.4686666666666667 0.00010000100000000001
0.469 0.000100001
0.4693333333333333 0.000100001
0.4696666666666667 0.000100001
0.47 0.00010000100000000001
0.4703333333333333 0.000100001
0.4706666666666667 0.000100001
0.471 0.00010000100000000001
0.4713333333333333 0.000100001
0.4716666666666667 0.000100001
0.472 0.00010000100000000001
0.4723333333333333 0.000100001
0.4726666666666666 0.00010000099999999998
0.473 0.00010000100000000001
0.47333333333333333 0.000100001
0.4736666666666666 0.00010000099999999998
0.474 0.00010000100000000001
0.47433333333333333 0.000100001
0.4746666666666666 0.00010000099999999998
0.475 0.00010000100000000001
0.47533333333333333 0.000100001
0.4756666666666666 0.00010000099999999998
0.476 0.00010000100000000001
0.47633333333333333 0.000100001
0.4766666666666666 0.00010000099999999998
0.477 0.00010000100000000001
0.47733333333333333 0.000100001
0.47766666666666663 0.00010000099999999998
0.478 0.00010000100000000001
0.47833333333333333 0.000100001
0.47866666666666663 0.00010000099999999998
0.479 0.00010000100000000001
0.47933333333333333 0.000100001
0.47966666666666663 0.00010000099999999998
0.48 0.00010000100000000001
0.48033333333333333 0.000100001
0.48066666666666663 0.00010000099999999998
0.481 0.00010000100000000001
0.48133333333333334 0.000100001
0.48166666666666663 0.000100001
0.482 0.000100001
0.48233333333333334 0.000100001
0.48266666666666663 0.000100001
0.483 0.000100001
0.48333333333333334 0.000100001
0.48366666666666663 0.000100001
0.484 0.000100001
0.48433333333333334 0.000100001
0.48466666666666663 0.000100001
0.485 0.000100001
0.48533333333333334 0.000100001
0.48566666666666664 0.000100001
0.486 0.000100001
0.48633333333333334 0.000100001
0.48666666666666664 0.000100001
0.487 0.000100001
0.48733333333333334 0.000100001
0.48766666666666664 0.000100001
0.488 0.000100001
0.48833333333333334 0.000100001
0.48866666666666664 0.000100001
0.489 0.000100001
0.48933333333333334 0.000100001
0.48966666666666664 0.000100001
0.49 0.000100001
0.49033333333333334 0.000100001
0.49066666666666664 0.000100001
0.491 0.000100001
0.49133333333333334 0.000100001
0.49166666666666664 0.000100001
0.492 0.000100001
0.4923333333333333 0.000100001
0.49266666666666664 0.000100001
0.493 0.000100001
0.4933333333333333 0.000100001
0.49366666666666664 0.000100001
0.494 0.00010000100000000001
0.4943333333333333 0.000100001
0.49466666666666664 0.000100001
0.495 0.00010000100000000001
0.4953333333333333 0.000100001
0.49566666666666664 0.000100001
0.496 0.00010000100000000001
0.4963333333333333 0.000100001
0.49666666666666665 0.000100001
0.497 0.00010000100000000001
0.4973333333333333 0.000100001
0.49766666666666665 0.000100001
0.498 0.00010000100000000001
0.4983333333333333 0.000100001
0.49866666666666665 0.000100001
0.499 0.00010000100000000001
0.4993333333333333 0.000100001
0.49966666666666665 0.00010000100000000002
0.5 0.000100001
0.5003333333333333 0.00010000099999999829
0.5006666666666667 0.00010000099999998994
0.501 0.00010000099999997315
0.5013333333333333 0.0001000009999999496
0.5016666666666667 0.00010000099999988416
0.502 0.00010000099999983677
0.5023333333333333 0.00010000099999972356
0.5026666666666666 0.00010000099999954464
0.503 0.00010000099999955067
0.5033333333333333 0.00010000099999925585
0.5036666666666666 0.00010000099999903329
0.504 0.00010000099999849901
0.5043333333333333 0.00010000099999822356
0.5046666666666666 0.00010000099999783389
0.505 0.00010000099999762436
0.5053333333333333 0.00010000099999647705
0.5056666666666666 0.00010000099999559956
0.506 0.00010000099999601
0.5063333333333333 0.00010000099999581152
0.5066666666666666 0.00010000099999446667
0.507 0.00010000099999294586
0.5073333333333333 0.00010000099999280719
0.5076666666666666 0.00010000099998962426
0.508 0.00010000099999192191
0.5083333333333333 0.00010000099999087376
0.5086666666666666 0.00010000099998763329
0.509 0.00010000099998733812
0.5093333333333333 0.00010000099998195488
0.5096666666666666 0.00010000099998225139
0.51 0.00010000099998312855
0.5103333333333333 0.00010000099997773236
0.5106666666666666 0.00010000099998144707
0.511 0.00010000099997523364
0.5113333333333333 0.00010000099996995161
0.5116666666666666 0.00010000099997139083
0.512 0.00010000099996872152
0.5123333333333333 0.00010000099996205496
0.5126666666666666 0.00010000099996149634
0.513 0.00010000099995830326
0.5133333333333333 0.0001000009999555578
0.5136666666666666 0.0001000009999570224
0.514 0.00010000099995180684
0.5143333333333333 0.00010000099993919986
0.5146666666666666 0.00010000099993310003
0.515 0.00010000099993086653
0.5153333333333333 0.00010000099993857265
0.5156666666666666 0.0001000009999444249
0.516 0.00010000099991623658
0.5163333333333333 0.00010000099990753106
0.5166666666666666 0.00010000099991446315
0.517 0.00010000099990825821
0.5173333333333333 0.00010000099991233219
0.5176666666666666 0.00010000099990758511
0.518 0.000100000999882785
0.5183333333333333 0.00010000099988491243
0.5186666666666666 0.0001000009998756786
0.519 0.00010000099985051521
0.5193333333333333 0.00010000099985471715
0.5196666666666666 0.00010000099984501759
0.52 0.00010000099985707209
0.5203333333333333 0.0001000009998298754
0.5206666666666666 0.0001000009998598605
0.521 0.00010000099984209965
0.5213333333333333 0.0001000009998495072
0.5216666666666666 0.00010000099978879706
0.522 0.00010000099981886536
0.5223333333333333 0.00010000099981062399
0.5226666666666666 0.00010000099980020978
0.523 0.00010000099975423058
0.5233333333333333 0.00010000099976792142
0.5236666666666666 0.00010000099976919162
0.524 0.00010000099973251707
0.5243333333333333 0.00010000099970624531
0.5246666666666666 0.00010000099970114202
0.525 0.0001000009997618539
0.5253333333333333 0.00010000099971898985
0.5256666666666666 0.00010000099968704643
0.526 0.00010000099966169501
0.5263333333333333 0.00010000099969032044
0.5266666666666666 0.00010000099964703916
0.527 0.0001000009996418511
0.5273333333333333 0.00010000099955064823
0.5276666666666666 0.00010000099965396074
0.528 0.00010000099960944999
0.5283333333333333 0.00010000099955908014
0.5286666666666666 0.00010000099957897012
0.529 0.00010000099953424311
0.5293333333333333 0.00010000099958131582
0.5296666666666666 0.00010000099949217824
0.53 0.00010000099936960399
0.5303333333333333 0.00010000099944740692
0.5306666666666666 0.00010000099937843083
0.531 0.00010000099940579094
0.5313333333333333 0.00010000099933328312
0.5316666666666666 0.00010000099939856327
0.532 0.00010000099943110654
0.5323333333333333 0.00010000099931692339
0.5326666666666666 0.00010000099948539543
0.533 0.00010000099935781702
0.5333333333333333 0.00010000099921264327
0.5336666666666666 0.00010000099930872552
0.534 0.00010000099925908381
0.5343333333333333 0.00010000099920183173
0.5346666666666666 0.0001000009992773162
0.535 0.00010000099920742662
0.5353333333333333 0.00010000099908306817
0.5356666666666666 0.00010000099918974688
0.536 0.00010000099911029412
0.5363333333333333 0.0001000009990069111
0.5366666666666666 0.00010000099908288922
0.537 0.00010000099920045945
0.5373333333333333 0.00010000099896302382
0.5376666666666666 0.0001000009990600934
0.538 0.00010000099906486444
0.5383333333333333 0.00010000099881774778
0.5386666666666666 0.00010000099898770078
0.539 0.000100000998704091
0.5393333333333333 0.00010000099874701263
0.5396666666666666 0.00010000099902108745
0.54 0.00010000099893508254
0.5403333333333333 0.00010000099854458027
0.5406666666666666 0.00010000099880885617
0.541 0.00010000099863118764
0.5413333333333333 0.00010000099884112772
0.5416666666666666 0.00010000099849674794
0.542 0.00010000099873395515
0.5423333333333333 0.00010000099861405534
0.5426666666666666 0.00010000099820866654
0.5429999999999999 0.00010000099847899811
0.5433333333333333 0.00010000099835979972
0.5436666666666666 0.0001000009982862544
0.5439999999999999 0.00010000099828887294
0.5443333333333333 0.00010000099797489092
0.5446666666666666 0.00010000099847124751
0.5449999999999999 0.00010000099828941725
0.5453333333333333 0.00010000099835977054
0.5456666666666666 0.00010000099834095265
0.5459999999999999 0.00010000099814978752
0.5463333333333333 0.00010000099838778712
0.5466666666666666 0.00010000099817406775
0.5469999999999999 0.00010000099771577148
0.5473333333333333 0.00010000099798694305
0.5476666666666666 0.0001000009978985952
0.5479999999999999 0.00010000099809334719
0.5483333333333333 0.000100000997808469
0.5486666666666666 0.00010000099762880368
0.5489999999999999 0.00010000099780516766
0.5493333333333333 0.00010000099833916648
0.5496666666666666 0.00010000099766522836
0.5499999999999999 0.00010000099781205183
0.5503333333333333 0.00010000099758399667
0.5506666666666666 0.00010000099733596516
0.5509999999999999 0.00010000099760909192
0.5513333333333333 0.0001000009972077367
0.5516666666666666 0.00010000099708670827
0.5519999999999999 0.0001000009970202385
0.5523333333333333 0.00010000099740686996
0.5526666666666666 0.00010000099690583747
0.5529999999999999 0.00010000099665561495
0.5533333333333333 0.00010000099649851294
0.5536666666666666 0.00010000099719793964
0.5539999999999999 0.00010000099696091548
0.5543333333333333 0.00010000099769538417
0.5546666666666666 0.0001000009966089897
0.5549999999999999 0.00010000099726423601
0.5553333333333333 0.00010000099706013353
0.5556666666666666 0.00010000099703113851
0.5559999999999999 0.00010000099689367249
0.5563333333333333 0.00010000099669301544
0.5566666666666666 0.00010000099671855808
0.5569999999999999 0.00010000099594165646
0.5573333333333333 0.00010000099714120877
0.5576666666666666 0.00010000099621842732
0.5579999999999999 0.00010000099648917222
0.5583333333333333 0.00010000099622340836
0.5586666666666666 0.00010000099599571055
0.5589999999999999 0.00010000099639345478
0.5593333333333333 0.00010000099634945688
0.5596666666666666 0.00010000099556733715
0.5599999999999999 0.00010000099674377917
0.5603333333333333 0.00010000099624754383
0.5606666666666666 0.00010000099663662451
0.5609999999999999 0.00010000099531516578
0.5613333333333334 0.00010000099605377512
0.5616666666666666 0.0001000009952469524
0.5619999999999999 0.00010000099579948477
0.5623333333333334 0.00010000099540583497
0.5626666666666666 0.00010000099558347854
0.563 0.00010000099510593624
0.5633333333333334 0.00010000099493311687
0.5636666666666666 0.00010000099497161014
0.564 0.00010000099457043896
0.5643333333333334 0.00010000099580711043
0.5646666666666667 0.00010000099474213184
0.565 0.00010000099477871209
0.5653333333333334 0.00010000099398384665
0.5656666666666667 0.00010000099342026373
0.566 0.00010000099417376107
0.5663333333333334 0.00010000099443722314
0.5666666666666667 0.00010000099407356526
0.567 0.00010000099445890335
0.5673333333333334 0.0001000009949859347
0.5676666666666667 0.00010000099402744365
0.568 0.00010000099386904081
0.5683333333333334 0.00010000099402931244
0.5686666666666667 0.0001000009929195831
0.569 0.00010000099324167053
0.5693333333333334 0.00010000099438827203
0.5696666666666667 0.00010000099386121745
0.57 0.00010000099254333511
0.5703333333333334 0.00010000099371707907
0.5706666666666667 0.00010000099297794103
0.571 0.00010000099269888034
0.5713333333333334 0.00010000099301765982
0.5716666666666667 0.00010000099309066952
0.572 0.00010000099338453064
0.5723333333333334 0.00010000099354371845
0.5726666666666667 0.00010000099321791056
0.573 0.00010000099328993532
0.5733333333333334 0.00010000099174970774
0.5736666666666667 0.00010000099312323735
0.574 0.0001000009934170206
0.5743333333333334 0.00010000099211110355
0.5746666666666667 0.00010000099215401592
0.575 0.00010000099096530476
0.5753333333333334 0.0001000009919918533
0.5756666666666667 0.00010000099123509207
0.576 0.00010000099115532918
0.5763333333333334 0.00010000099181324697
0.5766666666666667 0.00010000099326446192
0.577 0.0001000009911866121
0.5773333333333334 0.00010000099126177726
0.5776666666666667 0.00010000099156215528
0.578 0.00010000099115158507
0.5783333333333334 0.0001000009909231633
0.5786666666666667 0.00010000099282857623
0.579 0.00010000099097825049
0.5793333333333334 0.00010000099056097826
0.5796666666666667 0.00010000099220274403
0.58 0.00010000099133967619
0.5803333333333334 0.0001000009911771484
0.5806666666666667 0.00010000099068658488
0.581 0.00010000098910652207
0.5813333333333334 0.00010000099088068667
0.5816666666666667 0.00010000099233936757
0.582 0.00010000099081476304
0.5823333333333333 0.00010000099097157283
0.5826666666666667 0.00010000098948427844
0.583 0.00010000099052949441
0.5833333333333333 0.00010000098921449079
0.5836666666666667 0.00010000099097983769
0.584 0.00010000098883643532
0.5843333333333333 0.00010000098872840968
0.5846666666666667 0.00010000099013580683
0.585 0.00010000098897270855
0.5853333333333333 0.00010000098769942293
0.5856666666666667 0.00010000098680310778
0.586 0.00010000098755719603
0.5863333333333333 0.00010000098713972508
0.5866666666666667 0.00010000098884341727
0.587 0.00010000098782702056
0.5873333333333333 0.00010000098705439894
0.5876666666666667 0.00010000098708979065
0.588 0.00010000098672992247
0.5883333333333333 0.00010000098770030526
0.5886666666666667 0.00010000098659834011
0.589 0.00010000098502631834
0.5893333333333333 0.00010000098652874023
0.5896666666666667 0.0001000009885354211
0.59 0.00010000098817825922
0.5903333333333333 0.00010000098437720092
0.5906666666666667 0.0001000009879527041
0.591 0.00010000098694172
0.5913333333333333 0.00010000098572116319
0.5916666666666667 0.00010000098601654453
0.592 0.0001000009867787517
0.5923333333333333 0.00010000098477988325
0.5926666666666667 0.0001000009868735599
0.593 0.00010000098390229744
0.5933333333333333 0.00010000098355213082
0.5936666666666667 0.00010000098623313744
0.594 0.00010000097980757102
0.5943333333333333 0.00010000098469439237
0.5946666666666667 0.0001000009831137848
0.595 0.00010000098227916875
0.5953333333333333 0.00010000098573504451
0.5956666666666667 0.0001000009831522505
0.596 0.00010000098156950966
0.5963333333333333 0.00010000098321588877
0.5966666666666667 0.00010000098238678016
0.597 0.00010000098000622185
0.5973333333333333 0.00010000098408910715
0.5976666666666667 0.00010000098132601247
0.598 0.00010000098024579176
0.5983333333333333 0.00010000097976839134
0.5986666666666667 0.00010000098262643388
0.599 0.0001000009804743128
0.5993333333333333 0.0001000009808439022
0.5996666666666667 0.00010000098265514839
0.6 0.00010000097988499013
0.6003333333333333 0.00010000097807161459
0.6006666666666667 0.00010000097878637175
0.601 0.00010000098179202697
0.6013333333333333 0.00010000098022269997
0.6016666666666667 0.00010000097979127542
0.602 0.00010000097859569015
0.6023333333333333 0.0001000009750728712
0.6026666666666667 0.00010000098137924663
0.603 0.00010000097676514242
0.6033333333333333 0.0001000009795016716
0.6036666666666667 0.00010000098042094523
0.604 0.00010000098060116216
0.6043333333333333 0.0001000009741630173
0.6046666666666667 0.00010000098139184712
0.605 0.00010000097522805859
0.6053333333333333 0.00010000097363444292
0.6056666666666667 0.0001000009785112085
0.606 0.00010000098068033452
0.6063333333333333 0.00010000098188786847
0.6066666666666667 0.00010000098039603992
0.607 0.00010000097430278569
0.6073333333333333 0.0001000009737913835
0.6076666666666667 0.00010000097646634615
0.608 0.00010000097744534845
0.6083333333333333 0.00010000097680960935
0.6086666666666667 0.00010000097533913776
0.609 0.00010000097407105939
0.6093333333333333 0.00010000097823523959
0.6096666666666667 0.00010000097436809388
0.61 0.0001000009734546458
0.6103333333333333 0.00010000097491839752
0.6106666666666667 0.00010000097357883392
0.611 0.00010000096799637448
0.6113333333333333 0.00010000097118039811
0.6116666666666667 0.00010000097396301583
0.612 0.00010000096929351807
0.6123333333333333 0.00010000097579241279
0.6126666666666667 0.00010000097206244112
0.613 0.00010000097353848304
0.6133333333333333 0.00010000097569774019
0.6136666666666667 0.00010000097599056445
0.614 0.00010000096868167976
0.6143333333333333 0.00010000097405642262
0.6146666666666667 0.00010000097269068443
0.615 0.00010000097077023727
0.6153333333333333 0.00010000096938341188
0.6156666666666667 0.00010000097557906304
0.616 0.00010000097336569504
0.6163333333333333 0.00010000097706812028
0.6166666666666667 0.00010000097357214921
0.617 0.00010000097432528807
0.6173333333333333 0.0001000009705090429
0.6176666666666667 0.00010000097281024729
0.618 0.00010000096887538433
0.6183333333333333 0.00010000097070672116
0.6186666666666667 0.00010000096519006824
0.619 0.00010000096841802233
0.6193333333333333 0.00010000096990726098
0.6196666666666667 0.00010000097074611489
0.62 0.0001000009632261577
0.6203333333333333 0.00010000097026359294
0.6206666666666667 0.00010000096252748738
0.621 0.0001000009670243742
0.6213333333333333 0.00010000096765980179
0.6216666666666667 0.00010000096617981768
0.622 0.00010000096842079893
0.6223333333333333 0.00010000096126855607
0.6226666666666666 0.00010000096194601712
0.623 0.000100000968252929
0.6233333333333333 0.000100000963848401
0.6236666666666666 0.00010000096836005283
0.624 0.00010000096271317089
0.6243333333333333 0.00010000096861148107
0.6246666666666666 0.00010000096434940264
0.625 0.00010000096688261513
0.6253333333333333 0.00010000096087733953
0.6256666666666666 0.0001000009623232168
0.626 0.00010000096603973177
0.6263333333333333 0.00010000096427738487
0.6266666666666666 0.00010000096544153765
0.627 0.00010000097193595433
0.6273333333333333 0.00010000096180861511
0.6276666666666666 0.00010000095832511851
0.628 0.00010000095796977792
0.6283333333333333 0.000100000951985982
0.6286666666666666 0.00010000095671276667
0.629 0.00010000096398935472
0.6293333333333333 0.00010000095449459342
0.6296666666666666 0.00010000095745460538
0.63 0.00010000095975520107
0.6303333333333333 0.00010000095430459768
0.6306666666666666 0.00010000096305296023
0.631 0.00010000096197216277
0.6313333333333333 0.00010000095225349184
0.6316666666666666 0.00010000095019491017
0.632 0.00010000096520889102
0.6323333333333333 0.00010000096999953407
0.6326666666666666 0.00010000096074283088
0.633 0.00010000095242131065
0.6333333333333333 0.00010000096573158748
0.6336666666666666 0.0001000009449108379
0.634 0.00010000094960444856
0.6343333333333333 0.00010000095220819729
0.6346666666666666 0.00010000096143576746
0.635 0.00010000095658869007
0.6353333333333333 0.0001000009490733982
0.6356666666666666 0.00010000095689375625
0.636 0.00010000094874568063
0.6363333333333333 0.00010000094927208609
0.6366666666666666 0.00010000095859526476
0.637 0.00010000095702385948
0.6373333333333333 0.0001000009552655133
0.6376666666666666 0.00010000094918789603
0.638 0.00010000095841862736
0.6383333333333333 0.00010000095666891873
0.6386666666666666 0.00010000094769904111
0.639 0.00010000094122978957
0.6393333333333333 0.00010000094603673007
0.6396666666666666 0.00010000093940717015
0.64 0.0001000009535885677
0.6403333333333333 0.00010000094967229601
0.6406666666666666 0.00010000095394528886
0.641 0.0001000009397485532
0.6413333333333333 0.000100000942947262
0.6416666666666666 0.00010000095344856094
0.642 0.00010000094126379998
0.6423333333333333 0.00010000094821867614
0.6426666666666666 0.00010000094502332934
0.643 0.00010000093876768756
0.6433333333333333 0.00010000094015939389
0.6436666666666666 0.00010000094506611809
0.644 0.00010000093410482477
0.6443333333333333 0.00010000094708698745
0.6446666666666666 0.00010000094350048785
0.645 0.00010000095357856032
0.6453333333333333 0.00010000094568853577
0.6456666666666666 0.00010000093752595686
0.646 0.00010000095336353383
0.6463333333333333 0.00010000095499142996
0.6466666666666666 0.00010000093424886805
0.647 0.00010000092671296298
0.6473333333333333 0.00010000094440679133
0.6476666666666666 0.00010000094147435432
0.648 0.00010000093034946045
0.6483333333333333 0.00010000094751392622
0.6486666666666666 0.0001000009418500187
0.649 0.0001000009336841476
0.6493333333333333 0.00010000093240852243
0.6496666666666666 0.00010000093652168005
0.65 0.00010000093260110912
0.6503333333333333 0.00010000093003901922
0.6506666666666666 0.00010000094188586239
0.651 0.00010000094016721207
0.6513333333333333 0.00010000094023580191
0.6516666666666666 0.00010000092139316296
0.652 0.00010000092912323476
0.6523333333333333 0.00010000093968594945
0.6526666666666666 0.0001000009350958515
0.653 0.00010000092971882653
0.6533333333333333 0.00010000093356372766
0.6536666666666666 0.00010000093522226705
0.654 0.00010000093056211448
0.6543333333333333 0.000100000926961256
0.6546666666666666 0.00010000093615471015
0.655 0.0001000009334977074
0.6553333333333333 0.00010000092373736675
0.6556666666666666 0.0001000009251858744
0.656 0.00010000092976459949
0.6563333333333333 0.00010000091574769767
0.6566666666666666 0.00010000093984136668
0.657 0.00010000091787774253
0.6573333333333333 0.00010000092403386335
0.6576666666666666 0.00010000092375813492
0.658 0.00010000093010100932
0.6583333333333333 0.00010000093588855736
0.6586666666666666 0.00010000091051548544
0.659 0.00010000092856956356
0.6593333333333333 0.00010000092598463515
0.6596666666666666 0.00010000092045624286
0.66 0.00010000092371940521
0.6603333333333333 0.00010000092991562656
0.6606666666666666 0.00010000091904522793
0.661 0.00010000093194705832
0.6613333333333333 0.00010000092173774345
0.6616666666666666 0.00010000092925613235
0.662 0.00010000092924081187
0.6623333333333333 0.00010000091513449644
0.6626666666666666 0.00010000090796238569
0.6629999999999999 0.00010000090938838072
0.6633333333333333 0.00010000092588576596
0.6636666666666666 0.00010000091320203419
0.6639999999999999 0.00010000092541251611
0.6643333333333333 0.00010000091411249225
0.6646666666666666 0.00010000091771585621
0.6649999999999999 0.00010000092744518722
0.6653333333333333 0.0001000009385515115
0.6656666666666666 0.00010000091668914651
0.6659999999999999 0.00010000089875064066
0.6663333333333333 0.00010000091172171767
0.6666666666666666 0.00010000089478373161
0.6669999999999999 0.00010000090402623669
0.6673333333333333 0.00010000091813412037
0.6676666666666666 0.00010000090477592362
0.6679999999999999 0.0001000009040917055
0.6683333333333333 0.0001000009278986309
0.6686666666666666 0.00010000090608787281
0.6689999999999999 0.00010000090605339002
0.6693333333333333 0.00010000092691036292
0.6696666666666666 0.0001000009019617679
0.6699999999999999 0.00010000092166272374
0.6703333333333333 0.00010000090912132406
0.6706666666666666 0.00010000091467251064
0.6709999999999999 0.00010000088991156401
0.6713333333333333 0.00010000092064851237
0.6716666666666666 0.00010000090705405469
0.6719999999999999 0.00010000090986283567
0.6723333333333333 0.00010000090775974283
0.6726666666666666 0.00010000091531657344
0.6729999999999999 0.00010000089868052325
0.6733333333333333 0.0001000009159553699
0.6736666666666666 0.00010000090492488762
0.6739999999999999 0.00010000089923411414
0.6743333333333333 0.00010000089211985216
0.6746666666666666 0.00010000091208917065
0.6749999999999999 0.00010000089943294551
0.6753333333333333 0.00010000090296477332
0.6756666666666666 0.00010000091682615845
0.6759999999999999 0.00010000088920057802
0.6763333333333333 0.00010000091658582122
0.6766666666666666 0.00010000090967605529
0.6769999999999999 0.00010000090676140852
0.6773333333333333 0.00010000089705023666
0.6776666666666666 0.0001000009064187416
0.6779999999999999 0.00010000089373816145
0.6783333333333333 0.0001000008773206824
0.6786666666666666 0.0001000009068846027
0.6789999999999999 0.00010000090553801594
0.6793333333333333 0.00010000089562155532
0.6796666666666666 0.00010000089635210867
0.6799999999999999 0.00010000089570474459
0.6803333333333333 0.00010000088691626579
0.6806666666666666 0.00010000090112460826
0.6809999999999999 0.00010000090246274428
0.6813333333333333 0.00010000088153660949
0.6816666666666666 0.00010000090121883742
0.6819999999999999 0.00010000086480387234
0.6823333333333333 0.0001000008819438388
0.6826666666666666 0.00010000085280943577
0.6829999999999999 0.00010000089897383593
0.6833333333333333 0.00010000089988938723
0.6836666666666666 0.00010000086951124341
0.6839999999999999 0.0001000009003087467
0.6843333333333333 0.00010000088628616027
0.6846666666666666 0.00010000087576420244
0.6849999999999999 0.00010000088056003813
0.6853333333333333 0.0001000008700683737
0.6856666666666666 0.00010000090453097562
0.6859999999999999 0.00010000088987315527
0.6863333333333334 0.00010000087490850916
0.6866666666666666 0.00010000086693287701
0.6869999999999999 0.00010000088968447188
0.6873333333333334 0.0001000008741639886
0.6876666666666666 0.00010000086079954428
0.688 0.00010000086527245805
0.6883333333333334 0.00010000087169364429
0.6886666666666666 0.00010000089648483101
0.689 0.00010000085625909057
0.6893333333333334 0.00010000088451064385
0.6896666666666667 0.00010000085617051356
0.69 0.0001000008584463078
0.6903333333333334 0.00010000084231666354
0.6906666666666667 0.00010000087854681547
0.691 0.00010000086377189386
0.6913333333333334 0.00010000087467603855
0.6916666666666667 0.00010000087087089659
0.692 0.00010000088398728222
0.6923333333333334 0.00010000088481748177
0.6926666666666667 0.00010000086873628672
0.693 0.0001000008778979796
0.6933333333333334 0.00010000084083668095
0.6936666666666667 0.00010000088249683943
0.694 0.00010000086654560058
0.6943333333333334 0.00010000085634847623
0.6946666666666667 0.0001000008670939072
0.695 0.00010000087623349388
0.6953333333333334 0.000100000879634906
0.6956666666666667 0.00010000086075188694
0.696 0.00010000086576716617
0.6963333333333334 0.00010000084302851359
0.6966666666666667 0.00010000084735166879
0.697 0.00010000086810928024
0.6973333333333334 0.00010000086680345314
0.6976666666666667 0.00010000084004226617
0.698 0.00010000085924812506
0.6983333333333334 0.00010000085681930454
0.6986666666666667 0.00010000083865406439
0.699 0.00010000087477723043
0.6993333333333334 0.00010000084340786348
0.6996666666666667 0.00010000085756936401
0.7 0.00010000083913653851
0.7003333333333334 0.0001000008846071762
0.7006666666666667 0.00010000086488385281
0.701 0.00010000087120262346
0.7013333333333334 0.00010000082280742756
0.7016666666666667 0.00010000083798339972
0.702 0.0001000008319460324
0.7023333333333334 0.00010000081264833628
0.7026666666666667 0.00010000082824673692
0.703 0.0001000008495335206
0.7033333333333333 0.00010000082732303153
0.7036666666666667 0.00010000086863652715
0.704 0.00010000083385311498
0.7043333333333333 0.00010000084594354761
0.7046666666666667 0.00010000085711974915
0.705 0.00010000083102181358
0.7053333333333333 0.00010000088133031243
0.7056666666666667 0.00010000080947628337
0.706 0.00010000084226758167
0.7063333333333333 0.00010000081426752242
0.7066666666666667 0.00010000080742197962
0.707 0.000100000824998346
0.7073333333333333 0.00010000085234082305
0.7076666666666667 0.00010000083113786662
0.708 0.00010000083741644557
0.7083333333333333 0.00010000086704422967
0.7086666666666667 0.00010000080226872668
0.709 0.00010000084482240838
0.7093333333333333 0.0001000008503155264
0.7096666666666667 0.00010000083196282554
0.71 0.00010000086299611487
0.7103333333333333 0.0001000008389815302
0.7106666666666667 0.00010000085765014791
0.711 0.00010000081111577302
0.7113333333333333 0.00010000081445655696
0.7116666666666667 0.00010000083969807315
0.712 0.00010000083716178753
0.7123333333333333 0.00010000080024879555
0.7126666666666667 0.00010000083071862059
0.713 0.00010000078755279021
0.7133333333333333 0.00010000081090483931
0.7136666666666667 0.00010000083596820246
0.714 0.00010000082482110098
0.7143333333333333 0.00010000081978211015
0.7146666666666667 0.00010000079567196323
0.715 0.00010000082448918212
0.7153333333333333 0.00010000079094784889
0.7156666666666667 0.00010000082221145587
0.716 0.00010000081409366953
0.7163333333333333 0.00010000077857594755
0.7166666666666667 0.00010000083196972851
0.717 0.00010000084254672108
0.7173333333333333 0.00010000079038939264
0.7176666666666667 0.00010000075744361722
0.718 0.0001000008209696508
0.7183333333333333 0.00010000078519369087
0.7186666666666667 0.00010000082989657108
0.719 0.00010000077969425438
0.7193333333333333 0.00010000075492662637
0.7196666666666667 0.00010000076880843183
0.72 0.00010000083759710606
0.7203333333333333 0.00010000082775495443
0.7206666666666667 0.00010000077231037112
0.721 0.00010000078815091087
0.7213333333333333 0.00010000081047000821
0.7216666666666667 0.00010000078218940613
0.722 0.00010000078336452046
0.7223333333333333 0.00010000080460128685
0.7226666666666667 0.00010000079161660811
0.723 0.00010000080588553786
0.7233333333333333 0.00010000076122598863
0.7236666666666667 0.00010000077271611185
0.724 0.00010000082504293803
0.7243333333333333 0.00010000080571570904
0.7246666666666667 0.0001000007873901178
0.725 0.00010000080769912159
0.7253333333333333 0.00010000081235962323
0.7256666666666667 0.00010000082634312293
0.726 0.00010000077086725618
0.7263333333333333 0.0001000007610101744
0.7266666666666667 0.00010000077159261084
0.727 0.00010000077398296794
0.7273333333333333 0.00010000079594790576
0.7276666666666667 0.00010000079372779535
0.728 0.00010000076253313549
0.7283333333333333 0.00010000074871094843
0.7286666666666667 0.0001000007800278942
0.729 0.00010000078542991672
0.7293333333333333 0.0001000008217875065
0.7296666666666667 0.00010000078466679937
0.73 0.00010000075905635979
0.7303333333333333 0.0001000007702562735
0.7306666666666667 0.00010000079029211391
0.731 0.00010000075616671893
0.7313333333333333 0.00010000075385440948
0.7316666666666667 0.00010000076097107866
0.732 0.00010000081482109825
0.7323333333333333 0.0001000007713433054
0.7326666666666667 0.00010000073229722341
0.733 0.000100000751101012
0.7333333333333333 0.00010000077347157397
0.7336666666666667 0.00010000073460234386
0.734 0.00010000076190434466
0.7343333333333333 0.00010000076146718045
0.7346666666666667 0.00010000076631924541
0.735 0.00010000074782894199
0.7353333333333333 0.00010000078670885703
0.7356666666666667 0.00010000077572996651
0.736 0.00010000079741426062
0.7363333333333333 0.00010000073400924709
0.7366666666666667 0.00010000076406247241
0.737 0.00010000072920838908
0.7373333333333333 0.00010000074205857425
0.7376666666666667 0.00010000073501130261
0.738 0.00010000073764263754
0.7383333333333333 0.00010000075387714276
0.7386666666666667 0.00010000077185417962
0.739 0.00010000074436178832
0.7393333333333333 0.00010000072827045938
0.7396666666666667 0.00010000076466548094
0.74 0.00010000074007033835
0.7403333333333333 0.00010000072993588434
0.7406666666666667 0.00010000077534740702
0.741 0.00010000075756665766
0.7413333333333333 0.00010000071767892436
0.7416666666666667 0.00010000068345086718
0.742 0.00010000073460931643
0.7423333333333333 0.00010000079056250429
0.7426666666666667 0.00010000074408140678
0.743 0.00010000076499950538
0.7433333333333333 0.00010000075134951028
0.7436666666666666 0.0001000006909421973
0.744 0.00010000073601644224
0.7443333333333333 0.00010000073346843179
0.7446666666666666 0.00010000077453422103
0.745 0.00010000073093784946
0.7453333333333333 0.00010000073009034009
0.7456666666666666 0.00010000073102722377
0.746 0.00010000073767306423
0.7463333333333333 0.00010000075050009435
0.7466666666666666 0.00010000069138312064
0.747 0.00010000069398065669
0.7473333333333333 0.00010000072686594515
0.7476666666666666 0.00010000072276584623
0.748 0.00010000073575569063
0.7483333333333333 0.00010000070283831621
0.7486666666666666 0.00010000071524977806
0.749 0.00010000071624040466
0.7493333333333333 0.0001000007006921093
0.7496666666666666 0.00010000065953941312
0.75 0.0001000007422260321
0.7503333333333333 0.00010000067397109698
0.7506666666666666 0.0001000007392140078
0.751 0.00010000071184384441
0.7513333333333333 0.00010000068737263954
0.7516666666666666 0.00010000067252011671
0.752 0.00010000072941850057
0.7523333333333333 0.00010000072354433998
0.7526666666666666 0.00010000071702985956
0.753 0.00010000067170575004
0.7533333333333333 0.0001000007570769074
0.7536666666666666 0.00010000073650894325
0.754 0.00010000069071444445
0.7543333333333333 0.00010000068083987912
0.7546666666666666 0.00010000068976287447
0.755 0.00010000064741513091
0.7553333333333333 0.00010000073135843839
0.7556666666666666 0.00010000071022014266
0.756 0.00010000064613246836
0.7563333333333333 0.00010000064792607628
0.7566666666666666 0.00010000066937476314
0.757 0.00010000066951405985
0.7573333333333333 0.00010000068038660406
0.7576666666666666 0.00010000067960828887
0.758 0.00010000063673811337
0.7583333333333333 0.00010000074265649563
0.7586666666666666 0.00010000065730376798
0.759 0.00010000062828719158
0.7593333333333333 0.00010000061086138096
0.7596666666666666 0.0001000007095810193
0.76 0.00010000067975482427
0.7603333333333333 0.00010000061968998839
0.7606666666666666 0.00010000067356849355
0.761 0.00010000060722252568
0.7613333333333333 0.0001000007041057283
0.7616666666666666 0.00010000070900335084
0.762 0.00010000067878588379
0.7623333333333333 0.00010000064302939051
0.7626666666666666 0.00010000059233980666
0.763 0.00010000065790907153
0.7633333333333333 0.00010000062283539126
0.7636666666666666 0.00010000062636759908
0.764 0.00010000065911163065
0.7643333333333333 0.00010000057602056659
0.7646666666666666 0.00010000064015828489
0.765 0.00010000064152765335
0.7653333333333333 0.00010000065426518264
0.7656666666666666 0.00010000071172785245
0.766 0.00010000067758280835
0.7663333333333333 0.00010000063155688064
0.7666666666666666 0.00010000061194019764
0.767 0.00010000068119356948
0.7673333333333333 0.00010000068867975716
0.7676666666666666 0.00010000062253812198
0.768 0.00010000059538024108
0.7683333333333333 0.00010000064977222038
0.7686666666666666 0.00010000069706539807
0.769 0.00010000061704070764
0.7693333333333333 0.00010000061636376946
0.7696666666666666 0.00010000063548975224
0.77 0.00010000061240725034
0.7703333333333333 0.00010000067699386103
0.7706666666666666 0.00010000064276596292
0.771 0.00010000062233513313
0.7713333333333333 0.00010000061058328489
0.7716666666666666 0.0001000005454990126
0.772 0.00010000054216046766
0.7723333333333333 0.00010000062208681948
0.7726666666666666 0.00010000066752557584
0.773 0.00010000066414952374
0.7733333333333333 0.00010000062788751297
0.7736666666666666 0.00010000050478503184
0.774 0.00010000066133123762
0.7743333333333333 0.00010000056048220141
0.7746666666666666 0.00010000057431740012
0.775 0.00010000061418817197
0.7753333333333333 0.00010000060624530104
0.7756666666666666 0.00010000068414730096
0.776 0.00010000058215595291
0.7763333333333333 0.00010000057566800645
0.7766666666666666 0.0001000006317758864
0.777 0.00010000052683524697
0.7773333333333333 0.00010000061303086083
0.7776666666666666 0.00010000056641684826
0.778 0.00010000060796321423
0.7783333333333333 0.00010000057650925146
0.7786666666666666 0.00010000063481730405
0.779 0.0001000005648333458
0.7793333333333333 0.00010000063389723236
0.7796666666666666 0.0001000006344784058
0.78 0.00010000062344735664
0.7803333333333333 0.00010000058269595555
0.7806666666666666 0.00010000051088703215
0.781 0.00010000065562784756
0.7813333333333333 0.0001000005591290703
0.7816666666666666 0.00010000056436634683
0.782 0.00010000055358718491
0.7823333333333333 0.0001000005774145844
0.7826666666666666 0.00010000058682718224
0.783 0.00010000063376232031
0.7833333333333333 0.00010000060967663263
0.7836666666666666 0.00010000063523859022
0.7839999999999999 0.00010000058710538123
0.7843333333333333 0.00010000056983168882
0.7846666666666666 0.0001000004909879349
0.7849999999999999 0.00010000048176605875
0.7853333333333333 0.00010000057798961437
0.7856666666666666 0.00010000046492184827
0.7859999999999999 0.00010000052763227991
0.7863333333333333 0.00010000054806688314
0.7866666666666666 0.0001000005607348699
0.7869999999999999 0.00010000047452100412
0.7873333333333333 0.00010000051039529079
0.7876666666666666 0.0001000006130888762
0.7879999999999999 0.00010000050074975362
0.7883333333333333 0.00010000063276889137
0.7886666666666666 0.00010000047210236049
0.7889999999999999 0.00010000056791919497
0.7893333333333333 0.00010000059627351505
0.7896666666666666 0.0001000006232449375
0.7899999999999999 0.00010000050510088492
0.7903333333333333 0.00010000052101902325
0.7906666666666666 0.00010000056245598645
0.7909999999999999 0.00010000060209451901
0.7913333333333333 0.00010000061196019436
0.7916666666666666 0.00010000052626069053
0.7919999999999999 0.00010000050775835162
0.7923333333333333 0.00010000055018285857
0.7926666666666666 0.00010000056603778193
0.7929999999999999 0.0001000005385293344
0.7933333333333333 0.0001000004557968773
0.7936666666666666 0.0001000005164491371
0.7939999999999999 0.00010000048631829974
0.7943333333333333 0.00010000047554936801
0.7946666666666666 0.00010000046044389299
0.7949999999999999 0.0001000004873488969
0.7953333333333333 0.00010000058156446551
0.7956666666666666 0.00010000040730690877
0.7959999999999999 0.00010000048710800453
0.7963333333333333 0.00010000045492799998
0.7966666666666666 0.00010000052483223849
0.7969999999999999 0.0001000004471962891
0.7973333333333333 0.00010000053835854214
0.7976666666666666 0.00010000043589805142
0.7979999999999999 0.00010000046667667553
0.7983333333333333 0.00010000047084804917
0.7986666666666666 0.00010000044576065994
0.7989999999999999 0.00010000054924370328
0.7993333333333333 0.00010000055765283342
0.7996666666666666 0.00010000042624266487
0.7999999999999999 0.0001000004818750562
0.8003333333333333 0.00010000046933525685
0.8006666666666666 0.00010000047081667143
0.8009999999999999 0.00010000043236478828
0.8013333333333333 0.00010000053778888796
0.8016666666666666 0.00010000052003640964
0.8019999999999999 0.00010000052082276087
0.8023333333333333 0.00010000047566996173
0.8026666666666666 0.00010000049275150197
0.8029999999999999 0.00010000044444859211
0.8033333333333333 0.00010000044024906393
0.8036666666666666 0.0001000004725682564
0.8039999999999999 0.00010000051902206258
0.8043333333333333 0.00010000039312686108
0.8046666666666666 0.00010000050527508549
0.8049999999999999 0.00010000058972851699
0.8053333333333333 0.00010000048105047069
0.8056666666666666 0.00010000047321805834
0.8059999999999999 0.00010000039027112682
0.8063333333333333 0.00010000037951540332
0.8066666666666666 0.00010000046986978017
0.8069999999999999 0.00010000046991748735
0.8073333333333333 0.00010000039936829098
0.8076666666666666 0.00010000047294470538
0.8079999999999999 0.00010000040879472385
0.8083333333333333 0.00010000044400213926
0.8086666666666666 0.0001000004489766491
0.8089999999999999 0.00010000040133414648
0.8093333333333333 0.00010000035301197324
0.8096666666666666 0.00010000043882087531
0.8099999999999999 0.00010000046734408265
0.8103333333333333 0.00010000048492861754
0.8106666666666666 0.00010000045176224314
0.8109999999999999 0.0001000003405277039
0.8113333333333334 0.00010000046756339011
0.8116666666666666 0.00010000043328763124
0.8119999999999999 0.00010000043762349574
0.8123333333333334 0.00010000045325372808
0.8126666666666666 0.00010000048245996445
0.813 0.00010000039203309576
0.8133333333333334 0.00010000037137272218
0.8136666666666666 0.00010000051319571665
0.814 0.00010000032386636529
0.8143333333333334 0.00010000048014966314
0.8146666666666667 0.00010000044434451031
0.815 0.00010000041703114627
0.8153333333333334 0.00010000038075861273
0.8156666666666667 0.0001000003384657169
0.816 0.00010000034702294927
0.8163333333333334 0.00010000043732071522
0.8166666666666667 0.00010000036828653905
0.817 0.00010000040364146977
0.8173333333333334 0.00010000040458607863
0.8176666666666667 0.00010000042667651413
0.818 0.00010000037879754016
0.8183333333333334 0.00010000052467020578
0.8186666666666667 0.00010000028449953801
0.819 0.00010000043535206587
0.8193333333333334 0.00010000044149820246
0.8196666666666667 0.00010000041670175718
0.82 0.00010000038626281578
0.8203333333333334 0.00010000033338759096
0.8206666666666667 0.00010000037183989213
0.821 0.00010000027797537348
0.8213333333333334 0.0001000002362604866
0.8216666666666667 0.00010000046076057485
0.822 0.00010000047395371225
0.8223333333333334 0.00010000043925941387
0.8226666666666667 0.00010000040664350857
0.823 0.00010000038035914559
0.8233333333333333 0.00010000027915738608
0.8236666666666667 0.00010000026645774513
0.824 0.00010000042379645636
0.8243333333333333 0.00010000035356336223
0.8246666666666667 0.00010000034545959689
0.825 0.0001000005398862259
0.8253333333333333 0.00010000053857592072
0.8256666666666667 0.00010000031421142579
0.826 0.00010000039853364518
0.8263333333333333 0.00010000033013444079
0.8266666666666667 0.0001000003299838176
0.827 0.00010000034774607058
0.8273333333333333 0.00010000034558047586
0.8276666666666667 0.00010000034878711923
0.828 0.0001000003280772321
0.8283333333333333 0.00010000046232694643
0.8286666666666667 0.00010000019475973883
0.829 0.0001000003271078814
0.8293333333333333 0.00010000036080251167
0.8296666666666667 0.00010000022084218142
0.83 0.00010000024823102408
0.8303333333333333 0.00010000025155226963
0.8306666666666667 0.00010000031431366473
0.831 0.00010000040229329215
0.8313333333333333 0.00010000033394067914
0.8316666666666667 0.00010000045288864315
0.832 0.00010000019479882811
0.8323333333333333 0.00010000037389848743
0.8326666666666667 0.00010000027490190285
0.833 0.00010000036016167825
0.8333333333333333 0.00010000035407329754
0.8336666666666667 0.00010000030298378299
0.834 0.00010000024074517555
0.8343333333333333 0.00010000029920658552
0.8346666666666667 0.00010000017546906973
0.835 0.00010000018948982501
0.8353333333333333 0.00010000028731433974
0.8356666666666667 0.00010000025647890733
0.836 0.00010000024725089061
0.8363333333333333 0.00010000027999722668
0.8366666666666667 0.00010000030076340384
0.837 0.00010000033846831444
0.8373333333333333 0.0001000003602043833
0.8376666666666667 0.00010000007425330647
0.838 0.00010000027116671678
0.8383333333333333 0.00010000035207421782
0.8386666666666667 0.00010000024197436137
0.839 0.00010000014440902252
0.8393333333333333 0.00010000025930126975
0.8396666666666667 0.00010000018345062588
0.84 0.00010000017367347831
0.8403333333333333 0.00010000026020306137
0.8406666666666667 0.00010000024668945642
0.841 0.00010000016698470444
0.8413333333333333 0.0001000002953333227
0.8416666666666667 0.00010000040315781676
0.842 0.00010000022340562579
0.8423333333333333 0.00010000031017893236
0.8426666666666667 0.00010000002251346702
0.843 0.00010000017200779914
0.8433333333333333 0.00010000011276451062
0.8436666666666667 0.00010000034067812317
0.844 0.00010000043512002969
0.8443333333333333 0.00010000020960660877
0.8446666666666667 0.00010000026658140667
0.845 0.00010000019034896493
0.8453333333333333 0.0001000001548522669
0.8456666666666667 0.00010000021137148344
0.846 0.00010000028359082434
0.8463333333333333 0.00010000018995981683
0.8466666666666667 0.00010000025306434184
0.847 0.00010000027885894531
0.8473333333333333 0.00010000026666362784
0.8476666666666667 0.00010000018357081426
0.848 0.00010000021207544314
0.8483333333333333 0.00010000004927857125
0.8486666666666667 0.00010000019732221088
0.849 0.00010000010798179388
0.8493333333333333 0.00010000009266256193
0.8496666666666667 0.00010000019771153728
0.85 0.00010000011891543469
0.8503333333333333 0.00010000013545192003
0.8506666666666667 0.00010000030484865486
0.851 0.00010000019529639279
0.8513333333333333 0.00010000019252182435
0.8516666666666667 0.00010000038496584478
0.852 0.00010000014021613988
0.8523333333333333 0.00010000011892391681
0.8526666666666667 0.00010000020892700297
0.853 0.00010000016915292263
0.8533333333333333 0.00010000014131708338
0.8536666666666667 0.00010000018294714671
0.854 0.00010000009506450995
0.8543333333333333 0.00010000028444280009
0.8546666666666667 0.00010000007789017191
0.855 9.999993282608065e-05
0.8553333333333333 0.00010000006528738267
0.8556666666666667 0.00010000010923432523
0.856 0.00010000007747201276
0.8563333333333333 0.0001000000485750433
0.8566666666666667 0.00010000014321188788
0.857 0.00010000021567845614
0.8573333333333333 9.999998412274132e-05
0.8576666666666667 0.00010000014142352639
0.858 0.00010000020249705271
0.8583333333333333 0.00010000006636178693
0.8586666666666667 0.00010000022397910212
0.859 0.00010000012712443009
0.8593333333333333 0.00010000008720301252
0.8596666666666667 0.00010000004532718911
0.86 0.00010000028922658099
0.8603333333333333 9.999998720014809e-05
0.8606666666666667 0.00010000003272974122
0.861 0.00010000018474288465
0.8613333333333333 0.00010000023570902049
0.8616666666666667 0.00010000012674048842
0.862 0.00010000014556690956
0.8623333333333333 0.00010000023330062362
0.8626666666666667 0.00010000016136413614
0.863 0.00010000027076158057
0.8633333333333333 0.00010000019545320415
0.8636666666666666 9.999997060538983e-05
0.864 0.00010000007731321343
0.8643333333333333 0.00010000010481436512
0.8646666666666666 0.0001000000573619941
0.865 0.00010000001353069844
0.8653333333333333 0.00010000008149396788
0.8656666666666666 0.00010000001162737149
0.866 0.00010000004101470214
0.8663333333333333 0.00010000016141412777
0.8666666666666666 0.0001000002606634758
0.867 0.00010000006809137875
0.8673333333333333 0.0001000001575326137
0.8676666666666666 9.999997221065726e-05
0.868 0.00010000028919203842
0.8683333333333333 0.000100000147865414
0.8686666666666666 0.00010000006023909353
0.869 0.00010000006279380205
0.8693333333333333 9.999988222948805e-05
0.8696666666666666 0.00010000025351880749
0.87 0.00010000017527088617
0.8703333333333333 0.00010000013713275515
0.8706666666666666 9.999999471466603e-05
0.871 0.00010000001732798745
0.8713333333333333 0.00010000010136250206
0.8716666666666666 0.00010000015570297377
0.872 9.99998886310986e-05
0.8723333333333333 0.00010000010681229729
0.8726666666666666 9.999994631795399e-05
0.873 9.999986719620797e-05
0.8733333333333333 9.999992434603673e-05
0.8736666666666666 0.00010000000560526764
0.874 9.999993567091858e-05
0.8743333333333333 0.00010000021405631784
0.8746666666666666 9.99999880134888e-05
0.875 9.999986491912634e-05
0.8753333333333333 9.999998517429601e-05
0.8756666666666666 0.00010000008797392761
0.876 9.999988159971718e-05
0.8763333333333333 9.999996093337828e-05
0.8766666666666666 0.00010000009739741651
0.877 9.999990390514258e-05
0.8773333333333333 9.999993324439703e-05
0.8776666666666666 9.999988251623667e-05
0.878 9.99999046167083e-05
0.8783333333333333 0.00010000005444478941
0.8786666666666666 0.00010000004028217604
0.879 9.999983415444162e-05
0.8793333333333333 9.999995793619296e-05
0.8796666666666666 9.999996008558924e-05
0.88 9.999999349867728e-05
0.8803333333333333 9.999992233766392e-05
0.8806666666666666 9.999993172617178e-05
0.881 9.999987727445247e-05
0.8813333333333333 0.00010000003684582987
0.8816666666666666 9.999993785152665e-05
0.882 9.999999824580907e-05
0.8823333333333333 9.999989145411333e-05
0.8826666666666666 0.00010000005647764223
0.883 9.999986221842355e-05
0.8833333333333333 9.999995683268317e-05
0.8836666666666666 9.999986773164376e-05
0.884 9.99998543603767e-05
0.8843333333333333 9.999984402189841e-05
0.8846666666666666 0.00010000002183983146
0.885 9.999997836620808e-05
0.8853333333333333 9.999979086128425e-05
0.8856666666666666 9.999987596498421e-05
0.886 0.00010000007942126235
0.8863333333333333 9.999983195861398e-05
0.8866666666666666 0.0001000000060119534
0.887 9.999992838943541e-05
0.8873333333333333 9.999972831148626e-05
0.8876666666666666 9.99999500139913e-05
0.888 9.999999462655412e-05
0.8883333333333333 0.00010000008673798629
0.8886666666666666 0.0001000000188177299
0.889 9.999977407199766e-05
0.8893333333333333 9.999976782637182e-05
0.8896666666666666 9.999979255029444e-05
0.89 9.999994786530006e-05
0.8903333333333333 9.999983418971812e-05
0.8906666666666666 9.999988921040938e-05
0.891 9.999999089890399e-05
0.8913333333333333 9.999974953982862e-05
0.8916666666666666 9.999980473745394e-05
0.892 9.999981149896368e-05
0.8923333333333333 9.99998036763988e-05
0.8926666666666666 9.999981775048431e-05
0.893 9.999978365292065e-05
0.8933333333333333 9.999976746332454e-05
0.8936666666666666 9.999979448178173e-05
0.894 9.999992223595373e-05
0.8943333333333333 9.99997399635307e-05
0.8946666666666666 9.999990831571983e-05
0.895 9.999982842212468e-05
0.8953333333333333 9.999995770220049e-05
0.8956666666666666 9.999995116313102e-05
0.896 9.999972887031945e-05
0.8963333333333333 0.00010000001198709843
0.8966666666666666 9.999970506855046e-05
0.897 9.999992324653077e-05
0.8973333333333333 9.999955726679855e-05
0.8976666666666666 0.00010000009386845303
0.898 9.999979107481601e-05
0.8983333333333333 9.999969824824914e-05
0.8986666666666666 9.999985186947743e-05
0.899 9.999982275793855e-05
0.8993333333333333 0.00010000001505857547
0.8996666666666666 9.9999797673416e-05
0.9 9.999958855672639e-05
0.9003333333333333 9.999990826877143e-05
0.9006666666666666 9.999987183399876e-05
0.901 9.999998139442067e-05
0.9013333333333333 9.999978409385433e-05
0.9016666666666666 9.999979194060927e-05
0.902 9.999980858476687e-05
0.9023333333333333 9.999968832223672e-05
0.9026666666666666 9.999971033068471e-05
0.903 9.999993213777238e-05
0.9033333333333333 9.999965687603393e-05
0.9036666666666666 9.999953533037928e-05
0.9039999999999999 9.99998354978351e-05
0.9043333333333333 9.99997467242978e-05
0.9046666666666666 9.999988493841747e-05
0.9049999999999999 9.999974663818302e-05
0.9053333333333333 9.999985501254327e-05
0.9056666666666666 9.999999003595902e-05
0.9059999999999999 9.999984880948703e-05
0.9063333333333333 9.999967959755946e-05
0.9066666666666666 9.999994968592879e-05
0.9069999999999999 9.99998175072577e-05
0.9073333333333333 9.999979506985577e-05
0.9076666666666666 9.99996833951203e-05
0.9079999999999999 9.999988925667825e-05
0.9083333333333333 0.00010000000452090388
0.9086666666666666 9.999991439694052e-05
0.9089999999999999 9.999965536551318e-05
0.9093333333333333 9.999953883186354e-05
0.9096666666666666 9.999969401641789e-05
0.9099999999999999 9.999986011410603e-05
0.9103333333333333 9.999990523016083e-05
0.9106666666666666 9.999960802470109e-05
0.9109999999999999 9.999958705506097e-05
0.9113333333333333 9.999948746212693e-05
0.9116666666666666 9.999977653165148e-05
0.9119999999999999 9.999979225242868e-05
0.9123333333333333 9.999996244502201e-05
0.9126666666666666 9.999954814809269e-05
0.9129999999999999 9.999948493736455e-05
0.9133333333333333 9.999969287824077e-05
0.9136666666666666 9.999981448292382e-05
0.9139999999999999 9.99997796831141e-05
0.9143333333333333 9.999969928098544e-05
0.9146666666666666 9.999938416423238e-05
0.9149999999999999 9.999984423002758e-05
0.9153333333333333 9.999966701506383e-05
0.9156666666666666 9.999983742655122e-05
0.9159999999999999 9.999960926553772e-05
0.9163333333333333 9.999949454033292e-05
0.9166666666666666 9.999960142442657e-05
0.9169999999999999 9.99997335679e-05
0.9173333333333333 9.99994716564882e-05
0.9176666666666666 9.999985518625551e-05
0.9179999999999999 9.999937501116741e-05
0.9183333333333333 9.999939027436205e-05
0.9186666666666666 9.999970199723672e-05
0.9189999999999999 9.999957384713668e-05
0.9193333333333333 9.999923304155753e-05
0.9196666666666666 9.999946388464149e-05
0.9199999999999999 9.99996043651826e-05
0.9203333333333333 9.999949036083798e-05
0.9206666666666666 9.99993240991407e-05
0.9209999999999999 9.999963994967885e-05
0.9213333333333333 9.999982786141674e-05
0.9216666666666666 9.99994882526838e-05
0.9219999999999999 9.999971520839872e-05
0.9223333333333333 9.999968820816071e-05
0.9226666666666666 9.999994885917105e-05
0.9229999999999999 9.999949577055555e-05
0.9233333333333333 9.999959403140904e-05
0.9236666666666666 9.99998736589527e-05
0.9239999999999999 9.999938785116663e-05
0.9243333333333333 9.999972858183263e-05
0.9246666666666666 9.999981750994365e-05
0.9249999999999999 9.99992997763862e-05
0.9253333333333333 9.999918527833292e-05
0.9256666666666666 9.999942368007872e-05
0.9259999999999999 9.999944702446093e-05
0.9263333333333333 9.99993661136534e-05
0.9266666666666666 9.999944763034069e-05
0.9269999999999999 9.999962150622325e-05
0.9273333333333333 9.999909944847605e-05
0.9276666666666666 9.999940634704528e-05
0.9279999999999999 9.99993303416916e-05
0.9283333333333333 9.999957417749522e-05
0.9286666666666666 9.999986455440465e-05
0.9289999999999999 9.999938095201905e-05
0.9293333333333333 9.999968311654445e-05
0.9296666666666666 9.999983148357419e-05
0.9299999999999999 9.999948106029196e-05
0.9303333333333333 9.999971606531925e-05
0.9306666666666666 9.999909904538629e-05
0.9309999999999999 9.999930616202091e-05
0.9313333333333333 9.999943270707623e-05
0.9316666666666666 9.99993217958226e-05
0.9319999999999999 9.999956962431564e-05
0.9323333333333333 9.99995365426279e-05
0.9326666666666666 9.999955105991153e-05
0.9329999999999999 9.999932277220458e-05
0.9333333333333333 9.999959651846027e-05
0.9336666666666666 9.9999601109764e-05
0.9339999999999999 9.999925661151897e-05
0.9343333333333333 9.999932035765967e-05
0.9346666666666666 9.999940000412874e-05
0.9349999999999999 9.99994925664622e-05
0.9353333333333333 9.999970621814981e-05
0.9356666666666666 9.999948286832616e-05
0.9359999999999999 9.999940884674962e-05
0.9363333333333334 9.99995627280182e-05
0.9366666666666666 9.999958702433436e-05
0.9369999999999999 9.999913674288186e-05
0.9373333333333334 9.999933819615517e-05
0.9376666666666666 9.999948465039125e-05
0.938 9.999959022503657e-05
0.9383333333333334 9.999940661000225e-05
0.9386666666666666 9.999944318491376e-05
0.939 9.999966210904733e-05
0.9393333333333334 9.999951778651882e-05
0.9396666666666667 9.999947750308073e-05
0.94 9.999937713639017e-05
0.9403333333333334 9.999953795798609e-05
0.9406666666666667 9.999932755555426e-05
0.941 9.99990672006336e-05
0.9413333333333334 9.999952409345588e-05
0.9416666666666667 9.999934496849736e-05
0.942 9.999933911986282e-05
0.9423333333333334 9.99996594435991e-05
0.9426666666666667 9.999969325998645e-05
0.943 9.999950927732566e-05
0.9433333333333334 9.999981024069693e-05
0.9436666666666667 9.999911660295748e-05
0.944 9.999902033788905e-05
0.9443333333333332 9.999918631897266e-05
0.9446666666666667 9.999934387484086e-05
0.945 9.999936834833976e-05
0.9453333333333332 9.99993060864916e-05
0.9456666666666667 9.999903506082655e-05
0.946 9.999929748161377e-05
0.9463333333333332 9.999923073457941e-05
0.9466666666666667 9.999934682803305e-05
0.947 9.999928827417716e-05
0.9473333333333332 9.999948289357521e-05
0.9476666666666667 9.999932063519155e-05
0.948 9.999920695831114e-05
0.9483333333333333 9.999954732221896e-05
0.9486666666666667 9.99990555452269e-05
0.949 9.999927887855965e-05
0.9493333333333333 9.999901532827518e-05
0.9496666666666667 9.999915837622427e-05
0.95 9.999939262848244e-05
0.9503333333333333 9.999891729724333e-05
0.9506666666666667 9.99990717930506e-05
0.951 9.999924343618453e-05
0.9513333333333333 9.99990773675316e-05
0.9516666666666667 9.999974199345931e-05
0.952 9.99993341994106e-05
0.9523333333333333 9.999959460206484e-05
0.9526666666666667 9.999921465845539e-05
0.953 9.999919177077361e-05
0.9533333333333333 9.99990645308814e-05
0.9536666666666667 9.999921866546927e-05
0.954 9.999919013771508e-05
0.9543333333333333 9.999959750495297e-05
0.9546666666666667 9.999915458549484e-05
0.955 9.999938626928685e-05
0.9553333333333333 9.999915501753851e-05
0.9556666666666667 9.999916357532999e-05
0.956 9.999941356712647e-05
0.9563333333333333 9.999904237865415e-05
0.9566666666666667 9.999945124692415e-05
0.957 9.999947764318339e-05
0.9573333333333333 9.999889298993745e-05
0.9576666666666667 9.999888805483235e-05
0.958 9.999904089491899e-05
0.9583333333333333 9.999908083882994e-05
0.9586666666666667 9.999907659486595e-05
0.959 9.999934680588192e-05
0.9593333333333333 9.999919723309614e-05
0.9596666666666667 9.999945953189187e-05
0.96 9.999875807546689e-05
0.9603333333333333 9.999940569081246e-05
0.9606666666666667 9.999920460626035e-05
0.961 9.999934296077254e-05
0.9613333333333333 9.999940144008396e-05
0.9616666666666667 9.999953294024149e-05
0.962 9.999946416119357e-05
0.9623333333333333 9.999943218673313e-05
0.9626666666666667 9.999895587612759e-05
0.963 9.999945357029851e-05
0.9633333333333333 9.999904714465144e-05
0.9636666666666667 9.999901155457845e-05
0.964 9.999913532649554e-05
0.9643333333333333 9.999908596256774e-05
0.9646666666666667 9.999910054658796e-05
0.965 9.99992227968944e-05
0.9653333333333333 9.999863219308622e-05
0.9656666666666667 9.999900489669129e-05
0.966 9.999873507894773e-05
0.9663333333333333 9.999888459719846e-05
0.9666666666666667 9.999909859232997e-05
0.967 9.999901957654473e-05
0.9673333333333333 9.999939238879594e-05
0.9676666666666667 9.99993965086828e-05
0.968 9.99993505790602e-05
0.9683333333333333 9.999909047758525e-05
0.9686666666666667 9.999895983707544e-05
0.969 9.999959431877533e-05
0.9693333333333333 9.999962355325078e-05
0.9696666666666667 9.999905179365101e-05
0.97 9.99987698931428e-05
0.9703333333333333 9.99991635784166e-05
0.9706666666666667 9.999903085553039e-05
0.971 9.99992204837779e-05
0.9713333333333333 9.999888958147978e-05
0.9716666666666667 9.999914472853603e-05
0.972 9.999926669620233e-05
0.9723333333333333 9.999904926826278e-05
0.9726666666666667 9.99989202652809e-05
0.973 9.999915623623855e-05
0.9733333333333333 9.999874592396429e-05
0.9736666666666667 9.999888009610415e-05
0.974 9.99991144484305e-05
0.9743333333333333 9.999911648310836e-05
0.9746666666666667 9.999869971651634e-05
0.975 9.999902992633789e-05
0.9753333333333333 9.999909585540157e-05
0.9756666666666667 9.999885966298358e-05
0.976 9.999893727773402e-05
0.9763333333333333 9.999886729151482e-05
0.9766666666666667 9.999876050649978e-05
0.977 9.999889347167075e-05
0.9773333333333333 9.999903760953332e-05
0.9776666666666667 9.999905115902313e-05
0.978 9.999903966494593e-05
0.9783333333333333 9.999879691108581e-05
0.9786666666666667 9.999909009767452e-05
0.979 9.999892507145107e-05
0.9793333333333333 9.999883620200356e-05
0.9796666666666667 9.999920921602245e-05
0.98 9.999911441539834e-05
0.9803333333333333 9.999855605328043e-05
0.9806666666666667 9.999904191570447e-05
0.981 9.999909245552767e-05
0.9813333333333333 9.999898685041592e-05
0.9816666666666667 9.999887799641606e-05
0.982 9.999872542412026e-05
0.9823333333333333 9.999895695409202e-05
0.9826666666666667 9.999866787818448e-05
0.983 9.999891742505652e-05
0.9833333333333333 9.999873643140972e-05
0.9836666666666667 9.999939985263617e-05
0.984 9.999877174353513e-05
0.9843333333333333 9.999886764530266e-05
0.9846666666666666 9.999873812723486e-05
0.985 9.999910829569042e-05
0.9853333333333333 9.999898399740839e-05
0.9856666666666666 9.999889960197683e-05
0.986 9.999888172382351e-05
0.9863333333333333 9.999914245677873e-05
0.9866666666666666 9.999877709269564e-05
0.987 9.999891194406871e-05
0.9873333333333333 9.999851076376393e-05
0.9876666666666666 9.999891296232492e-05
0.988 9.999914937645328e-05
0.9883333333333333 9.999869151417534e-05
0.9886666666666666 9.999896297378075e-05
0.989 9.999876176132748e-05
0.9893333333333333 9.999883008708467e-05
0.9896666666666666 9.999885518581186e-05
0.99 9.999909650258045e-05
0.9903333333333333 9.999898345154375e-05
0.9906666666666666 9.999890175939224e-05
0.991 9.99989201344267e-05
0.9913333333333333 9.999920857660442e-05
0.9916666666666666 9.999854535938883e-05
0.992 9.99991143994681e-05
0.9923333333333333 9.99987797516415e-05
0.9926666666666666 9.99986677284035e-05
0.993 9.999884703805488e-05
0.9933333333333333 9.999870500087592e-05
0.9936666666666666 9.99986273435571e-05
0.994 9.999864068052617e-05
0.9943333333333333 9.999880846271585e-05
0.9946666666666666 9.999856536164751e-05
0.995 9.999872067142592e-05
0.9953333333333333 9.999902082459407e-05
0.9956666666666666 9.999864530075116e-05
0.996 9.999859413077259e-05
0.9963333333333333 9.999876239009896e-05
0.9966666666666666 9.999847820122706e-05
0.997 9.999890997052439e-05
0.9973333333333333 9.999857815084817e-05
0.9976666666666666 9.999901026082862e-05
0.998 9.999890038618313e-05
0.9983333333333333 9.999858690236108e-05
0.9986666666666666 9.999917638926244e-05
0.999 9.999872626714117e-05
0.9993333333333333 9.99986772381974e-05
0.9996666666666666 9.999884281880971e-05
1.0 9.999842484985584e-05
1.0003333333333333 9.999860884161375e-05
1.0006666666666666 9.999895574722386e-05
1.001 9.999828330533862e-05
1.0013333333333334 9.999880042260874e-05
1.0016666666666667 9.999859872710908e-05
1.002 9.999899789678879e-05
1.0023333333333333 9.999864729480818e-05
1.0026666666666666 9.99989678907729e-05
1.003 9.999860904784327e-05
1.0033333333333334 9.999878389494387e-05
1.0036666666666667 9.99987284807733e-05
1.004 9.999880879942758e-05
1.0043333333333333 9.999841479987099e-05
1.0046666666666666 9.999918054975836e-05
1.005 9.999884382226988e-05
1.0053333333333332 9.999857302377306e-05
1.0056666666666667 9.999884069738845e-05
1.006 9.999881843666314e-05
1.0063333333333333 9.999881040922561e-05
1.0066666666666666 9.999873405179498e-05
1.007 9.999870016654506e-05
1.0073333333333332 9.999864855147353e-05
1.0076666666666667 9.999864791488116e-05
1.008 9.999914318124192e-05
1.0083333333333333 9.999800103403912e-05
1.0086666666666666 9.999890892284743e-05
1.009 9.999846282890731e-05
1.0093333333333332 9.999846519536567e-05
1.0096666666666667 9.99982244121248e-05
1.01 9.999892336077863e-05
1.0103333333333333 9.999866418413814e-05
1.0106666666666666 9.999886785180899e-05
1.011 9.999841655759515e-05
1.0113333333333332 9.999890227527842e-05
1.0116666666666667 9.999861525575638e-05
1.012 9.99983174418927e-05
1.0123333333333333 9.999877603391912e-05
1.0126666666666666 9.999821682758169e-05
1.013 9.999823179666219e-05
1.0133333333333332 9.999857000238764e-05
1.0136666666666667 9.999877266530403e-05
1.014 9.999875196476239e-05
1.0143333333333333 9.999853714387453e-05
1.0146666666666666 9.99981942822572e-05
1.015 9.99986168617612e-05
1.0153333333333332 9.999866471491198e-05
1.0156666666666667 9.99986196480595e-05
1.016 9.999871348762854e-05
1.0163333333333333 9.999850718675956e-05
1.0166666666666666 9.99986390353812e-05
1.017 9.999839506211722e-05
1.0173333333333332 9.999875030788044e-05
1.0176666666666667 9.999833703192075e-05
1.018 9.999873932196781e-05
1.0183333333333333 9.999913928630482e-05
1.0186666666666666 9.999869404325248e-05
1.019 9.999882456241641e-05
1.0193333333333332 9.99981381130839e-05
1.0196666666666667 9.999863050385656e-05
1.02 9.999814079957105e-05
1.0203333333333333 9.999841224559081e-05
1.0206666666666666 9.99984730499334e-05
1.021 9.99985602963917e-05
1.0213333333333332 9.99988268810125e-05
1.0216666666666667 9.999864302016568e-05
1.022 9.999785906673473e-05
1.0223333333333333 9.999861947221884e-05
1.0226666666666666 9.999891720172043e-05
1.023 9.999831057969586e-05
1.0233333333333332 9.999811665541027e-05
1.0236666666666667 9.999831994941839e-05
1.024 9.999877081460373e-05
1.0243333333333333 9.999812124281069e-05
1.0246666666666666 9.999779220364489e-05
1.025 9.999825361154286e-05
1.0253333333333332 9.999842975418162e-05
1.0256666666666667 9.999868662565718e-05
1.026 9.999840891756574e-05
1.0263333333333333 9.999851247303666e-05
1.0266666666666666 9.999853588393186e-05
1.027 9.999839921565451e-05
1.0273333333333332 9.999907750911745e-05
1.0276666666666667 9.999858871938563e-05
1.028 9.999873003223787e-05
1.0283333333333333 9.999861910080586e-05
1.0286666666666666 9.999849300888246e-05
1.029 9.999862830544954e-05
1.0293333333333332 9.999784535784357e-05
1.0296666666666667 9.999828861756371e-05
1.03 9.99985798291237e-05
1.0303333333333333 9.99984706824346e-05
1.0306666666666666 9.999819826128929e-05
1.031 9.999808383722671e-05
1.0313333333333332 9.999844868178578e-05
1.0316666666666667 9.999841044809817e-05
1.032 9.999822069518318e-05
1.0323333333333333 9.999862689067807e-05
1.0326666666666666 9.999855332225982e-05
1.033 9.999872246760313e-05
1.0333333333333332 9.999812306953656e-05
1.0336666666666667 9.999843391827197e-05
1.034 9.999836094606914e-05
1.0343333333333333 9.999848324507319e-05
1.0346666666666666 9.999821049684295e-05
1.035 9.999847827710226e-05
1.0353333333333332 9.999835951642573e-05
1.0356666666666667 9.99979873782657e-05
1.036 9.999807908292876e-05
1.0363333333333333 9.99986836061212e-05
1.0366666666666666 9.999817538648668e-05
1.037 9.999797539363084e-05
1.0373333333333332 9.999832071134655e-05
1.0376666666666667 9.999856182340914e-05
1.038 9.999825179690695e-05
1.0383333333333333 9.999822228722327e-05
1.0386666666666666 9.999862619040494e-05
1.039 9.999770903479249e-05
1.0393333333333332 9.999824930866449e-05
1.0396666666666667 9.999862145066462e-05
1.04 9.999804177689698e-05
1.0403333333333333 9.999789179177824e-05
1.0406666666666666 9.999825993620369e-05
1.041 9.999798631010425e-05
1.0413333333333332 9.999770920340859e-05
1.0416666666666667 9.999817608375396e-05
1.042 9.999739439146912e-05
1.0423333333333333 9.999842016803341e-05
1.0426666666666666 9.999871626211033e-05
1.043 9.99979896410539e-05
1.0433333333333332 9.999825584606021e-05
1.0436666666666667 9.999841943221174e-05
1.044 9.999847939528965e-05
1.0443333333333333 9.999856889874627e-05
1.0446666666666666 9.999839490993562e-05
1.045 9.999842734329423e-05
1.0453333333333332 9.999782331714277e-05
1.0456666666666665 9.999823663173053e-05
1.046 9.999846792179948e-05
1.0463333333333333 9.99984517279792e-05
1.0466666666666666 9.999885133016091e-05
1.047 9.999767942604148e-05
1.0473333333333332 9.999796706713764e-05
1.0476666666666665 9.99984898982288e-05
1.048 9.999819719695451e-05
1.0483333333333333 9.999835603265476e-05
1.0486666666666666 9.999755394202234e-05
1.049 9.999801956430248e-05
1.0493333333333332 9.999793397268414e-05
1.0496666666666665 9.999730142031657e-05
1.05 9.99983308138505e-05
1.0503333333333333 9.99982666465322e-05
1.0506666666666666 9.99977524656584e-05
1.051 9.999846180407287e-05
1.0513333333333332 9.999766940235254e-05
1.0516666666666665 9.999794065072685e-05
1.052 9.999724878170369e-05
1.0523333333333333 9.999785664234918e-05
1.0526666666666666 9.999803475096643e-05
1.053 9.999761898521257e-05
1.0533333333333332 9.99977974840496e-05
1.0536666666666665 9.999819302708546e-05
1.054 9.999830474099311e-05
1.0543333333333333 9.999817108674267e-05
1.0546666666666666 9.999805413808959e-05
1.055 9.999821071142123e-05
1.0553333333333332 9.999817939859953e-05
1.0556666666666665 9.99979644527737e-05
1.056 9.999786741288819e-05
1.0563333333333333 9.999797146247019e-05
1.0566666666666666 9.999840976497202e-05
1.057 9.999787377742705e-05
1.0573333333333332 9.999768054910039e-05
1.0576666666666665 9.999808689637939e-05
1.058 9.999812628464969e-05
1.0583333333333333 9.999775298713536e-05
1.0586666666666666 9.999739745308395e-05
1.059 9.999752959693201e-05
1.0593333333333332 9.999777219828749e-05
1.0596666666666665 9.999761912645525e-05
1.06 9.999801121452722e-05
1.0603333333333333 9.999767412735763e-05
1.0606666666666666 9.999813801226076e-05
1.061 9.999767338753972e-05
1.0613333333333332 9.999763676764859e-05
1.0616666666666665 9.999781930768743e-05
1.062 9.9997383383345e-05
1.0623333333333334 9.999776443945332e-05
1.0626666666666666 9.999808012914408e-05
1.063 9.999816633007443e-05
1.0633333333333332 9.999760109929523e-05
1.0636666666666665 9.999732001253035e-05
1.064 9.99973325802971e-05
1.0643333333333334 9.999771672875458e-05
1.0646666666666667 9.999670351101691e-05
1.065 9.999810665827783e-05
1.0653333333333332 9.999828932113416e-05
1.0656666666666665 9.999750831597327e-05
1.066 9.999759107590462e-05
1.0663333333333334 9.999747636383165e-05
1.0666666666666667 9.99978919147971e-05
1.067 9.999786593681852e-05
1.0673333333333332 9.99973184952991e-05
1.0676666666666665 9.999726935370871e-05
1.068 9.999823314904097e-05
1.0683333333333334 9.999775166033735e-05
1.0686666666666667 9.999765232070734e-05
1.069 9.999810775879225e-05
1.0693333333333332 9.999827509291275e-05
1.0696666666666665 9.999769291493075e-05
1.07 9.999734152312717e-05
1.0703333333333334 9.999717519072607e-05
1.0706666666666667 9.999792165277023e-05
1.071 9.999776198244861e-05
1.0713333333333332 9.999712662900878e-05
1.0716666666666665 9.999809033143026e-05
1.072 9.999757134671131e-05
1.0723333333333334 9.99982337280538e-05
1.0726666666666667 9.999834799376086e-05
1.073 9.999736854794832e-05
1.0733333333333333 9.999826198698137e-05
1.0736666666666665 9.999755983694893e-05
1.074 9.99973868167557e-05
1.0743333333333334 9.999761301187966e-05
1.0746666666666667 9.999744026319856e-05
1.075 9.999695701160768e-05
1.0753333333333333 9.999803015540548e-05
1.0756666666666665 9.999765688196816e-05
1.076 9.999787772245437e-05
1.0763333333333334 9.99979681907517e-05
1.0766666666666667 9.999742741353311e-05
1.077 9.999825119940016e-05
1.0773333333333333 9.999730782542595e-05
1.0776666666666666 9.999786117377087e-05
1.078 9.999831067304114e-05
1.0783333333333334 9.99978476493783e-05
1.0786666666666667 9.999711565007908e-05
1.079 9.999793685088489e-05
1.0793333333333333 9.999743734947502e-05
1.0796666666666666 9.9997568231894e-05
1.08 9.999736296352748e-05
1.0803333333333334 9.999779132792014e-05
1.0806666666666667 9.999788679045767e-05
1.081 9.999756941654321e-05
1.0813333333333333 9.999718021031019e-05
1.0816666666666666 9.999748637199037e-05
1.082 9.999785811795354e-05
1.0823333333333334 9.999799715818567e-05
1.0826666666666667 9.999731843161361e-05
1.083 9.999717845269146e-05
1.0833333333333333 9.999732891133031e-05
1.0836666666666666 9.999764515037626e-05
1.084 9.99980077700435e-05
1.0843333333333334 9.999735553323547e-05
1.0846666666666667 9.999823409758707e-05
1.085 9.999823522206496e-05
1.0853333333333333 9.999698168627708e-05
1.0856666666666666 9.999735589884257e-05
1.0859999999999999 9.999711799422016e-05
1.0863333333333334 9.999724827069076e-05
1.0866666666666667 9.99982508505118e-05
1.087 9.999750965196886e-05
1.0873333333333333 9.99977781733779e-05
1.0876666666666666 9.999762421883729e-05
1.0879999999999999 9.999704678412815e-05
1.0883333333333334 9.999774964942493e-05
1.0886666666666667 9.9997145683466e-05
1.089 9.999680975612268e-05
1.0893333333333333 9.999793000635697e-05
1.0896666666666666 9.999741943379904e-05
1.0899999999999999 9.999722912449338e-05
1.0903333333333334 9.999770533994152e-05
1.0906666666666667 9.999732118175954e-05
1.091 9.999777517275382e-05
1.0913333333333333 9.99969563576862e-05
1.0916666666666666 9.999728148388848e-05
1.0919999999999999 9.999807604517344e-05
1.0923333333333334 9.999799203338544e-05
1.0926666666666667 9.999774666883106e-05
1.093 9.999738892721662e-05
1.0933333333333333 9.99982358578072e-05
1.0936666666666666 9.999690317443777e-05
1.0939999999999999 9.999758608184332e-05
1.0943333333333334 9.999745540026024e-05
1.0946666666666667 9.999748091323329e-05
1.095 9.999690918419724e-05
1.0953333333333333 9.999671525406492e-05
1.0956666666666666 9.99973295720839e-05
1.0959999999999999 9.999701739918917e-05
1.0963333333333334 9.999760616849024e-05
1.0966666666666667 9.999731641836505e-05
1.097 9.999738101033264e-05
1.0973333333333333 9.999717016076288e-05
1.0976666666666666 9.999778782087166e-05
1.0979999999999999 9.999716250060984e-05
1.0983333333333334 9.999788458016939e-05
1.0986666666666667 9.999635141796804e-05
1.099 9.999638200256762e-05
1.0993333333333333 9.999662306844438e-05
1.0996666666666666 9.999661320746027e-05
1.0999999999999999 9.999703543210098e-05
1.1003333333333334 9.9996794297449e-05
1.1006666666666667 9.999745415863954e-05
1.101 9.999660677463918e-05
1.1013333333333333 9.999764493791146e-05
1.1016666666666666 9.999710017454529e-05
1.1019999999999999 9.999717613382329e-05
1.1023333333333334 9.999733247722943e-05
1.1026666666666667 9.999709728188946e-05
1.103 9.9996945719608e-05
1.1033333333333333 9.999683732097721e-05
1.1036666666666666 9.999770766172093e-05
1.1039999999999999 9.999676702726453e-05
1.1043333333333334 9.999723983457943e-05
1.1046666666666667 9.999759918528171e-05
1.105 9.999713110799517e-05
1.1053333333333333 9.999693955393572e-05
1.1056666666666666 9.999715768655572e-05
1.1059999999999999 9.999727937516002e-05
1.1063333333333334 9.999756669350406e-05
1.1066666666666667 9.999729515547547e-05
1.107 9.999748978191221e-05
1.1073333333333333 9.999747606662704e-05
1.1076666666666666 9.999696097697398e-05
1.1079999999999999 9.99969642764229e-05
1.1083333333333334 9.999728237744196e-05
1.1086666666666667 9.99968093203775e-05
1.109 9.999631756282935e-05
1.1093333333333333 9.999695052120246e-05
1.1096666666666666 9.999668142800469e-05
1.1099999999999999 9.999699570799325e-05
1.1103333333333334 9.999654535301251e-05
1.1106666666666667 9.999659743240243e-05
1.111 9.999626959929468e-05
1.1113333333333333 9.99969630907004e-05
1.1116666666666666 9.999724045334983e-05
1.1119999999999999 9.999723485069533e-05
1.1123333333333334 9.999652959715587e-05
1.1126666666666667 9.999710998659684e-05
1.113 9.999690978633718e-05
1.1133333333333333 9.999665147405155e-05
1.1136666666666666 9.999735481320986e-05
1.1139999999999999 9.999699303631999e-05
1.1143333333333334 9.999671481715495e-05
1.1146666666666667 9.999685590248008e-05
1.115 9.999708379446042e-05
1.1153333333333333 9.999723437075308e-05
1.1156666666666666 9.999709878645814e-05
1.1159999999999999 9.999676548247086e-05
1.1163333333333334 9.999641234480066e-05
1.1166666666666667 9.99964987731479e-05
1.117 9.99965686167426e-05
1.1173333333333333 9.999649721843083e-05
1.1176666666666666 9.999705177844436e-05
1.1179999999999999 9.99973446925468e-05
1.1183333333333334 9.99971329080173e-05
1.1186666666666667 9.999696001230226e-05
1.119 9.999624094432859e-05
1.1193333333333333 9.999684260239473e-05
1.1196666666666666 9.999652512095942e-05
1.1199999999999999 9.999685811252591e-05
1.1203333333333334 9.999569115666708e-05
1.1206666666666667 9.999657490660233e-05
1.121 9.999689328061724e-05
1.1213333333333333 9.999698728284521e-05
1.1216666666666666 9.999631131740212e-05
1.1219999999999999 9.999651918453728e-05
1.1223333333333334 9.999707054573462e-05
1.1226666666666667 9.999728038007073e-05
1.123 9.999737129611211e-05
1.1233333333333333 9.999662406511441e-05
1.1236666666666666 9.999665302213799e-05
1.1239999999999999 9.99966994732495e-05
1.1243333333333334 9.99969413044584e-05
1.1246666666666667 9.999652511934914e-05
1.125 9.999592608972636e-05
1.1253333333333333 9.99965454526012e-05
1.1256666666666666 9.999656428116264e-05
1.126 9.999721543692974e-05
1.1263333333333332 9.99966405279025e-05
1.1266666666666667 9.999636970139516e-05
1.127 9.99975016512556e-05
1.1273333333333333 9.999694937711396e-05
1.1276666666666666 9.999637193658764e-05
1.128 9.999627870930216e-05
1.1283333333333332 9.999650557291464e-05
1.1286666666666667 9.999680421733617e-05
1.129 9.999742620158601e-05
1.1293333333333333 9.99963447581721e-05
1.1296666666666666 9.999695267955789e-05
1.13 9.999616296537357e-05
1.1303333333333332 9.999664492618912e-05
1.1306666666666667 9.999662961511864e-05
1.131 9.999662115441956e-05
1.1313333333333333 9.999662379724113e-05
1.1316666666666666 9.999643395605147e-05
1.132 9.999681357371425e-05
1.1323333333333332 9.999641464207386e-05
1.1326666666666667 9.999676730844455e-05
1.133 9.99965130499345e-05
1.1333333333333333 9.999570084225003e-05
1.1336666666666666 9.999611339594354e-05
1.134 9.999635798030233e-05
1.1343333333333332 9.999554699108999e-05
1.1346666666666667 9.999546839622702e-05
1.135 9.999687888120899e-05
1.1353333333333333 9.999678089078022e-05
1.1356666666666666 9.99955154290741e-05
1.136 9.99965594763002e-05
1.1363333333333332 9.999652874629346e-05
1.1366666666666667 9.999708229667127e-05
1.137 9.999601446971325e-05
1.1373333333333333 9.999654968239081e-05
1.1376666666666666 9.999666116721186e-05
1.138 9.99973239650892e-05
1.1383333333333332 9.999612983498946e-05
1.1386666666666667 9.999681357772846e-05
1.139 9.999636186594621e-05
1.1393333333333333 9.999563134498858e-05
1.1396666666666666 9.99967414763922e-05
1.14 9.999698673332849e-05
1.1403333333333332 9.999675284248793e-05
1.1406666666666667 9.999625715506891e-05
1.141 9.999621689137804e-05
1.1413333333333333 9.999574970454696e-05
1.1416666666666666 9.999642520707895e-05
1.142 9.999676648051526e-05
1.1423333333333332 9.999571754512737e-05
1.1426666666666667 9.999608187915646e-05
1.143 9.999607476361238e-05
1.1433333333333333 9.999600299480767e-05
1.1436666666666666 9.99969258014012e-05
1.144 9.999533524429288e-05
1.1443333333333332 9.99969076998257e-05
1.1446666666666667 9.999635677149639e-05
1.145 9.999647542280995e-05
1.1453333333333333 9.999570254756157e-05
1.1456666666666666 9.999637070533703e-05
1.146 9.999645312864422e-05
1.1463333333333332 9.99957804377722e-05
1.1466666666666667 9.999673517223187e-05
1.147 9.999528849434261e-05
1.1473333333333333 9.999703785006944e-05
1.1476666666666666 9.999711778163934e-05
1.148 9.99965480525222e-05
1.1483333333333332 9.999605114039268e-05
1.1486666666666667 9.999563655576812e-05
1.149 9.999661083317744e-05
1.1493333333333333 9.99969919276856e-05
1.1496666666666666 9.999585276986722e-05
1.15 9.999590739284933e-05
1.1503333333333332 9.999635238014154e-05
1.1506666666666667 9.99965632054818e-05
1.151 9.99969150808244e-05
1.1513333333333333 9.999652565930101e-05
1.1516666666666666 9.999684090047986e-05
1.152 9.999612606529597e-05
1.1523333333333332 9.999599548880967e-05
1.1526666666666667 9.999649814672722e-05
1.153 9.999661226714105e-05
1.1533333333333333 9.999664464636364e-05
1.1536666666666666 9.999498945563317e-05
1.154 9.999456856875773e-05
1.1543333333333332 9.999695685560863e-05
1.1546666666666667 9.999555512356678e-05
1.155 9.999692109162457e-05
1.1553333333333333 9.999521851424542e-05
1.1556666666666666 9.99963815883785e-05
1.156 9.99957132317429e-05
1.1563333333333332 9.999550128136735e-05
1.1566666666666667 9.999651819485164e-05
1.157 9.999558226934374e-05
1.1573333333333333 9.999549698308479e-05
1.1576666666666666 9.999588511568278e-05
1.158 9.999624053644255e-05
1.1583333333333332 9.999648331076729e-05
1.1586666666666667 9.999586000209178e-05
1.159 9.999597443074015e-05
1.1593333333333333 9.99956469640489e-05
1.1596666666666666 9.999556061450369e-05
1.16 9.999533816171252e-05
1.1603333333333332 9.999646503043256e-05
1.1606666666666667 9.999636460413837e-05
1.161 9.999537262959528e-05
1.1613333333333333 9.999629258504445e-05
1.1616666666666666 9.999632949854317e-05
1.162 9.999489830901834e-05
1.1623333333333332 9.999568383736055e-05
1.1626666666666667 9.999556487537912e-05
1.163 9.999559013699672e-05
1.1633333333333333 9.999407486307352e-05
1.1636666666666666 9.99949616951064e-05
1.164 9.999571348175886e-05
1.1643333333333332 9.999485330457216e-05
1.1646666666666665 9.999636327023214e-05
1.165 9.999563574157202e-05
1.1653333333333333 9.999719741694289e-05
1.1656666666666666 9.999534096111127e-05
1.166 9.99965451626916e-05
1.1663333333333332 9.999637076000922e-05
1.1666666666666665 9.999507456945149e-05
1.167 9.999609410603897e-05
1.1673333333333333 9.99949795933608e-05
1.1676666666666666 9.999626824450427e-05
1.168 9.999649158555828e-05
1.1683333333333332 9.999573805741809e-05
1.1686666666666665 9.999608765643133e-05
1.169 9.999542942735986e-05
1.1693333333333333 9.999473315374842e-05
1.1696666666666666 9.999603936675563e-05
1.17 9.999604796796251e-05
1.1703333333333332 9.999637329242937e-05
1.1706666666666665 9.999604354817374e-05
1.171 9.999693089086219e-05
1.1713333333333333 9.999475391957593e-05
1.1716666666666666 9.999637815383879e-05
1.172 9.999567006231895e-05
1.1723333333333332 9.99952147678403e-05
1.1726666666666665 9.999556637258545e-05
1.173 9.999580306449708e-05
1.1733333333333333 9.999570548393908e-05
1.1736666666666666 9.999604608851129e-05
1.174 9.999492176365662e-05
1.1743333333333332 9.999474925670691e-05
1.1746666666666665 9.999498297177801e-05
1.175 9.999563241938724e-05
1.1753333333333333 9.999524963152866e-05
1.1756666666666666 9.99943097800069e-05
1.176 9.999429828957915e-05
1.1763333333333332 9.999437227856607e-05
1.1766666666666665 9.999445181237085e-05
1.177 9.999581447506958e-05
1.1773333333333333 9.999561531479443e-05
1.1776666666666666 9.999505298524355e-05
1.178 9.99945526782964e-05
1.1783333333333332 9.999593656969438e-05
1.1786666666666665 9.999510214874699e-05
1.179 9.99945161427112e-05
1.1793333333333333 9.999535617581282e-05
1.1796666666666666 9.999547182762472e-05
1.18 9.999482262873906e-05
1.1803333333333332 9.999532020001137e-05
1.1806666666666665 9.999535871267978e-05
1.181 9.999452148116328e-05
1.1813333333333333 9.999517527286853e-05
1.1816666666666666 9.99951696673684e-05
1.182 9.999569280362489e-05
1.1823333333333332 9.999577288965552e-05
1.1826666666666665 9.99952905256745e-05
1.183 9.999522600996275e-05
1.1833333333333333 9.999459703580162e-05
1.1836666666666666 9.999443388139718e-05
1.184 9.999583524059727e-05
1.1843333333333332 9.99968190684669e-05
1.1846666666666665 9.999455092787433e-05
1.185 9.999513339126088e-05
1.1853333333333333 9.999500853960133e-05
1.1856666666666666 9.999469100988927e-05
1.186 9.999367467142955e-05
1.1863333333333332 9.999526812893962e-05
1.1866666666666665 9.999460592464648e-05
1.187 9.999436262648816e-05
1.1873333333333334 9.999537910770627e-05
1.1876666666666666 9.999487091109429e-05
1.188 9.999512587368092e-05
1.1883333333333332 9.999496436280263e-05
1.1886666666666665 9.999464319484678e-05
1.189 9.999467700680698e-05
1.1893333333333334 9.999400456158664e-05
1.1896666666666667 9.999530042712379e-05
1.19 9.999386752113752e-05
1.1903333333333332 9.999534275478183e-05
1.1906666666666665 9.999549470706308e-05
1.191 9.999420397819549e-05
1.1913333333333334 9.999540269493974e-05
1.1916666666666667 9.999600911429407e-05
1.192 9.999594330166168e-05
1.1923333333333332 9.999546207342991e-05
1.1926666666666665 9.999545628276558e-05
1.193 9.999407279503673e-05
1.1933333333333334 9.999554102279925e-05
1.1936666666666667 9.999495604309118e-05
1.194 9.999503188903951e-05
1.1943333333333332 9.999598591184265e-05
1.1946666666666665 9.9995152049861e-05
1.195 9.99936395116786e-05
1.1953333333333334 9.999601446083552e-05
1.1956666666666667 9.999576714982676e-05
1.196 9.99939173421222e-05
1.1963333333333332 9.9993347446341e-05
1.1966666666666665 9.99944826543626e-05
1.197 9.999530145606297e-05
1.1973333333333334 9.999495045502663e-05
1.1976666666666667 9.999453885983759e-05
1.198 9.999542318494994e-05
1.1983333333333333 9.999515572414131e-05
1.1986666666666665 9.999449842027541e-05
1.199 9.999422373095202e-05
1.1993333333333334 9.999534090490489e-05
1.1996666666666667 9.999430253784495e-05
1.2 9.999475398547385e-05
1.2003333333333333 9.999492104353763e-05
1.2006666666666665 9.999556565489995e-05
1.201 9.999526088102722e-05
1.2013333333333334 9.999484759516107e-05
1.2016666666666667 9.999484043429508e-05
1.202 9.999549621481663e-05
1.2023333333333333 9.99954669285701e-05
1.2026666666666666 9.999517776743495e-05
1.203 9.999497499291268e-05
1.2033333333333334 9.999536272726072e-05
1.2036666666666667 9.999482458683137e-05
1.204 9.999471708607867e-05
1.2043333333333333 9.999445516392954e-05
1.2046666666666666 9.999386944067301e-05
1.2049999999999998 9.999457425136939e-05
1.2053333333333334 9.999505321237097e-05
1.2056666666666667 9.999428455177013e-05
1.206 9.999490337231594e-05
1.2063333333333333 9.99947092736561e-05
1.2066666666666666 9.999489039475262e-05
1.2069999999999999 9.999579299710699e-05
1.2073333333333334 9.999420642741435e-05
1.2076666666666667 9.99959649227736e-05
1.208 9.999532168276225e-05
1.2083333333333333 9.999609043857404e-05
1.2086666666666666 9.999513946728208e-05
1.2089999999999999 9.99946776755371e-05
1.2093333333333334 9.99952197003327e-05
1.2096666666666667 9.999574376976128e-05
1.21 9.99947335001751e-05
1.2103333333333333 9.999380322663449e-05
1.2106666666666666 9.999540916166022e-05
1.2109999999999999 9.999557770486492e-05
1.2113333333333334 9.999465511775012e-05
1.2116666666666667 9.999500816772245e-05
1.212 9.999469427503586e-05
1.2123333333333333 9.999532777475068e-05
1.2126666666666666 9.999496608712084e-05
1.2129999999999999 9.999496572660045e-05
1.2133333333333334 9.999423650564007e-05
1.2136666666666667 9.999319310138302e-05
1.214 9.999540193915298e-05
1.2143333333333333 9.999443220182289e-05
1.2146666666666666 9.999519731865323e-05
1.2149999999999999 9.999329749315828e-05
1.2153333333333334 9.999399342031887e-05
1.2156666666666667 9.999507418504651e-05
1.216 9.999544959979182e-05
1.2163333333333333 9.999444515836757e-05
1.2166666666666666 9.999460651840866e-05
1.2169999999999999 9.999356490407074e-05
1.2173333333333334 9.999488674067745e-05
1.2176666666666667 9.999559816605784e-05
1.218 9.999486681326876e-05
1.2183333333333333 9.999438594774846e-05
1.2186666666666666 9.999348106330969e-05
1.2189999999999999 9.999436106660319e-05
1.2193333333333334 9.999474662689873e-05
1.2196666666666667 9.999378434778078e-05
1.22 9.999368313590009e-05
1.2203333333333333 9.999326335859312e-05
1.2206666666666666 9.999354477932975e-05
1.2209999999999999 9.999368451643067e-05
1.2213333333333334 9.999419720688944e-05
1.2216666666666667 9.999499240137309e-05
1.222 9.99940485897576e-05
1.2223333333333333 9.999365360907168e-05
1.2226666666666666 9.99948272227852e-05
1.2229999999999999 9.9993932581495e-05
1.2233333333333334 9.999326803696592e-05
1.2236666666666667 9.999392176830965e-05
1.224 9.999370388991008e-05
1.2243333333333333 9.999346578974501e-05
1.2246666666666666 9.999253296162718e-05
1.2249999999999999 9.999378781417573e-05
1.2253333333333334 9.999385131859371e-05
1.2256666666666667 9.999356434812271e-05
1.226 9.999386773585466e-05
1.2263333333333333 9.999468154719278e-05
1.2266666666666666 9.999490507985146e-05
1.2269999999999999 9.999352707665927e-05
1.2273333333333334 9.99936088364636e-05
1.2276666666666667 9.99934445706523e-05
1.228 9.999609557807274e-05
1.2283333333333333 9.999334732682662e-05
1.2286666666666666 9.999528550025994e-05
1.2289999999999999 9.999352719098228e-05
1.2293333333333334 9.999273852238405e-05
1.2296666666666667 9.999359199221476e-05
1.23 9.999363989425208e-05
1.2303333333333333 9.999407036745799e-05
1.2306666666666666 9.999370377916895e-05
1.2309999999999999 9.999482796641368e-05
1.2313333333333334 9.999525304357605e-05
1.2316666666666667 9.999573043878355e-05
1.232 9.999390189092798e-05
1.2323333333333333 9.999501758025396e-05
1.2326666666666666 9.999324126122491e-05
1.2329999999999999 9.999348636310126e-05
1.2333333333333334 9.99942365022353e-05
1.2336666666666667 9.999320183316058e-05
1.234 9.999445390767709e-05
1.2343333333333333 9.999452425187374e-05
1.2346666666666666 9.999426425372832e-05
1.2349999999999999 9.999316778254569e-05
1.2353333333333334 9.99933648145986e-05
1.2356666666666667 9.999408088384952e-05
1.236 9.999329448017443e-05
1.2363333333333333 9.999414583279868e-05
1.2366666666666666 9.999367159428747e-05
1.2369999999999999 9.99938228506853e-05
1.2373333333333334 9.999350941444277e-05
1.2376666666666667 9.999484023236032e-05
1.238 9.99940995246568e-05
1.2383333333333333 9.999450645093553e-05
1.2386666666666666 9.999488137853295e-05
1.2389999999999999 9.99928555316047e-05
1.2393333333333334 9.999352122963948e-05
1.2396666666666667 9.999424136145053e-05
1.24 9.999325223752006e-05
1.2403333333333333 9.999394139294346e-05
1.2406666666666666 9.999250360282548e-05
1.2409999999999999 9.999308934934402e-05
1.2413333333333334 9.999427169396551e-05
1.2416666666666667 9.999367134610938e-05
1.242 9.999442853500099e-05
1.2423333333333333 9.999307478672925e-05
1.2426666666666666 9.99929187060116e-05
1.2429999999999999 9.999388035825124e-05
1.2433333333333334 9.99936804127179e-05
1.2436666666666667 9.99936648691295e-05
1.244 9.999367486251125e-05
1.2443333333333333 9.999346208277424e-05
1.2446666666666666 9.999421466888046e-05
1.2449999999999999 9.999466354305223e-05
1.2453333333333332 9.999269775005141e-05
1.2456666666666667 9.999467768292553e-05
1.246 9.999433038530346e-05
1.2463333333333333 9.99914075470963e-05
1.2466666666666666 9.999387438589457e-05
1.2469999999999999 9.999326906392991e-05
1.2473333333333332 9.999467338595486e-05
1.2476666666666667 9.999344024961366e-05
1.248 9.999201535269093e-05
1.2483333333333333 9.999329161854197e-05
1.2486666666666666 9.999413732423986e-05
1.2489999999999999 9.999421471458157e-05
1.2493333333333332 9.999310710398608e-05
1.2496666666666667 9.999311284421827e-05
1.25 9.999303127314223e-05
1.2503333333333333 9.999262459540525e-05
1.2506666666666666 9.999341770095349e-05
1.251 9.999363638553299e-05
1.2513333333333332 9.999320071454694e-05
1.2516666666666667 9.999338827207147e-05
1.252 9.999275109010061e-05
1.2523333333333333 9.999341914490717e-05
1.2526666666666666 9.999488630579597e-05
1.253 9.99919898291988e-05
1.2533333333333332 9.99932000591825e-05
1.2536666666666667 9.999429608948957e-05
1.254 9.999492965018084e-05
1.2543333333333333 9.99951102517736e-05
1.2546666666666666 9.999323206550602e-05
1.255 9.999260369609549e-05
1.2553333333333332 9.999229281674858e-05
1.2556666666666667 9.999366645665552e-05
1.256 9.999384019875949e-05
1.2563333333333333 9.999273410846365e-05
1.2566666666666666 9.999365679048546e-05
1.257 9.999220844833922e-05
1.2573333333333332 9.999220281321865e-05
1.2576666666666667 9.999348102014897e-05
1.258 9.99923062598767e-05
1.2583333333333333 9.999343410090633e-05
1.2586666666666666 9.999187017516177e-05
1.259 9.999252791190346e-05
1.2593333333333332 9.999312798040113e-05
1.2596666666666667 9.99932536950738e-05
1.26 9.999374592916306e-05
1.2603333333333333 9.999275154803701e-05
1.2606666666666666 9.999272676421644e-05
1.261 9.999232356954572e-05
1.2613333333333332 9.999349305006936e-05
1.2616666666666667 9.999488719763172e-05
1.262 9.999302702358555e-05
1.2623333333333333 9.999410454548626e-05
1.2626666666666666 9.999245189328935e-05
1.263 9.999331924723946e-05
1.2633333333333332 9.999416945600011e-05
1.2636666666666667 9.999230750747891e-05
1.264 9.99933098181685e-05
1.2643333333333333 9.999329223279566e-05
1.2646666666666666 9.999191699615732e-05
1.265 9.999308728456136e-05
1.2653333333333332 9.999367137508087e-05
1.2656666666666667 9.999257908016647e-05
1.266 9.999318742017738e-05
1.2663333333333333 9.999381163597378e-05
1.2666666666666666 9.999369829099046e-05
1.267 9.999284638100857e-05
1.2673333333333332 9.999380156366305e-05
1.2676666666666667 9.999377938174735e-05
1.268 9.999285776142057e-05
1.2683333333333333 9.99917197151684e-05
1.2686666666666666 9.999367384770831e-05
1.269 9.999262609289744e-05
1.2693333333333332 9.999374770060249e-05
1.2696666666666667 9.999365964202648e-05
1.27 9.999125070014768e-05
1.2703333333333333 9.999237614153732e-05
1.2706666666666666 9.999356749228431e-05
1.271 9.999118790298547e-05
1.2713333333333332 9.999328152160928e-05
1.2716666666666667 9.999232834769817e-05
1.272 9.999440992422108e-05
1.2723333333333333 9.999217462621254e-05
1.2726666666666666 9.999290365455852e-05
1.273 9.999228665788744e-05
1.2733333333333332 9.99929482242122e-05
1.2736666666666667 9.999193552083418e-05
1.274 9.999102074356958e-05
1.2743333333333333 9.999164985198666e-05
1.2746666666666666 9.999340616050438e-05
1.275 9.999315794619584e-05
1.2753333333333332 9.999268791961346e-05
1.2756666666666667 9.999293691384917e-05
1.276 9.999212020991283e-05
1.2763333333333333 9.999261508994728e-05
1.2766666666666666 9.999324192128898e-05
1.277 9.999256325066818e-05
1.2773333333333332 9.999295636022769e-05
1.2776666666666667 9.999366781340233e-05
1.278 9.999341801767824e-05
1.2783333333333333 9.999297943065526e-05
1.2786666666666666 9.999244049322866e-05
1.279 9.999188964629371e-05
1.2793333333333332 9.99917520817299e-05
1.2796666666666667 9.999136380808614e-05
1.28 9.999071330640739e-05
1.2803333333333333 9.999319862652525e-05
1.2806666666666666 9.999086305714764e-05
1.281 9.999353446101431e-05
1.2813333333333332 9.999249317975067e-05
1.2816666666666667 9.999113726318832e-05
1.282 9.999284373168647e-05
1.2823333333333333 9.999279710739729e-05
1.2826666666666666 9.999252228026693e-05
1.283 9.999389140596195e-05
1.2833333333333332 9.999165229579997e-05
1.2836666666666667 9.999056051828555e-05
1.284 9.999289339571118e-05
1.2843333333333333 9.99934092541307e-05
1.2846666666666666 9.999109683637265e-05
1.285 9.99905328207133e-05
1.2853333333333332 9.99923107745242e-05
1.2856666666666665 9.999245709741798e-05
1.286 9.999098129991197e-05
1.2863333333333333 9.999295467202251e-05
1.2866666666666666 9.999203584173671e-05
1.287 9.999280148733084e-05
1.2873333333333332 9.99912780084175e-05
1.2876666666666665 9.999161588717463e-05
1.288 9.999196198897032e-05
1.2883333333333333 9.999213641935743e-05
1.2886666666666666 9.99924065094595e-05
1.289 9.99922661285814e-05
1.2893333333333332 9.99925666647009e-05
1.2896666666666665 9.999246523613866e-05
1.29 9.99913767818216e-05
1.2903333333333333 9.999217319563264e-05
1.2906666666666666 9.999207002036525e-05
1.291 9.999242377047352e-05
1.2913333333333332 9.999341233196686e-05
1.2916666666666665 9.999317205547717e-05
1.292 9.99924753986043e-05
1.2923333333333333 9.999233161008194e-05
1.2926666666666666 9.99916505023607e-05
1.293 9.999212534087887e-05
1.2933333333333332 9.99929132439571e-05
1.2936666666666665 9.99932607750302e-05
1.294 9.999088860336789e-05
1.2943333333333333 9.999069964349445e-05
1.2946666666666666 9.99935452833877e-05
1.295 9.999181607747593e-05
1.2953333333333332 9.999211972467669e-05
1.2956666666666665 9.999242420012984e-05
1.296 9.999273901435266e-05
1.2963333333333333 9.999221077092964e-05
1.2966666666666666 9.999288000101943e-05
1.297 9.999153605131717e-05
1.2973333333333332 9.999097188532783e-05
1.2976666666666665 9.999170214004504e-05
1.298 9.999120017886846e-05
1.2983333333333333 9.999139605837028e-05
1.2986666666666666 9.999171523221356e-05
1.299 9.998986785493185e-05
1.2993333333333332 9.999238269506482e-05
1.2996666666666665 9.99926605599933e-05
1.3 9.99922263396635e-05
1.3003333333333333 9.999226817303738e-05
1.3006666666666666 9.99922799294198e-05
1.301 9.999201329872184e-05
1.3013333333333332 9.999325099149593e-05
1.3016666666666665 9.99898989415992e-05
1.302 9.999246902847598e-05
1.3023333333333333 9.999366752806641e-05
1.3026666666666666 9.999206750183688e-05
1.303 9.999122486037492e-05
1.3033333333333332 9.999131748968993e-05
1.3036666666666665 9.999014498942962e-05
1.304 9.999313643006691e-05
1.3043333333333333 9.999232458557356e-05
1.3046666666666666 9.999220720384784e-05
1.305 9.99915152071121e-05
1.3053333333333332 9.999228912652498e-05
1.3056666666666665 9.999283368821048e-05
1.306 9.999121682715872e-05
1.3063333333333333 9.999182581668153e-05
1.3066666666666666 9.999162889370229e-05
1.307 9.999088287460839e-05
1.3073333333333332 9.9991112649346e-05
1.3076666666666665 9.99924066588104e-05
1.308 9.998978104966164e-05
1.3083333333333333 9.999262697380496e-05
1.3086666666666666 9.99912145199132e-05
1.309 9.99904571172468e-05
1.3093333333333332 9.999442631760575e-05
1.3096666666666665 9.999025097621865e-05
1.31 9.999225770794242e-05
1.3103333333333333 9.99902693758792e-05
1.3106666666666666 9.999030962209234e-05
1.311 9.999255633259124e-05
1.3113333333333332 9.999252026577607e-05
1.3116666666666665 9.999384677734847e-05
1.312 9.999231496105099e-05
1.3123333333333334 9.999053889016036e-05
1.3126666666666666 9.99891226467843e-05
1.313 9.99900962473453e-05
1.3133333333333332 9.99905068591447e-05
1.3136666666666665 9.999264231921123e-05
1.314 9.99918555251891e-05
1.3143333333333334 9.999169187292966e-05
1.3146666666666667 9.999012985230889e-05
1.315 9.999157776611095e-05
1.3153333333333332 9.999256714042475e-05
1.3156666666666665 9.998962950133919e-05
1.316 9.999268215670817e-05
1.3163333333333334 9.999223198633841e-05
1.3166666666666667 9.999260836263609e-05
1.317 9.999161088524895e-05
1.3173333333333332 9.998882286859595e-05
1.3176666666666665 9.999102038708679e-05
1.318 9.999042561965766e-05
1.3183333333333334 9.998982101507738e-05
1.3186666666666667 9.999031578192997e-05
1.319 9.998929383850098e-05
1.3193333333333332 9.998980596890164e-05
1.3196666666666665 9.999075147084638e-05
1.32 9.999290280193503e-05
1.3203333333333334 9.999227584704403e-05
1.3206666666666667 9.998811716960818e-05
1.321 9.999067031372939e-05
1.3213333333333332 9.999359390739477e-05
1.3216666666666665 9.999028875798517e-05
1.322 9.999024597725618e-05
1.3223333333333334 9.998963931084014e-05
1.3226666666666667 9.998848878399056e-05
1.323 9.999170782596787e-05
1.3233333333333333 9.999158703135007e-05
1.3236666666666665 9.999008800091784e-05
1.324 9.999305548650622e-05
1.3243333333333334 9.999151200913442e-05
1.3246666666666667 9.998977642647244e-05
1.325 9.999294105800901e-05
1.3253333333333333 9.999169167377912e-05
1.3256666666666665 9.999153627463363e-05
1.3259999999999998 9.998993770923606e-05
1.3263333333333334 9.999165154609095e-05
1.3266666666666667 9.999158345727185e-05
1.327 9.999050590037859e-05
1.3273333333333333 9.999045940656983e-05
1.3276666666666666 9.998898575488704e-05
1.3279999999999998 9.99896513706539e-05
1.3283333333333334 9.999077149473059e-05
1.3286666666666667 9.99891144443399e-05
1.329 9.999197193510399e-05
1.3293333333333333 9.99908031988765e-05
1.3296666666666666 9.999178973847672e-05
1.3299999999999998 9.998934261423808e-05
1.3303333333333334 9.999067461140478e-05
1.3306666666666667 9.998849200591693e-05
1.331 9.99910178359713e-05
1.3313333333333333 9.999072158637415e-05
1.3316666666666666 9.999091186184292e-05
1.3319999999999999 9.998946719240329e-05
1.3323333333333334 9.998834917883593e-05
1.3326666666666667 9.999195560918884e-05
1.333 9.999089332311905e-05
1.3333333333333333 9.998914442731236e-05
1.3336666666666666 9.998841270194326e-05
1.3339999999999999 9.999115435953252e-05
1.3343333333333334 9.999170153003561e-05
1.3346666666666667 9.998793274347826e-05
1.335 9.999272765093025e-05
1.3353333333333333 9.99905105850105e-05
1.3356666666666666 9.999085158785256e-05
1.3359999999999999 9.999028218554531e-05
1.3363333333333334 9.999135855045988e-05
1.3366666666666667 9.999025442822862e-05
1.337 9.99905362441752e-05
1.3373333333333333 9.998958791658521e-05
1.3376666666666666 9.998952890699523e-05
1.3379999999999999 9.999281542792607e-05
1.3383333333333334 9.99912434622156e-05
1.3386666666666667 9.99898053695022e-05
1.339 9.998935253776369e-05
1.3393333333333333 9.999073635497787e-05
1.3396666666666666 9.999167749041448e-05
1.3399999999999999 9.999217493985466e-05
1.3403333333333334 9.998953369120602e-05
1.3406666666666667 9.99885672138787e-05
1.341 9.998971121448832e-05
1.3413333333333333 9.999169661525724e-05
1.3416666666666666 9.998911336674718e-05
1.3419999999999999 9.998847972276155e-05
1.3423333333333334 9.998989463893183e-05
1.3426666666666667 9.9990463183465e-05
1.343 9.999181020615752e-05
1.3433333333333333 9.999106180468877e-05
1.3436666666666666 9.998855372582404e-05
1.3439999999999999 9.999217225677591e-05
1.3443333333333334 9.999006702046177e-05
1.3446666666666667 9.999069784621222e-05
1.345 9.999204322390327e-05
1.3453333333333333 9.998970335704922e-05
1.3456666666666666 9.999104889165015e-05
1.3459999999999999 9.999074870864576e-05
1.3463333333333334 9.99901698372263e-05
1.3466666666666667 9.998913238294462e-05
1.347 9.999153952210861e-05
1.3473333333333333 9.999112881308334e-05
1.3476666666666666 9.998994078702744e-05
1.3479999999999999 9.998831119070624e-05
1.3483333333333334 9.999032209065587e-05
1.3486666666666667 9.998808519122608e-05
1.349 9.999016028159778e-05
1.3493333333333333 9.998994816915187e-05
1.3496666666666666 9.998948938504697e-05
1.3499999999999999 9.998971424763884e-05
1.3503333333333334 9.998707535263844e-05
1.3506666666666667 9.998842770483339e-05
1.351 9.999056065091883e-05
1.3513333333333333 9.998941114539328e-05
1.3516666666666666 9.999015043812338e-05
1.3519999999999999 9.998897330421387e-05
1.3523333333333334 9.999071424254722e-05
1.3526666666666667 9.999121024777162e-05
1.353 9.998828194900713e-05
1.3533333333333333 9.998945785300977e-05
1.3536666666666666 9.99911905554905e-05
1.3539999999999999 9.998967483155402e-05
1.3543333333333334 9.99894873594766e-05
1.3546666666666667 9.999003256344895e-05
1.355 9.998843654115039e-05
1.3553333333333333 9.998707657472378e-05
1.3556666666666666 9.99877353747215e-05
1.3559999999999999 9.998854929177548e-05
1.3563333333333334 9.99898751021234e-05
1.3566666666666667 9.999101727010565e-05
1.357 9.998868621203941e-05
1.3573333333333333 9.999017364354684e-05
1.3576666666666666 9.998963280435515e-05
1.3579999999999999 9.998977772759136e-05
1.3583333333333334 9.999096518949315e-05
1.3586666666666667 9.998936893569288e-05
1.359 9.998889214249843e-05
1.3593333333333333 9.998725547917956e-05
1.3596666666666666 9.999149284075219e-05
1.3599999999999999 9.998856470695281e-05
1.3603333333333334 9.99906772268829e-05
1.3606666666666667 9.999027885587635e-05
1.361 9.998620047600579e-05
1.3613333333333333 9.998767537842059e-05
1.3616666666666666 9.999038269701298e-05
1.3619999999999999 9.998730755780167e-05
1.3623333333333334 9.998861457451063e-05
1.3626666666666667 9.999014074178803e-05
1.363 9.998784404360468e-05
1.3633333333333333 9.998951080732287e-05
1.3636666666666666 9.998887859130764e-05
1.3639999999999999 9.998832467770183e-05
1.3643333333333334 9.998988959766408e-05
1.3646666666666667 9.998933141546462e-05
1.365 9.99918213809701e-05
1.3653333333333333 9.999008679959302e-05
1.3656666666666666 9.99871784554446e-05
1.3659999999999999 9.998961460232828e-05
1.3663333333333332 9.998978579467237e-05
1.3666666666666667 9.998973256363549e-05
1.367 9.998994851673891e-05
1.3673333333333333 9.998900671544903e-05
1.3676666666666666 9.998801636834988e-05
1.3679999999999999 9.99885812957656e-05
1.3683333333333332 9.998800648560378e-05
1.3686666666666667 9.998900597099146e-05
1.369 9.998707999559263e-05
1.3693333333333333 9.99895202750294e-05
1.3696666666666666 9.998871736373011e-05
1.3699999999999999 9.998686965360927e-05
1.3703333333333332 9.998914839453361e-05
1.3706666666666667 9.99898067860806e-05
1.371 9.998773361122856e-05
1.3713333333333333 9.998708986689153e-05
1.3716666666666666 9.998787454885069e-05
1.3719999999999999 9.9989670971525e-05
1.3723333333333332 9.99886739100192e-05
1.3726666666666667 9.998912329162534e-05
1.373 9.998830307477869e-05
1.3733333333333333 9.998851161124408e-05
1.3736666666666666 9.998822200263766e-05
1.3739999999999999 9.998973260072427e-05
1.3743333333333332 9.998931711098662e-05
1.3746666666666667 9.99893528155675e-05
1.375 9.998831281608305e-05
1.3753333333333333 9.998611717793642e-05
1.3756666666666666 9.998760040001011e-05
1.376 9.998784704460594e-05
1.3763333333333332 9.99875506389458e-05
1.3766666666666667 9.998942521615671e-05
1.377 9.99914282366423e-05
1.3773333333333333 9.998882315293268e-05
1.3776666666666666 9.999042757481501e-05
1.378 9.998997906065439e-05
1.3783333333333332 9.998933925138115e-05
1.3786666666666667 9.998953842520138e-05
1.379 9.998853404251871e-05
1.3793333333333333 9.998650398934254e-05
1.3796666666666666 9.998802494394916e-05
1.38 9.998988625303367e-05
1.3803333333333332 9.9990224267228e-05
1.3806666666666667 9.998701747640813e-05
1.381 9.998466366862204e-05
1.3813333333333333 9.998926541631103e-05
1.3816666666666666 9.998558380307821e-05
1.382 9.998988701930768e-05
1.3823333333333332 9.998794640155511e-05
1.3826666666666667 9.998824280862347e-05
1.383 9.998907045190063e-05
1.3833333333333333 9.998706081732579e-05
1.3836666666666666 9.998881108908034e-05
1.384 9.999111061385945e-05
1.3843333333333332 9.998702344805978e-05
1.3846666666666667 9.998875574078279e-05
1.385 9.998883487774034e-05
1.3853333333333333 9.998728088418591e-05
1.3856666666666666 9.998900718937996e-05
1.386 9.998842485365594e-05
1.3863333333333332 9.998723765718828e-05
1.3866666666666667 9.999002227825327e-05
1.387 9.998847473983844e-05
1.3873333333333333 9.99886976143851e-05
1.3876666666666666 9.999086878790265e-05
1.388 9.998906256974034e-05
1.3883333333333332 9.998886589112702e-05
1.3886666666666667 9.998809938118275e-05
1.389 9.998793014939715e-05
1.3893333333333333 9.998752582882707e-05
1.3896666666666666 9.998874806040288e-05
1.39 9.998838619081973e-05
1.3903333333333332 9.999101689835385e-05
1.3906666666666667 9.998597894910346e-05
1.391 9.998850925102776e-05
1.3913333333333333 9.998895682317754e-05
1.3916666666666666 9.998749955156219e-05
1.392 9.998837736347378e-05
1.3923333333333332 9.998871635659165e-05
1.3926666666666667 9.998936791889359e-05
1.393 9.998710036760239e-05
1.3933333333333333 9.998904755758428e-05
1.3936666666666666 9.998589525887422e-05
1.394 9.998475629686611e-05
1.3943333333333332 9.998767120271858e-05
1.3946666666666667 9.998956667797753e-05
1.395 9.998806343206242e-05
1.3953333333333333 9.998672789029692e-05
1.3956666666666666 9.999013673095728e-05
1.396 9.998677632794507e-05
1.3963333333333332 9.998867394013348e-05
1.3966666666666667 9.998940926513164e-05
1.397 9.998761326531157e-05
1.3973333333333333 9.998752586796533e-05
1.3976666666666666 9.998797795516557e-05
1.398 9.998997877564602e-05
1.3983333333333332 9.998879178193675e-05
1.3986666666666667 9.998697314640888e-05
1.399 9.998721587271707e-05
1.3993333333333333 9.998682494876895e-05
1.3996666666666666 9.998732526451068e-05
1.4 9.998736881178664e-05
1.4003333333333332 9.999034312569223e-05
1.4006666666666667 9.998762850770317e-05
1.401 9.998817939889023e-05
1.4013333333333333 9.998523874587833e-05
1.4016666666666666 9.998863441140726e-05
1.402 9.998938891649616e-05
1.4023333333333332 9.99888692903353e-05
1.4026666666666667 9.998826367188668e-05
1.403 9.998705541571896e-05
1.4033333333333333 9.999000009033668e-05
1.4036666666666666 9.998778346577482e-05
1.404 9.99883707596239e-05
1.4043333333333332 9.998736217539821e-05
1.4046666666666667 9.998985003258648e-05
1.405 9.998854060712885e-05
1.4053333333333333 9.998919972048242e-05
1.4056666666666666 9.998675407419308e-05
1.406 9.998730624070214e-05
1.4063333333333332 9.998627753329562e-05
1.4066666666666665 9.998842352047805e-05
1.407 9.999138594114123e-05
1.4073333333333333 9.998701867902862e-05
1.4076666666666666 9.998701224202924e-05
1.408 9.998833486706648e-05
1.4083333333333332 9.99879337615914e-05
1.4086666666666665 9.998598681161342e-05
1.409 9.998859658957382e-05
1.4093333333333333 9.998932176360942e-05
1.4096666666666666 9.998528843139952e-05
1.41 9.998903949302977e-05
1.4103333333333332 9.99875354282367e-05
1.4106666666666665 9.998636316824915e-05
1.411 9.998706863248564e-05
1.4113333333333333 9.998962978725495e-05
1.4116666666666666 9.998509018304862e-05
1.412 9.998648733169239e-05
1.4123333333333332 9.9988411183748e-05
1.4126666666666665 9.998899808984733e-05
1.413 9.998707893206305e-05
1.4133333333333333 9.998754611018324e-05
1.4136666666666666 9.998736786113132e-05
1.414 9.998400703357081e-05
1.4143333333333332 9.998796499220984e-05
1.4146666666666665 9.998671785799743e-05
1.415 9.998755734655567e-05
1.4153333333333333 9.998826202805997e-05
1.4156666666666666 9.9985979029662e-05
1.416 9.998730553554316e-05
1.4163333333333332 9.998564235308432e-05
1.4166666666666665 9.998675530374259e-05
1.417 9.998895962837815e-05
1.4173333333333333 9.998496160293114e-05
1.4176666666666666 9.998577823332214e-05
1.418 9.998481032693206e-05
1.4183333333333332 9.998629781105293e-05
1.4186666666666665 9.998465174601821e-05
1.419 9.998462770033242e-05
1.4193333333333333 9.998604577954843e-05
1.4196666666666666 9.998908386967566e-05
1.42 9.998747952907917e-05
1.4203333333333332 9.9985472685051e-05
1.4206666666666665 9.998797676685164e-05
1.421 9.998805583087773e-05
1.4213333333333333 9.998451972972957e-05
1.4216666666666666 9.998618607319437e-05
1.422 9.99862767784247e-05
1.4223333333333332 9.998802151976005e-05
1.4226666666666665 9.99876940026831e-05
1.423 9.998513536221909e-05
1.4233333333333333 9.998795303550196e-05
1.4236666666666666 9.99834652827248e-05
1.424 9.999029755116107e-05
1.4243333333333332 9.998694948699779e-05
1.4246666666666665 9.998798449622573e-05
1.425 9.998698227645405e-05
1.4253333333333333 9.998782497451827e-05
1.4256666666666666 9.99847657899959e-05
1.426 9.998983198176015e-05
1.4263333333333332 9.998677438046152e-05
1.4266666666666665 9.998371606444646e-05
1.427 9.998592824343197e-05
1.4273333333333333 9.998899009146e-05
1.4276666666666666 9.998342951780958e-05
1.428 9.998466232066818e-05
1.4283333333333332 9.99879519525659e-05
1.4286666666666665 9.99877094738362e-05
1.429 9.998649105685017e-05
1.4293333333333333 9.998665295427828e-05
1.4296666666666666 9.998397425986313e-05
1.43 9.998556779899855e-05
1.4303333333333332 9.998669702421467e-05
1.4306666666666665 9.99872030705367e-05
1.431 9.998641143177739e-05
1.4313333333333333 9.998414221348961e-05
1.4316666666666666 9.998853952349216e-05
1.432 9.998656384152157e-05
1.4323333333333332 9.998279184585407e-05
1.4326666666666665 9.998518875408022e-05
1.433 9.998800776577752e-05
1.4333333333333333 9.99849654098387e-05
1.4336666666666666 9.998353229211415e-05
1.434 9.998709594769929e-05
1.4343333333333332 9.998634214662912e-05
1.4346666666666665 9.998517406521149e-05
1.435 9.998648462680172e-05
1.4353333333333333 9.998737889960676e-05
1.4356666666666666 9.9986508875471e-05
1.436 9.998930362486735e-05
1.4363333333333332 9.998543866487822e-05
1.4366666666666665 9.99898141524786e-05
1.437 9.998635980854727e-05
1.4373333333333334 9.998827100566593e-05
1.4376666666666666 9.998336061576772e-05
1.438 9.998518179189089e-05
1.4383333333333332 9.998646183944793e-05
1.4386666666666665 9.998838889740079e-05
1.439 9.998622641827962e-05
1.4393333333333334 9.998318304695152e-05
1.4396666666666667 9.998554024608607e-05
1.44 9.998584643086748e-05
1.4403333333333332 9.998495298927355e-05
1.4406666666666665 9.998557395443132e-05
1.441 9.99841619220517e-05
1.4413333333333334 9.998612493313529e-05
1.4416666666666667 9.9984705934307e-05
1.442 9.998769125292913e-05
1.4423333333333332 9.998661905123328e-05
1.4426666666666665 9.998792865264495e-05
1.443 9.998858829408758e-05
1.4433333333333334 9.998485065157144e-05
1.4436666666666667 9.998791162124545e-05
1.444 9.998625757701115e-05
1.4443333333333332 9.998666459327824e-05
1.4446666666666665 9.998659551871022e-05
1.445 9.998488123537975e-05
1.4453333333333334 9.998302560376064e-05
1.4456666666666667 9.998291129425564e-05
1.446 9.998453730264585e-05
1.4463333333333332 9.998655562077567e-05
1.4466666666666665 9.998743935026119e-05
1.4469999999999998 9.998330433582916e-05
1.4473333333333334 9.9984830832416e-05
1.4476666666666667 9.998539861793023e-05
1.448 9.998484882739708e-05
1.4483333333333333 9.99870846371244e-05
1.4486666666666665 9.998465446229642e-05
1.4489999999999998 9.998738616565288e-05
1.4493333333333334 9.998394501132364e-05
1.4496666666666667 9.998499022477273e-05
1.45 9.998544850754608e-05
1.4503333333333333 9.998650799860568e-05
1.4506666666666665 9.998648393881169e-05
1.4509999999999998 9.99816500336468e-05
1.4513333333333334 9.998421243221246e-05
1.4516666666666667 9.998247861818194e-05
1.452 9.998288791498076e-05
1.4523333333333333 9.998595495960251e-05
1.4526666666666666 9.99869432045773e-05
1.4529999999999998 9.998331549856862e-05
1.4533333333333334 9.99864255984813e-05
1.4536666666666667 9.998610688215366e-05
1.454 9.998626252589356e-05
1.4543333333333333 9.998588127252957e-05
1.4546666666666666 9.998343622367781e-05
1.4549999999999998 9.998520884200781e-05
1.4553333333333334 9.998459993490047e-05
1.4556666666666667 9.998396575502628e-05
1.456 9.998399982960707e-05
1.4563333333333333 9.998622704858905e-05
1.4566666666666666 9.998591086450231e-05
1.4569999999999999 9.998457616729304e-05
1.4573333333333334 9.998664177448157e-05
1.4576666666666667 9.998667660715727e-05
1.458 9.998400615913287e-05
1.4583333333333333 9.998491189307797e-05
1.4586666666666666 9.998600426545942e-05
1.4589999999999999 9.998474612494075e-05
1.4593333333333334 9.99855562890423e-05
1.4596666666666667 9.998587657695523e-05
1.46 9.998453787075219e-05
1.4603333333333333 9.998645359969364e-05
1.4606666666666666 9.998569807312881e-05
1.4609999999999999 9.998770036153063e-05
1.4613333333333334 9.998619802326416e-05
1.4616666666666667 9.998778824251079e-05
1.462 9.998519832468304e-05
1.4623333333333333 9.998334169904132e-05
1.4626666666666666 9.998578479090934e-05
1.4629999999999999 9.998321337032207e-05
1.4633333333333334 9.998563419024753e-05
1.4636666666666667 9.998438549321676e-05
1.464 9.998525413015919e-05
1.4643333333333333 9.998433491632925e-05
1.4646666666666666 9.998519427705061e-05
1.4649999999999999 9.998495831000258e-05
1.4653333333333334 9.998499404437546e-05
1.4656666666666667 9.99849426954938e-05
1.466 9.998583454156372e-05
1.4663333333333333 9.998531132147695e-05
1.4666666666666666 9.998557142714811e-05
1.4669999999999999 9.998288856405985e-05
1.4673333333333334 9.998659598321181e-05
1.4676666666666667 9.998634817221406e-05
1.468 9.998604830737446e-05
1.4683333333333333 9.998740016886747e-05
1.4686666666666666 9.998447806604236e-05
1.4689999999999999 9.998439482429295e-05
1.4693333333333334 9.998717046887279e-05
1.4696666666666667 9.998346974034446e-05
1.47 9.998736143295868e-05
1.4703333333333333 9.998546927546777e-05
1.4706666666666666 9.998254883637624e-05
1.4709999999999999 9.99833346547163e-05
1.4713333333333334 9.998784675574141e-05
1.4716666666666667 9.99874233819826e-05
1.472 9.998412609407086e-05
1.4723333333333333 9.998336293300675e-05
1.4726666666666666 9.998344913965045e-05
1.4729999999999999 9.998709874712898e-05
1.4733333333333334 9.998416616275304e-05
1.4736666666666667 9.998394257857755e-05
1.474 9.998204922758915e-05
1.4743333333333333 9.998474654298507e-05
1.4746666666666666 9.998204679283192e-05
1.4749999999999999 9.998649287721532e-05
1.4753333333333334 9.998217237777e-05
1.4756666666666667 9.998719510055694e-05
1.476 9.998412273304582e-05
1.4763333333333333 9.998262527722047e-05
1.4766666666666666 9.99837119818146e-05
1.4769999999999999 9.99870450916252e-05
1.4773333333333334 9.998570969252123e-05
1.4776666666666667 9.998289339989752e-05
1.478 9.998606681960448e-05
1.4783333333333333 9.99855789706929e-05
1.4786666666666666 9.998600653143902e-05
1.4789999999999999 9.9984138848538e-05
1.4793333333333334 9.998794113958036e-05
1.4796666666666667 9.998385824309017e-05
1.48 9.998476981013724e-05
1.4803333333333333 9.998475015007084e-05
1.4806666666666666 9.998364039791618e-05
1.4809999999999999 9.998550159073707e-05
1.4813333333333334 9.998357667515845e-05
1.4816666666666667 9.998309480195259e-05
1.482 9.998373924538883e-05
1.4823333333333333 9.9982120461934e-05
1.4826666666666666 9.99843410240294e-05
1.4829999999999999 9.998786378033859e-05
1.4833333333333334 9.998474253430562e-05
1.4836666666666667 9.998664676434717e-05
1.484 9.998410437974227e-05
1.4843333333333333 9.998474384709729e-05
1.4846666666666666 9.998636476605991e-05
1.4849999999999999 9.998676673627788e-05
1.4853333333333334 9.998071859854116e-05
1.4856666666666667 9.998175247641564e-05
1.486 9.998174328311713e-05
1.4863333333333333 9.998257368904837e-05
1.4866666666666666 9.998220115461298e-05
1.4869999999999999 9.998300296195381e-05
1.4873333333333332 9.998448349511186e-05
1.4876666666666667 9.998410560275069e-05
1.488 9.998626707291827e-05
1.4883333333333333 9.9983853071783e-05
1.4886666666666666 9.998467095617947e-05
1.4889999999999999 9.998313178644117e-05
1.4893333333333332 9.998262309766346e-05
1.4896666666666667 9.998316491509988e-05
1.49 9.998320931089413e-05
1.4903333333333333 9.997905102000128e-05
1.4906666666666666 9.998339080326286e-05
1.4909999999999999 9.998285238943122e-05
1.4913333333333332 9.998439074314431e-05
1.4916666666666667 9.998394281890061e-05
1.492 9.998590640474809e-05
1.4923333333333333 9.99848714512485e-05
1.4926666666666666 9.998355199152883e-05
1.4929999999999999 9.998347291553529e-05
1.4933333333333332 9.998481210927727e-05
1.4936666666666667 9.99814860213481e-05
1.494 9.998312259478694e-05
1.4943333333333333 9.998094427031355e-05
1.4946666666666666 9.99834108772586e-05
1.4949999999999999 9.998425997398716e-05
1.4953333333333332 9.998147005037519e-05
1.4956666666666667 9.998419546719406e-05
1.496 9.998361660621889e-05
1.4963333333333333 9.998549928890677e-05
1.4966666666666666 9.998257082067018e-05
1.4969999999999999 9.998194402690303e-05
1.4973333333333332 9.998108175626879e-05
1.4976666666666667 9.998372932431944e-05
1.498 9.998241411676683e-05
1.4983333333333333 9.998036580795047e-05
1.4986666666666666 9.998301346834327e-05
1.4989999999999999 9.998510490926284e-05
1.4993333333333332 9.998004093809008e-05
1.4996666666666667 9.998155359809146e-05
1.5 9.998708470845816e-05
1.5003333333333333 9.998208988423403e-05
1.5006666666666666 9.99824795353466e-05
1.501 9.998369600455426e-05
1.5013333333333332 9.99823497483239e-05
1.5016666666666667 9.998184933122323e-05
1.502 9.998199382933283e-05
1.5023333333333333 9.998111951298516e-05
1.5026666666666666 9.998328741924408e-05
1.503 9.998376100063964e-05
1.5033333333333332 9.998626454325147e-05
1.5036666666666667 9.998303074075193e-05
1.504 9.998402428716434e-05
1.5043333333333333 9.998300377032614e-05
1.5046666666666666 9.998369347631692e-05
1.505 9.998050446547012e-05
1.5053333333333332 9.998411699272213e-05
1.5056666666666667 9.998573246932045e-05
1.506 9.998211921248783e-05
1.5063333333333333 9.998209483201146e-05
1.5066666666666666 9.998211192360228e-05
1.507 9.99833586262223e-05
1.5073333333333332 9.998244539633836e-05
1.5076666666666667 9.998345430048663e-05
1.508 9.998095425975646e-05
1.5083333333333333 9.998409963491924e-05
1.5086666666666666 9.998018765669566e-05
1.509 9.998328711933641e-05
1.5093333333333332 9.998069525356222e-05
1.5096666666666667 9.998089291817606e-05
1.51 9.998251107554997e-05
1.5103333333333333 9.998251796260734e-05
1.5106666666666666 9.998311197126274e-05
1.511 9.998599688169063e-05
1.5113333333333332 9.998372110907521e-05
1.5116666666666667 9.998476551221947e-05
1.512 9.998284662001614e-05
1.5123333333333333 9.998509828733141e-05
1.5126666666666666 9.998321653715287e-05
1.513 9.998076779480419e-05
1.5133333333333332 9.998113959538078e-05
1.5136666666666667 9.99801110326252e-05
1.514 9.997970160822373e-05
1.5143333333333333 9.998314099651588e-05
1.5146666666666666 9.998010471458405e-05
1.515 9.998176762910476e-05
1.5153333333333332 9.998153054745889e-05
1.5156666666666667 9.998127614004914e-05
1.516 9.99794564790193e-05
1.5163333333333333 9.998015363090546e-05
1.5166666666666666 9.998083044437119e-05
1.517 9.998606359769272e-05
1.5173333333333332 9.998315032159077e-05
1.5176666666666667 9.998227625926163e-05
1.518 9.998476638095088e-05
1.5183333333333333 9.997879133904824e-05
1.5186666666666666 9.998331333181132e-05
1.519 9.99836090840557e-05
1.5193333333333332 9.998120348572757e-05
1.5196666666666667 9.998424064464571e-05
1.52 9.997999676205848e-05
1.5203333333333333 9.997713158699717e-05
1.5206666666666666 9.998242119387141e-05
1.521 9.998383631537034e-05
1.5213333333333332 9.998799516514772e-05
1.5216666666666667 9.99823738641525e-05
1.522 9.998169367913142e-05
1.5223333333333333 9.997987105867781e-05
1.5226666666666666 9.998282968500469e-05
1.523 9.998414925572121e-05
1.5233333333333332 9.9978577582145e-05
1.5236666666666667 9.998018345852675e-05
1.524 9.99835358059558e-05
1.5243333333333333 9.998389807696229e-05
1.5246666666666666 9.997924876142219e-05
1.525 9.998127836722448e-05
1.5253333333333332 9.998168291735674e-05
1.5256666666666667 9.997760953897063e-05
1.526 9.998173796343537e-05
1.5263333333333333 9.998154431169996e-05
1.5266666666666666 9.997940586590722e-05
1.527 9.998414023584432e-05
1.5273333333333332 9.998371815420038e-05
1.5276666666666665 9.997899100895319e-05
1.528 9.9978618549134e-05
1.5283333333333333 9.998172634885495e-05
1.5286666666666666 9.997816881542672e-05
1.529 9.998574003339845e-05
1.5293333333333332 9.998157161554804e-05
1.5296666666666665 9.997701731878032e-05
1.53 9.997802185478061e-05
1.5303333333333333 9.998303729569269e-05
1.5306666666666666 9.998090779587466e-05
1.531 9.997755703753956e-05
1.5313333333333332 9.99806134872937e-05
1.5316666666666665 9.997602737192102e-05
1.532 9.9979214489609e-05
1.5323333333333333 9.998000821819594e-05
1.5326666666666666 9.998518463209154e-05
1.533 9.997714755800956e-05
1.5333333333333332 9.99807838806395e-05
1.5336666666666665 9.997849742669513e-05
1.534 9.998451485118306e-05
1.5343333333333333 9.998290270626563e-05
1.5346666666666666 9.997706955651064e-05
1.535 9.998496734722311e-05
1.5353333333333332 9.997932889891413e-05
1.5356666666666665 9.99792953000696e-05
1.536 9.998082453466034e-05
1.5363333333333333 9.998355781801099e-05
1.5366666666666666 9.99781809201565e-05
1.537 9.997860477459162e-05
1.5373333333333332 9.998245009073583e-05
1.5376666666666665 9.997905563468734e-05
1.538 9.99769022652491e-05
1.5383333333333333 9.998054563122507e-05
1.5386666666666666 9.998610157734198e-05
1.539 9.998358237166643e-05
1.5393333333333332 9.998214237496978e-05
1.5396666666666665 9.997991793788396e-05
1.54 9.998352727406273e-05
1.5403333333333333 9.997889958081766e-05
1.5406666666666666 9.998010365239946e-05
1.541 9.997596261369387e-05
1.5413333333333332 9.99824079041008e-05
1.5416666666666665 9.997962292472824e-05
1.542 9.998286561300772e-05
1.5423333333333333 9.99850001056353e-05
1.5426666666666666 9.998012174143256e-05
1.543 9.998431982055536e-05
1.5433333333333332 9.998082953244174e-05
1.5436666666666665 9.99869293204284e-05
1.544 9.997638328745132e-05
1.5443333333333333 9.998220240076533e-05
1.5446666666666666 9.998254955557325e-05
1.545 9.997980203401795e-05
1.5453333333333332 9.998073591050906e-05
1.5456666666666665 9.997976224538005e-05
1.546 9.998334139152877e-05
1.5463333333333333 9.997942305217195e-05
1.5466666666666666 9.997581458414419e-05
1.547 9.998115470700441e-05
1.5473333333333332 9.997614246307306e-05
1.5476666666666665 9.99787297976552e-05
1.548 9.998047590245482e-05
1.5483333333333333 9.997626542007312e-05
1.5486666666666666 9.997933578203648e-05
1.549 9.998239326428505e-05
1.5493333333333332 9.998020670760881e-05
1.5496666666666665 9.997955218641744e-05
1.55 9.997975519452368e-05
1.5503333333333333 9.997657379619778e-05
1.5506666666666666 9.998221414054115e-05
1.551 9.997923791502348e-05
1.5513333333333332 9.997814648435294e-05
1.5516666666666665 9.998012798749147e-05
1.552 9.997876212204823e-05
1.5523333333333333 9.997674189167791e-05
1.5526666666666666 9.997509757458657e-05
1.553 9.997501730973617e-05
1.5533333333333332 9.99807410244188e-05
1.5536666666666665 9.997990270033936e-05
1.554 9.998201447872577e-05
1.5543333333333333 9.997756220991238e-05
1.5546666666666666 9.998061468814988e-05
1.555 9.997916367559973e-05
1.5553333333333332 9.997760696030989e-05
1.5556666666666665 9.998644590698851e-05
1.556 9.998420119129497e-05
1.5563333333333333 9.997625982475747e-05
1.5566666666666666 9.997601709965832e-05
1.557 9.998145150587352e-05
1.5573333333333332 9.997766087799032e-05
1.5576666666666665 9.998140801813297e-05
1.558 9.99749388922593e-05
1.5583333333333333 9.998159346142142e-05
1.5586666666666666 9.997565146976783e-05
1.559 9.997506486260355e-05
1.5593333333333332 9.998221092207141e-05
1.5596666666666665 9.998218748275875e-05
1.56 9.998093925635089e-05
1.5603333333333333 9.997624481302323e-05
1.5606666666666666 9.998217294702644e-05
1.561 9.998128534583019e-05
1.5613333333333332 9.998035808384418e-05
1.5616666666666665 9.997483350382675e-05
1.562 9.997893826078453e-05
1.5623333333333334 9.998046419717834e-05
1.5626666666666666 9.997790544409663e-05
1.563 9.997617543079984e-05
1.5633333333333332 9.997899844336759e-05
1.5636666666666665 9.997876503622814e-05
1.564 9.997955727591767e-05
1.5643333333333334 9.997625980503738e-05
1.5646666666666667 9.997533297648509e-05
1.565 9.997848057043526e-05
1.5653333333333332 9.998078714918973e-05
1.5656666666666665 9.998038906338039e-05
1.566 9.997815873045739e-05
1.5663333333333334 9.997813615801218e-05
1.5666666666666667 9.99794889791016e-05
1.567 9.997595475209068e-05
1.5673333333333332 9.99829492751669e-05
1.5676666666666665 9.9975583655203e-05
1.5679999999999998 9.997739777295175e-05
1.5683333333333334 9.997757253375544e-05
1.5686666666666667 9.998082144717389e-05
1.569 9.997989284809194e-05
1.5693333333333332 9.997985802652595e-05
1.5696666666666665 9.998123161946954e-05
1.5699999999999998 9.998333912073546e-05
1.5703333333333334 9.998094937111368e-05
1.5706666666666667 9.997742887622729e-05
1.571 9.997939584973003e-05
1.5713333333333332 9.997872520483772e-05
1.5716666666666665 9.998151951399167e-05
1.5719999999999998 9.99777910452585e-05
1.5723333333333334 9.997720980062199e-05
1.5726666666666667 9.997466042268341e-05
1.573 9.998135983706394e-05
1.5733333333333333 9.998391074304358e-05
1.5736666666666665 9.998013376974241e-05
1.5739999999999998 9.998136164459286e-05
1.5743333333333334 9.997475476703205e-05
1.5746666666666667 9.997873866463285e-05
1.575 9.997928459365154e-05
1.5753333333333333 9.998197948531694e-05
1.5756666666666665 9.997683560769566e-05
1.5759999999999998 9.997740611382593e-05
1.5763333333333334 9.997794420328526e-05
1.5766666666666667 9.99841946680584e-05
1.577 9.998058184076426e-05
1.5773333333333333 9.997558658020584e-05
1.5776666666666666 9.998089939427213e-05
1.5779999999999998 9.998110247633794e-05
1.5783333333333334 9.997893088900265e-05
1.5786666666666667 9.99765619947085e-05
1.579 9.99829922934709e-05
1.5793333333333333 9.997602690003615e-05
1.5796666666666666 9.997956347561357e-05
1.5799999999999998 9.998072036069557e-05
1.5803333333333334 9.998223261788157e-05
1.5806666666666667 9.997629088189921e-05
1.581 9.997696394699917e-05
1.5813333333333333 9.997798937154654e-05
1.5816666666666666 9.998055529450328e-05
1.5819999999999999 9.997839927423447e-05
1.5823333333333334 9.997560337727622e-05
1.5826666666666667 9.997672325243248e-05
1.583 9.997854824639836e-05
1.5833333333333333 9.997786770586901e-05
1.5836666666666666 9.997892155813651e-05
1.5839999999999999 9.997544736156589e-05
1.5843333333333334 9.997965126525861e-05
1.5846666666666667 9.997441067819622e-05
1.585 9.997565703977859e-05
1.5853333333333333 9.998017969670088e-05
1.5856666666666666 9.997612827188046e-05
1.5859999999999999 9.997705591835554e-05
1.5863333333333334 9.997230140222436e-05
1.5866666666666667 9.998251067666548e-05
1.587 9.998263698779577e-05
1.5873333333333333 9.997759376487567e-05
1.5876666666666666 9.997601972746407e-05
1.5879999999999999 9.997232593589443e-05
1.5883333333333334 9.997669803336305e-05
1.5886666666666667 9.998318929974684e-05
1.589 9.997301441857869e-05
1.5893333333333333 9.99747855648466e-05
1.5896666666666666 9.997514749677524e-05
1.5899999999999999 9.997917150438101e-05
1.5903333333333334 9.997484934982532e-05
1.5906666666666667 9.99716511153914e-05
1.591 9.998110944821232e-05
1.5913333333333333 9.997730417273592e-05
1.5916666666666666 9.997668236957453e-05
1.5919999999999999 9.998059003844611e-05
1.5923333333333334 9.997939722787378e-05
1.5926666666666667 9.997781744741735e-05
1.593 9.997367132619692e-05
1.5933333333333333 9.99742505798346e-05
1.5936666666666666 9.997412412941977e-05
1.5939999999999999 9.997856318466943e-05
1.5943333333333334 9.998011616076779e-05
1.5946666666666667 9.997707726910268e-05
1.595 9.997047678788015e-05
1.5953333333333333 9.997759316043689e-05
1.5956666666666666 9.997674714273165e-05
1.5959999999999999 9.997709309553582e-05
1.5963333333333334 9.997645164796945e-05
1.5966666666666667 9.997834716641151e-05
1.597 9.997941113680125e-05
1.5973333333333333 9.9978295550983e-05
1.5976666666666666 9.99761885479188e-05
1.5979999999999999 9.997800355686904e-05
1.5983333333333334 9.99822347089222e-05
1.5986666666666667 9.997615820532665e-05
1.599 9.997994641699321e-05
1.5993333333333333 9.997631889214749e-05
1.5996666666666666 9.997934442504018e-05
1.5999999999999999 9.997717263858861e-05
1.6003333333333334 9.997523260326574e-05
1.6006666666666667 9.997316553439614e-05
1.601 9.997929443002688e-05
1.6013333333333333 9.997939062671365e-05
1.6016666666666666 9.997277961826918e-05
1.6019999999999999 9.997555070484932e-05
1.6023333333333334 9.997807393497722e-05
1.6026666666666667 9.997559173171062e-05
1.603 9.997622717339596e-05
1.6033333333333333 9.99703503085564e-05
1.6036666666666666 9.997591308249697e-05
1.6039999999999999 9.997749768859255e-05
1.6043333333333334 9.997902833262332e-05
1.6046666666666667 9.997590529840298e-05
1.605 9.997542030155364e-05
1.6053333333333333 9.997472046922702e-05
1.6056666666666666 9.99790349521954e-05
1.6059999999999999 9.998075430488704e-05
1.6063333333333332 9.998039316429558e-05
1.6066666666666667 9.997339387317938e-05
1.607 9.997921324153619e-05
1.6073333333333333 9.997601416456886e-05
1.6076666666666666 9.997481364819796e-05
1.6079999999999999 9.997612632941712e-05
1.6083333333333332 9.9979435562795e-05
1.6086666666666667 9.997443789488637e-05
1.609 9.997686484539051e-05
1.6093333333333333 9.997367689404396e-05
1.6096666666666666 9.998132112145907e-05
1.6099999999999999 9.997692914041377e-05
1.6103333333333332 9.997219145879704e-05
1.6106666666666667 9.99767780785927e-05
1.611 9.997729169908075e-05
1.6113333333333333 9.99759517416481e-05
1.6116666666666666 9.997596685116188e-05
1.6119999999999999 9.997650466067892e-05
1.6123333333333332 9.997807980719283e-05
1.6126666666666667 9.997748163739877e-05
1.613 9.997926580010061e-05
1.6133333333333333 9.997514934775827e-05
1.6136666666666666 9.997987457659083e-05
1.6139999999999999 9.997802367997311e-05
1.6143333333333332 9.99724895812604e-05
1.6146666666666667 9.997428928637331e-05
1.615 9.997240378095352e-05
1.6153333333333333 9.997614528652832e-05
1.6156666666666666 9.997588385162086e-05
1.6159999999999999 9.99785534113967e-05
1.6163333333333332 9.997789152422095e-05
1.6166666666666667 9.997409710557536e-05
1.617 9.997002101987052e-05
1.6173333333333333 9.997362848469694e-05
1.6176666666666666 9.997663655251455e-05
1.6179999999999999 9.997650807198687e-05
1.6183333333333332 9.997577818601265e-05
1.6186666666666667 9.99814228887022e-05
1.619 9.997596180858048e-05
1.6193333333333333 9.997211673596143e-05
1.6196666666666666 9.997480110010547e-05
1.6199999999999999 9.99764054554409e-05
1.6203333333333332 9.997506615259964e-05
1.6206666666666667 9.997605440129867e-05
1.621 9.997611748928845e-05
1.6213333333333333 9.997985312431754e-05
1.6216666666666666 9.996982299385567e-05
1.6219999999999999 9.997024048062395e-05
1.6223333333333332 9.997959971571083e-05
1.6226666666666667 9.997368530795748e-05
1.623 9.997567935766007e-05
1.6233333333333333 9.997527841137337e-05
1.6236666666666666 9.997196582366609e-05
1.6239999999999999 9.99743803140971e-05
1.6243333333333332 9.99772907234564e-05
1.6246666666666667 9.998121168873759e-05
1.625 9.996969412089058e-05
1.6253333333333333 9.99740862617216e-05
1.6256666666666666 9.997457151233862e-05
1.626 9.998081987472549e-05
1.6263333333333332 9.997436175392693e-05
1.6266666666666667 9.997402251691703e-05
1.627 9.997892773780793e-05
1.6273333333333333 9.997334388846261e-05
1.6276666666666666 9.997641205736698e-05
1.628 9.997441922228918e-05
1.6283333333333332 9.997227881248965e-05
1.6286666666666667 9.997593553965379e-05
1.629 9.997571739336001e-05
1.6293333333333333 9.997384379499525e-05
1.6296666666666666 9.997724867972508e-05
1.63 9.997325030774258e-05
1.6303333333333332 9.99755596928419e-05
1.6306666666666667 9.997827217384463e-05
1.631 9.997678803456445e-05
1.6313333333333333 9.99696014060898e-05
1.6316666666666666 9.997890516523668e-05
1.632 9.997438034418607e-05
1.6323333333333332 9.997687281581717e-05
1.6326666666666667 9.997266955789816e-05
1.633 9.997310329786146e-05
1.6333333333333333 9.997056459013535e-05
1.6336666666666666 9.997979573093893e-05
1.634 9.997352954078324e-05
1.6343333333333332 9.997530590042103e-05
1.6346666666666667 9.997042256414023e-05
1.635 9.99729062672468e-05
1.6353333333333333 9.997582106613745e-05
1.6356666666666666 9.997833459386899e-05
1.636 9.997418440880648e-05
1.6363333333333332 9.997640802277569e-05
1.6366666666666667 9.997604898626813e-05
1.637 9.997461115975765e-05
1.6373333333333333 9.996686338403423e-05
1.6376666666666666 9.997701904181899e-05
1.638 9.997273865938779e-05
1.6383333333333332 9.997486810961984e-05
1.6386666666666667 9.997544016648688e-05
1.639 9.997326468258923e-05
1.6393333333333333 9.997428636961223e-05
1.6396666666666666 9.997426329182611e-05
1.64 9.99747413686494e-05
1.6403333333333332 9.99728256682891e-05
1.6406666666666667 9.997549218485547e-05
1.641 9.997271112747044e-05
1.6413333333333333 9.997213199221268e-05
1.6416666666666666 9.997561642001256e-05
1.642 9.997385018090507e-05
1.6423333333333332 9.997650327687407e-05
1.6426666666666667 9.997224097204935e-05
1.643 9.997203821340682e-05
1.6433333333333333 9.997133734370487e-05
1.6436666666666666 9.997101078039365e-05
1.644 9.997426716834027e-05
1.6443333333333332 9.997551756787821e-05
1.6446666666666667 9.997020432176581e-05
1.645 9.997576373409569e-05
1.6453333333333333 9.997543099430591e-05
1.6456666666666666 9.997277252772014e-05
1.646 9.997202826163045e-05
1.6463333333333332 9.996895626030705e-05
1.6466666666666665 9.997627831406387e-05
1.647 9.997283082007211e-05
1.6473333333333333 9.996994650576422e-05
1.6476666666666666 9.996881351010218e-05
1.648 9.997232475644129e-05
1.6483333333333332 9.997659608950831e-05
1.6486666666666665 9.997805907554183e-05
1.649 9.9977586131992e-05
1.6493333333333333 9.997430283297097e-05
1.6496666666666666 9.997653217652577e-05
1.65 9.997698043859657e-05
1.6503333333333332 9.997279474633504e-05
1.6506666666666665 9.997158253687515e-05
1.651 9.997556323160383e-05
1.6513333333333333 9.997744310646123e-05
1.6516666666666666 9.997028621784399e-05
1.652 9.997256015226966e-05
1.6523333333333332 9.99756241817416e-05
1.6526666666666665 9.997864593931667e-05
1.653 9.997841477168997e-05
1.6533333333333333 9.99727092490369e-05
1.6536666666666666 9.997730295000144e-05
1.654 9.99686539853931e-05
1.6543333333333332 9.997030223596466e-05
1.6546666666666665 9.99715864678143e-05
1.655 9.99710008120305e-05
1.6553333333333333 9.997444792135394e-05
1.6556666666666666 9.997431835021289e-05
1.656 9.997655681029273e-05
1.6563333333333332 9.997319607556523e-05
1.6566666666666665 9.997592665391936e-05
1.657 9.997579209584665e-05
1.6573333333333333 9.997429626182093e-05
1.6576666666666666 9.99719537888358e-05
1.658 9.997538289054503e-05
1.6583333333333332 9.997019704274835e-05
1.6586666666666665 9.997145426317668e-05
1.659 9.996885109838479e-05
1.6593333333333333 9.997304677383673e-05
1.6596666666666666 9.997912585183432e-05
1.66 9.997270180817734e-05
1.6603333333333332 9.997462051574499e-05
1.6606666666666665 9.996879066594373e-05
1.661 9.997367984529108e-05
1.6613333333333333 9.997454374913025e-05
1.6616666666666666 9.997122351248646e-05
1.662 9.997540964324869e-05
1.6623333333333332 9.997644090751518e-05
1.6626666666666665 9.997312715788619e-05
1.663 9.997073960407874e-05
1.6633333333333333 9.997890618913195e-05
1.6636666666666666 9.997004401204503e-05
1.664 9.996769295357076e-05
1.6643333333333332 9.997236765070273e-05
1.6646666666666665 9.997035508120906e-05
1.665 9.996894696071193e-05
1.6653333333333333 9.996897364771675e-05
1.6656666666666666 9.997332806557883e-05
1.666 9.997574777266324e-05
1.6663333333333332 9.996862332339826e-05
1.6666666666666665 9.997378981414334e-05
1.667 9.996909441858947e-05
1.6673333333333333 9.997534095067118e-05
1.6676666666666666 9.997576459982653e-05
1.668 9.997056428153726e-05
1.6683333333333332 9.997107272323585e-05
1.6686666666666665 9.997035398131894e-05
1.669 9.997740455580201e-05
1.6693333333333333 9.997339707127325e-05
1.6696666666666666 9.997105331804659e-05
1.67 9.99746132234141e-05
1.6703333333333332 9.997171076908065e-05
1.6706666666666665 9.996896416870003e-05
1.671 9.99699398475959e-05
1.6713333333333333 9.997748867017887e-05
1.6716666666666666 9.997385660240679e-05
1.672 9.997818473276554e-05
1.6723333333333332 9.99689516779698e-05
1.6726666666666665 9.99717598836222e-05
1.673 9.997119154309754e-05
1.6733333333333333 9.996605650899613e-05
1.6736666666666666 9.996939229314372e-05
1.674 9.996851715573337e-05
1.6743333333333332 9.997206981632401e-05
1.6746666666666665 9.997275655085575e-05
1.675 9.996808226693684e-05
1.6753333333333333 9.997238942138507e-05
1.6756666666666666 9.997775284711693e-05
1.676 9.997485831416737e-05
1.6763333333333332 9.997032403619018e-05
1.6766666666666665 9.9970052665926e-05
1.677 9.996782382068463e-05
1.6773333333333333 9.997968474167718e-05
1.6776666666666666 9.997095972776248e-05
1.678 9.997057667544037e-05
1.6783333333333332 9.99712839195957e-05
1.6786666666666665 9.996951302646704e-05
1.679 9.99722399901647e-05
1.6793333333333333 9.997248680814067e-05
1.6796666666666666 9.997247290178185e-05
1.68 9.996526232748491e-05
1.6803333333333332 9.997066967570418e-05
1.6806666666666665 9.996753134361083e-05
1.681 9.99692426234872e-05
1.6813333333333333 9.996985679521016e-05
1.6816666666666666 9.997666557440186e-05
1.682 9.997528243686207e-05
1.6823333333333332 9.996317023125431e-05
1.6826666666666665 9.99669206266614e-05
1.683 9.996945309100957e-05
1.6833333333333333 9.997056670037934e-05
1.6836666666666666 9.996705080146583e-05
1.684 9.99709536826146e-05
1.6843333333333332 9.996990932553054e-05
1.6846666666666665 9.996645287311241e-05
1.685 9.997128560976897e-05
1.6853333333333333 9.996997895235526e-05
1.6856666666666666 9.996407882028983e-05
1.686 9.997474680796374e-05
1.6863333333333332 9.996762293574765e-05
1.6866666666666665 9.996624708439434e-05
1.6869999999999998 9.996942910650408e-05
1.6873333333333334 9.997126434089849e-05
1.6876666666666666 9.997563493441309e-05
1.688 9.997390015905125e-05
1.6883333333333332 9.996760593423147e-05
1.6886666666666665 9.997351506207802e-05
1.6889999999999998 9.996875915536877e-05
1.6893333333333334 9.996946957320425e-05
1.6896666666666667 9.997508761120844e-05
1.69 9.99678592353392e-05
1.6903333333333332 9.997132432634925e-05
1.6906666666666665 9.996602406580314e-05
1.6909999999999998 9.996939475779346e-05
1.6913333333333334 9.99762052431102e-05
1.6916666666666667 9.997135343664004e-05
1.692 9.996993941505859e-05
1.6923333333333332 9.99738248192962e-05
1.6926666666666665 9.996929662712101e-05
1.6929999999999998 9.996804534642203e-05
1.6933333333333334 9.997296390055453e-05
1.6936666666666667 9.997132849076689e-05
1.694 9.997213561707457e-05
1.6943333333333332 9.996979633981099e-05
1.6946666666666665 9.99722758765667e-05
1.6949999999999998 9.997093349934506e-05
1.6953333333333334 9.99696934139263e-05
1.6956666666666667 9.996768119442252e-05
1.696 9.996473797585899e-05
1.6963333333333332 9.99681554738578e-05
1.6966666666666665 9.997099774481567e-05
1.6969999999999998 9.996529756270434e-05
1.6973333333333334 9.996920679252949e-05
1.6976666666666667 9.997202214144463e-05
1.698 9.997394252493153e-05
1.6983333333333333 9.997274651316556e-05
1.6986666666666665 9.996863302162846e-05
1.6989999999999998 9.99729347777527e-05
1.6993333333333334 9.997162303779457e-05
1.6996666666666667 9.996754866616465e-05
1.7 9.99727599512085e-05
1.7003333333333333 9.996878729797084e-05
1.7006666666666665 9.996664771237229e-05
1.7009999999999998 9.996923411776815e-05
1.7013333333333334 9.996588528025661e-05
1.7016666666666667 9.996928093120692e-05
1.702 9.996503454641881e-05
1.7023333333333333 9.996959320650466e-05
1.7026666666666666 9.996753910483932e-05
1.7029999999999998 9.996988924734335e-05
1.7033333333333334 9.997275947874355e-05
1.7036666666666667 9.99695295769484e-05
1.704 9.99674912575801e-05
1.7043333333333333 9.997088444793064e-05
1.7046666666666666 9.996904791409828e-05
1.7049999999999998 9.997636617184556e-05
1.7053333333333334 9.996866588895827e-05
1.7056666666666667 9.996401481255274e-05
1.706 9.99626118581107e-05
1.7063333333333333 9.996429816065739e-05
1.7066666666666666 9.996721007082468e-05
1.7069999999999999 9.997320922954299e-05
1.7073333333333334 9.996588860670689e-05
1.7076666666666667 9.996910380458098e-05
1.708 9.996949958138996e-05
1.7083333333333333 9.997333637033104e-05
1.7086666666666666 9.996757465114072e-05
1.7089999999999999 9.997238679472987e-05
1.7093333333333334 9.996728270023807e-05
1.7096666666666667 9.996799388736461e-05
1.71 9.996928919689948e-05
1.7103333333333333 9.996863147750622e-05
1.7106666666666666 9.996348357784833e-05
1.7109999999999999 9.996858779414489e-05
1.7113333333333334 9.997700818279257e-05
1.7116666666666667 9.996484507414436e-05
1.712 9.99627732080381e-05
1.7123333333333333 9.996690842920054e-05
1.7126666666666666 9.997570280977541e-05
1.7129999999999999 9.997005531178382e-05
1.7133333333333334 9.996910702371165e-05
1.7136666666666667 9.997198351967103e-05
1.714 9.997174885605866e-05
1.7143333333333333 9.996860194835629e-05
1.7146666666666666 9.997015023369791e-05
1.7149999999999999 9.99687842665118e-05
1.7153333333333334 9.996807047212166e-05
1.7156666666666667 9.99688392090329e-05
1.716 9.99597557413754e-05
1.7163333333333333 9.997046352656203e-05
1.7166666666666666 9.996624480450696e-05
1.7169999999999999 9.996184187142922e-05
1.7173333333333334 9.996759823128105e-05
1.7176666666666667 9.996401300668229e-05
1.718 9.996618627430853e-05
1.7183333333333333 9.996987609842997e-05
1.7186666666666666 9.996679953150655e-05
1.7189999999999999 9.996626879506554e-05
1.7193333333333334 9.997050331049386e-05
1.7196666666666667 9.996947328691342e-05
1.72 9.996880771449775e-05
1.7203333333333333 9.997104173614558e-05
1.7206666666666666 9.997193341612716e-05
1.7209999999999999 9.997168166992421e-05
1.7213333333333334 9.996842284816867e-05
1.7216666666666667 9.997111139193129e-05
1.722 9.997213785564035e-05
1.7223333333333333 9.99699963703843e-05
1.7226666666666666 9.996417029073184e-05
1.7229999999999999 9.997312720320046e-05
1.7233333333333334 9.99699577087578e-05
1.7236666666666667 9.996801504074143e-05
1.724 9.99739174128051e-05
1.7243333333333333 9.997125779484346e-05
1.7246666666666666 9.99632448317236e-05
1.7249999999999999 9.996969311389984e-05
1.7253333333333334 9.997047032096831e-05
1.7256666666666667 9.996335502310437e-05
1.726 9.997224488151734e-05
1.7263333333333333 9.997054621868665e-05
1.7266666666666666 9.996487724826606e-05
1.7269999999999999 9.996827548208132e-05
1.7273333333333332 9.99639761095705e-05
1.7276666666666667 9.996775270937759e-05
1.728 9.996450319638925e-05
1.7283333333333333 9.996865414531272e-05
1.7286666666666666 9.996680825542797e-05
1.7289999999999999 9.996796202675046e-05
1.7293333333333332 9.996787352355038e-05
1.7296666666666667 9.996674166130953e-05
1.73 9.997114259473693e-05
1.7303333333333333 9.996906808599405e-05
1.7306666666666666 9.997288214493826e-05
1.7309999999999999 9.996685124343254e-05
1.7313333333333332 9.996298161087772e-05
1.7316666666666667 9.996385044911726e-05
1.732 9.996010146924144e-05
1.7323333333333333 9.996176245369064e-05
1.7326666666666666 9.996696975309677e-05
1.7329999999999999 9.997148143173003e-05
1.7333333333333332 9.99632892517519e-05
1.7336666666666667 9.996391258800995e-05
1.734 9.996875172431786e-05
1.7343333333333333 9.99698814935921e-05
1.7346666666666666 9.996813225433811e-05
1.7349999999999999 9.996707043187955e-05
1.7353333333333332 9.996348537291159e-05
1.7356666666666667 9.996637357744965e-05
1.736 9.996808354097735e-05
1.7363333333333333 9.996710939458313e-05
1.7366666666666666 9.996463927722897e-05
1.7369999999999999 9.996863840650541e-05
1.7373333333333332 9.99623419718505e-05
1.7376666666666667 9.996457534023831e-05
1.738 9.99690340110892e-05
1.7383333333333333 9.997219160958647e-05
1.7386666666666666 9.99654074077335e-05
1.7389999999999999 9.996714899204781e-05
1.7393333333333332 9.996065155196745e-05
1.7396666666666667 9.996676096037166e-05
1.74 9.996835462624195e-05
1.7403333333333333 9.996527368460353e-05
1.7406666666666666 9.996988214531378e-05
1.7409999999999999 9.99657729782673e-05
1.7413333333333332 9.996733069922662e-05
1.7416666666666667 9.996627236065165e-05
1.742 9.996953189770797e-05
1.7423333333333333 9.996779508043058e-05
1.7426666666666666 9.996768012247326e-05
1.7429999999999999 9.996292458220103e-05
1.7433333333333332 9.995911539084275e-05
1.7436666666666667 9.996695383280717e-05
1.744 9.99659077482892e-05
1.7443333333333333 9.996564713927267e-05
1.7446666666666666 9.996399263487763e-05
1.7449999999999999 9.996177459360954e-05
1.7453333333333332 9.996255944079209e-05
1.7456666666666667 9.996349430357694e-05
1.746 9.996877705031147e-05
1.7463333333333333 9.99694512314872e-05
1.7466666666666666 9.996163269183088e-05
1.7469999999999999 9.996818781012691e-05
1.7473333333333332 9.996557469718477e-05
1.7476666666666667 9.996651514331841e-05
1.748 9.997080822460833e-05
1.7483333333333333 9.996442519731081e-05
1.7486666666666666 9.996920115778534e-05
1.7489999999999999 9.99704338603198e-05
1.7493333333333332 9.996522837312119e-05
1.7496666666666667 9.996020290984325e-05
1.75 9.99704154882169e-05
1.7503333333333333 9.996828320724135e-05
1.7506666666666666 9.996513879434906e-05
1.751 9.996252816895854e-05
1.7513333333333332 9.995993468563848e-05
1.7516666666666667 9.996940663273439e-05
1.752 9.997076963089774e-05
1.7523333333333333 9.996386481515373e-05
1.7526666666666666 9.997155856428674e-05
1.753 9.996083790260419e-05
1.7533333333333332 9.996641858175427e-05
1.7536666666666667 9.996004419876777e-05
1.754 9.996961136771961e-05
1.7543333333333333 9.996484317973549e-05
1.7546666666666666 9.996488072330129e-05
1.755 9.996853385101731e-05
1.7553333333333332 9.995769074838485e-05
1.7556666666666667 9.996437315917852e-05
1.756 9.99640079117829e-05
1.7563333333333333 9.996388672182015e-05
1.7566666666666666 9.996214593992216e-05
1.757 9.996405677580595e-05
1.7573333333333332 9.9973501376307e-05
1.7576666666666667 9.996662213072302e-05
1.758 9.996660113935021e-05
1.7583333333333333 9.996075666238165e-05
1.7586666666666666 9.996585150194153e-05
1.759 9.996444734549956e-05
1.7593333333333332 9.996518291261463e-05
1.7596666666666667 9.996148004013996e-05
1.76 9.996566067898823e-05
1.7603333333333333 9.996540086980904e-05
1.7606666666666666 9.996390925746953e-05
1.761 9.996304748290008e-05
1.7613333333333332 9.997010726172281e-05
1.7616666666666667 9.997343813655574e-05
1.762 9.996130553212742e-05
1.7623333333333333 9.99657311922125e-05
1.7626666666666666 9.99682875808004e-05
1.763 9.996675326806649e-05
1.7633333333333332 9.996402117736609e-05
1.7636666666666667 9.996670952235294e-05
1.764 9.996514629260547e-05
1.7643333333333333 9.996729670571422e-05
1.7646666666666666 9.99679296024692e-05
1.765 9.99621295451722e-05
1.7653333333333332 9.996293404564899e-05
1.7656666666666667 9.996986851741295e-05
1.766 9.99647790870207e-05
1.7663333333333333 9.99603875447861e-05
1.7666666666666666 9.996735311617324e-05
1.767 9.996047118654303e-05
1.7673333333333332 9.996359735816007e-05
1.7676666666666665 9.996844868348425e-05
1.768 9.99633747051336e-05
1.7683333333333333 9.995966609159584e-05
1.7686666666666666 9.996600362137459e-05
1.769 9.995714062088605e-05
1.7693333333333332 9.996644583784159e-05
1.7696666666666665 9.996768337517722e-05
1.77 9.995696907761967e-05
1.7703333333333333 9.997000792029733e-05
1.7706666666666666 9.996804113131401e-05
1.771 9.99658110068888e-05
1.7713333333333332 9.996585268992043e-05
1.7716666666666665 9.99588519504439e-05
1.772 9.996601244179497e-05
1.7723333333333333 9.996680200416855e-05
1.7726666666666666 9.996209305501475e-05
1.773 9.995814602753081e-05
1.7733333333333332 9.996530442566897e-05
1.7736666666666665 9.996612993689886e-05
1.774 9.99635154845758e-05
1.7743333333333333 9.995963843114203e-05
1.7746666666666666 9.996484228054972e-05
1.775 9.996711879496033e-05
1.7753333333333332 9.995544896001557e-05
1.7756666666666665 9.996320152342678e-05
1.776 9.996144658025642e-05
1.7763333333333333 9.99598120735436e-05
1.7766666666666666 9.99638849345172e-05
1.777 9.997081229032889e-05
1.7773333333333332 9.996957512662031e-05
1.7776666666666665 9.996373986871518e-05
1.778 9.9954852436032e-05
1.7783333333333333 9.996573714841046e-05
1.7786666666666666 9.995494122608085e-05
1.779 9.995987442856484e-05
1.7793333333333332 9.996547672969382e-05
1.7796666666666665 9.996853747616292e-05
1.78 9.997127608935904e-05
1.7803333333333333 9.995621219780718e-05
1.7806666666666666 9.996690119663386e-05
1.781 9.996490003545476e-05
1.7813333333333332 9.997069680669254e-05
1.7816666666666665 9.996483269191175e-05
1.782 9.996510177566153e-05
1.7823333333333333 9.995335018449846e-05
1.7826666666666666 9.995585386599354e-05
1.783 9.996195158624498e-05
1.7833333333333332 9.996740140952301e-05
1.7836666666666665 9.995409152132891e-05
1.784 9.995440144589383e-05
1.7843333333333333 9.996777247884176e-05
1.7846666666666666 9.996154942493666e-05
1.785 9.996299745522977e-05
1.7853333333333332 9.995943482991415e-05
1.7856666666666665 9.99554171977937e-05
1.786 9.995486876464867e-05
1.7863333333333333 9.996064039488961e-05
1.7866666666666666 9.996444914097645e-05
1.787 9.996308434960435e-05
1.7873333333333332 9.99668895247255e-05
1.7876666666666665 9.995941557728982e-05
1.788 9.995984565472792e-05
1.7883333333333333 9.99686523350887e-05
1.7886666666666666 9.996027322327652e-05
1.789 9.996807706700278e-05
1.7893333333333332 9.995532560027642e-05
1.7896666666666665 9.995911286110732e-05
1.79 9.996200053696516e-05
1.7903333333333333 9.99580419077268e-05
1.7906666666666666 9.996673584233472e-05
1.791 9.996014165933159e-05
1.7913333333333332 9.995942095310848e-05
1.7916666666666665 9.996374135672223e-05
1.792 9.995534883613065e-05
1.7923333333333333 9.995908821707859e-05
1.7926666666666666 9.995585846158711e-05
1.793 9.996242237178042e-05
1.7933333333333332 9.995828984679813e-05
1.7936666666666665 9.996192847315775e-05
1.794 9.995625771878551e-05
1.7943333333333333 9.996782719381955e-05
1.7946666666666666 9.99572046243953e-05
1.795 9.996588284078947e-05
1.7953333333333332 9.996084886730949e-05
1.7956666666666665 9.99639378003148e-05
1.796 9.99611208960617e-05
1.7963333333333333 9.995017672472557e-05
1.7966666666666666 9.996819932431624e-05
1.797 9.996117098128714e-05
1.7973333333333332 9.995738814911443e-05
1.7976666666666665 9.996005947266523e-05
1.798 9.99619332868244e-05
1.7983333333333333 9.995670509101229e-05
1.7986666666666666 9.99594749619045e-05
1.799 9.996025516756764e-05
1.7993333333333332 9.995987606650716e-05
1.7996666666666665 9.99615883625349e-05
1.8 9.995778261007912e-05
1.8003333333333333 9.995840247369084e-05
1.8006666666666666 9.996467815127672e-05
1.801 9.99635701225733e-05
1.8013333333333332 9.996030753835286e-05
1.8016666666666665 9.995441581212877e-05
1.802 9.99606372401201e-05
1.8023333333333333 9.996081794888345e-05
1.8026666666666666 9.995955564616743e-05
1.803 9.995938547487078e-05
1.8033333333333332 9.995507627578349e-05
1.8036666666666665 9.996541135693493e-05
1.804 9.995876680551403e-05
1.8043333333333333 9.995693565893552e-05
1.8046666666666666 9.995571804041432e-05
1.805 9.995392380255072e-05
1.8053333333333332 9.996629524156377e-05
1.8056666666666665 9.996794346432625e-05
1.806 9.996853847282198e-05
1.8063333333333333 9.996855284509987e-05
1.8066666666666666 9.99587144101396e-05
1.807 9.995677519354562e-05
1.8073333333333332 9.99598823224696e-05
1.8076666666666665 9.996177335527661e-05
1.8079999999999998 9.995008227367156e-05
1.8083333333333333 9.99629343980892e-05
1.8086666666666666 9.995475181906013e-05
1.809 9.996738514731759e-05
1.8093333333333332 9.996508534035076e-05
1.8096666666666665 9.99575224001435e-05
1.8099999999999998 9.996926748987346e-05
1.8103333333333333 9.996187755915635e-05
1.8106666666666666 9.995786120632e-05
1.811 9.996316314304975e-05
1.8113333333333332 9.995186319379345e-05
1.8116666666666665 9.995598310232572e-05
1.8119999999999998 9.996656641913807e-05
1.8123333333333334 9.995634596474156e-05
1.8126666666666666 9.996170021623294e-05
1.813 9.995607755503634e-05
1.8133333333333332 9.995556728130764e-05
1.8136666666666665 9.995660096128539e-05
1.8139999999999998 9.994887514152438e-05
1.8143333333333334 9.995592970277734e-05
1.8146666666666667 9.995691676372734e-05
1.815 9.995540274969807e-05
1.8153333333333332 9.995360708207643e-05
1.8156666666666665 9.995406490376118e-05
1.8159999999999998 9.996541493431122e-05
1.8163333333333334 9.996379956302423e-05
1.8166666666666667 9.996189852126945e-05
1.817 9.996700352466899e-05
1.8173333333333332 9.995287867615885e-05
1.8176666666666665 9.995796501768561e-05
1.8179999999999998 9.995737365612207e-05
1.8183333333333334 9.996584688768725e-05
1.8186666666666667 9.995984282319071e-05
1.819 9.995069419006486e-05
1.8193333333333332 9.995789985725218e-05
1.8196666666666665 9.994912035102847e-05
1.8199999999999998 9.995907142304192e-05
1.8203333333333334 9.995644488199324e-05
1.8206666666666667 9.996541205165888e-05
1.821 9.9959421313463e-05
1.8213333333333332 9.996439083452004e-05
1.8216666666666665 9.996050401593799e-05
1.8219999999999998 9.995639957727574e-05
1.8223333333333334 9.996785109717731e-05
1.8226666666666667 9.99631505449422e-05
1.823 9.99492739146807e-05
1.8233333333333333 9.995586466380575e-05
1.8236666666666665 9.995462433040346e-05
1.8239999999999998 9.995015062222242e-05
1.8243333333333334 9.995108225882159e-05
1.8246666666666667 9.995385080643951e-05
1.825 9.996202269039991e-05
1.8253333333333333 9.995681259423566e-05
1.8256666666666665 9.996683269293478e-05
1.8259999999999998 9.995974351277309e-05
1.8263333333333334 9.995876921299149e-05
1.8266666666666667 9.995931007740366e-05
1.827 9.996358552739651e-05
1.8273333333333333 9.996295483497342e-05
1.8276666666666666 9.995591213122283e-05
1.8279999999999998 9.995616842993889e-05
1.8283333333333334 9.995104199131465e-05
1.8286666666666667 9.99667667039764e-05
1.829 9.994999835634599e-05
1.8293333333333333 9.995138514369032e-05
1.8296666666666666 9.996466462437444e-05
1.8299999999999998 9.995884432861097e-05
1.8303333333333334 9.995072911746882e-05
1.8306666666666667 9.995600845170258e-05
1.831 9.994678370879963e-05
1.8313333333333333 9.996522122100502e-05
1.8316666666666666 9.995694549431568e-05
1.8319999999999999 9.996111313159127e-05
1.8323333333333334 9.995283523970456e-05
1.8326666666666667 9.995866142879367e-05
1.833 9.995845937845476e-05
1.8333333333333333 9.995817380037318e-05
1.8336666666666666 9.99603398374477e-05
1.8339999999999999 9.99563167616817e-05
1.8343333333333334 9.995918414384561e-05
1.8346666666666667 9.996941456198834e-05
1.835 9.995601554632249e-05
1.8353333333333333 9.99544184094093e-05
1.8356666666666666 9.995867643112565e-05
1.8359999999999999 9.995880187953816e-05
1.8363333333333334 9.995804545845866e-05
1.8366666666666667 9.996060503623452e-05
1.837 9.995752416335725e-05
1.8373333333333333 9.995744155938578e-05
1.8376666666666666 9.995274777874838e-05
1.8379999999999999 9.995953212160092e-05
1.8383333333333334 9.995155869087935e-05
1.8386666666666667 9.996385895974366e-05
1.839 9.9955295869936e-05
1.8393333333333333 9.995654416129422e-05
1.8396666666666666 9.99592788273335e-05
1.8399999999999999 9.995454341854539e-05
1.8403333333333334 9.995169221540187e-05
1.8406666666666667 9.994303165444185e-05
1.841 9.995622674611776e-05
1.8413333333333333 9.996163202457901e-05
1.8416666666666666 9.995567905606416e-05
1.8419999999999999 9.995786670951567e-05
1.8423333333333334 9.995923853542509e-05
1.8426666666666667 9.99666864100133e-05
1.843 9.99597622913646e-05
1.8433333333333333 9.995590248357159e-05
1.8436666666666666 9.99549481216595e-05
1.8439999999999999 9.996315963882553e-05
1.8443333333333334 9.995398541649384e-05
1.8446666666666667 9.995904735903778e-05
1.845 9.995076256545657e-05
1.8453333333333333 9.995504920286467e-05
1.8456666666666666 9.995550024115669e-05
1.8459999999999999 9.996107012140334e-05
1.8463333333333334 9.996145539015943e-05
1.8466666666666667 9.996188519819721e-05
1.847 9.9954750099945e-05
1.8473333333333333 9.995717067798355e-05
1.8476666666666666 9.9961853208253e-05
1.8479999999999999 9.995508466852149e-05
1.8483333333333332 9.995160735500808e-05
1.8486666666666667 9.996212255212153e-05
1.849 9.995254394279966e-05
1.8493333333333333 9.994847397264508e-05
1.8496666666666666 9.995752007879178e-05
1.8499999999999999 9.99595499408359e-05
1.8503333333333332 9.995575169773941e-05
1.8506666666666667 9.995072305725093e-05
1.851 9.995508118588983e-05
1.8513333333333333 9.994465275144193e-05
1.8516666666666666 9.995922579979062e-05
1.8519999999999999 9.995528498631631e-05
1.8523333333333332 9.996009548207026e-05
1.8526666666666667 9.995217796271182e-05
1.853 9.995435674808067e-05
1.8533333333333333 9.995260309443311e-05
1.8536666666666666 9.996300630192496e-05
1.8539999999999999 9.996305576379068e-05
1.8543333333333332 9.995053005020564e-05
1.8546666666666667 9.996086047373104e-05
1.855 9.995726670943118e-05
1.8553333333333333 9.994434646505469e-05
1.8556666666666666 9.996561307678337e-05
1.8559999999999999 9.995892474850536e-05
1.8563333333333332 9.995154665127189e-05
1.8566666666666667 9.994776077131973e-05
1.857 9.995849999668007e-05
1.8573333333333333 9.99545187009035e-05
1.8576666666666666 9.99471496114225e-05
1.8579999999999999 9.995961688747799e-05
1.8583333333333332 9.995617148655914e-05
1.8586666666666667 9.995258698730996e-05
1.859 9.996019611716291e-05
1.8593333333333333 9.994531239845703e-05
1.8596666666666666 9.99541431752477e-05
1.8599999999999999 9.994016337352999e-05
1.8603333333333332 9.995940920431789e-05
1.8606666666666667 9.995687373058459e-05
1.861 9.994317411884948e-05
1.8613333333333333 9.996119226227071e-05
1.8616666666666666 9.995861523169501e-05
1.8619999999999999 9.995184804879008e-05
1.8623333333333332 9.995801129613667e-05
1.8626666666666667 9.995190035909569e-05
1.863 9.99441324041865e-05
1.8633333333333333 9.996268816337339e-05
1.8636666666666666 9.995660171143991e-05
1.8639999999999999 9.994972865065064e-05
1.8643333333333332 9.995411726935112e-05
1.8646666666666667 9.995336053743594e-05
1.865 9.995403460961415e-05
1.8653333333333333 9.995732762484776e-05
1.8656666666666666 9.995293612969153e-05
1.8659999999999999 9.996067471459973e-05
1.8663333333333332 9.995731721189373e-05
1.8666666666666667 9.995190218053371e-05
1.867 9.996249736763593e-05
1.8673333333333333 9.994796571494251e-05
1.8676666666666666 9.995657713135871e-05
1.8679999999999999 9.994719455862665e-05
1.8683333333333332 9.995691203475618e-05
1.8686666666666667 9.995576837238479e-05
1.869 9.995438073803188e-05
1.8693333333333333 9.995433711006065e-05
1.8696666666666666 9.995983535681848e-05
1.8699999999999999 9.995922502092335e-05
1.8703333333333332 9.996011353950925e-05
1.8706666666666667 9.994744088640755e-05
1.871 9.996099510750163e-05
1.8713333333333333 9.995353556787345e-05
1.8716666666666666 9.995470572493595e-05
1.8719999999999999 9.995586485069249e-05
1.8723333333333332 9.995312878986981e-05
1.8726666666666667 9.995957711323838e-05
1.873 9.996244396310187e-05
1.8733333333333333 9.99439753054181e-05
1.8736666666666666 9.995347233151722e-05
1.8739999999999999 9.994876670071645e-05
1.8743333333333332 9.994864172104517e-05
1.8746666666666667 9.996348295540027e-05
1.875 9.995579451793297e-05
1.8753333333333333 9.996338600756618e-05
1.8756666666666666 9.995288666815082e-05
1.876 9.995124594922626e-05
1.8763333333333332 9.994879184037093e-05
1.8766666666666667 9.993894617843805e-05
1.877 9.995404642871409e-05
1.8773333333333333 9.99458206738561e-05
1.8776666666666666 9.99537412382356e-05
1.878 9.995799152296057e-05
1.8783333333333332 9.995944394548116e-05
1.8786666666666667 9.995825536233444e-05
1.879 9.995323562612069e-05
1.8793333333333333 9.995643302518544e-05
1.8796666666666666 9.995445025880868e-05
1.88 9.994475017565393e-05
1.8803333333333332 9.995428222526056e-05
1.8806666666666667 9.994801292603086e-05
1.881 9.995383889203976e-05
1.8813333333333333 9.994790251258491e-05
1.8816666666666666 9.994732437024709e-05
1.882 9.99471890273281e-05
1.8823333333333332 9.995613520338689e-05
1.8826666666666667 9.994150770318742e-05
1.883 9.994341029412492e-05
1.8833333333333333 9.995423353062767e-05
1.8836666666666666 9.994401622533319e-05
1.884 9.99488211338264e-05
1.8843333333333332 9.995224122600192e-05
1.8846666666666667 9.995784292718341e-05
1.885 9.994240006969223e-05
1.8853333333333333 9.995893913515699e-05
1.8856666666666666 9.996021948865968e-05
1.886 9.995384856733429e-05
1.8863333333333332 9.994577108286618e-05
1.8866666666666667 9.995072933147442e-05
1.887 9.995635729486393e-05
1.8873333333333333 9.994656366444113e-05
1.8876666666666666 9.995844247821587e-05
1.888 9.995727597610229e-05
1.8883333333333332 9.994393657555053e-05
1.8886666666666665 9.995583403608225e-05
1.889 9.996166016639823e-05
1.8893333333333333 9.994801766577845e-05
1.8896666666666666 9.995303185465766e-05
1.89 9.995958014201739e-05
1.8903333333333332 9.99573590744124e-05
1.8906666666666665 9.995397608897665e-05
1.891 9.996116375254385e-05
1.8913333333333333 9.994515146956366e-05
1.8916666666666666 9.995968128257777e-05
1.892 9.994799941122138e-05
1.8923333333333332 9.994212759926911e-05
1.8926666666666665 9.994697927598139e-05
1.893 9.994242212095437e-05
1.8933333333333333 9.994755516372928e-05
1.8936666666666666 9.994565565268886e-05
1.894 9.995312860950077e-05
1.8943333333333332 9.995594529042134e-05
1.8946666666666665 9.994340240260408e-05
1.895 9.995434082739682e-05
1.8953333333333333 9.994960195350215e-05
1.8956666666666666 9.994900037137439e-05
1.896 9.996085907906059e-05
1.8963333333333332 9.994808203011318e-05
1.8966666666666665 9.996504271009755e-05
1.897 9.995435589562524e-05
1.8973333333333333 9.995747235802821e-05
1.8976666666666666 9.99542597769026e-05
1.898 9.994352800484871e-05
1.8983333333333332 9.994850120110746e-05
1.8986666666666665 9.994563747648836e-05
1.899 9.994936340569864e-05
1.8993333333333333 9.994826013497873e-05
1.8996666666666666 9.995001921935202e-05
1.9 9.995004094263218e-05
1.9003333333333332 9.99593423107398e-05
1.9006666666666665 9.994423684601396e-05
1.901 9.99516474534231e-05
1.9013333333333333 9.994851909832998e-05
1.9016666666666666 9.995672893603873e-05
1.902 9.994052792403857e-05
1.9023333333333332 9.99454919633612e-05
1.9026666666666665 9.994942616875288e-05
1.903 9.995050894979022e-05
1.9033333333333333 9.996173575935431e-05
1.9036666666666666 9.995552369644434e-05
1.904 9.995168735151459e-05
1.9043333333333332 9.994634256929186e-05
1.9046666666666665 9.994574978297333e-05
1.905 9.994808740213563e-05
1.9053333333333333 9.994669314574257e-05
1.9056666666666666 9.99458490000309e-05
1.906 9.995585641000816e-05
1.9063333333333332 9.996133962799389e-05
1.9066666666666665 9.994755434933126e-05
1.907 9.994652231779491e-05
1.9073333333333333 9.995840038992191e-05
1.9076666666666666 9.995829967258499e-05
1.908 9.994978659110782e-05
1.9083333333333332 9.995267573594472e-05
1.9086666666666665 9.99434252179052e-05
1.909 9.995001576895357e-05
1.9093333333333333 9.994208636232609e-05
1.9096666666666666 9.996251889118095e-05
1.91 9.994576199061963e-05
1.9103333333333332 9.995498673074121e-05
1.9106666666666665 9.994636204541429e-05
1.911 9.995460368628702e-05
1.9113333333333333 9.99568012071926e-05
1.9116666666666666 9.994709200589732e-05
1.912 9.995067868860258e-05
1.9123333333333332 9.994267236218111e-05
1.9126666666666665 9.995985134313092e-05
1.913 9.99488714198738e-05
1.9133333333333333 9.995593993646517e-05
1.9136666666666666 9.995616799977775e-05
1.914 9.995042802726168e-05
1.9143333333333332 9.994632745605097e-05
1.9146666666666665 9.995218928419268e-05
1.915 9.994447162249632e-05
1.9153333333333333 9.994568306928972e-05
1.9156666666666666 9.995193946929966e-05
1.916 9.995190608665595e-05
1.9163333333333332 9.995184335455579e-05
1.9166666666666665 9.994786711772598e-05
1.917 9.994964737815033e-05
1.9173333333333333 9.996003500023944e-05
1.9176666666666666 9.994399650239559e-05
1.918 9.994504522080063e-05
1.9183333333333332 9.994915241171087e-05
1.9186666666666665 9.995037135500319e-05
1.919 9.994553345631743e-05
1.9193333333333333 9.99503281764082e-05
1.9196666666666666 9.99419291869981e-05
1.92 9.995505223973524e-05
1.9203333333333332 9.994990728029858e-05
1.9206666666666665 9.994630889914238e-05
1.921 9.99403729409934e-05
1.9213333333333333 9.995191399630595e-05
1.9216666666666666 9.994518302256922e-05
1.922 9.993595359842722e-05
1.9223333333333332 9.994404031433423e-05
1.9226666666666665 9.994320727322624e-05
1.923 9.995326906555755e-05
1.9233333333333333 9.995337781001122e-05
1.9236666666666666 9.994575292797414e-05
1.924 9.995631258656079e-05
1.9243333333333332 9.995541131992052e-05
1.9246666666666665 9.994661555337701e-05
1.925 9.994300485770071e-05
1.9253333333333333 9.994536753245238e-05
1.9256666666666666 9.994712541448523e-05
1.926 9.99579485057831e-05
1.9263333333333332 9.994074075989843e-05
1.9266666666666665 9.99620828157169e-05
1.927 9.993407156654927e-05
1.9273333333333333 9.993882025549875e-05
1.9276666666666666 9.993994839703086e-05
1.928 9.995727058159992e-05
1.9283333333333332 9.995234375882157e-05
1.9286666666666665 9.994228851127661e-05
1.9289999999999998 9.99509604412296e-05
1.9293333333333333 9.994808263980624e-05
1.9296666666666666 9.99500601286742e-05
1.93 9.995166174862347e-05
1.9303333333333332 9.99455937755942e-05
1.9306666666666665 9.994897679216713e-05
1.9309999999999998 9.994437248581193e-05
1.9313333333333333 9.995024844304616e-05
1.9316666666666666 9.994575678255285e-05
1.932 9.993922050237907e-05
1.9323333333333332 9.994569762025574e-05
1.9326666666666665 9.994029924305561e-05
1.9329999999999998 9.99414929572962e-05
1.9333333333333333 9.994000659195719e-05
1.9336666666666666 9.99427320232595e-05
1.934 9.995458268046356e-05
1.9343333333333332 9.99513852313552e-05
1.9346666666666665 9.99420941170052e-05
1.9349999999999998 9.994517692393108e-05
1.9353333333333333 9.994929891626265e-05
1.9356666666666666 9.994581936600329e-05
1.936 9.995589986754407e-05
1.9363333333333332 9.994315993535051e-05
1.9366666666666665 9.994770333681783e-05
1.9369999999999998 9.99480507476054e-05
1.9373333333333334 9.994507458516337e-05
1.9376666666666666 9.995177030237277e-05
1.938 9.995545615942669e-05
1.9383333333333332 9.994955399317836e-05
1.9386666666666665 9.994436524863527e-05
1.9389999999999998 9.994686591990773e-05
1.9393333333333334 9.994841527899911e-05
1.9396666666666667 9.994171960184955e-05
1.94 9.994389947103982e-05
1.9403333333333332 9.993751657403957e-05
1.9406666666666665 9.995253008977357e-05
1.9409999999999998 9.995255953270735e-05
1.9413333333333334 9.995472548542166e-05
1.9416666666666667 9.995101866294355e-05
1.942 9.993961747484965e-05
1.9423333333333332 9.994778709219114e-05
1.9426666666666665 9.99384314685205e-05
1.9429999999999998 9.995577950093265e-05
1.9433333333333334 9.994783398178615e-05
1.9436666666666667 9.995200467060268e-05
1.944 9.994815924697842e-05
1.9443333333333332 9.99412111401738e-05
1.9446666666666665 9.99421773561094e-05
1.9449999999999998 9.993900759800199e-05
1.9453333333333334 9.995294757813204e-05
1.9456666666666667 9.995157370488596e-05
1.946 9.995065955690775e-05
1.9463333333333332 9.995107755164756e-05
1.9466666666666665 9.992928579991491e-05
1.9469999999999998 9.994980237574563e-05
1.9473333333333334 9.995389505181448e-05
1.9476666666666667 9.994845570434236e-05
1.948 9.994521690016296e-05
1.9483333333333333 9.994568249975008e-05
1.9486666666666665 9.993717076329683e-05
1.9489999999999998 9.995439744245133e-05
1.9493333333333334 9.994742789442201e-05
1.9496666666666667 9.99441587332838e-05
1.95 9.995021894921023e-05
1.9503333333333333 9.993461607241389e-05
1.9506666666666665 9.993951643513983e-05
1.9509999999999998 9.996103588211484e-05
1.9513333333333334 9.99295820366301e-05
1.9516666666666667 9.994082229904592e-05
1.952 9.994141245778414e-05
1.9523333333333333 9.994102251482858e-05
1.9526666666666666 9.994456589943968e-05
1.9529999999999998 9.9949505460281e-05
1.9533333333333334 9.993436187301188e-05
1.9536666666666667 9.992703175170723e-05
1.954 9.993583809441412e-05
1.9543333333333333 9.995824374979608e-05
1.9546666666666666 9.994566107899833e-05
1.9549999999999998 9.99490539987996e-05
1.9553333333333334 9.994559618092251e-05
1.9556666666666667 9.993948549371444e-05
1.956 9.994918952369288e-05
1.9563333333333333 9.99511663816674e-05
1.9566666666666666 9.995104505781149e-05
1.9569999999999999 9.995167641653577e-05
1.9573333333333334 9.995123886741683e-05
1.9576666666666667 9.994441713335527e-05
1.958 9.993890276937449e-05
1.9583333333333333 9.995379480501566e-05
1.9586666666666666 9.995271275474435e-05
1.9589999999999999 9.993716047903436e-05
1.9593333333333334 9.994256929044692e-05
1.9596666666666667 9.993588415434477e-05
1.96 9.992677507271177e-05
1.9603333333333333 9.994861079325929e-05
1.9606666666666666 9.99405965238122e-05
1.9609999999999999 9.994355159267883e-05
1.9613333333333334 9.994479426005224e-05
1.9616666666666667 9.9947175390343e-05
1.962 9.994205425555452e-05
1.9623333333333333 9.994251042645723e-05
1.9626666666666666 9.994870075958819e-05
1.9629999999999999 9.995198452695079e-05
1.9633333333333334 9.994919313418483e-05
1.9636666666666667 9.994856546144802e-05
1.964 9.994827991831695e-05
1.9643333333333333 9.994373678860528e-05
1.9646666666666666 9.99432590703601e-05
1.9649999999999999 9.994161560437138e-05
1.9653333333333334 9.994506682383635e-05
1.9656666666666667 9.994021542803498e-05
1.966 9.993538441501434e-05
1.9663333333333333 9.993818122190843e-05
1.9666666666666666 9.994947826616738e-05
1.9669999999999999 9.994708066253746e-05
1.9673333333333334 9.994945599753623e-05
1.9676666666666667 9.994051296257012e-05
1.968 9.995227330141373e-05
1.9683333333333333 9.993273980642568e-05
1.9686666666666666 9.994643055164178e-05
1.9689999999999999 9.994341089427049e-05
1.9693333333333332 9.994349542476609e-05
1.9696666666666667 9.995500714117567e-05
1.97 9.994417544794887e-05
1.9703333333333333 9.993834963402633e-05
1.9706666666666666 9.992952041443508e-05
1.9709999999999999 9.994701552507622e-05
1.9713333333333332 9.994628833890524e-05
1.9716666666666667 9.993907142275583e-05
1.972 9.994374824525613e-05
1.9723333333333333 9.994090204691538e-05
1.9726666666666666 9.994559084546444e-05
1.9729999999999999 9.993902932443626e-05
1.9733333333333332 9.99335814936882e-05
1.9736666666666667 9.994771493973778e-05
1.974 9.994568062007422e-05
1.9743333333333333 9.993714853668136e-05
1.9746666666666666 9.993582970335332e-05
1.9749999999999999 9.994259653754024e-05
1.9753333333333332 9.993660115792521e-05
1.9756666666666667 9.993837371587559e-05
1.976 9.993855792248166e-05
1.9763333333333333 9.995292735638742e-05
1.9766666666666666 9.994573297508207e-05
1.9769999999999999 9.994360850659315e-05
1.9773333333333332 9.994940481533127e-05
1.9776666666666667 9.994164257695578e-05
1.978 9.994417739373129e-05
1.9783333333333333 9.993957095312748e-05
1.9786666666666666 9.994629084166187e-05
1.9789999999999999 9.993675415833368e-05
1.9793333333333332 9.99395730781309e-05
1.9796666666666667 9.994951644184351e-05
1.98 9.995722796056181e-05
1.9803333333333333 9.993108372147469e-05
1.9806666666666666 9.993694880255478e-05
1.9809999999999999 9.994113672614112e-05
1.9813333333333332 9.993635376817387e-05
1.9816666666666667 9.993567949942347e-05
1.982 9.99385552155139e-05
1.9823333333333333 9.993705574936159e-05
1.9826666666666666 9.993474752629027e-05
1.9829999999999999 9.993178740283695e-05
1.9833333333333332 9.995544055005287e-05
1.9836666666666667 9.995173131333619e-05
1.984 9.994720930282501e-05
1.9843333333333333 9.993592779839627e-05
1.9846666666666666 9.992692535901009e-05
1.9849999999999999 9.994540459086785e-05
1.9853333333333332 9.99454718629883e-05
1.9856666666666667 9.994631032280205e-05
1.986 9.993246010473924e-05
1.9863333333333333 9.993190194076416e-05
1.9866666666666666 9.994542413043755e-05
1.9869999999999999 9.99468748945848e-05
1.9873333333333332 9.99444931133636e-05
1.9876666666666667 9.99412137690739e-05
1.988 9.99330685885531e-05
1.9883333333333333 9.99426502880184e-05
1.9886666666666666 9.993690383283258e-05
1.9889999999999999 9.994919797070698e-05
1.9893333333333332 9.993570163551021e-05
1.9896666666666667 9.993992816342412e-05
1.99 9.994102967313176e-05
1.9903333333333333 9.994598215874342e-05
1.9906666666666666 9.994273532347586e-05
1.9909999999999999 9.994706274597306e-05
1.9913333333333332 9.994897669430163e-05
1.9916666666666667 9.99418990053148e-05
1.992 9.993613112402006e-05
1.9923333333333333 9.99480780720851e-05
1.9926666666666666 9.993597134822838e-05
1.9929999999999999 9.994736530044205e-05
1.9933333333333332 9.994246987440498e-05
1.9936666666666667 9.994046821754782e-05
1.994 9.994080162549451e-05
1.9943333333333333 9.99368919350983e-05
1.9946666666666666 9.993499957955638e-05
1.9949999999999999 9.994003798812923e-05
1.9953333333333332 9.993797841707313e-05
1.9956666666666667 9.995132946471589e-05
1.996 9.994775165733336e-05
1.9963333333333333 9.993350542812277e-05
1.9966666666666666 9.993926551692195e-05
1.9969999999999999 9.994283703847716e-05
1.9973333333333332 9.994778641811212e-05
1.9976666666666667 9.993667534329648e-05
1.998 9.993811598901824e-05
1.9983333333333333 9.994822420000414e-05
1.9986666666666666 9.993331349859326e-05
1.9989999999999999 9.993824422490421e-05
1.9993333333333332 9.993678048187295e-05
1.9996666666666667 9.993455125967302e-05
