4096 4500 1 3 
0 -600.0 -600.0 0.0 1 1 1
1 -520.0 -600.0 0.0 1 1 1
2 -440.0 -600.0 0.0 1 1 1
3 -360.0 -600.0 0.0 1 1 1
4 -280.0 -600.0 0.0 1 1 1
5 -200.0 -600.0 0.0 1 1 1
6 -120.0 -600.0 0.0 1 1 1
7 -40.0 -600.0 0.0 1 1 1
8 40.0 -600.0 0.0 1 1 1
9 120.0 -600.0 0.0 1 1 1
10 200.0 -600.0 0.0 1 1 1
11 280.0 -600.0 0.0 1 1 1
12 360.0 -600.0 0.0 1 1 1
13 440.0 -600.0 0.0 1 1 1
14 520.0 -600.0 0.0 1 1 1
15 600.0 -600.0 0.0 1 1 1
16 -600.0 -520.0 0.0 1 1 1
17 -520.0 -520.0 0.0 1 1 1
18 -440.0 -520.0 0.0 1 1 1
19 -360.0 -520.0 0.0 1 1 1
20 -280.0 -520.0 0.0 1 1 1
21 -200.0 -520.0 0.0 1 1 1
22 -120.0 -520.0 0.0 1 1 1
23 -40.0 -520.0 0.0 1 1 1
24 40.0 -520.0 0.0 1 1 1
25 120.0 -520.0 0.0 1 1 1
26 200.0 -520.0 0.0 1 1 1
27 280.0 -520.0 0.0 1 1 1
28 360.0 -520.0 0.0 1 1 1
29 440.0 -520.0 0.0 1 1 1
30 520.0 -520.0 0.0 1 1 1
31 600.0 -520.0 0.0 1 1 1
32 -600.0 -440.0 0.0 1 1 1
33 -520.0 -440.0 0.0 1 1 1
34 -440.0 -440.0 0.0 1 1 1
35 -360.0 -440.0 0.0 1 1 1
36 -280.0 -440.0 0.0 1 1 1
37 -200.0 -440.0 0.0 1 1 1
38 -120.0 -440.0 0.0 1 1 1
39 -40.0 -440.0 0.0 1 1 1
40 40.0 -440.0 0.0 1 1 1
41 120.0 -440.0 0.0 1 1 1
42 200.0 -440.0 0.0 1 1 1
43 280.0 -440.0 0.0 1 1 1
44 360.0 -440.0 0.0 1 1 1
45 440.0 -440.0 0.0 1 1 1
46 520.0 -440.0 0.0 1 1 1
47 600.0 -440.0 0.0 1 1 1
48 -600.0 -360.0 0.0 1 1 1
49 -520.0 -360.0 0.0 1 1 1
50 -440.0 -360.0 0.0 1 1 1
51 -360.0 -360.0 0.0 1 1 1
52 -280.0 -360.0 0.0 1 1 1
53 -200.0 -360.0 0.0 1 1 1
54 -120.0 -360.0 0.0 1 1 1
55 -40.0 -360.0 0.0 1 1 1
56 40.0 -360.0 0.0 1 1 1
57 120.0 -360.0 0.0 1 1 1
58 200.0 -360.0 0.0 1 1 1
59 280.0 -360.0 0.0 1 1 1
60 360.0 -360.0 0.0 1 1 1
61 440.0 -360.0 0.0 1 1 1
62 520.0 -360.0 0.0 1 1 1
63 600.0 -360.0 0.0 1 1 1
64 -600.0 -280.0 0.0 1 1 1
65 -520.0 -280.0 0.0 1 1 1
66 -440.0 -280.0 0.0 1 1 1
67 -360.0 -280.0 0.0 1 1 1
68 -280.0 -280.0 0.0 1 1 1
69 -200.0 -280.0 0.0 1 1 1
70 -120.0 -280.0 0.0 1 1 1
71 -40.0 -280.0 0.0 1 1 1
72 40.0 -280.0 0.0 1 1 1
73 120.0 -280.0 0.0 1 1 1
74 200.0 -280.0 0.0 1 1 1
75 280.0 -280.0 0.0 1 1 1
76 360.0 -280.0 0.0 1 1 1
77 440.0 -280.0 0.0 1 1 1
78 520.0 -280.0 0.0 1 1 1
79 600.0 -280.0 0.0 1 1 1
80 -600.0 -200.0 0.0 1 1 1
81 -520.0 -200.0 0.0 1 1 1
82 -440.0 -200.0 0.0 1 1 1
83 -360.0 -200.0 0.0 1 1 1
84 -280.0 -200.0 0.0 1 1 1
85 -200.0 -200.0 0.0 1 1 1
86 -120.0 -200.0 0.0 1 1 1
87 -40.0 -200.0 0.0 1 1 1
88 40.0 -200.0 0.0 1 1 1
89 120.0 -200.0 0.0 1 1 1
90 200.0 -200.0 0.0 1 1 1
91 280.0 -200.0 0.0 1 1 1
92 360.0 -200.0 0.0 1 1 1
93 440.0 -200.0 0.0 1 1 1
94 520.0 -200.0 0.0 1 1 1
95 600.0 -200.0 0.0 1 1 1
96 -600.0 -120.0 0.0 1 1 1
97 -520.0 -120.0 0.0 1 1 1
98 -440.0 -120.0 0.0 1 1 1
99 -360.0 -120.0 0.0 1 1 1
100 -280.0 -120.0 0.0 1 1 1
101 -200.0 -120.0 0.0 1 1 1
102 -120.0 -120.0 0.0 1 1 1
103 -40.0 -120.0 0.0 1 1 1
104 40.0 -120.0 0.0 1 1 1
105 120.0 -120.0 0.0 1 1 1
106 200.0 -120.0 0.0 1 1 1
107 280.0 -120.0 0.0 1 1 1
108 360.0 -120.0 0.0 1 1 1
109 440.0 -120.0 0.0 1 1 1
110 520.0 -120.0 0.0 1 1 1
111 600.0 -120.0 0.0 1 1 1
112 -600.0 -40.0 0.0 1 1 1
113 -520.0 -40.0 0.0 1 1 1
114 -440.0 -40.0 0.0 1 1 1
115 -360.0 -40.0 0.0 1 1 1
116 -280.0 -40.0 0.0 1 1 1
117 -200.0 -40.0 0.0 1 1 1
118 -120.0 -40.0 0.0 1 1 1
119 -40.0 -40.0 0.0 1 1 1
120 40.0 -40.0 0.0 1 1 1
121 120.0 -40.0 0.0 1 1 1
122 200.0 -40.0 0.0 1 1 1
123 280.0 -40.0 0.0 1 1 1
124 360.0 -40.0 0.0 1 1 1
125 440.0 -40.0 0.0 1 1 1
126 520.0 -40.0 0.0 1 1 1
127 600.0 -40.0 0.0 1 1 1
128 -600.0 40.0 0.0 1 1 1
129 -520.0 40.0 0.0 1 1 1
130 -440.0 40.0 0.0 1 1 1
131 -360.0 40.0 0.0 1 1 1
132 -280.0 40.0 0.0 1 1 1
133 -200.0 40.0 0.0 1 1 1
134 -120.0 40.0 0.0 1 1 1
135 -40.0 40.0 0.0 1 1 1
136 40.0 40.0 0.0 1 1 1
137 120.0 40.0 0.0 1 1 1
138 200.0 40.0 0.0 1 1 1
139 280.0 40.0 0.0 1 1 1
140 360.0 40.0 0.0 1 1 1
141 440.0 40.0 0.0 1 1 1
142 520.0 40.0 0.0 1 1 1
143 600.0 40.0 0.0 1 1 1
144 -600.0 120.0 0.0 1 1 1
145 -520.0 120.0 0.0 1 1 1
146 -440.0 120.0 0.0 1 1 1
147 -360.0 120.0 0.0 1 1 1
148 -280.0 120.0 0.0 1 1 1
149 -200.0 120.0 0.0 1 1 1
150 -120.0 120.0 0.0 1 1 1
151 -40.0 120.0 0.0 1 1 1
152 40.0 120.0 0.0 1 1 1
153 120.0 120.0 0.0 1 1 1
154 200.0 120.0 0.0 1 1 1
155 280.0 120.0 0.0 1 1 1
156 360.0 120.0 0.0 1 1 1
157 440.0 120.0 0.0 1 1 1
158 520.0 120.0 0.0 1 1 1
159 600.0 120.0 0.0 1 1 1
160 -600.0 200.0 0.0 1 1 1
161 -520.0 200.0 0.0 1 1 1
162 -440.0 200.0 0.0 1 1 1
163 -360.0 200.0 0.0 1 1 1
164 -280.0 200.0 0.0 1 1 1
165 -200.0 200.0 0.0 1 1 1
166 -120.0 200.0 0.0 1 1 1
167 -40.0 200.0 0.0 1 1 1
168 40.0 200.0 0.0 1 1 1
169 120.0 200.0 0.0 1 1 1
170 200.0 200.0 0.0 1 1 1
171 280.0 200.0 0.0 1 1 1
172 360.0 200.0 0.0 1 1 1
173 440.0 200.0 0.0 1 1 1
174 520.0 200.0 0.0 1 1 1
175 600.0 200.0 0.0 1 1 1
176 -600.0 280.0 0.0 1 1 1
177 -520.0 280.0 0.0 1 1 1
178 -440.0 280.0 0.0 1 1 1
179 -360.0 280.0 0.0 1 1 1
180 -280.0 280.0 0.0 1 1 1
181 -200.0 280.0 0.0 1 1 1
182 -120.0 280.0 0.0 1 1 1
183 -40.0 280.0 0.0 1 1 1
184 40.0 280.0 0.0 1 1 1
185 120.0 280.0 0.0 1 1 1
186 200.0 280.0 0.0 1 1 1
187 280.0 280.0 0.0 1 1 1
188 360.0 280.0 0.0 1 1 1
189 440.0 280.0 0.0 1 1 1
190 520.0 280.0 0.0 1 1 1
191 600.0 280.0 0.0 1 1 1
192 -600.0 360.0 0.0 1 1 1
193 -520.0 360.0 0.0 1 1 1
194 -440.0 360.0 0.0 1 1 1
195 -360.0 360.0 0.0 1 1 1
196 -280.0 360.0 0.0 1 1 1
197 -200.0 360.0 0.0 1 1 1
198 -120.0 360.0 0.0 1 1 1
199 -40.0 360.0 0.0 1 1 1
200 40.0 360.0 0.0 1 1 1
201 120.0 360.0 0.0 1 1 1
202 200.0 360.0 0.0 1 1 1
203 280.0 360.0 0.0 1 1 1
204 360.0 360.0 0.0 1 1 1
205 440.0 360.0 0.0 1 1 1
206 520.0 360.0 0.0 1 1 1
207 600.0 360.0 0.0 1 1 1
208 -600.0 440.0 0.0 1 1 1
209 -520.0 440.0 0.0 1 1 1
210 -440.0 440.0 0.0 1 1 1
211 -360.0 440.0 0.0 1 1 1
212 -280.0 440.0 0.0 1 1 1
213 -200.0 440.0 0.0 1 1 1
214 -120.0 440.0 0.0 1 1 1
215 -40.0 440.0 0.0 1 1 1
216 40.0 440.0 0.0 1 1 1
217 120.0 440.0 0.0 1 1 1
218 200.0 440.0 0.0 1 1 1
219 280.0 440.0 0.0 1 1 1
220 360.0 440.0 0.0 1 1 1
221 440.0 440.0 0.0 1 1 1
222 520.0 440.0 0.0 1 1 1
223 600.0 440.0 0.0 1 1 1
224 -600.0 520.0 0.0 1 1 1
225 -520.0 520.0 0.0 1 1 1
226 -440.0 520.0 0.0 1 1 1
227 -360.0 520.0 0.0 1 1 1
228 -280.0 520.0 0.0 1 1 1
229 -200.0 520.0 0.0 1 1 1
230 -120.0 520.0 0.0 1 1 1
231 -40.0 520.0 0.0 1 1 1
232 40.0 520.0 0.0 1 1 1
233 120.0 520.0 0.0 1 1 1
234 200.0 520.0 0.0 1 1 1
235 280.0 520.0 0.0 1 1 1
236 360.0 520.0 0.0 1 1 1
237 440.0 520.0 0.0 1 1 1
238 520.0 520.0 0.0 1 1 1
239 600.0 520.0 0.0 1 1 1
240 -600.0 600.0 0.0 1 1 1
241 -520.0 600.0 0.0 1 1 1
242 -440.0 600.0 0.0 1 1 1
243 -360.0 600.0 0.0 1 1 1
244 -280.0 600.0 0.0 1 1 1
245 -200.0 600.0 0.0 1 1 1
246 -120.0 600.0 0.0 1 1 1
247 -40.0 600.0 0.0 1 1 1
248 40.0 600.0 0.0 1 1 1
249 120.0 600.0 0.0 1 1 1
250 200.0 600.0 0.0 1 1 1
251 280.0 600.0 0.0 1 1 1
252 360.0 600.0 0.0 1 1 1
253 440.0 600.0 0.0 1 1 1
254 520.0 600.0 0.0 1 1 1
255 600.0 600.0 0.0 1 1 1
256 -600.0 -600.0 80.0 1 1 1
257 -520.0 -600.0 80.0 1 1 1
258 -440.0 -600.0 80.0 1 1 1
259 -360.0 -600.0 80.0 1 1 1
260 -280.0 -600.0 80.0 1 1 1
261 -200.0 -600.0 80.0 1 1 1
262 -120.0 -600.0 80.0 1 1 1
263 -40.0 -600.0 80.0 1 1 1
264 40.0 -600.0 80.0 1 1 1
265 120.0 -600.0 80.0 1 1 1
266 200.0 -600.0 80.0 1 1 1
267 280.0 -600.0 80.0 1 1 1
268 360.0 -600.0 80.0 1 1 1
269 440.0 -600.0 80.0 1 1 1
270 520.0 -600.0 80.0 1 1 1
271 600.0 -600.0 80.0 1 1 1
272 -600.0 -520.0 80.0 1 1 1
273 -520.0 -520.0 80.0 1 1 1
274 -440.0 -520.0 80.0 1 1 1
275 -360.0 -520.0 80.0 1 1 1
276 -280.0 -520.0 80.0 1 1 1
277 -200.0 -520.0 80.0 1 1 1
278 -120.0 -520.0 80.0 1 1 1
279 -40.0 -520.0 80.0 1 1 1
280 40.0 -520.0 80.0 1 1 1
281 120.0 -520.0 80.0 1 1 1
282 200.0 -520.0 80.0 1 1 1
283 280.0 -520.0 80.0 1 1 1
284 360.0 -520.0 80.0 1 1 1
285 440.0 -520.0 80.0 1 1 1
286 520.0 -520.0 80.0 1 1 1
287 600.0 -520.0 80.0 1 1 1
288 -600.0 -440.0 80.0 1 1 1
289 -520.0 -440.0 80.0 1 1 1
290 -440.0 -440.0 80.0 1 1 1
291 -360.0 -440.0 80.0 1 1 1
292 -280.0 -440.0 80.0 1 1 1
293 -200.0 -440.0 80.0 1 1 1
294 -120.0 -440.0 80.0 1 1 1
295 -40.0 -440.0 80.0 1 1 1
296 40.0 -440.0 80.0 1 1 1
297 120.0 -440.0 80.0 1 1 1
298 200.0 -440.0 80.0 1 1 1
299 280.0 -440.0 80.0 1 1 1
300 360.0 -440.0 80.0 1 1 1
301 440.0 -440.0 80.0 1 1 1
302 520.0 -440.0 80.0 1 1 1
303 600.0 -440.0 80.0 1 1 1
304 -600.0 -360.0 80.0 1 1 1
305 -520.0 -360.0 80.0 1 1 1
306 -440.0 -360.0 80.0 1 1 1
307 -360.0 -360.0 80.0 1 1 1
308 -280.0 -360.0 80.0 1 1 1
309 -200.0 -360.0 80.0 1 1 1
310 -120.0 -360.0 80.0 1 1 1
311 -40.0 -360.0 80.0 1 1 1
312 40.0 -360.0 80.0 1 1 1
313 120.0 -360.0 80.0 1 1 1
314 200.0 -360.0 80.0 1 1 1
315 280.0 -360.0 80.0 1 1 1
316 360.0 -360.0 80.0 1 1 1
317 440.0 -360.0 80.0 1 1 1
318 520.0 -360.0 80.0 1 1 1
319 600.0 -360.0 80.0 1 1 1
320 -600.0 -280.0 80.0 1 1 1
321 -520.0 -280.0 80.0 1 1 1
322 -440.0 -280.0 80.0 1 1 1
323 -360.0 -280.0 80.0 1 1 1
324 -280.0 -280.0 80.0 1 1 1
325 -200.0 -280.0 80.0 1 1 1
326 -120.0 -280.0 80.0 1 1 1
327 -40.0 -280.0 80.0 1 1 1
328 40.0 -280.0 80.0 1 1 1
329 120.0 -280.0 80.0 1 1 1
330 200.0 -280.0 80.0 1 1 1
331 280.0 -280.0 80.0 1 1 1
332 360.0 -280.0 80.0 1 1 1
333 440.0 -280.0 80.0 1 1 1
334 520.0 -280.0 80.0 1 1 1
335 600.0 -280.0 80.0 1 1 1
336 -600.0 -200.0 80.0 1 1 1
337 -520.0 -200.0 80.0 1 1 1
338 -440.0 -200.0 80.0 1 1 1
339 -360.0 -200.0 80.0 1 1 1
340 -280.0 -200.0 80.0 1 1 1
341 -200.0 -200.0 80.0 1 1 1
342 -120.0 -200.0 80.0 1 1 1
343 -40.0 -200.0 80.0 1 1 1
344 40.0 -200.0 80.0 1 1 1
345 120.0 -200.0 80.0 1 1 1
346 200.0 -200.0 80.0 1 1 1
347 280.0 -200.0 80.0 1 1 1
348 360.0 -200.0 80.0 1 1 1
349 440.0 -200.0 80.0 1 1 1
350 520.0 -200.0 80.0 1 1 1
351 600.0 -200.0 80.0 1 1 1
352 -600.0 -120.0 80.0 1 1 1
353 -520.0 -120.0 80.0 1 1 1
354 -440.0 -120.0 80.0 1 1 1
355 -360.0 -120.0 80.0 1 1 1
356 -280.0 -120.0 80.0 1 1 1
357 -200.0 -120.0 80.0 1 1 1
358 -120.0 -120.0 80.0 1 1 1
359 -40.0 -120.0 80.0 1 1 1
360 40.0 -120.0 80.0 1 1 1
361 120.0 -120.0 80.0 1 1 1
362 200.0 -120.0 80.0 1 1 1
363 280.0 -120.0 80.0 1 1 1
364 360.0 -120.0 80.0 1 1 1
365 440.0 -120.0 80.0 1 1 1
366 520.0 -120.0 80.0 1 1 1
367 600.0 -120.0 80.0 1 1 1
368 -600.0 -40.0 80.0 1 1 1
369 -520.0 -40.0 80.0 1 1 1
370 -440.0 -40.0 80.0 1 1 1
371 -360.0 -40.0 80.0 1 1 1
372 -280.0 -40.0 80.0 1 1 1
373 -200.0 -40.0 80.0 1 1 1
374 -120.0 -40.0 80.0 1 1 1
375 -40.0 -40.0 80.0 1 1 1
376 40.0 -40.0 80.0 1 1 1
377 120.0 -40.0 80.0 1 1 1
378 200.0 -40.0 80.0 1 1 1
379 280.0 -40.0 80.0 1 1 1
380 360.0 -40.0 80.0 1 1 1
381 440.0 -40.0 80.0 1 1 1
382 520.0 -40.0 80.0 1 1 1
383 600.0 -40.0 80.0 1 1 1
384 -600.0 40.0 80.0 1 1 1
385 -520.0 40.0 80.0 1 1 1
386 -440.0 40.0 80.0 1 1 1
387 -360.0 40.0 80.0 1 1 1
388 -280.0 40.0 80.0 1 1 1
389 -200.0 40.0 80.0 1 1 1
390 -120.0 40.0 80.0 1 1 1
391 -40.0 40.0 80.0 1 1 1
392 40.0 40.0 80.0 1 1 1
393 120.0 40.0 80.0 1 1 1
394 200.0 40.0 80.0 1 1 1
395 280.0 40.0 80.0 1 1 1
396 360.0 40.0 80.0 1 1 1
397 440.0 40.0 80.0 1 1 1
398 520.0 40.0 80.0 1 1 1
399 600.0 40.0 80.0 1 1 1
400 -600.0 120.0 80.0 1 1 1
401 -520.0 120.0 80.0 1 1 1
402 -440.0 120.0 80.0 1 1 1
403 -360.0 120.0 80.0 1 1 1
404 -280.0 120.0 80.0 1 1 1
405 -200.0 120.0 80.0 1 1 1
406 -120.0 120.0 80.0 1 1 1
407 -40.0 120.0 80.0 1 1 1
408 40.0 120.0 80.0 1 1 1
409 120.0 120.0 80.0 1 1 1
410 200.0 120.0 80.0 1 1 1
411 280.0 120.0 80.0 1 1 1
412 360.0 120.0 80.0 1 1 1
413 440.0 120.0 80.0 1 1 1
414 520.0 120.0 80.0 1 1 1
415 600.0 120.0 80.0 1 1 1
416 -600.0 200.0 80.0 1 1 1
417 -520.0 200.0 80.0 1 1 1
418 -440.0 200.0 80.0 1 1 1
419 -360.0 200.0 80.0 1 1 1
420 -280.0 200.0 80.0 1 1 1
421 -200.0 200.0 80.0 1 1 1
422 -120.0 200.0 80.0 1 1 1
423 -40.0 200.0 80.0 1 1 1
424 40.0 200.0 80.0 1 1 1
425 120.0 200.0 80.0 1 1 1
426 200.0 200.0 80.0 1 1 1
427 280.0 200.0 80.0 1 1 1
428 360.0 200.0 80.0 1 1 1
429 440.0 200.0 80.0 1 1 1
430 520.0 200.0 80.0 1 1 1
431 600.0 200.0 80.0 1 1 1
432 -600.0 280.0 80.0 1 1 1
433 -520.0 280.0 80.0 1 1 1
434 -440.0 280.0 80.0 1 1 1
435 -360.0 280.0 80.0 1 1 1
436 -280.0 280.0 80.0 1 1 1
437 -200.0 280.0 80.0 1 1 1
438 -120.0 280.0 80.0 1 1 1
439 -40.0 280.0 80.0 1 1 1
440 40.0 280.0 80.0 1 1 1
441 120.0 280.0 80.0 1 1 1
442 200.0 280.0 80.0 1 1 1
443 280.0 280.0 80.0 1 1 1
444 360.0 280.0 80.0 1 1 1
445 440.0 280.0 80.0 1 1 1
446 520.0 280.0 80.0 1 1 1
447 600.0 280.0 80.0 1 1 1
448 -600.0 360.0 80.0 1 1 1
449 -520.0 360.0 80.0 1 1 1
450 -440.0 360.0 80.0 1 1 1
451 -360.0 360.0 80.0 1 1 1
452 -280.0 360.0 80.0 1 1 1
453 -200.0 360.0 80.0 1 1 1
454 -120.0 360.0 80.0 1 1 1
455 -40.0 360.0 80.0 1 1 1
456 40.0 360.0 80.0 1 1 1
457 120.0 360.0 80.0 1 1 1
458 200.0 360.0 80.0 1 1 1
459 280.0 360.0 80.0 1 1 1
460 360.0 360.0 80.0 1 1 1
461 440.0 360.0 80.0 1 1 1
462 520.0 360.0 80.0 1 1 1
463 600.0 360.0 80.0 1 1 1
464 -600.0 440.0 80.0 1 1 1
465 -520.0 440.0 80.0 1 1 1
466 -440.0 440.0 80.0 1 1 1
467 -360.0 440.0 80.0 1 1 1
468 -280.0 440.0 80.0 1 1 1
469 -200.0 440.0 80.0 1 1 1
470 -120.0 440.0 80.0 1 1 1
471 -40.0 440.0 80.0 1 1 1
472 40.0 440.0 80.0 1 1 1
473 120.0 440.0 80.0 1 1 1
474 200.0 440.0 80.0 1 1 1
475 280.0 440.0 80.0 1 1 1
476 360.0 440.0 80.0 1 1 1
477 440.0 440.0 80.0 1 1 1
478 520.0 440.0 80.0 1 1 1
479 600.0 440.0 80.0 1 1 1
480 -600.0 520.0 80.0 1 1 1
481 -520.0 520.0 80.0 1 1 1
482 -440.0 520.0 80.0 1 1 1
483 -360.0 520.0 80.0 1 1 1
484 -280.0 520.0 80.0 1 1 1
485 -200.0 520.0 80.0 1 1 1
486 -120.0 520.0 80.0 1 1 1
487 -40.0 520.0 80.0 1 1 1
488 40.0 520.0 80.0 1 1 1
489 120.0 520.0 80.0 1 1 1
490 200.0 520.0 80.0 1 1 1
491 280.0 520.0 80.0 1 1 1
492 360.0 520.0 80.0 1 1 1
493 440.0 520.0 80.0 1 1 1
494 520.0 520.0 80.0 1 1 1
495 600.0 520.0 80.0 1 1 1
496 -600.0 600.0 80.0 1 1 1
497 -520.0 600.0 80.0 1 1 1
498 -440.0 600.0 80.0 1 1 1
499 -360.0 600.0 80.0 1 1 1
500 -280.0 600.0 80.0 1 1 1
501 -200.0 600.0 80.0 1 1 1
502 -120.0 600.0 80.0 1 1 1
503 -40.0 600.0 80.0 1 1 1
504 40.0 600.0 80.0 1 1 1
505 120.0 600.0 80.0 1 1 1
506 200.0 600.0 80.0 1 1 1
507 280.0 600.0 80.0 1 1 1
508 360.0 600.0 80.0 1 1 1
509 440.0 600.0 80.0 1 1 1
510 520.0 600.0 80.0 1 1 1
511 600.0 600.0 80.0 1 1 1
512 -600.0 -600.0 160.0 1 1 1
513 -520.0 -600.0 160.0 1 1 1
514 -440.0 -600.0 160.0 1 1 1
515 -360.0 -600.0 160.0 1 1 1
516 -280.0 -600.0 160.0 1 1 1
517 -200.0 -600.0 160.0 1 1 1
518 -120.0 -600.0 160.0 1 1 1
519 -40.0 -600.0 160.0 1 1 1
520 40.0 -600.0 160.0 1 1 1
521 120.0 -600.0 160.0 1 1 1
522 200.0 -600.0 160.0 1 1 1
523 280.0 -600.0 160.0 1 1 1
524 360.0 -600.0 160.0 1 1 1
525 440.0 -600.0 160.0 1 1 1
526 520.0 -600.0 160.0 1 1 1
527 600.0 -600.0 160.0 1 1 1
528 -600.0 -520.0 160.0 1 1 1
529 -520.0 -520.0 160.0 1 1 1
530 -440.0 -520.0 160.0 1 1 1
531 -360.0 -520.0 160.0 1 1 1
532 -280.0 -520.0 160.0 1 1 1
533 -200.0 -520.0 160.0 1 1 1
534 -120.0 -520.0 160.0 1 1 1
535 -40.0 -520.0 160.0 1 1 1
536 40.0 -520.0 160.0 1 1 1
537 120.0 -520.0 160.0 1 1 1
538 200.0 -520.0 160.0 1 1 1
539 280.0 -520.0 160.0 1 1 1
540 360.0 -520.0 160.0 1 1 1
541 440.0 -520.0 160.0 1 1 1
542 520.0 -520.0 160.0 1 1 1
543 600.0 -520.0 160.0 1 1 1
544 -600.0 -440.0 160.0 1 1 1
545 -520.0 -440.0 160.0 1 1 1
546 -440.0 -440.0 160.0 1 1 1
547 -360.0 -440.0 160.0 1 1 1
548 -280.0 -440.0 160.0 1 1 1
549 -200.0 -440.0 160.0 1 1 1
550 -120.0 -440.0 160.0 1 1 1
551 -40.0 -440.0 160.0 1 1 1
552 40.0 -440.0 160.0 1 1 1
553 120.0 -440.0 160.0 1 1 1
554 200.0 -440.0 160.0 1 1 1
555 280.0 -440.0 160.0 1 1 1
556 360.0 -440.0 160.0 1 1 1
557 440.0 -440.0 160.0 1 1 1
558 520.0 -440.0 160.0 1 1 1
559 600.0 -440.0 160.0 1 1 1
560 -600.0 -360.0 160.0 1 1 1
561 -520.0 -360.0 160.0 1 1 1
562 -440.0 -360.0 160.0 1 1 1
563 -360.0 -360.0 160.0 1 1 1
564 -280.0 -360.0 160.0 1 1 1
565 -200.0 -360.0 160.0 1 1 1
566 -120.0 -360.0 160.0 1 1 1
567 -40.0 -360.0 160.0 1 1 1
568 40.0 -360.0 160.0 1 1 1
569 120.0 -360.0 160.0 1 1 1
570 200.0 -360.0 160.0 1 1 1
571 280.0 -360.0 160.0 1 1 1
572 360.0 -360.0 160.0 1 1 1
573 440.0 -360.0 160.0 1 1 1
574 520.0 -360.0 160.0 1 1 1
575 600.0 -360.0 160.0 1 1 1
576 -600.0 -280.0 160.0 1 1 1
577 -520.0 -280.0 160.0 1 1 1
578 -440.0 -280.0 160.0 1 1 1
579 -360.0 -280.0 160.0 1 1 1
580 -280.0 -280.0 160.0 1 1 1
581 -200.0 -280.0 160.0 1 1 1
582 -120.0 -280.0 160.0 1 1 1
583 -40.0 -280.0 160.0 1 1 1
584 40.0 -280.0 160.0 1 1 1
585 120.0 -280.0 160.0 1 1 1
586 200.0 -280.0 160.0 1 1 1
587 280.0 -280.0 160.0 1 1 1
588 360.0 -280.0 160.0 1 1 1
589 440.0 -280.0 160.0 1 1 1
590 520.0 -280.0 160.0 1 1 1
591 600.0 -280.0 160.0 1 1 1
592 -600.0 -200.0 160.0 1 1 1
593 -520.0 -200.0 160.0 1 1 1
594 -440.0 -200.0 160.0 1 1 1
595 -360.0 -200.0 160.0 1 1 1
596 -280.0 -200.0 160.0 1 1 1
597 -200.0 -200.0 160.0 1 1 1
598 -120.0 -200.0 160.0 1 1 1
599 -40.0 -200.0 160.0 1 1 1
600 40.0 -200.0 160.0 1 1 1
601 120.0 -200.0 160.0 1 1 1
602 200.0 -200.0 160.0 1 1 1
603 280.0 -200.0 160.0 1 1 1
604 360.0 -200.0 160.0 1 1 1
605 440.0 -200.0 160.0 1 1 1
606 520.0 -200.0 160.0 1 1 1
607 600.0 -200.0 160.0 1 1 1
608 -600.0 -120.0 160.0 1 1 1
609 -520.0 -120.0 160.0 1 1 1
610 -440.0 -120.0 160.0 1 1 1
611 -360.0 -120.0 160.0 1 1 1
612 -280.0 -120.0 160.0 1 1 1
613 -200.0 -120.0 160.0 1 1 1
614 -120.0 -120.0 160.0 1 1 1
615 -40.0 -120.0 160.0 1 1 1
616 40.0 -120.0 160.0 1 1 1
617 120.0 -120.0 160.0 1 1 1
618 200.0 -120.0 160.0 1 1 1
619 280.0 -120.0 160.0 1 1 1
620 360.0 -120.0 160.0 1 1 1
621 440.0 -120.0 160.0 1 1 1
622 520.0 -120.0 160.0 1 1 1
623 600.0 -120.0 160.0 1 1 1
624 -600.0 -40.0 160.0 1 1 1
625 -520.0 -40.0 160.0 1 1 1
626 -440.0 -40.0 160.0 1 1 1
627 -360.0 -40.0 160.0 1 1 1
628 -280.0 -40.0 160.0 1 1 1
629 -200.0 -40.0 160.0 1 1 1
630 -120.0 -40.0 160.0 1 1 1
631 -40.0 -40.0 160.0 1 1 1
632 40.0 -40.0 160.0 1 1 1
633 120.0 -40.0 160.0 1 1 1
634 200.0 -40.0 160.0 1 1 1
635 280.0 -40.0 160.0 1 1 1
636 360.0 -40.0 160.0 1 1 1
637 440.0 -40.0 160.0 1 1 1
638 520.0 -40.0 160.0 1 1 1
639 600.0 -40.0 160.0 1 1 1
640 -600.0 40.0 160.0 1 1 1
641 -520.0 40.0 160.0 1 1 1
642 -440.0 40.0 160.0 1 1 1
643 -360.0 40.0 160.0 1 1 1
644 -280.0 40.0 160.0 1 1 1
645 -200.0 40.0 160.0 1 1 1
646 -120.0 40.0 160.0 1 1 1
647 -40.0 40.0 160.0 1 1 1
648 40.0 40.0 160.0 1 1 1
649 120.0 40.0 160.0 1 1 1
650 200.0 40.0 160.0 1 1 1
651 280.0 40.0 160.0 1 1 1
652 360.0 40.0 160.0 1 1 1
653 440.0 40.0 160.0 1 1 1
654 520.0 40.0 160.0 1 1 1
655 600.0 40.0 160.0 1 1 1
656 -600.0 120.0 160.0 1 1 1
657 -520.0 120.0 160.0 1 1 1
658 -440.0 120.0 160.0 1 1 1
659 -360.0 120.0 160.0 1 1 1
660 -280.0 120.0 160.0 1 1 1
661 -200.0 120.0 160.0 1 1 1
662 -120.0 120.0 160.0 1 1 1
663 -40.0 120.0 160.0 1 1 1
664 40.0 120.0 160.0 1 1 1
665 120.0 120.0 160.0 1 1 1
666 200.0 120.0 160.0 1 1 1
667 280.0 120.0 160.0 1 1 1
668 360.0 120.0 160.0 1 1 1
669 440.0 120.0 160.0 1 1 1
670 520.0 120.0 160.0 1 1 1
671 600.0 120.0 160.0 1 1 1
672 -600.0 200.0 160.0 1 1 1
673 -520.0 200.0 160.0 1 1 1
674 -440.0 200.0 160.0 1 1 1
675 -360.0 200.0 160.0 1 1 1
676 -280.0 200.0 160.0 1 1 1
677 -200.0 200.0 160.0 1 1 1
678 -120.0 200.0 160.0 1 1 1
679 -40.0 200.0 160.0 1 1 1
680 40.0 200.0 160.0 1 1 1
681 120.0 200.0 160.0 1 1 1
682 200.0 200.0 160.0 1 1 1
683 280.0 200.0 160.0 1 1 1
684 360.0 200.0 160.0 1 1 1
685 440.0 200.0 160.0 1 1 1
686 520.0 200.0 160.0 1 1 1
687 600.0 200.0 160.0 1 1 1
688 -600.0 280.0 160.0 1 1 1
689 -520.0 280.0 160.0 1 1 1
690 -440.0 280.0 160.0 1 1 1
691 -360.0 280.0 160.0 1 1 1
692 -280.0 280.0 160.0 1 1 1
693 -200.0 280.0 160.0 1 1 1
694 -120.0 280.0 160.0 1 1 1
695 -40.0 280.0 160.0 1 1 1
696 40.0 280.0 160.0 1 1 1
697 120.0 280.0 160.0 1 1 1
698 200.0 280.0 160.0 1 1 1
699 280.0 280.0 160.0 1 1 1
700 360.0 280.0 160.0 1 1 1
701 440.0 280.0 160.0 1 1 1
702 520.0 280.0 160.0 1 1 1
703 600.0 280.0 160.0 1 1 1
704 -600.0 360.0 160.0 1 1 1
705 -520.0 360.0 160.0 1 1 1
706 -440.0 360.0 160.0 1 1 1
707 -360.0 360.0 160.0 1 1 1
708 -280.0 360.0 160.0 1 1 1
709 -200.0 360.0 160.0 1 1 1
710 -120.0 360.0 160.0 1 1 1
711 -40.0 360.0 160.0 1 1 1
712 40.0 360.0 160.0 1 1 1
713 120.0 360.0 160.0 1 1 1
714 200.0 360.0 160.0 1 1 1
715 280.0 360.0 160.0 1 1 1
716 360.0 360.0 160.0 1 1 1
717 440.0 360.0 160.0 1 1 1
718 520.0 360.0 160.0 1 1 1
719 600.0 360.0 160.0 1 1 1
720 -600.0 440.0 160.0 1 1 1
721 -520.0 440.0 160.0 1 1 1
722 -440.0 440.0 160.0 1 1 1
723 -360.0 440.0 160.0 1 1 1
724 -280.0 440.0 160.0 1 1 1
725 -200.0 440.0 160.0 1 1 1
726 -120.0 440.0 160.0 1 1 1
727 -40.0 440.0 160.0 1 1 1
728 40.0 440.0 160.0 1 1 1
729 120.0 440.0 160.0 1 1 1
730 200.0 440.0 160.0 1 1 1
731 280.0 440.0 160.0 1 1 1
732 360.0 440.0 160.0 1 1 1
733 440.0 440.0 160.0 1 1 1
734 520.0 440.0 160.0 1 1 1
735 600.0 440.0 160.0 1 1 1
736 -600.0 520.0 160.0 1 1 1
737 -520.0 520.0 160.0 1 1 1
738 -440.0 520.0 160.0 1 1 1
739 -360.0 520.0 160.0 1 1 1
740 -280.0 520.0 160.0 1 1 1
741 -200.0 520.0 160.0 1 1 1
742 -120.0 520.0 160.0 1 1 1
743 -40.0 520.0 160.0 1 1 1
744 40.0 520.0 160.0 1 1 1
745 120.0 520.0 160.0 1 1 1
746 200.0 520.0 160.0 1 1 1
747 280.0 520.0 160.0 1 1 1
748 360.0 520.0 160.0 1 1 1
749 440.0 520.0 160.0 1 1 1
750 520.0 520.0 160.0 1 1 1
751 600.0 520.0 160.0 1 1 1
752 -600.0 600.0 160.0 1 1 1
753 -520.0 600.0 160.0 1 1 1
754 -440.0 600.0 160.0 1 1 1
755 -360.0 600.0 160.0 1 1 1
756 -280.0 600.0 160.0 1 1 1
757 -200.0 600.0 160.0 1 1 1
758 -120.0 600.0 160.0 1 1 1
759 -40.0 600.0 160.0 1 1 1
760 40.0 600.0 160.0 1 1 1
761 120.0 600.0 160.0 1 1 1
762 200.0 600.0 160.0 1 1 1
763 280.0 600.0 160.0 1 1 1
764 360.0 600.0 160.0 1 1 1
765 440.0 600.0 160.0 1 1 1
766 520.0 600.0 160.0 1 1 1
767 600.0 600.0 160.0 1 1 1
768 -600.0 -600.0 240.0 1 1 1
769 -520.0 -600.0 240.0 1 1 1
770 -440.0 -600.0 240.0 1 1 1
771 -360.0 -600.0 240.0 1 1 1
772 -280.0 -600.0 240.0 1 1 1
773 -200.0 -600.0 240.0 1 1 1
774 -120.0 -600.0 240.0 1 1 1
775 -40.0 -600.0 240.0 1 1 1
776 40.0 -600.0 240.0 1 1 1
777 120.0 -600.0 240.0 1 1 1
778 200.0 -600.0 240.0 1 1 1
779 280.0 -600.0 240.0 1 1 1
780 360.0 -600.0 240.0 1 1 1
781 440.0 -600.0 240.0 1 1 1
782 520.0 -600.0 240.0 1 1 1
783 600.0 -600.0 240.0 1 1 1
784 -600.0 -520.0 240.0 1 1 1
785 -520.0 -520.0 240.0 1 1 1
786 -440.0 -520.0 240.0 1 1 1
787 -360.0 -520.0 240.0 1 1 1
788 -280.0 -520.0 240.0 1 1 1
789 -200.0 -520.0 240.0 1 1 1
790 -120.0 -520.0 240.0 1 1 1
791 -40.0 -520.0 240.0 1 1 1
792 40.0 -520.0 240.0 1 1 1
793 120.0 -520.0 240.0 1 1 1
794 200.0 -520.0 240.0 1 1 1
795 280.0 -520.0 240.0 1 1 1
796 360.0 -520.0 240.0 1 1 1
797 440.0 -520.0 240.0 1 1 1
798 520.0 -520.0 240.0 1 1 1
799 600.0 -520.0 240.0 1 1 1
800 -600.0 -440.0 240.0 1 1 1
801 -520.0 -440.0 240.0 1 1 1
802 -440.0 -440.0 240.0 1 1 1
803 -360.0 -440.0 240.0 1 1 1
804 -280.0 -440.0 240.0 1 1 1
805 -200.0 -440.0 240.0 1 1 1
806 -120.0 -440.0 240.0 1 1 1
807 -40.0 -440.0 240.0 1 1 1
808 40.0 -440.0 240.0 1 1 1
809 120.0 -440.0 240.0 1 1 1
810 200.0 -440.0 240.0 1 1 1
811 280.0 -440.0 240.0 1 1 1
812 360.0 -440.0 240.0 1 1 1
813 440.0 -440.0 240.0 1 1 1
814 520.0 -440.0 240.0 1 1 1
815 600.0 -440.0 240.0 1 1 1
816 -600.0 -360.0 240.0 1 1 1
817 -520.0 -360.0 240.0 1 1 1
818 -440.0 -360.0 240.0 1 1 1
819 -360.0 -360.0 240.0 1 1 1
820 -280.0 -360.0 240.0 1 1 1
821 -200.0 -360.0 240.0 1 1 1
822 -120.0 -360.0 240.0 1 1 1
823 -40.0 -360.0 240.0 1 1 1
824 40.0 -360.0 240.0 1 1 1
825 120.0 -360.0 240.0 1 1 1
826 200.0 -360.0 240.0 1 1 1
827 280.0 -360.0 240.0 1 1 1
828 360.0 -360.0 240.0 1 1 1
829 440.0 -360.0 240.0 1 1 1
830 520.0 -360.0 240.0 1 1 1
831 600.0 -360.0 240.0 1 1 1
832 -600.0 -280.0 240.0 1 1 1
833 -520.0 -280.0 240.0 1 1 1
834 -440.0 -280.0 240.0 1 1 1
835 -360.0 -280.0 240.0 1 1 1
836 -280.0 -280.0 240.0 1 1 1
837 -200.0 -280.0 240.0 1 1 1
838 -120.0 -280.0 240.0 1 1 1
839 -40.0 -280.0 240.0 1 1 1
840 40.0 -280.0 240.0 1 1 1
841 120.0 -280.0 240.0 1 1 1
842 200.0 -280.0 240.0 1 1 1
843 280.0 -280.0 240.0 1 1 1
844 360.0 -280.0 240.0 1 1 1
845 440.0 -280.0 240.0 1 1 1
846 520.0 -280.0 240.0 1 1 1
847 600.0 -280.0 240.0 1 1 1
848 -600.0 -200.0 240.0 1 1 1
849 -520.0 -200.0 240.0 1 1 1
850 -440.0 -200.0 240.0 1 1 1
851 -360.0 -200.0 240.0 1 1 1
852 -280.0 -200.0 240.0 1 1 1
853 -200.0 -200.0 240.0 1 1 1
854 -120.0 -200.0 240.0 1 1 1
855 -40.0 -200.0 240.0 1 1 1
856 40.0 -200.0 240.0 1 1 1
857 120.0 -200.0 240.0 1 1 1
858 200.0 -200.0 240.0 1 1 1
859 280.0 -200.0 240.0 1 1 1
860 360.0 -200.0 240.0 1 1 1
861 440.0 -200.0 240.0 1 1 1
862 520.0 -200.0 240.0 1 1 1
863 600.0 -200.0 240.0 1 1 1
864 -600.0 -120.0 240.0 1 1 1
865 -520.0 -120.0 240.0 1 1 1
866 -440.0 -120.0 240.0 1 1 1
867 -360.0 -120.0 240.0 1 1 1
868 -280.0 -120.0 240.0 1 1 1
869 -200.0 -120.0 240.0 1 1 1
870 -120.0 -120.0 240.0 1 1 1
871 -40.0 -120.0 240.0 1 1 1
872 40.0 -120.0 240.0 1 1 1
873 120.0 -120.0 240.0 1 1 1
874 200.0 -120.0 240.0 1 1 1
875 280.0 -120.0 240.0 1 1 1
876 360.0 -120.0 240.0 1 1 1
877 440.0 -120.0 240.0 1 1 1
878 520.0 -120.0 240.0 1 1 1
879 600.0 -120.0 240.0 1 1 1
880 -600.0 -40.0 240.0 1 1 1
881 -520.0 -40.0 240.0 1 1 1
882 -440.0 -40.0 240.0 1 1 1
883 -360.0 -40.0 240.0 1 1 1
884 -280.0 -40.0 240.0 1 1 1
885 -200.0 -40.0 240.0 1 1 1
886 -120.0 -40.0 240.0 1 1 1
887 -40.0 -40.0 240.0 1 1 1
888 40.0 -40.0 240.0 1 1 1
889 120.0 -40.0 240.0 1 1 1
890 200.0 -40.0 240.0 1 1 1
891 280.0 -40.0 240.0 1 1 1
892 360.0 -40.0 240.0 1 1 1
893 440.0 -40.0 240.0 1 1 1
894 520.0 -40.0 240.0 1 1 1
895 600.0 -40.0 240.0 1 1 1
896 -600.0 40.0 240.0 1 1 1
897 -520.0 40.0 240.0 1 1 1
898 -440.0 40.0 240.0 1 1 1
899 -360.0 40.0 240.0 1 1 1
900 -280.0 40.0 240.0 1 1 1
901 -200.0 40.0 240.0 1 1 1
902 -120.0 40.0 240.0 1 1 1
903 -40.0 40.0 240.0 1 1 1
904 40.0 40.0 240.0 1 1 1
905 120.0 40.0 240.0 1 1 1
906 200.0 40.0 240.0 1 1 1
907 280.0 40.0 240.0 1 1 1
908 360.0 40.0 240.0 1 1 1
909 440.0 40.0 240.0 1 1 1
910 520.0 40.0 240.0 1 1 1
911 600.0 40.0 240.0 1 1 1
912 -600.0 120.0 240.0 1 1 1
913 -520.0 120.0 240.0 1 1 1
914 -440.0 120.0 240.0 1 1 1
915 -360.0 120.0 240.0 1 1 1
916 -280.0 120.0 240.0 1 1 1
917 -200.0 120.0 240.0 1 1 1
918 -120.0 120.0 240.0 1 1 1
919 -40.0 120.0 240.0 1 1 1
920 40.0 120.0 240.0 1 1 1
921 120.0 120.0 240.0 1 1 1
922 200.0 120.0 240.0 1 1 1
923 280.0 120.0 240.0 1 1 1
924 360.0 120.0 240.0 1 1 1
925 440.0 120.0 240.0 1 1 1
926 520.0 120.0 240.0 1 1 1
927 600.0 120.0 240.0 1 1 1
928 -600.0 200.0 240.0 1 1 1
929 -520.0 200.0 240.0 1 1 1
930 -440.0 200.0 240.0 1 1 1
931 -360.0 200.0 240.0 1 1 1
932 -280.0 200.0 240.0 1 1 1
933 -200.0 200.0 240.0 1 1 1
934 -120.0 200.0 240.0 1 1 1
935 -40.0 200.0 240.0 1 1 1
936 40.0 200.0 240.0 1 1 1
937 120.0 200.0 240.0 1 1 1
938 200.0 200.0 240.0 1 1 1
939 280.0 200.0 240.0 1 1 1
940 360.0 200.0 240.0 1 1 1
941 440.0 200.0 240.0 1 1 1
942 520.0 200.0 240.0 1 1 1
943 600.0 200.0 240.0 1 1 1
944 -600.0 280.0 240.0 1 1 1
945 -520.0 280.0 240.0 1 1 1
946 -440.0 280.0 240.0 1 1 1
947 -360.0 280.0 240.0 1 1 1
948 -280.0 280.0 240.0 1 1 1
949 -200.0 280.0 240.0 1 1 1
950 -120.0 280.0 240.0 1 1 1
951 -40.0 280.0 240.0 1 1 1
952 40.0 280.0 240.0 1 1 1
953 120.0 280.0 240.0 1 1 1
954 200.0 280.0 240.0 1 1 1
955 280.0 280.0 240.0 1 1 1
956 360.0 280.0 240.0 1 1 1
957 440.0 280.0 240.0 1 1 1
958 520.0 280.0 240.0 1 1 1
959 600.0 280.0 240.0 1 1 1
960 -600.0 360.0 240.0 1 1 1
961 -520.0 360.0 240.0 1 1 1
962 -440.0 360.0 240.0 1 1 1
963 -360.0 360.0 240.0 1 1 1
964 -280.0 360.0 240.0 1 1 1
965 -200.0 360.0 240.0 1 1 1
966 -120.0 360.0 240.0 1 1 1
967 -40.0 360.0 240.0 1 1 1
968 40.0 360.0 240.0 1 1 1
969 120.0 360.0 240.0 1 1 1
970 200.0 360.0 240.0 1 1 1
971 280.0 360.0 240.0 1 1 1
972 360.0 360.0 240.0 1 1 1
973 440.0 360.0 240.0 1 1 1
974 520.0 360.0 240.0 1 1 1
975 600.0 360.0 240.0 1 1 1
976 -600.0 440.0 240.0 1 1 1
977 -520.0 440.0 240.0 1 1 1
978 -440.0 440.0 240.0 1 1 1
979 -360.0 440.0 240.0 1 1 1
980 -280.0 440.0 240.0 1 1 1
981 -200.0 440.0 240.0 1 1 1
982 -120.0 440.0 240.0 1 1 1
983 -40.0 440.0 240.0 1 1 1
984 40.0 440.0 240.0 1 1 1
985 120.0 440.0 240.0 1 1 1
986 200.0 440.0 240.0 1 1 1
987 280.0 440.0 240.0 1 1 1
988 360.0 440.0 240.0 1 1 1
989 440.0 440.0 240.0 1 1 1
990 520.0 440.0 240.0 1 1 1
991 600.0 440.0 240.0 1 1 1
992 -600.0 520.0 240.0 1 1 1
993 -520.0 520.0 240.0 1 1 1
994 -440.0 520.0 240.0 1 1 1
995 -360.0 520.0 240.0 1 1 1
996 -280.0 520.0 240.0 1 1 1
997 -200.0 520.0 240.0 1 1 1
998 -120.0 520.0 240.0 1 1 1
999 -40.0 520.0 240.0 1 1 1
1000 40.0 520.0 240.0 1 1 1
1001 120.0 520.0 240.0 1 1 1
1002 200.0 520.0 240.0 1 1 1
1003 280.0 520.0 240.0 1 1 1
1004 360.0 520.0 240.0 1 1 1
1005 440.0 520.0 240.0 1 1 1
1006 520.0 520.0 240.0 1 1 1
1007 600.0 520.0 240.0 1 1 1
1008 -600.0 600.0 240.0 1 1 1
1009 -520.0 600.0 240.0 1 1 1
1010 -440.0 600.0 240.0 1 1 1
1011 -360.0 600.0 240.0 1 1 1
1012 -280.0 600.0 240.0 1 1 1
1013 -200.0 600.0 240.0 1 1 1
1014 -120.0 600.0 240.0 1 1 1
1015 -40.0 600.0 240.0 1 1 1
1016 40.0 600.0 240.0 1 1 1
1017 120.0 600.0 240.0 1 1 1
1018 200.0 600.0 240.0 1 1 1
1019 280.0 600.0 240.0 1 1 1
1020 360.0 600.0 240.0 1 1 1
1021 440.0 600.0 240.0 1 1 1
1022 520.0 600.0 240.0 1 1 1
1023 600.0 600.0 240.0 1 1 1
1024 -600.0 -600.0 320.0 1 1 1
1025 -520.0 -600.0 320.0 1 1 1
1026 -440.0 -600.0 320.0 1 1 1
1027 -360.0 -600.0 320.0 1 1 1
1028 -280.0 -600.0 320.0 1 1 1
1029 -200.0 -600.0 320.0 1 1 1
1030 -120.0 -600.0 320.0 1 1 1
1031 -40.0 -600.0 320.0 1 1 1
1032 40.0 -600.0 320.0 1 1 1
1033 120.0 -600.0 320.0 1 1 1
1034 200.0 -600.0 320.0 1 1 1
1035 280.0 -600.0 320.0 1 1 1
1036 360.0 -600.0 320.0 1 1 1
1037 440.0 -600.0 320.0 1 1 1
1038 520.0 -600.0 320.0 1 1 1
1039 600.0 -600.0 320.0 1 1 1
1040 -600.0 -520.0 320.0 1 1 1
1041 -520.0 -520.0 320.0 1 1 1
1042 -440.0 -520.0 320.0 1 1 1
1043 -360.0 -520.0 320.0 1 1 1
1044 -280.0 -520.0 320.0 1 1 1
1045 -200.0 -520.0 320.0 1 1 1
1046 -120.0 -520.0 320.0 1 1 1
1047 -40.0 -520.0 320.0 1 1 1
1048 40.0 -520.0 320.0 1 1 1
1049 120.0 -520.0 320.0 1 1 1
1050 200.0 -520.0 320.0 1 1 1
1051 280.0 -520.0 320.0 1 1 1
1052 360.0 -520.0 320.0 1 1 1
1053 440.0 -520.0 320.0 1 1 1
1054 520.0 -520.0 320.0 1 1 1
1055 600.0 -520.0 320.0 1 1 1
1056 -600.0 -440.0 320.0 1 1 1
1057 -520.0 -440.0 320.0 1 1 1
1058 -440.0 -440.0 320.0 1 1 1
1059 -360.0 -440.0 320.0 1 1 1
1060 -280.0 -440.0 320.0 1 1 1
1061 -200.0 -440.0 320.0 1 1 1
1062 -120.0 -440.0 320.0 1 1 1
1063 -40.0 -440.0 320.0 1 1 1
1064 40.0 -440.0 320.0 1 1 1
1065 120.0 -440.0 320.0 1 1 1
1066 200.0 -440.0 320.0 1 1 1
1067 280.0 -440.0 320.0 1 1 1
1068 360.0 -440.0 320.0 1 1 1
1069 440.0 -440.0 320.0 1 1 1
1070 520.0 -440.0 320.0 1 1 1
1071 600.0 -440.0 320.0 1 1 1
1072 -600.0 -360.0 320.0 1 1 1
1073 -520.0 -360.0 320.0 1 1 1
1074 -440.0 -360.0 320.0 1 1 1
1075 -360.0 -360.0 320.0 1 1 1
1076 -280.0 -360.0 320.0 1 1 1
1077 -200.0 -360.0 320.0 1 1 1
1078 -120.0 -360.0 320.0 1 1 1
1079 -40.0 -360.0 320.0 1 1 1
1080 40.0 -360.0 320.0 1 1 1
1081 120.0 -360.0 320.0 1 1 1
1082 200.0 -360.0 320.0 1 1 1
1083 280.0 -360.0 320.0 1 1 1
1084 360.0 -360.0 320.0 1 1 1
1085 440.0 -360.0 320.0 1 1 1
1086 520.0 -360.0 320.0 1 1 1
1087 600.0 -360.0 320.0 1 1 1
1088 -600.0 -280.0 320.0 1 1 1
1089 -520.0 -280.0 320.0 1 1 1
1090 -440.0 -280.0 320.0 1 1 1
1091 -360.0 -280.0 320.0 1 1 1
1092 -280.0 -280.0 320.0 1 1 1
1093 -200.0 -280.0 320.0 1 1 1
1094 -120.0 -280.0 320.0 1 1 1
1095 -40.0 -280.0 320.0 1 1 1
1096 40.0 -280.0 320.0 1 1 1
1097 120.0 -280.0 320.0 1 1 1
1098 200.0 -280.0 320.0 1 1 1
1099 280.0 -280.0 320.0 1 1 1
1100 360.0 -280.0 320.0 1 1 1
1101 440.0 -280.0 320.0 1 1 1
1102 520.0 -280.0 320.0 1 1 1
1103 600.0 -280.0 320.0 1 1 1
1104 -600.0 -200.0 320.0 1 1 1
1105 -520.0 -200.0 320.0 1 1 1
1106 -440.0 -200.0 320.0 1 1 1
1107 -360.0 -200.0 320.0 1 1 1
1108 -280.0 -200.0 320.0 1 1 1
1109 -200.0 -200.0 320.0 1 1 1
1110 -120.0 -200.0 320.0 1 1 1
1111 -40.0 -200.0 320.0 1 1 1
1112 40.0 -200.0 320.0 1 1 1
1113 120.0 -200.0 320.0 1 1 1
1114 200.0 -200.0 320.0 1 1 1
1115 280.0 -200.0 320.0 1 1 1
1116 360.0 -200.0 320.0 1 1 1
1117 440.0 -200.0 320.0 1 1 1
1118 520.0 -200.0 320.0 1 1 1
1119 600.0 -200.0 320.0 1 1 1
1120 -600.0 -120.0 320.0 1 1 1
1121 -520.0 -120.0 320.0 1 1 1
1122 -440.0 -120.0 320.0 1 1 1
1123 -360.0 -120.0 320.0 1 1 1
1124 -280.0 -120.0 320.0 1 1 1
1125 -200.0 -120.0 320.0 1 1 1
1126 -120.0 -120.0 320.0 1 1 1
1127 -40.0 -120.0 320.0 1 1 1
1128 40.0 -120.0 320.0 1 1 1
1129 120.0 -120.0 320.0 1 1 1
1130 200.0 -120.0 320.0 1 1 1
1131 280.0 -120.0 320.0 1 1 1
1132 360.0 -120.0 320.0 1 1 1
1133 440.0 -120.0 320.0 1 1 1
1134 520.0 -120.0 320.0 1 1 1
1135 600.0 -120.0 320.0 1 1 1
1136 -600.0 -40.0 320.0 1 1 1
1137 -520.0 -40.0 320.0 1 1 1
1138 -440.0 -40.0 320.0 1 1 1
1139 -360.0 -40.0 320.0 1 1 1
1140 -280.0 -40.0 320.0 1 1 1
1141 -200.0 -40.0 320.0 1 1 1
1142 -120.0 -40.0 320.0 1 1 1
1143 -40.0 -40.0 320.0 1 1 1
1144 40.0 -40.0 320.0 1 1 1
1145 120.0 -40.0 320.0 1 1 1
1146 200.0 -40.0 320.0 1 1 1
1147 280.0 -40.0 320.0 1 1 1
1148 360.0 -40.0 320.0 1 1 1
1149 440.0 -40.0 320.0 1 1 1
1150 520.0 -40.0 320.0 1 1 1
1151 600.0 -40.0 320.0 1 1 1
1152 -600.0 40.0 320.0 1 1 1
1153 -520.0 40.0 320.0 1 1 1
1154 -440.0 40.0 320.0 1 1 1
1155 -360.0 40.0 320.0 1 1 1
1156 -280.0 40.0 320.0 1 1 1
1157 -200.0 40.0 320.0 1 1 1
1158 -120.0 40.0 320.0 1 1 1
1159 -40.0 40.0 320.0 1 1 1
1160 40.0 40.0 320.0 1 1 1
1161 120.0 40.0 320.0 1 1 1
1162 200.0 40.0 320.0 1 1 1
1163 280.0 40.0 320.0 1 1 1
1164 360.0 40.0 320.0 1 1 1
1165 440.0 40.0 320.0 1 1 1
1166 520.0 40.0 320.0 1 1 1
1167 600.0 40.0 320.0 1 1 1
1168 -600.0 120.0 320.0 1 1 1
1169 -520.0 120.0 320.0 1 1 1
1170 -440.0 120.0 320.0 1 1 1
1171 -360.0 120.0 320.0 1 1 1
1172 -280.0 120.0 320.0 1 1 1
1173 -200.0 120.0 320.0 1 1 1
1174 -120.0 120.0 320.0 1 1 1
1175 -40.0 120.0 320.0 1 1 1
1176 40.0 120.0 320.0 1 1 1
1177 120.0 120.0 320.0 1 1 1
1178 200.0 120.0 320.0 1 1 1
1179 280.0 120.0 320.0 1 1 1
1180 360.0 120.0 320.0 1 1 1
1181 440.0 120.0 320.0 1 1 1
1182 520.0 120.0 320.0 1 1 1
1183 600.0 120.0 320.0 1 1 1
1184 -600.0 200.0 320.0 1 1 1
1185 -520.0 200.0 320.0 1 1 1
1186 -440.0 200.0 320.0 1 1 1
1187 -360.0 200.0 320.0 1 1 1
1188 -280.0 200.0 320.0 1 1 1
1189 -200.0 200.0 320.0 1 1 1
1190 -120.0 200.0 320.0 1 1 1
1191 -40.0 200.0 320.0 1 1 1
1192 40.0 200.0 320.0 1 1 1
1193 120.0 200.0 320.0 1 1 1
1194 200.0 200.0 320.0 1 1 1
1195 280.0 200.0 320.0 1 1 1
1196 360.0 200.0 320.0 1 1 1
1197 440.0 200.0 320.0 1 1 1
1198 520.0 200.0 320.0 1 1 1
1199 600.0 200.0 320.0 1 1 1
1200 -600.0 280.0 320.0 1 1 1
1201 -520.0 280.0 320.0 1 1 1
1202 -440.0 280.0 320.0 1 1 1
1203 -360.0 280.0 320.0 1 1 1
1204 -280.0 280.0 320.0 1 1 1
1205 -200.0 280.0 320.0 1 1 1
1206 -120.0 280.0 320.0 1 1 1
1207 -40.0 280.0 320.0 1 1 1
1208 40.0 280.0 320.0 1 1 1
1209 120.0 280.0 320.0 1 1 1
1210 200.0 280.0 320.0 1 1 1
1211 280.0 280.0 320.0 1 1 1
1212 360.0 280.0 320.0 1 1 1
1213 440.0 280.0 320.0 1 1 1
1214 520.0 280.0 320.0 1 1 1
1215 600.0 280.0 320.0 1 1 1
1216 -600.0 360.0 320.0 1 1 1
1217 -520.0 360.0 320.0 1 1 1
1218 -440.0 360.0 320.0 1 1 1
1219 -360.0 360.0 320.0 1 1 1
1220 -280.0 360.0 320.0 1 1 1
1221 -200.0 360.0 320.0 1 1 1
1222 -120.0 360.0 320.0 1 1 1
1223 -40.0 360.0 320.0 1 1 1
1224 40.0 360.0 320.0 1 1 1
1225 120.0 360.0 320.0 1 1 1
1226 200.0 360.0 320.0 1 1 1
1227 280.0 360.0 320.0 1 1 1
1228 360.0 360.0 320.0 1 1 1
1229 440.0 360.0 320.0 1 1 1
1230 520.0 360.0 320.0 1 1 1
1231 600.0 360.0 320.0 1 1 1
1232 -600.0 440.0 320.0 1 1 1
1233 -520.0 440.0 320.0 1 1 1
1234 -440.0 440.0 320.0 1 1 1
1235 -360.0 440.0 320.0 1 1 1
1236 -280.0 440.0 320.0 1 1 1
1237 -200.0 440.0 320.0 1 1 1
1238 -120.0 440.0 320.0 1 1 1
1239 -40.0 440.0 320.0 1 1 1
1240 40.0 440.0 320.0 1 1 1
1241 120.0 440.0 320.0 1 1 1
1242 200.0 440.0 320.0 1 1 1
1243 280.0 440.0 320.0 1 1 1
1244 360.0 440.0 320.0 1 1 1
1245 440.0 440.0 320.0 1 1 1
1246 520.0 440.0 320.0 1 1 1
1247 600.0 440.0 320.0 1 1 1
1248 -600.0 520.0 320.0 1 1 1
1249 -520.0 520.0 320.0 1 1 1
1250 -440.0 520.0 320.0 1 1 1
1251 -360.0 520.0 320.0 1 1 1
1252 -280.0 520.0 320.0 1 1 1
1253 -200.0 520.0 320.0 1 1 1
1254 -120.0 520.0 320.0 1 1 1
1255 -40.0 520.0 320.0 1 1 1
1256 40.0 520.0 320.0 1 1 1
1257 120.0 520.0 320.0 1 1 1
1258 200.0 520.0 320.0 1 1 1
1259 280.0 520.0 320.0 1 1 1
1260 360.0 520.0 320.0 1 1 1
1261 440.0 520.0 320.0 1 1 1
1262 520.0 520.0 320.0 1 1 1
1263 600.0 520.0 320.0 1 1 1
1264 -600.0 600.0 320.0 1 1 1
1265 -520.0 600.0 320.0 1 1 1
1266 -440.0 600.0 320.0 1 1 1
1267 -360.0 600.0 320.0 1 1 1
1268 -280.0 600.0 320.0 1 1 1
1269 -200.0 600.0 320.0 1 1 1
1270 -120.0 600.0 320.0 1 1 1
1271 -40.0 600.0 320.0 1 1 1
1272 40.0 600.0 320.0 1 1 1
1273 120.0 600.0 320.0 1 1 1
1274 200.0 600.0 320.0 1 1 1
1275 280.0 600.0 320.0 1 1 1
1276 360.0 600.0 320.0 1 1 1
1277 440.0 600.0 320.0 1 1 1
1278 520.0 600.0 320.0 1 1 1
1279 600.0 600.0 320.0 1 1 1
1280 -600.0 -600.0 400.0 1 1 1
1281 -520.0 -600.0 400.0 1 1 1
1282 -440.0 -600.0 400.0 1 1 1
1283 -360.0 -600.0 400.0 1 1 1
1284 -280.0 -600.0 400.0 1 1 1
1285 -200.0 -600.0 400.0 1 1 1
1286 -120.0 -600.0 400.0 1 1 1
1287 -40.0 -600.0 400.0 1 1 1
1288 40.0 -600.0 400.0 1 1 1
1289 120.0 -600.0 400.0 1 1 1
1290 200.0 -600.0 400.0 1 1 1
1291 280.0 -600.0 400.0 1 1 1
1292 360.0 -600.0 400.0 1 1 1
1293 440.0 -600.0 400.0 1 1 1
1294 520.0 -600.0 400.0 1 1 1
1295 600.0 -600.0 400.0 1 1 1
1296 -600.0 -520.0 400.0 1 1 1
1297 -520.0 -520.0 400.0 1 1 1
1298 -440.0 -520.0 400.0 1 1 1
1299 -360.0 -520.0 400.0 1 1 1
1300 -280.0 -520.0 400.0 1 1 1
1301 -200.0 -520.0 400.0 1 1 1
1302 -120.0 -520.0 400.0 1 1 1
1303 -40.0 -520.0 400.0 1 1 1
1304 40.0 -520.0 400.0 1 1 1
1305 120.0 -520.0 400.0 1 1 1
1306 200.0 -520.0 400.0 1 1 1
1307 280.0 -520.0 400.0 1 1 1
1308 360.0 -520.0 400.0 1 1 1
1309 440.0 -520.0 400.0 1 1 1
1310 520.0 -520.0 400.0 1 1 1
1311 600.0 -520.0 400.0 1 1 1
1312 -600.0 -440.0 400.0 1 1 1
1313 -520.0 -440.0 400.0 1 1 1
1314 -440.0 -440.0 400.0 1 1 1
1315 -360.0 -440.0 400.0 1 1 1
1316 -280.0 -440.0 400.0 1 1 1
1317 -200.0 -440.0 400.0 1 1 1
1318 -120.0 -440.0 400.0 1 1 1
1319 -40.0 -440.0 400.0 1 1 1
1320 40.0 -440.0 400.0 1 1 1
1321 120.0 -440.0 400.0 1 1 1
1322 200.0 -440.0 400.0 1 1 1
1323 280.0 -440.0 400.0 1 1 1
1324 360.0 -440.0 400.0 1 1 1
1325 440.0 -440.0 400.0 1 1 1
1326 520.0 -440.0 400.0 1 1 1
1327 600.0 -440.0 400.0 1 1 1
1328 -600.0 -360.0 400.0 1 1 1
1329 -520.0 -360.0 400.0 1 1 1
1330 -440.0 -360.0 400.0 1 1 1
1331 -360.0 -360.0 400.0 1 1 1
1332 -280.0 -360.0 400.0 1 1 1
1333 -200.0 -360.0 400.0 1 1 1
1334 -120.0 -360.0 400.0 1 1 1
1335 -40.0 -360.0 400.0 1 1 1
1336 40.0 -360.0 400.0 1 1 1
1337 120.0 -360.0 400.0 1 1 1
1338 200.0 -360.0 400.0 1 1 1
1339 280.0 -360.0 400.0 1 1 1
1340 360.0 -360.0 400.0 1 1 1
1341 440.0 -360.0 400.0 1 1 1
1342 520.0 -360.0 400.0 1 1 1
1343 600.0 -360.0 400.0 1 1 1
1344 -600.0 -280.0 400.0 1 1 1
1345 -520.0 -280.0 400.0 1 1 1
1346 -440.0 -280.0 400.0 1 1 1
1347 -360.0 -280.0 400.0 1 1 1
1348 -280.0 -280.0 400.0 1 1 1
1349 -200.0 -280.0 400.0 1 1 1
1350 -120.0 -280.0 400.0 1 1 1
1351 -40.0 -280.0 400.0 1 1 1
1352 40.0 -280.0 400.0 1 1 1
1353 120.0 -280.0 400.0 1 1 1
1354 200.0 -280.0 400.0 1 1 1
1355 280.0 -280.0 400.0 1 1 1
1356 360.0 -280.0 400.0 1 1 1
1357 440.0 -280.0 400.0 1 1 1
1358 520.0 -280.0 400.0 1 1 1
1359 600.0 -280.0 400.0 1 1 1
1360 -600.0 -200.0 400.0 1 1 1
1361 -520.0 -200.0 400.0 1 1 1
1362 -440.0 -200.0 400.0 1 1 1
1363 -360.0 -200.0 400.0 1 1 1
1364 -280.0 -200.0 400.0 1 1 1
1365 -200.0 -200.0 400.0 1 1 1
1366 -120.0 -200.0 400.0 1 1 1
1367 -40.0 -200.0 400.0 1 1 1
1368 40.0 -200.0 400.0 1 1 1
1369 120.0 -200.0 400.0 1 1 1
1370 200.0 -200.0 400.0 1 1 1
1371 280.0 -200.0 400.0 1 1 1
1372 360.0 -200.0 400.0 1 1 1
1373 440.0 -200.0 400.0 1 1 1
1374 520.0 -200.0 400.0 1 1 1
1375 600.0 -200.0 400.0 1 1 1
1376 -600.0 -120.0 400.0 1 1 1
1377 -520.0 -120.0 400.0 1 1 1
1378 -440.0 -120.0 400.0 1 1 1
1379 -360.0 -120.0 400.0 1 1 1
1380 -280.0 -120.0 400.0 1 1 1
1381 -200.0 -120.0 400.0 1 1 1
1382 -120.0 -120.0 400.0 1 1 1
1383 -40.0 -120.0 400.0 1 1 1
1384 40.0 -120.0 400.0 1 1 1
1385 120.0 -120.0 400.0 1 1 1
1386 200.0 -120.0 400.0 1 1 1
1387 280.0 -120.0 400.0 1 1 1
1388 360.0 -120.0 400.0 1 1 1
1389 440.0 -120.0 400.0 1 1 1
1390 520.0 -120.0 400.0 1 1 1
1391 600.0 -120.0 400.0 1 1 1
1392 -600.0 -40.0 400.0 1 1 1
1393 -520.0 -40.0 400.0 1 1 1
1394 -440.0 -40.0 400.0 1 1 1
1395 -360.0 -40.0 400.0 1 1 1
1396 -280.0 -40.0 400.0 1 1 1
1397 -200.0 -40.0 400.0 1 1 1
1398 -120.0 -40.0 400.0 1 1 1
1399 -40.0 -40.0 400.0 1 1 1
1400 40.0 -40.0 400.0 1 1 1
1401 120.0 -40.0 400.0 1 1 1
1402 200.0 -40.0 400.0 1 1 1
1403 280.0 -40.0 400.0 1 1 1
1404 360.0 -40.0 400.0 1 1 1
1405 440.0 -40.0 400.0 1 1 1
1406 520.0 -40.0 400.0 1 1 1
1407 600.0 -40.0 400.0 1 1 1
1408 -600.0 40.0 400.0 1 1 1
1409 -520.0 40.0 400.0 1 1 1
1410 -440.0 40.0 400.0 1 1 1
1411 -360.0 40.0 400.0 1 1 1
1412 -280.0 40.0 400.0 1 1 1
1413 -200.0 40.0 400.0 1 1 1
1414 -120.0 40.0 400.0 1 1 1
1415 -40.0 40.0 400.0 1 1 1
1416 40.0 40.0 400.0 1 1 1
1417 120.0 40.0 400.0 1 1 1
1418 200.0 40.0 400.0 1 1 1
1419 280.0 40.0 400.0 1 1 1
1420 360.0 40.0 400.0 1 1 1
1421 440.0 40.0 400.0 1 1 1
1422 520.0 40.0 400.0 1 1 1
1423 600.0 40.0 400.0 1 1 1
1424 -600.0 120.0 400.0 1 1 1
1425 -520.0 120.0 400.0 1 1 1
1426 -440.0 120.0 400.0 1 1 1
1427 -360.0 120.0 400.0 1 1 1
1428 -280.0 120.0 400.0 1 1 1
1429 -200.0 120.0 400.0 1 1 1
1430 -120.0 120.0 400.0 1 1 1
1431 -40.0 120.0 400.0 1 1 1
1432 40.0 120.0 400.0 1 1 1
1433 120.0 120.0 400.0 1 1 1
1434 200.0 120.0 400.0 1 1 1
1435 280.0 120.0 400.0 1 1 1
1436 360.0 120.0 400.0 1 1 1
1437 440.0 120.0 400.0 1 1 1
1438 520.0 120.0 400.0 1 1 1
1439 600.0 120.0 400.0 1 1 1
1440 -600.0 200.0 400.0 1 1 1
1441 -520.0 200.0 400.0 1 1 1
1442 -440.0 200.0 400.0 1 1 1
1443 -360.0 200.0 400.0 1 1 1
1444 -280.0 200.0 400.0 1 1 1
1445 -200.0 200.0 400.0 1 1 1
1446 -120.0 200.0 400.0 1 1 1
1447 -40.0 200.0 400.0 1 1 1
1448 40.0 200.0 400.0 1 1 1
1449 120.0 200.0 400.0 1 1 1
1450 200.0 200.0 400.0 1 1 1
1451 280.0 200.0 400.0 1 1 1
1452 360.0 200.0 400.0 1 1 1
1453 440.0 200.0 400.0 1 1 1
1454 520.0 200.0 400.0 1 1 1
1455 600.0 200.0 400.0 1 1 1
1456 -600.0 280.0 400.0 1 1 1
1457 -520.0 280.0 400.0 1 1 1
1458 -440.0 280.0 400.0 1 1 1
1459 -360.0 280.0 400.0 1 1 1
1460 -280.0 280.0 400.0 1 1 1
1461 -200.0 280.0 400.0 1 1 1
1462 -120.0 280.0 400.0 1 1 1
1463 -40.0 280.0 400.0 1 1 1
1464 40.0 280.0 400.0 1 1 1
1465 120.0 280.0 400.0 1 1 1
1466 200.0 280.0 400.0 1 1 1
1467 280.0 280.0 400.0 1 1 1
1468 360.0 280.0 400.0 1 1 1
1469 440.0 280.0 400.0 1 1 1
1470 520.0 280.0 400.0 1 1 1
1471 600.0 280.0 400.0 1 1 1
1472 -600.0 360.0 400.0 1 1 1
1473 -520.0 360.0 400.0 1 1 1
1474 -440.0 360.0 400.0 1 1 1
1475 -360.0 360.0 400.0 1 1 1
1476 -280.0 360.0 400.0 1 1 1
1477 -200.0 360.0 400.0 1 1 1
1478 -120.0 360.0 400.0 1 1 1
1479 -40.0 360.0 400.0 1 1 1
1480 40.0 360.0 400.0 1 1 1
1481 120.0 360.0 400.0 1 1 1
1482 200.0 360.0 400.0 1 1 1
1483 280.0 360.0 400.0 1 1 1
1484 360.0 360.0 400.0 1 1 1
1485 440.0 360.0 400.0 1 1 1
1486 520.0 360.0 400.0 1 1 1
1487 600.0 360.0 400.0 1 1 1
1488 -600.0 440.0 400.0 1 1 1
1489 -520.0 440.0 400.0 1 1 1
1490 -440.0 440.0 400.0 1 1 1
1491 -360.0 440.0 400.0 1 1 1
1492 -280.0 440.0 400.0 1 1 1
1493 -200.0 440.0 400.0 1 1 1
1494 -120.0 440.0 400.0 1 1 1
1495 -40.0 440.0 400.0 1 1 1
1496 40.0 440.0 400.0 1 1 1
1497 120.0 440.0 400.0 1 1 1
1498 200.0 440.0 400.0 1 1 1
1499 280.0 440.0 400.0 1 1 1
1500 360.0 440.0 400.0 1 1 1
1501 440.0 440.0 400.0 1 1 1
1502 520.0 440.0 400.0 1 1 1
1503 600.0 440.0 400.0 1 1 1
1504 -600.0 520.0 400.0 1 1 1
1505 -520.0 520.0 400.0 1 1 1
1506 -440.0 520.0 400.0 1 1 1
1507 -360.0 520.0 400.0 1 1 1
1508 -280.0 520.0 400.0 1 1 1
1509 -200.0 520.0 400.0 1 1 1
1510 -120.0 520.0 400.0 1 1 1
1511 -40.0 520.0 400.0 1 1 1
1512 40.0 520.0 400.0 1 1 1
1513 120.0 520.0 400.0 1 1 1
1514 200.0 520.0 400.0 1 1 1
1515 280.0 520.0 400.0 1 1 1
1516 360.0 520.0 400.0 1 1 1
1517 440.0 520.0 400.0 1 1 1
1518 520.0 520.0 400.0 1 1 1
1519 600.0 520.0 400.0 1 1 1
1520 -600.0 600.0 400.0 1 1 1
1521 -520.0 600.0 400.0 1 1 1
1522 -440.0 600.0 400.0 1 1 1
1523 -360.0 600.0 400.0 1 1 1
1524 -280.0 600.0 400.0 1 1 1
1525 -200.0 600.0 400.0 1 1 1
1526 -120.0 600.0 400.0 1 1 1
1527 -40.0 600.0 400.0 1 1 1
1528 40.0 600.0 400.0 1 1 1
1529 120.0 600.0 400.0 1 1 1
1530 200.0 600.0 400.0 1 1 1
1531 280.0 600.0 400.0 1 1 1
1532 360.0 600.0 400.0 1 1 1
1533 440.0 600.0 400.0 1 1 1
1534 520.0 600.0 400.0 1 1 1
1535 600.0 600.0 400.0 1 1 1
1536 -600.0 -600.0 480.0 1 1 1
1537 -520.0 -600.0 480.0 1 1 1
1538 -440.0 -600.0 480.0 1 1 1
1539 -360.0 -600.0 480.0 1 1 1
1540 -280.0 -600.0 480.0 1 1 1
1541 -200.0 -600.0 480.0 1 1 1
1542 -120.0 -600.0 480.0 1 1 1
1543 -40.0 -600.0 480.0 1 1 1
1544 40.0 -600.0 480.0 1 1 1
1545 120.0 -600.0 480.0 1 1 1
1546 200.0 -600.0 480.0 1 1 1
1547 280.0 -600.0 480.0 1 1 1
1548 360.0 -600.0 480.0 1 1 1
1549 440.0 -600.0 480.0 1 1 1
1550 520.0 -600.0 480.0 1 1 1
1551 600.0 -600.0 480.0 1 1 1
1552 -600.0 -520.0 480.0 1 1 1
1553 -520.0 -520.0 480.0 1 1 1
1554 -440.0 -520.0 480.0 1 1 1
1555 -360.0 -520.0 480.0 1 1 1
1556 -280.0 -520.0 480.0 1 1 1
1557 -200.0 -520.0 480.0 1 1 1
1558 -120.0 -520.0 480.0 1 1 1
1559 -40.0 -520.0 480.0 1 1 1
1560 40.0 -520.0 480.0 1 1 1
1561 120.0 -520.0 480.0 1 1 1
1562 200.0 -520.0 480.0 1 1 1
1563 280.0 -520.0 480.0 1 1 1
1564 360.0 -520.0 480.0 1 1 1
1565 440.0 -520.0 480.0 1 1 1
1566 520.0 -520.0 480.0 1 1 1
1567 600.0 -520.0 480.0 1 1 1
1568 -600.0 -440.0 480.0 1 1 1
1569 -520.0 -440.0 480.0 1 1 1
1570 -440.0 -440.0 480.0 1 1 1
1571 -360.0 -440.0 480.0 1 1 1
1572 -280.0 -440.0 480.0 1 1 1
1573 -200.0 -440.0 480.0 1 1 1
1574 -120.0 -440.0 480.0 1 1 1
1575 -40.0 -440.0 480.0 1 1 1
1576 40.0 -440.0 480.0 1 1 1
1577 120.0 -440.0 480.0 1 1 1
1578 200.0 -440.0 480.0 1 1 1
1579 280.0 -440.0 480.0 1 1 1
1580 360.0 -440.0 480.0 1 1 1
1581 440.0 -440.0 480.0 1 1 1
1582 520.0 -440.0 480.0 1 1 1
1583 600.0 -440.0 480.0 1 1 1
1584 -600.0 -360.0 480.0 1 1 1
1585 -520.0 -360.0 480.0 1 1 1
1586 -440.0 -360.0 480.0 1 1 1
1587 -360.0 -360.0 480.0 1 1 1
1588 -280.0 -360.0 480.0 1 1 1
1589 -200.0 -360.0 480.0 1 1 1
1590 -120.0 -360.0 480.0 1 1 1
1591 -40.0 -360.0 480.0 1 1 1
1592 40.0 -360.0 480.0 1 1 1
1593 120.0 -360.0 480.0 1 1 1
1594 200.0 -360.0 480.0 1 1 1
1595 280.0 -360.0 480.0 1 1 1
1596 360.0 -360.0 480.0 1 1 1
1597 440.0 -360.0 480.0 1 1 1
1598 520.0 -360.0 480.0 1 1 1
1599 600.0 -360.0 480.0 1 1 1
1600 -600.0 -280.0 480.0 1 1 1
1601 -520.0 -280.0 480.0 1 1 1
1602 -440.0 -280.0 480.0 1 1 1
1603 -360.0 -280.0 480.0 1 1 1
1604 -280.0 -280.0 480.0 1 1 1
1605 -200.0 -280.0 480.0 1 1 1
1606 -120.0 -280.0 480.0 1 1 1
1607 -40.0 -280.0 480.0 1 1 1
1608 40.0 -280.0 480.0 1 1 1
1609 120.0 -280.0 480.0 1 1 1
1610 200.0 -280.0 480.0 1 1 1
1611 280.0 -280.0 480.0 1 1 1
1612 360.0 -280.0 480.0 1 1 1
1613 440.0 -280.0 480.0 1 1 1
1614 520.0 -280.0 480.0 1 1 1
1615 600.0 -280.0 480.0 1 1 1
1616 -600.0 -200.0 480.0 1 1 1
1617 -520.0 -200.0 480.0 1 1 1
1618 -440.0 -200.0 480.0 1 1 1
1619 -360.0 -200.0 480.0 1 1 1
1620 -280.0 -200.0 480.0 1 1 1
1621 -200.0 -200.0 480.0 1 1 1
1622 -120.0 -200.0 480.0 1 1 1
1623 -40.0 -200.0 480.0 1 1 1
1624 40.0 -200.0 480.0 1 1 1
1625 120.0 -200.0 480.0 1 1 1
1626 200.0 -200.0 480.0 1 1 1
1627 280.0 -200.0 480.0 1 1 1
1628 360.0 -200.0 480.0 1 1 1
1629 440.0 -200.0 480.0 1 1 1
1630 520.0 -200.0 480.0 1 1 1
1631 600.0 -200.0 480.0 1 1 1
1632 -600.0 -120.0 480.0 1 1 1
1633 -520.0 -120.0 480.0 1 1 1
1634 -440.0 -120.0 480.0 1 1 1
1635 -360.0 -120.0 480.0 1 1 1
1636 -280.0 -120.0 480.0 1 1 1
1637 -200.0 -120.0 480.0 1 1 1
1638 -120.0 -120.0 480.0 1 1 1
1639 -40.0 -120.0 480.0 1 1 1
1640 40.0 -120.0 480.0 1 1 1
1641 120.0 -120.0 480.0 1 1 1
1642 200.0 -120.0 480.0 1 1 1
1643 280.0 -120.0 480.0 1 1 1
1644 360.0 -120.0 480.0 1 1 1
1645 440.0 -120.0 480.0 1 1 1
1646 520.0 -120.0 480.0 1 1 1
1647 600.0 -120.0 480.0 1 1 1
1648 -600.0 -40.0 480.0 1 1 1
1649 -520.0 -40.0 480.0 1 1 1
1650 -440.0 -40.0 480.0 1 1 1
1651 -360.0 -40.0 480.0 1 1 1
1652 -280.0 -40.0 480.0 1 1 1
1653 -200.0 -40.0 480.0 1 1 1
1654 -120.0 -40.0 480.0 1 1 1
1655 -40.0 -40.0 480.0 1 1 1
1656 40.0 -40.0 480.0 1 1 1
1657 120.0 -40.0 480.0 1 1 1
1658 200.0 -40.0 480.0 1 1 1
1659 280.0 -40.0 480.0 1 1 1
1660 360.0 -40.0 480.0 1 1 1
1661 440.0 -40.0 480.0 1 1 1
1662 520.0 -40.0 480.0 1 1 1
1663 600.0 -40.0 480.0 1 1 1
1664 -600.0 40.0 480.0 1 1 1
1665 -520.0 40.0 480.0 1 1 1
1666 -440.0 40.0 480.0 1 1 1
1667 -360.0 40.0 480.0 1 1 1
1668 -280.0 40.0 480.0 1 1 1
1669 -200.0 40.0 480.0 1 1 1
1670 -120.0 40.0 480.0 1 1 1
1671 -40.0 40.0 480.0 1 1 1
1672 40.0 40.0 480.0 1 1 1
1673 120.0 40.0 480.0 1 1 1
1674 200.0 40.0 480.0 1 1 1
1675 280.0 40.0 480.0 1 1 1
1676 360.0 40.0 480.0 1 1 1
1677 440.0 40.0 480.0 1 1 1
1678 520.0 40.0 480.0 1 1 1
1679 600.0 40.0 480.0 1 1 1
1680 -600.0 120.0 480.0 1 1 1
1681 -520.0 120.0 480.0 1 1 1
1682 -440.0 120.0 480.0 1 1 1
1683 -360.0 120.0 480.0 1 1 1
1684 -280.0 120.0 480.0 1 1 1
1685 -200.0 120.0 480.0 1 1 1
1686 -120.0 120.0 480.0 1 1 1
1687 -40.0 120.0 480.0 1 1 1
1688 40.0 120.0 480.0 1 1 1
1689 120.0 120.0 480.0 1 1 1
1690 200.0 120.0 480.0 1 1 1
1691 280.0 120.0 480.0 1 1 1
1692 360.0 120.0 480.0 1 1 1
1693 440.0 120.0 480.0 1 1 1
1694 520.0 120.0 480.0 1 1 1
1695 600.0 120.0 480.0 1 1 1
1696 -600.0 200.0 480.0 1 1 1
1697 -520.0 200.0 480.0 1 1 1
1698 -440.0 200.0 480.0 1 1 1
1699 -360.0 200.0 480.0 1 1 1
1700 -280.0 200.0 480.0 1 1 1
1701 -200.0 200.0 480.0 1 1 1
1702 -120.0 200.0 480.0 1 1 1
1703 -40.0 200.0 480.0 1 1 1
1704 40.0 200.0 480.0 1 1 1
1705 120.0 200.0 480.0 1 1 1
1706 200.0 200.0 480.0 1 1 1
1707 280.0 200.0 480.0 1 1 1
1708 360.0 200.0 480.0 1 1 1
1709 440.0 200.0 480.0 1 1 1
1710 520.0 200.0 480.0 1 1 1
1711 600.0 200.0 480.0 1 1 1
1712 -600.0 280.0 480.0 1 1 1
1713 -520.0 280.0 480.0 1 1 1
1714 -440.0 280.0 480.0 1 1 1
1715 -360.0 280.0 480.0 1 1 1
1716 -280.0 280.0 480.0 1 1 1
1717 -200.0 280.0 480.0 1 1 1
1718 -120.0 280.0 480.0 1 1 1
1719 -40.0 280.0 480.0 1 1 1
1720 40.0 280.0 480.0 1 1 1
1721 120.0 280.0 480.0 1 1 1
1722 200.0 280.0 480.0 1 1 1
1723 280.0 280.0 480.0 1 1 1
1724 360.0 280.0 480.0 1 1 1
1725 440.0 280.0 480.0 1 1 1
1726 520.0 280.0 480.0 1 1 1
1727 600.0 280.0 480.0 1 1 1
1728 -600.0 360.0 480.0 1 1 1
1729 -520.0 360.0 480.0 1 1 1
1730 -440.0 360.0 480.0 1 1 1
1731 -360.0 360.0 480.0 1 1 1
1732 -280.0 360.0 480.0 1 1 1
1733 -200.0 360.0 480.0 1 1 1
1734 -120.0 360.0 480.0 1 1 1
1735 -40.0 360.0 480.0 1 1 1
1736 40.0 360.0 480.0 1 1 1
1737 120.0 360.0 480.0 1 1 1
1738 200.0 360.0 480.0 1 1 1
1739 280.0 360.0 480.0 1 1 1
1740 360.0 360.0 480.0 1 1 1
1741 440.0 360.0 480.0 1 1 1
1742 520.0 360.0 480.0 1 1 1
1743 600.0 360.0 480.0 1 1 1
1744 -600.0 440.0 480.0 1 1 1
1745 -520.0 440.0 480.0 1 1 1
1746 -440.0 440.0 480.0 1 1 1
1747 -360.0 440.0 480.0 1 1 1
1748 -280.0 440.0 480.0 1 1 1
1749 -200.0 440.0 480.0 1 1 1
1750 -120.0 440.0 480.0 1 1 1
1751 -40.0 440.0 480.0 1 1 1
1752 40.0 440.0 480.0 1 1 1
1753 120.0 440.0 480.0 1 1 1
1754 200.0 440.0 480.0 1 1 1
1755 280.0 440.0 480.0 1 1 1
1756 360.0 440.0 480.0 1 1 1
1757 440.0 440.0 480.0 1 1 1
1758 520.0 440.0 480.0 1 1 1
1759 600.0 440.0 480.0 1 1 1
1760 -600.0 520.0 480.0 1 1 1
1761 -520.0 520.0 480.0 1 1 1
1762 -440.0 520.0 480.0 1 1 1
1763 -360.0 520.0 480.0 1 1 1
1764 -280.0 520.0 480.0 1 1 1
1765 -200.0 520.0 480.0 1 1 1
1766 -120.0 520.0 480.0 1 1 1
1767 -40.0 520.0 480.0 1 1 1
1768 40.0 520.0 480.0 1 1 1
1769 120.0 520.0 480.0 1 1 1
1770 200.0 520.0 480.0 1 1 1
1771 280.0 520.0 480.0 1 1 1
1772 360.0 520.0 480.0 1 1 1
1773 440.0 520.0 480.0 1 1 1
1774 520.0 520.0 480.0 1 1 1
1775 600.0 520.0 480.0 1 1 1
1776 -600.0 600.0 480.0 1 1 1
1777 -520.0 600.0 480.0 1 1 1
1778 -440.0 600.0 480.0 1 1 1
1779 -360.0 600.0 480.0 1 1 1
1780 -280.0 600.0 480.0 1 1 1
1781 -200.0 600.0 480.0 1 1 1
1782 -120.0 600.0 480.0 1 1 1
1783 -40.0 600.0 480.0 1 1 1
1784 40.0 600.0 480.0 1 1 1
1785 120.0 600.0 480.0 1 1 1
1786 200.0 600.0 480.0 1 1 1
1787 280.0 600.0 480.0 1 1 1
1788 360.0 600.0 480.0 1 1 1
1789 440.0 600.0 480.0 1 1 1
1790 520.0 600.0 480.0 1 1 1
1791 600.0 600.0 480.0 1 1 1
1792 -600.0 -600.0 560.0 1 1 1
1793 -520.0 -600.0 560.0 1 1 1
1794 -440.0 -600.0 560.0 1 1 1
1795 -360.0 -600.0 560.0 1 1 1
1796 -280.0 -600.0 560.0 1 1 1
1797 -200.0 -600.0 560.0 1 1 1
1798 -120.0 -600.0 560.0 1 1 1
1799 -40.0 -600.0 560.0 1 1 1
1800 40.0 -600.0 560.0 1 1 1
1801 120.0 -600.0 560.0 1 1 1
1802 200.0 -600.0 560.0 1 1 1
1803 280.0 -600.0 560.0 1 1 1
1804 360.0 -600.0 560.0 1 1 1
1805 440.0 -600.0 560.0 1 1 1
1806 520.0 -600.0 560.0 1 1 1
1807 600.0 -600.0 560.0 1 1 1
1808 -600.0 -520.0 560.0 1 1 1
1809 -520.0 -520.0 560.0 1 1 1
1810 -440.0 -520.0 560.0 1 1 1
1811 -360.0 -520.0 560.0 1 1 1
1812 -280.0 -520.0 560.0 1 1 1
1813 -200.0 -520.0 560.0 1 1 1
1814 -120.0 -520.0 560.0 1 1 1
1815 -40.0 -520.0 560.0 1 1 1
1816 40.0 -520.0 560.0 1 1 1
1817 120.0 -520.0 560.0 1 1 1
1818 200.0 -520.0 560.0 1 1 1
1819 280.0 -520.0 560.0 1 1 1
1820 360.0 -520.0 560.0 1 1 1
1821 440.0 -520.0 560.0 1 1 1
1822 520.0 -520.0 560.0 1 1 1
1823 600.0 -520.0 560.0 1 1 1
1824 -600.0 -440.0 560.0 1 1 1
1825 -520.0 -440.0 560.0 1 1 1
1826 -440.0 -440.0 560.0 1 1 1
1827 -360.0 -440.0 560.0 1 1 1
1828 -280.0 -440.0 560.0 1 1 1
1829 -200.0 -440.0 560.0 1 1 1
1830 -120.0 -440.0 560.0 1 1 1
1831 -40.0 -440.0 560.0 1 1 1
1832 40.0 -440.0 560.0 1 1 1
1833 120.0 -440.0 560.0 1 1 1
1834 200.0 -440.0 560.0 1 1 1
1835 280.0 -440.0 560.0 1 1 1
1836 360.0 -440.0 560.0 1 1 1
1837 440.0 -440.0 560.0 1 1 1
1838 520.0 -440.0 560.0 1 1 1
1839 600.0 -440.0 560.0 1 1 1
1840 -600.0 -360.0 560.0 1 1 1
1841 -520.0 -360.0 560.0 1 1 1
1842 -440.0 -360.0 560.0 1 1 1
1843 -360.0 -360.0 560.0 1 1 1
1844 -280.0 -360.0 560.0 1 1 1
1845 -200.0 -360.0 560.0 1 1 1
1846 -120.0 -360.0 560.0 1 1 1
1847 -40.0 -360.0 560.0 1 1 1
1848 40.0 -360.0 560.0 1 1 1
1849 120.0 -360.0 560.0 1 1 1
1850 200.0 -360.0 560.0 1 1 1
1851 280.0 -360.0 560.0 1 1 1
1852 360.0 -360.0 560.0 1 1 1
1853 440.0 -360.0 560.0 1 1 1
1854 520.0 -360.0 560.0 1 1 1
1855 600.0 -360.0 560.0 1 1 1
1856 -600.0 -280.0 560.0 1 1 1
1857 -520.0 -280.0 560.0 1 1 1
1858 -440.0 -280.0 560.0 1 1 1
1859 -360.0 -280.0 560.0 1 1 1
1860 -280.0 -280.0 560.0 1 1 1
1861 -200.0 -280.0 560.0 1 1 1
1862 -120.0 -280.0 560.0 1 1 1
1863 -40.0 -280.0 560.0 1 1 1
1864 40.0 -280.0 560.0 1 1 1
1865 120.0 -280.0 560.0 1 1 1
1866 200.0 -280.0 560.0 1 1 1
1867 280.0 -280.0 560.0 1 1 1
1868 360.0 -280.0 560.0 1 1 1
1869 440.0 -280.0 560.0 1 1 1
1870 520.0 -280.0 560.0 1 1 1
1871 600.0 -280.0 560.0 1 1 1
1872 -600.0 -200.0 560.0 1 1 1
1873 -520.0 -200.0 560.0 1 1 1
1874 -440.0 -200.0 560.0 1 1 1
1875 -360.0 -200.0 560.0 1 1 1
1876 -280.0 -200.0 560.0 1 1 1
1877 -200.0 -200.0 560.0 1 1 1
1878 -120.0 -200.0 560.0 1 1 1
1879 -40.0 -200.0 560.0 1 1 1
1880 40.0 -200.0 560.0 1 1 1
1881 120.0 -200.0 560.0 1 1 1
1882 200.0 -200.0 560.0 1 1 1
1883 280.0 -200.0 560.0 1 1 1
1884 360.0 -200.0 560.0 1 1 1
1885 440.0 -200.0 560.0 1 1 1
1886 520.0 -200.0 560.0 1 1 1
1887 600.0 -200.0 560.0 1 1 1
1888 -600.0 -120.0 560.0 1 1 1
1889 -520.0 -120.0 560.0 1 1 1
1890 -440.0 -120.0 560.0 1 1 1
1891 -360.0 -120.0 560.0 1 1 1
1892 -280.0 -120.0 560.0 1 1 1
1893 -200.0 -120.0 560.0 1 1 1
1894 -120.0 -120.0 560.0 1 1 1
1895 -40.0 -120.0 560.0 1 1 1
1896 40.0 -120.0 560.0 1 1 1
1897 120.0 -120.0 560.0 1 1 1
1898 200.0 -120.0 560.0 1 1 1
1899 280.0 -120.0 560.0 1 1 1
1900 360.0 -120.0 560.0 1 1 1
1901 440.0 -120.0 560.0 1 1 1
1902 520.0 -120.0 560.0 1 1 1
1903 600.0 -120.0 560.0 1 1 1
1904 -600.0 -40.0 560.0 1 1 1
1905 -520.0 -40.0 560.0 1 1 1
1906 -440.0 -40.0 560.0 1 1 1
1907 -360.0 -40.0 560.0 1 1 1
1908 -280.0 -40.0 560.0 1 1 1
1909 -200.0 -40.0 560.0 1 1 1
1910 -120.0 -40.0 560.0 1 1 1
1911 -40.0 -40.0 560.0 1 1 1
1912 40.0 -40.0 560.0 1 1 1
1913 120.0 -40.0 560.0 1 1 1
1914 200.0 -40.0 560.0 1 1 1
1915 280.0 -40.0 560.0 1 1 1
1916 360.0 -40.0 560.0 1 1 1
1917 440.0 -40.0 560.0 1 1 1
1918 520.0 -40.0 560.0 1 1 1
1919 600.0 -40.0 560.0 1 1 1
1920 -600.0 40.0 560.0 1 1 1
1921 -520.0 40.0 560.0 1 1 1
1922 -440.0 40.0 560.0 1 1 1
1923 -360.0 40.0 560.0 1 1 1
1924 -280.0 40.0 560.0 1 1 1
1925 -200.0 40.0 560.0 1 1 1
1926 -120.0 40.0 560.0 1 1 1
1927 -40.0 40.0 560.0 1 1 1
1928 40.0 40.0 560.0 1 1 1
1929 120.0 40.0 560.0 1 1 1
1930 200.0 40.0 560.0 1 1 1
1931 280.0 40.0 560.0 1 1 1
1932 360.0 40.0 560.0 1 1 1
1933 440.0 40.0 560.0 1 1 1
1934 520.0 40.0 560.0 1 1 1
1935 600.0 40.0 560.0 1 1 1
1936 -600.0 120.0 560.0 1 1 1
1937 -520.0 120.0 560.0 1 1 1
1938 -440.0 120.0 560.0 1 1 1
1939 -360.0 120.0 560.0 1 1 1
1940 -280.0 120.0 560.0 1 1 1
1941 -200.0 120.0 560.0 1 1 1
1942 -120.0 120.0 560.0 1 1 1
1943 -40.0 120.0 560.0 1 1 1
1944 40.0 120.0 560.0 1 1 1
1945 120.0 120.0 560.0 1 1 1
1946 200.0 120.0 560.0 1 1 1
1947 280.0 120.0 560.0 1 1 1
1948 360.0 120.0 560.0 1 1 1
1949 440.0 120.0 560.0 1 1 1
1950 520.0 120.0 560.0 1 1 1
1951 600.0 120.0 560.0 1 1 1
1952 -600.0 200.0 560.0 1 1 1
1953 -520.0 200.0 560.0 1 1 1
1954 -440.0 200.0 560.0 1 1 1
1955 -360.0 200.0 560.0 1 1 1
1956 -280.0 200.0 560.0 1 1 1
1957 -200.0 200.0 560.0 1 1 1
1958 -120.0 200.0 560.0 1 1 1
1959 -40.0 200.0 560.0 1 1 1
1960 40.0 200.0 560.0 1 1 1
1961 120.0 200.0 560.0 1 1 1
1962 200.0 200.0 560.0 1 1 1
1963 280.0 200.0 560.0 1 1 1
1964 360.0 200.0 560.0 1 1 1
1965 440.0 200.0 560.0 1 1 1
1966 520.0 200.0 560.0 1 1 1
1967 600.0 200.0 560.0 1 1 1
1968 -600.0 280.0 560.0 1 1 1
1969 -520.0 280.0 560.0 1 1 1
1970 -440.0 280.0 560.0 1 1 1
1971 -360.0 280.0 560.0 1 1 1
1972 -280.0 280.0 560.0 1 1 1
1973 -200.0 280.0 560.0 1 1 1
1974 -120.0 280.0 560.0 1 1 1
1975 -40.0 280.0 560.0 1 1 1
1976 40.0 280.0 560.0 1 1 1
1977 120.0 280.0 560.0 1 1 1
1978 200.0 280.0 560.0 1 1 1
1979 280.0 280.0 560.0 1 1 1
1980 360.0 280.0 560.0 1 1 1
1981 440.0 280.0 560.0 1 1 1
1982 520.0 280.0 560.0 1 1 1
1983 600.0 280.0 560.0 1 1 1
1984 -600.0 360.0 560.0 1 1 1
1985 -520.0 360.0 560.0 1 1 1
1986 -440.0 360.0 560.0 1 1 1
1987 -360.0 360.0 560.0 1 1 1
1988 -280.0 360.0 560.0 1 1 1
1989 -200.0 360.0 560.0 1 1 1
1990 -120.0 360.0 560.0 1 1 1
1991 -40.0 360.0 560.0 1 1 1
1992 40.0 360.0 560.0 1 1 1
1993 120.0 360.0 560.0 1 1 1
1994 200.0 360.0 560.0 1 1 1
1995 280.0 360.0 560.0 1 1 1
1996 360.0 360.0 560.0 1 1 1
1997 440.0 360.0 560.0 1 1 1
1998 520.0 360.0 560.0 1 1 1
1999 600.0 360.0 560.0 1 1 1
2000 -600.0 440.0 560.0 1 1 1
2001 -520.0 440.0 560.0 1 1 1
2002 -440.0 440.0 560.0 1 1 1
2003 -360.0 440.0 560.0 1 1 1
2004 -280.0 440.0 560.0 1 1 1
2005 -200.0 440.0 560.0 1 1 1
2006 -120.0 440.0 560.0 1 1 1
2007 -40.0 440.0 560.0 1 1 1
2008 40.0 440.0 560.0 1 1 1
2009 120.0 440.0 560.0 1 1 1
2010 200.0 440.0 560.0 1 1 1
2011 280.0 440.0 560.0 1 1 1
2012 360.0 440.0 560.0 1 1 1
2013 440.0 440.0 560.0 1 1 1
2014 520.0 440.0 560.0 1 1 1
2015 600.0 440.0 560.0 1 1 1
2016 -600.0 520.0 560.0 1 1 1
2017 -520.0 520.0 560.0 1 1 1
2018 -440.0 520.0 560.0 1 1 1
2019 -360.0 520.0 560.0 1 1 1
2020 -280.0 520.0 560.0 1 1 1
2021 -200.0 520.0 560.0 1 1 1
2022 -120.0 520.0 560.0 1 1 1
2023 -40.0 520.0 560.0 1 1 1
2024 40.0 520.0 560.0 1 1 1
2025 120.0 520.0 560.0 1 1 1
2026 200.0 520.0 560.0 1 1 1
2027 280.0 520.0 560.0 1 1 1
2028 360.0 520.0 560.0 1 1 1
2029 440.0 520.0 560.0 1 1 1
2030 520.0 520.0 560.0 1 1 1
2031 600.0 520.0 560.0 1 1 1
2032 -600.0 600.0 560.0 1 1 1
2033 -520.0 600.0 560.0 1 1 1
2034 -440.0 600.0 560.0 1 1 1
2035 -360.0 600.0 560.0 1 1 1
2036 -280.0 600.0 560.0 1 1 1
2037 -200.0 600.0 560.0 1 1 1
2038 -120.0 600.0 560.0 1 1 1
2039 -40.0 600.0 560.0 1 1 1
2040 40.0 600.0 560.0 1 1 1
2041 120.0 600.0 560.0 1 1 1
2042 200.0 600.0 560.0 1 1 1
2043 280.0 600.0 560.0 1 1 1
2044 360.0 600.0 560.0 1 1 1
2045 440.0 600.0 560.0 1 1 1
2046 520.0 600.0 560.0 1 1 1
2047 600.0 600.0 560.0 1 1 1
2048 -600.0 -600.0 640.0 1 1 1
2049 -520.0 -600.0 640.0 1 1 1
2050 -440.0 -600.0 640.0 1 1 1
2051 -360.0 -600.0 640.0 1 1 1
2052 -280.0 -600.0 640.0 1 1 1
2053 -200.0 -600.0 640.0 1 1 1
2054 -120.0 -600.0 640.0 1 1 1
2055 -40.0 -600.0 640.0 1 1 1
2056 40.0 -600.0 640.0 1 1 1
2057 120.0 -600.0 640.0 1 1 1
2058 200.0 -600.0 640.0 1 1 1
2059 280.0 -600.0 640.0 1 1 1
2060 360.0 -600.0 640.0 1 1 1
2061 440.0 -600.0 640.0 1 1 1
2062 520.0 -600.0 640.0 1 1 1
2063 600.0 -600.0 640.0 1 1 1
2064 -600.0 -520.0 640.0 1 1 1
2065 -520.0 -520.0 640.0 1 1 1
2066 -440.0 -520.0 640.0 1 1 1
2067 -360.0 -520.0 640.0 1 1 1
2068 -280.0 -520.0 640.0 1 1 1
2069 -200.0 -520.0 640.0 1 1 1
2070 -120.0 -520.0 640.0 1 1 1
2071 -40.0 -520.0 640.0 1 1 1
2072 40.0 -520.0 640.0 1 1 1
2073 120.0 -520.0 640.0 1 1 1
2074 200.0 -520.0 640.0 1 1 1
2075 280.0 -520.0 640.0 1 1 1
2076 360.0 -520.0 640.0 1 1 1
2077 440.0 -520.0 640.0 1 1 1
2078 520.0 -520.0 640.0 1 1 1
2079 600.0 -520.0 640.0 1 1 1
2080 -600.0 -440.0 640.0 1 1 1
2081 -520.0 -440.0 640.0 1 1 1
2082 -440.0 -440.0 640.0 1 1 1
2083 -360.0 -440.0 640.0 1 1 1
2084 -280.0 -440.0 640.0 1 1 1
2085 -200.0 -440.0 640.0 1 1 1
2086 -120.0 -440.0 640.0 1 1 1
2087 -40.0 -440.0 640.0 1 1 1
2088 40.0 -440.0 640.0 1 1 1
2089 120.0 -440.0 640.0 1 1 1
2090 200.0 -440.0 640.0 1 1 1
2091 280.0 -440.0 640.0 1 1 1
2092 360.0 -440.0 640.0 1 1 1
2093 440.0 -440.0 640.0 1 1 1
2094 520.0 -440.0 640.0 1 1 1
2095 600.0 -440.0 640.0 1 1 1
2096 -600.0 -360.0 640.0 1 1 1
2097 -520.0 -360.0 640.0 1 1 1
2098 -440.0 -360.0 640.0 1 1 1
2099 -360.0 -360.0 640.0 1 1 1
2100 -280.0 -360.0 640.0 1 1 1
2101 -200.0 -360.0 640.0 1 1 1
2102 -120.0 -360.0 640.0 1 1 1
2103 -40.0 -360.0 640.0 1 1 1
2104 40.0 -360.0 640.0 1 1 1
2105 120.0 -360.0 640.0 1 1 1
2106 200.0 -360.0 640.0 1 1 1
2107 280.0 -360.0 640.0 1 1 1
2108 360.0 -360.0 640.0 1 1 1
2109 440.0 -360.0 640.0 1 1 1
2110 520.0 -360.0 640.0 1 1 1
2111 600.0 -360.0 640.0 1 1 1
2112 -600.0 -280.0 640.0 1 1 1
2113 -520.0 -280.0 640.0 1 1 1
2114 -440.0 -280.0 640.0 1 1 1
2115 -360.0 -280.0 640.0 1 1 1
2116 -280.0 -280.0 640.0 1 1 1
2117 -200.0 -280.0 640.0 1 1 1
2118 -120.0 -280.0 640.0 1 1 1
2119 -40.0 -280.0 640.0 1 1 1
2120 40.0 -280.0 640.0 1 1 1
2121 120.0 -280.0 640.0 1 1 1
2122 200.0 -280.0 640.0 1 1 1
2123 280.0 -280.0 640.0 1 1 1
2124 360.0 -280.0 640.0 1 1 1
2125 440.0 -280.0 640.0 1 1 1
2126 520.0 -280.0 640.0 1 1 1
2127 600.0 -280.0 640.0 1 1 1
2128 -600.0 -200.0 640.0 1 1 1
2129 -520.0 -200.0 640.0 1 1 1
2130 -440.0 -200.0 640.0 1 1 1
2131 -360.0 -200.0 640.0 1 1 1
2132 -280.0 -200.0 640.0 1 1 1
2133 -200.0 -200.0 640.0 1 1 1
2134 -120.0 -200.0 640.0 1 1 1
2135 -40.0 -200.0 640.0 1 1 1
2136 40.0 -200.0 640.0 1 1 1
2137 120.0 -200.0 640.0 1 1 1
2138 200.0 -200.0 640.0 1 1 1
2139 280.0 -200.0 640.0 1 1 1
2140 360.0 -200.0 640.0 1 1 1
2141 440.0 -200.0 640.0 1 1 1
2142 520.0 -200.0 640.0 1 1 1
2143 600.0 -200.0 640.0 1 1 1
2144 -600.0 -120.0 640.0 1 1 1
2145 -520.0 -120.0 640.0 1 1 1
2146 -440.0 -120.0 640.0 1 1 1
2147 -360.0 -120.0 640.0 1 1 1
2148 -280.0 -120.0 640.0 1 1 1
2149 -200.0 -120.0 640.0 1 1 1
2150 -120.0 -120.0 640.0 1 1 1
2151 -40.0 -120.0 640.0 1 1 1
2152 40.0 -120.0 640.0 1 1 1
2153 120.0 -120.0 640.0 1 1 1
2154 200.0 -120.0 640.0 1 1 1
2155 280.0 -120.0 640.0 1 1 1
2156 360.0 -120.0 640.0 1 1 1
2157 440.0 -120.0 640.0 1 1 1
2158 520.0 -120.0 640.0 1 1 1
2159 600.0 -120.0 640.0 1 1 1
2160 -600.0 -40.0 640.0 1 1 1
2161 -520.0 -40.0 640.0 1 1 1
2162 -440.0 -40.0 640.0 1 1 1
2163 -360.0 -40.0 640.0 1 1 1
2164 -280.0 -40.0 640.0 1 1 1
2165 -200.0 -40.0 640.0 1 1 1
2166 -120.0 -40.0 640.0 1 1 1
2167 -40.0 -40.0 640.0 1 1 1
2168 40.0 -40.0 640.0 1 1 1
2169 120.0 -40.0 640.0 1 1 1
2170 200.0 -40.0 640.0 1 1 1
2171 280.0 -40.0 640.0 1 1 1
2172 360.0 -40.0 640.0 1 1 1
2173 440.0 -40.0 640.0 1 1 1
2174 520.0 -40.0 640.0 1 1 1
2175 600.0 -40.0 640.0 1 1 1
2176 -600.0 40.0 640.0 1 1 1
2177 -520.0 40.0 640.0 1 1 1
2178 -440.0 40.0 640.0 1 1 1
2179 -360.0 40.0 640.0 1 1 1
2180 -280.0 40.0 640.0 1 1 1
2181 -200.0 40.0 640.0 1 1 1
2182 -120.0 40.0 640.0 1 1 1
2183 -40.0 40.0 640.0 1 1 1
2184 40.0 40.0 640.0 1 1 1
2185 120.0 40.0 640.0 1 1 1
2186 200.0 40.0 640.0 1 1 1
2187 280.0 40.0 640.0 1 1 1
2188 360.0 40.0 640.0 1 1 1
2189 440.0 40.0 640.0 1 1 1
2190 520.0 40.0 640.0 1 1 1
2191 600.0 40.0 640.0 1 1 1
2192 -600.0 120.0 640.0 1 1 1
2193 -520.0 120.0 640.0 1 1 1
2194 -440.0 120.0 640.0 1 1 1
2195 -360.0 120.0 640.0 1 1 1
2196 -280.0 120.0 640.0 1 1 1
2197 -200.0 120.0 640.0 1 1 1
2198 -120.0 120.0 640.0 1 1 1
2199 -40.0 120.0 640.0 1 1 1
2200 40.0 120.0 640.0 1 1 1
2201 120.0 120.0 640.0 1 1 1
2202 200.0 120.0 640.0 1 1 1
2203 280.0 120.0 640.0 1 1 1
2204 360.0 120.0 640.0 1 1 1
2205 440.0 120.0 640.0 1 1 1
2206 520.0 120.0 640.0 1 1 1
2207 600.0 120.0 640.0 1 1 1
2208 -600.0 200.0 640.0 1 1 1
2209 -520.0 200.0 640.0 1 1 1
2210 -440.0 200.0 640.0 1 1 1
2211 -360.0 200.0 640.0 1 1 1
2212 -280.0 200.0 640.0 1 1 1
2213 -200.0 200.0 640.0 1 1 1
2214 -120.0 200.0 640.0 1 1 1
2215 -40.0 200.0 640.0 1 1 1
2216 40.0 200.0 640.0 1 1 1
2217 120.0 200.0 640.0 1 1 1
2218 200.0 200.0 640.0 1 1 1
2219 280.0 200.0 640.0 1 1 1
2220 360.0 200.0 640.0 1 1 1
2221 440.0 200.0 640.0 1 1 1
2222 520.0 200.0 640.0 1 1 1
2223 600.0 200.0 640.0 1 1 1
2224 -600.0 280.0 640.0 1 1 1
2225 -520.0 280.0 640.0 1 1 1
2226 -440.0 280.0 640.0 1 1 1
2227 -360.0 280.0 640.0 1 1 1
2228 -280.0 280.0 640.0 1 1 1
2229 -200.0 280.0 640.0 1 1 1
2230 -120.0 280.0 640.0 1 1 1
2231 -40.0 280.0 640.0 1 1 1
2232 40.0 280.0 640.0 1 1 1
2233 120.0 280.0 640.0 1 1 1
2234 200.0 280.0 640.0 1 1 1
2235 280.0 280.0 640.0 1 1 1
2236 360.0 280.0 640.0 1 1 1
2237 440.0 280.0 640.0 1 1 1
2238 520.0 280.0 640.0 1 1 1
2239 600.0 280.0 640.0 1 1 1
2240 -600.0 360.0 640.0 1 1 1
2241 -520.0 360.0 640.0 1 1 1
2242 -440.0 360.0 640.0 1 1 1
2243 -360.0 360.0 640.0 1 1 1
2244 -280.0 360.0 640.0 1 1 1
2245 -200.0 360.0 640.0 1 1 1
2246 -120.0 360.0 640.0 1 1 1
2247 -40.0 360.0 640.0 1 1 1
2248 40.0 360.0 640.0 1 1 1
2249 120.0 360.0 640.0 1 1 1
2250 200.0 360.0 640.0 1 1 1
2251 280.0 360.0 640.0 1 1 1
2252 360.0 360.0 640.0 1 1 1
2253 440.0 360.0 640.0 1 1 1
2254 520.0 360.0 640.0 1 1 1
2255 600.0 360.0 640.0 1 1 1
2256 -600.0 440.0 640.0 1 1 1
2257 -520.0 440.0 640.0 1 1 1
2258 -440.0 440.0 640.0 1 1 1
2259 -360.0 440.0 640.0 1 1 1
2260 -280.0 440.0 640.0 1 1 1
2261 -200.0 440.0 640.0 1 1 1
2262 -120.0 440.0 640.0 1 1 1
2263 -40.0 440.0 640.0 1 1 1
2264 40.0 440.0 640.0 1 1 1
2265 120.0 440.0 640.0 1 1 1
2266 200.0 440.0 640.0 1 1 1
2267 280.0 440.0 640.0 1 1 1
2268 360.0 440.0 640.0 1 1 1
2269 440.0 440.0 640.0 1 1 1
2270 520.0 440.0 640.0 1 1 1
2271 600.0 440.0 640.0 1 1 1
2272 -600.0 520.0 640.0 1 1 1
2273 -520.0 520.0 640.0 1 1 1
2274 -440.0 520.0 640.0 1 1 1
2275 -360.0 520.0 640.0 1 1 1
2276 -280.0 520.0 640.0 1 1 1
2277 -200.0 520.0 640.0 1 1 1
2278 -120.0 520.0 640.0 1 1 1
2279 -40.0 520.0 640.0 1 1 1
2280 40.0 520.0 640.0 1 1 1
2281 120.0 520.0 640.0 1 1 1
2282 200.0 520.0 640.0 1 1 1
2283 280.0 520.0 640.0 1 1 1
2284 360.0 520.0 640.0 1 1 1
2285 440.0 520.0 640.0 1 1 1
2286 520.0 520.0 640.0 1 1 1
2287 600.0 520.0 640.0 1 1 1
2288 -600.0 600.0 640.0 1 1 1
2289 -520.0 600.0 640.0 1 1 1
2290 -440.0 600.0 640.0 1 1 1
2291 -360.0 600.0 640.0 1 1 1
2292 -280.0 600.0 640.0 1 1 1
2293 -200.0 600.0 640.0 1 1 1
2294 -120.0 600.0 640.0 1 1 1
2295 -40.0 600.0 640.0 1 1 1
2296 40.0 600.0 640.0 1 1 1
2297 120.0 600.0 640.0 1 1 1
2298 200.0 600.0 640.0 1 1 1
2299 280.0 600.0 640.0 1 1 1
2300 360.0 600.0 640.0 1 1 1
2301 440.0 600.0 640.0 1 1 1
2302 520.0 600.0 640.0 1 1 1
2303 600.0 600.0 640.0 1 1 1
2304 -600.0 -600.0 720.0 1 1 1
2305 -520.0 -600.0 720.0 1 1 1
2306 -440.0 -600.0 720.0 1 1 1
2307 -360.0 -600.0 720.0 1 1 1
2308 -280.0 -600.0 720.0 1 1 1
2309 -200.0 -600.0 720.0 1 1 1
2310 -120.0 -600.0 720.0 1 1 1
2311 -40.0 -600.0 720.0 1 1 1
2312 40.0 -600.0 720.0 1 1 1
2313 120.0 -600.0 720.0 1 1 1
2314 200.0 -600.0 720.0 1 1 1
2315 280.0 -600.0 720.0 1 1 1
2316 360.0 -600.0 720.0 1 1 1
2317 440.0 -600.0 720.0 1 1 1
2318 520.0 -600.0 720.0 1 1 1
2319 600.0 -600.0 720.0 1 1 1
2320 -600.0 -520.0 720.0 1 1 1
2321 -520.0 -520.0 720.0 1 1 1
2322 -440.0 -520.0 720.0 1 1 1
2323 -360.0 -520.0 720.0 1 1 1
2324 -280.0 -520.0 720.0 1 1 1
2325 -200.0 -520.0 720.0 1 1 1
2326 -120.0 -520.0 720.0 1 1 1
2327 -40.0 -520.0 720.0 1 1 1
2328 40.0 -520.0 720.0 1 1 1
2329 120.0 -520.0 720.0 1 1 1
2330 200.0 -520.0 720.0 1 1 1
2331 280.0 -520.0 720.0 1 1 1
2332 360.0 -520.0 720.0 1 1 1
2333 440.0 -520.0 720.0 1 1 1
2334 520.0 -520.0 720.0 1 1 1
2335 600.0 -520.0 720.0 1 1 1
2336 -600.0 -440.0 720.0 1 1 1
2337 -520.0 -440.0 720.0 1 1 1
2338 -440.0 -440.0 720.0 1 1 1
2339 -360.0 -440.0 720.0 1 1 1
2340 -280.0 -440.0 720.0 1 1 1
2341 -200.0 -440.0 720.0 1 1 1
2342 -120.0 -440.0 720.0 1 1 1
2343 -40.0 -440.0 720.0 1 1 1
2344 40.0 -440.0 720.0 1 1 1
2345 120.0 -440.0 720.0 1 1 1
2346 200.0 -440.0 720.0 1 1 1
2347 280.0 -440.0 720.0 1 1 1
2348 360.0 -440.0 720.0 1 1 1
2349 440.0 -440.0 720.0 1 1 1
2350 520.0 -440.0 720.0 1 1 1
2351 600.0 -440.0 720.0 1 1 1
2352 -600.0 -360.0 720.0 1 1 1
2353 -520.0 -360.0 720.0 1 1 1
2354 -440.0 -360.0 720.0 1 1 1
2355 -360.0 -360.0 720.0 1 1 1
2356 -280.0 -360.0 720.0 1 1 1
2357 -200.0 -360.0 720.0 1 1 1
2358 -120.0 -360.0 720.0 1 1 1
2359 -40.0 -360.0 720.0 1 1 1
2360 40.0 -360.0 720.0 1 1 1
2361 120.0 -360.0 720.0 1 1 1
2362 200.0 -360.0 720.0 1 1 1
2363 280.0 -360.0 720.0 1 1 1
2364 360.0 -360.0 720.0 1 1 1
2365 440.0 -360.0 720.0 1 1 1
2366 520.0 -360.0 720.0 1 1 1
2367 600.0 -360.0 720.0 1 1 1
2368 -600.0 -280.0 720.0 1 1 1
2369 -520.0 -280.0 720.0 1 1 1
2370 -440.0 -280.0 720.0 1 1 1
2371 -360.0 -280.0 720.0 1 1 1
2372 -280.0 -280.0 720.0 1 1 1
2373 -200.0 -280.0 720.0 1 1 1
2374 -120.0 -280.0 720.0 1 1 1
2375 -40.0 -280.0 720.0 1 1 1
2376 40.0 -280.0 720.0 1 1 1
2377 120.0 -280.0 720.0 1 1 1
2378 200.0 -280.0 720.0 1 1 1
2379 280.0 -280.0 720.0 1 1 1
2380 360.0 -280.0 720.0 1 1 1
2381 440.0 -280.0 720.0 1 1 1
2382 520.0 -280.0 720.0 1 1 1
2383 600.0 -280.0 720.0 1 1 1
2384 -600.0 -200.0 720.0 1 1 1
2385 -520.0 -200.0 720.0 1 1 1
2386 -440.0 -200.0 720.0 1 1 1
2387 -360.0 -200.0 720.0 1 1 1
2388 -280.0 -200.0 720.0 1 1 1
2389 -200.0 -200.0 720.0 1 1 1
2390 -120.0 -200.0 720.0 1 1 1
2391 -40.0 -200.0 720.0 1 1 1
2392 40.0 -200.0 720.0 1 1 1
2393 120.0 -200.0 720.0 1 1 1
2394 200.0 -200.0 720.0 1 1 1
2395 280.0 -200.0 720.0 1 1 1
2396 360.0 -200.0 720.0 1 1 1
2397 440.0 -200.0 720.0 1 1 1
2398 520.0 -200.0 720.0 1 1 1
2399 600.0 -200.0 720.0 1 1 1
2400 -600.0 -120.0 720.0 1 1 1
2401 -520.0 -120.0 720.0 1 1 1
2402 -440.0 -120.0 720.0 1 1 1
2403 -360.0 -120.0 720.0 1 1 1
2404 -280.0 -120.0 720.0 1 1 1
2405 -200.0 -120.0 720.0 1 1 1
2406 -120.0 -120.0 720.0 1 1 1
2407 -40.0 -120.0 720.0 1 1 1
2408 40.0 -120.0 720.0 1 1 1
2409 120.0 -120.0 720.0 1 1 1
2410 200.0 -120.0 720.0 1 1 1
2411 280.0 -120.0 720.0 1 1 1
2412 360.0 -120.0 720.0 1 1 1
2413 440.0 -120.0 720.0 1 1 1
2414 520.0 -120.0 720.0 1 1 1
2415 600.0 -120.0 720.0 1 1 1
2416 -600.0 -40.0 720.0 1 1 1
2417 -520.0 -40.0 720.0 1 1 1
2418 -440.0 -40.0 720.0 1 1 1
2419 -360.0 -40.0 720.0 1 1 1
2420 -280.0 -40.0 720.0 1 1 1
2421 -200.0 -40.0 720.0 1 1 1
2422 -120.0 -40.0 720.0 1 1 1
2423 -40.0 -40.0 720.0 1 1 1
2424 40.0 -40.0 720.0 1 1 1
2425 120.0 -40.0 720.0 1 1 1
2426 200.0 -40.0 720.0 1 1 1
2427 280.0 -40.0 720.0 1 1 1
2428 360.0 -40.0 720.0 1 1 1
2429 440.0 -40.0 720.0 1 1 1
2430 520.0 -40.0 720.0 1 1 1
2431 600.0 -40.0 720.0 1 1 1
2432 -600.0 40.0 720.0 1 1 1
2433 -520.0 40.0 720.0 1 1 1
2434 -440.0 40.0 720.0 1 1 1
2435 -360.0 40.0 720.0 1 1 1
2436 -280.0 40.0 720.0 1 1 1
2437 -200.0 40.0 720.0 1 1 1
2438 -120.0 40.0 720.0 1 1 1
2439 -40.0 40.0 720.0 1 1 1
2440 40.0 40.0 720.0 1 1 1
2441 120.0 40.0 720.0 1 1 1
2442 200.0 40.0 720.0 1 1 1
2443 280.0 40.0 720.0 1 1 1
2444 360.0 40.0 720.0 1 1 1
2445 440.0 40.0 720.0 1 1 1
2446 520.0 40.0 720.0 1 1 1
2447 600.0 40.0 720.0 1 1 1
2448 -600.0 120.0 720.0 1 1 1
2449 -520.0 120.0 720.0 1 1 1
2450 -440.0 120.0 720.0 1 1 1
2451 -360.0 120.0 720.0 1 1 1
2452 -280.0 120.0 720.0 1 1 1
2453 -200.0 120.0 720.0 1 1 1
2454 -120.0 120.0 720.0 1 1 1
2455 -40.0 120.0 720.0 1 1 1
2456 40.0 120.0 720.0 1 1 1
2457 120.0 120.0 720.0 1 1 1
2458 200.0 120.0 720.0 1 1 1
2459 280.0 120.0 720.0 1 1 1
2460 360.0 120.0 720.0 1 1 1
2461 440.0 120.0 720.0 1 1 1
2462 520.0 120.0 720.0 1 1 1
2463 600.0 120.0 720.0 1 1 1
2464 -600.0 200.0 720.0 1 1 1
2465 -520.0 200.0 720.0 1 1 1
2466 -440.0 200.0 720.0 1 1 1
2467 -360.0 200.0 720.0 1 1 1
2468 -280.0 200.0 720.0 1 1 1
2469 -200.0 200.0 720.0 1 1 1
2470 -120.0 200.0 720.0 1 1 1
2471 -40.0 200.0 720.0 1 1 1
2472 40.0 200.0 720.0 1 1 1
2473 120.0 200.0 720.0 1 1 1
2474 200.0 200.0 720.0 1 1 1
2475 280.0 200.0 720.0 1 1 1
2476 360.0 200.0 720.0 1 1 1
2477 440.0 200.0 720.0 1 1 1
2478 520.0 200.0 720.0 1 1 1
2479 600.0 200.0 720.0 1 1 1
2480 -600.0 280.0 720.0 1 1 1
2481 -520.0 280.0 720.0 1 1 1
2482 -440.0 280.0 720.0 1 1 1
2483 -360.0 280.0 720.0 1 1 1
2484 -280.0 280.0 720.0 1 1 1
2485 -200.0 280.0 720.0 1 1 1
2486 -120.0 280.0 720.0 1 1 1
2487 -40.0 280.0 720.0 1 1 1
2488 40.0 280.0 720.0 1 1 1
2489 120.0 280.0 720.0 1 1 1
2490 200.0 280.0 720.0 1 1 1
2491 280.0 280.0 720.0 1 1 1
2492 360.0 280.0 720.0 1 1 1
2493 440.0 280.0 720.0 1 1 1
2494 520.0 280.0 720.0 1 1 1
2495 600.0 280.0 720.0 1 1 1
2496 -600.0 360.0 720.0 1 1 1
2497 -520.0 360.0 720.0 1 1 1
2498 -440.0 360.0 720.0 1 1 1
2499 -360.0 360.0 720.0 1 1 1
2500 -280.0 360.0 720.0 1 1 1
2501 -200.0 360.0 720.0 1 1 1
2502 -120.0 360.0 720.0 1 1 1
2503 -40.0 360.0 720.0 1 1 1
2504 40.0 360.0 720.0 1 1 1
2505 120.0 360.0 720.0 1 1 1
2506 200.0 360.0 720.0 1 1 1
2507 280.0 360.0 720.0 1 1 1
2508 360.0 360.0 720.0 1 1 1
2509 440.0 360.0 720.0 1 1 1
2510 520.0 360.0 720.0 1 1 1
2511 600.0 360.0 720.0 1 1 1
2512 -600.0 440.0 720.0 1 1 1
2513 -520.0 440.0 720.0 1 1 1
2514 -440.0 440.0 720.0 1 1 1
2515 -360.0 440.0 720.0 1 1 1
2516 -280.0 440.0 720.0 1 1 1
2517 -200.0 440.0 720.0 1 1 1
2518 -120.0 440.0 720.0 1 1 1
2519 -40.0 440.0 720.0 1 1 1
2520 40.0 440.0 720.0 1 1 1
2521 120.0 440.0 720.0 1 1 1
2522 200.0 440.0 720.0 1 1 1
2523 280.0 440.0 720.0 1 1 1
2524 360.0 440.0 720.0 1 1 1
2525 440.0 440.0 720.0 1 1 1
2526 520.0 440.0 720.0 1 1 1
2527 600.0 440.0 720.0 1 1 1
2528 -600.0 520.0 720.0 1 1 1
2529 -520.0 520.0 720.0 1 1 1
2530 -440.0 520.0 720.0 1 1 1
2531 -360.0 520.0 720.0 1 1 1
2532 -280.0 520.0 720.0 1 1 1
2533 -200.0 520.0 720.0 1 1 1
2534 -120.0 520.0 720.0 1 1 1
2535 -40.0 520.0 720.0 1 1 1
2536 40.0 520.0 720.0 1 1 1
2537 120.0 520.0 720.0 1 1 1
2538 200.0 520.0 720.0 1 1 1
2539 280.0 520.0 720.0 1 1 1
2540 360.0 520.0 720.0 1 1 1
2541 440.0 520.0 720.0 1 1 1
2542 520.0 520.0 720.0 1 1 1
2543 600.0 520.0 720.0 1 1 1
2544 -600.0 600.0 720.0 1 1 1
2545 -520.0 600.0 720.0 1 1 1
2546 -440.0 600.0 720.0 1 1 1
2547 -360.0 600.0 720.0 1 1 1
2548 -280.0 600.0 720.0 1 1 1
2549 -200.0 600.0 720.0 1 1 1
2550 -120.0 600.0 720.0 1 1 1
2551 -40.0 600.0 720.0 1 1 1
2552 40.0 600.0 720.0 1 1 1
2553 120.0 600.0 720.0 1 1 1
2554 200.0 600.0 720.0 1 1 1
2555 280.0 600.0 720.0 1 1 1
2556 360.0 600.0 720.0 1 1 1
2557 440.0 600.0 720.0 1 1 1
2558 520.0 600.0 720.0 1 1 1
2559 600.0 600.0 720.0 1 1 1
2560 -600.0 -600.0 800.0 1 1 1
2561 -520.0 -600.0 800.0 1 1 1
2562 -440.0 -600.0 800.0 1 1 1
2563 -360.0 -600.0 800.0 1 1 1
2564 -280.0 -600.0 800.0 1 1 1
2565 -200.0 -600.0 800.0 1 1 1
2566 -120.0 -600.0 800.0 1 1 1
2567 -40.0 -600.0 800.0 1 1 1
2568 40.0 -600.0 800.0 1 1 1
2569 120.0 -600.0 800.0 1 1 1
2570 200.0 -600.0 800.0 1 1 1
2571 280.0 -600.0 800.0 1 1 1
2572 360.0 -600.0 800.0 1 1 1
2573 440.0 -600.0 800.0 1 1 1
2574 520.0 -600.0 800.0 1 1 1
2575 600.0 -600.0 800.0 1 1 1
2576 -600.0 -520.0 800.0 1 1 1
2577 -520.0 -520.0 800.0 1 1 1
2578 -440.0 -520.0 800.0 1 1 1
2579 -360.0 -520.0 800.0 1 1 1
2580 -280.0 -520.0 800.0 1 1 1
2581 -200.0 -520.0 800.0 1 1 1
2582 -120.0 -520.0 800.0 1 1 1
2583 -40.0 -520.0 800.0 1 1 1
2584 40.0 -520.0 800.0 1 1 1
2585 120.0 -520.0 800.0 1 1 1
2586 200.0 -520.0 800.0 1 1 1
2587 280.0 -520.0 800.0 1 1 1
2588 360.0 -520.0 800.0 1 1 1
2589 440.0 -520.0 800.0 1 1 1
2590 520.0 -520.0 800.0 1 1 1
2591 600.0 -520.0 800.0 1 1 1
2592 -600.0 -440.0 800.0 1 1 1
2593 -520.0 -440.0 800.0 1 1 1
2594 -440.0 -440.0 800.0 1 1 1
2595 -360.0 -440.0 800.0 1 1 1
2596 -280.0 -440.0 800.0 1 1 1
2597 -200.0 -440.0 800.0 1 1 1
2598 -120.0 -440.0 800.0 1 1 1
2599 -40.0 -440.0 800.0 1 1 1
2600 40.0 -440.0 800.0 1 1 1
2601 120.0 -440.0 800.0 1 1 1
2602 200.0 -440.0 800.0 1 1 1
2603 280.0 -440.0 800.0 1 1 1
2604 360.0 -440.0 800.0 1 1 1
2605 440.0 -440.0 800.0 1 1 1
2606 520.0 -440.0 800.0 1 1 1
2607 600.0 -440.0 800.0 1 1 1
2608 -600.0 -360.0 800.0 1 1 1
2609 -520.0 -360.0 800.0 1 1 1
2610 -440.0 -360.0 800.0 1 1 1
2611 -360.0 -360.0 800.0 1 1 1
2612 -280.0 -360.0 800.0 1 1 1
2613 -200.0 -360.0 800.0 1 1 1
2614 -120.0 -360.0 800.0 1 1 1
2615 -40.0 -360.0 800.0 1 1 1
2616 40.0 -360.0 800.0 1 1 1
2617 120.0 -360.0 800.0 1 1 1
2618 200.0 -360.0 800.0 1 1 1
2619 280.0 -360.0 800.0 1 1 1
2620 360.0 -360.0 800.0 1 1 1
2621 440.0 -360.0 800.0 1 1 1
2622 520.0 -360.0 800.0 1 1 1
2623 600.0 -360.0 800.0 1 1 1
2624 -600.0 -280.0 800.0 1 1 1
2625 -520.0 -280.0 800.0 1 1 1
2626 -440.0 -280.0 800.0 1 1 1
2627 -360.0 -280.0 800.0 1 1 1
2628 -280.0 -280.0 800.0 1 1 1
2629 -200.0 -280.0 800.0 1 1 1
2630 -120.0 -280.0 800.0 1 1 1
2631 -40.0 -280.0 800.0 1 1 1
2632 40.0 -280.0 800.0 1 1 1
2633 120.0 -280.0 800.0 1 1 1
2634 200.0 -280.0 800.0 1 1 1
2635 280.0 -280.0 800.0 1 1 1
2636 360.0 -280.0 800.0 1 1 1
2637 440.0 -280.0 800.0 1 1 1
2638 520.0 -280.0 800.0 1 1 1
2639 600.0 -280.0 800.0 1 1 1
2640 -600.0 -200.0 800.0 1 1 1
2641 -520.0 -200.0 800.0 1 1 1
2642 -440.0 -200.0 800.0 1 1 1
2643 -360.0 -200.0 800.0 1 1 1
2644 -280.0 -200.0 800.0 1 1 1
2645 -200.0 -200.0 800.0 1 1 1
2646 -120.0 -200.0 800.0 1 1 1
2647 -40.0 -200.0 800.0 1 1 1
2648 40.0 -200.0 800.0 1 1 1
2649 120.0 -200.0 800.0 1 1 1
2650 200.0 -200.0 800.0 1 1 1
2651 280.0 -200.0 800.0 1 1 1
2652 360.0 -200.0 800.0 1 1 1
2653 440.0 -200.0 800.0 1 1 1
2654 520.0 -200.0 800.0 1 1 1
2655 600.0 -200.0 800.0 1 1 1
2656 -600.0 -120.0 800.0 1 1 1
2657 -520.0 -120.0 800.0 1 1 1
2658 -440.0 -120.0 800.0 1 1 1
2659 -360.0 -120.0 800.0 1 1 1
2660 -280.0 -120.0 800.0 1 1 1
2661 -200.0 -120.0 800.0 1 1 1
2662 -120.0 -120.0 800.0 1 1 1
2663 -40.0 -120.0 800.0 1 1 1
2664 40.0 -120.0 800.0 1 1 1
2665 120.0 -120.0 800.0 1 1 1
2666 200.0 -120.0 800.0 1 1 1
2667 280.0 -120.0 800.0 1 1 1
2668 360.0 -120.0 800.0 1 1 1
2669 440.0 -120.0 800.0 1 1 1
2670 520.0 -120.0 800.0 1 1 1
2671 600.0 -120.0 800.0 1 1 1
2672 -600.0 -40.0 800.0 1 1 1
2673 -520.0 -40.0 800.0 1 1 1
2674 -440.0 -40.0 800.0 1 1 1
2675 -360.0 -40.0 800.0 1 1 1
2676 -280.0 -40.0 800.0 1 1 1
2677 -200.0 -40.0 800.0 1 1 1
2678 -120.0 -40.0 800.0 1 1 1
2679 -40.0 -40.0 800.0 1 1 1
2680 40.0 -40.0 800.0 1 1 1
2681 120.0 -40.0 800.0 1 1 1
2682 200.0 -40.0 800.0 1 1 1
2683 280.0 -40.0 800.0 1 1 1
2684 360.0 -40.0 800.0 1 1 1
2685 440.0 -40.0 800.0 1 1 1
2686 520.0 -40.0 800.0 1 1 1
2687 600.0 -40.0 800.0 1 1 1
2688 -600.0 40.0 800.0 1 1 1
2689 -520.0 40.0 800.0 1 1 1
2690 -440.0 40.0 800.0 1 1 1
2691 -360.0 40.0 800.0 1 1 1
2692 -280.0 40.0 800.0 1 1 1
2693 -200.0 40.0 800.0 1 1 1
2694 -120.0 40.0 800.0 1 1 1
2695 -40.0 40.0 800.0 1 1 1
2696 40.0 40.0 800.0 1 1 1
2697 120.0 40.0 800.0 1 1 1
2698 200.0 40.0 800.0 1 1 1
2699 280.0 40.0 800.0 1 1 1
2700 360.0 40.0 800.0 1 1 1
2701 440.0 40.0 800.0 1 1 1
2702 520.0 40.0 800.0 1 1 1
2703 600.0 40.0 800.0 1 1 1
2704 -600.0 120.0 800.0 1 1 1
2705 -520.0 120.0 800.0 1 1 1
2706 -440.0 120.0 800.0 1 1 1
2707 -360.0 120.0 800.0 1 1 1
2708 -280.0 120.0 800.0 1 1 1
2709 -200.0 120.0 800.0 1 1 1
2710 -120.0 120.0 800.0 1 1 1
2711 -40.0 120.0 800.0 1 1 1
2712 40.0 120.0 800.0 1 1 1
2713 120.0 120.0 800.0 1 1 1
2714 200.0 120.0 800.0 1 1 1
2715 280.0 120.0 800.0 1 1 1
2716 360.0 120.0 800.0 1 1 1
2717 440.0 120.0 800.0 1 1 1
2718 520.0 120.0 800.0 1 1 1
2719 600.0 120.0 800.0 1 1 1
2720 -600.0 200.0 800.0 1 1 1
2721 -520.0 200.0 800.0 1 1 1
2722 -440.0 200.0 800.0 1 1 1
2723 -360.0 200.0 800.0 1 1 1
2724 -280.0 200.0 800.0 1 1 1
2725 -200.0 200.0 800.0 1 1 1
2726 -120.0 200.0 800.0 1 1 1
2727 -40.0 200.0 800.0 1 1 1
2728 40.0 200.0 800.0 1 1 1
2729 120.0 200.0 800.0 1 1 1
2730 200.0 200.0 800.0 1 1 1
2731 280.0 200.0 800.0 1 1 1
2732 360.0 200.0 800.0 1 1 1
2733 440.0 200.0 800.0 1 1 1
2734 520.0 200.0 800.0 1 1 1
2735 600.0 200.0 800.0 1 1 1
2736 -600.0 280.0 800.0 1 1 1
2737 -520.0 280.0 800.0 1 1 1
2738 -440.0 280.0 800.0 1 1 1
2739 -360.0 280.0 800.0 1 1 1
2740 -280.0 280.0 800.0 1 1 1
2741 -200.0 280.0 800.0 1 1 1
2742 -120.0 280.0 800.0 1 1 1
2743 -40.0 280.0 800.0 1 1 1
2744 40.0 280.0 800.0 1 1 1
2745 120.0 280.0 800.0 1 1 1
2746 200.0 280.0 800.0 1 1 1
2747 280.0 280.0 800.0 1 1 1
2748 360.0 280.0 800.0 1 1 1
2749 440.0 280.0 800.0 1 1 1
2750 520.0 280.0 800.0 1 1 1
2751 600.0 280.0 800.0 1 1 1
2752 -600.0 360.0 800.0 1 1 1
2753 -520.0 360.0 800.0 1 1 1
2754 -440.0 360.0 800.0 1 1 1
2755 -360.0 360.0 800.0 1 1 1
2756 -280.0 360.0 800.0 1 1 1
2757 -200.0 360.0 800.0 1 1 1
2758 -120.0 360.0 800.0 1 1 1
2759 -40.0 360.0 800.0 1 1 1
2760 40.0 360.0 800.0 1 1 1
2761 120.0 360.0 800.0 1 1 1
2762 200.0 360.0 800.0 1 1 1
2763 280.0 360.0 800.0 1 1 1
2764 360.0 360.0 800.0 1 1 1
2765 440.0 360.0 800.0 1 1 1
2766 520.0 360.0 800.0 1 1 1
2767 600.0 360.0 800.0 1 1 1
2768 -600.0 440.0 800.0 1 1 1
2769 -520.0 440.0 800.0 1 1 1
2770 -440.0 440.0 800.0 1 1 1
2771 -360.0 440.0 800.0 1 1 1
2772 -280.0 440.0 800.0 1 1 1
2773 -200.0 440.0 800.0 1 1 1
2774 -120.0 440.0 800.0 1 1 1
2775 -40.0 440.0 800.0 1 1 1
2776 40.0 440.0 800.0 1 1 1
2777 120.0 440.0 800.0 1 1 1
2778 200.0 440.0 800.0 1 1 1
2779 280.0 440.0 800.0 1 1 1
2780 360.0 440.0 800.0 1 1 1
2781 440.0 440.0 800.0 1 1 1
2782 520.0 440.0 800.0 1 1 1
2783 600.0 440.0 800.0 1 1 1
2784 -600.0 520.0 800.0 1 1 1
2785 -520.0 520.0 800.0 1 1 1
2786 -440.0 520.0 800.0 1 1 1
2787 -360.0 520.0 800.0 1 1 1
2788 -280.0 520.0 800.0 1 1 1
2789 -200.0 520.0 800.0 1 1 1
2790 -120.0 520.0 800.0 1 1 1
2791 -40.0 520.0 800.0 1 1 1
2792 40.0 520.0 800.0 1 1 1
2793 120.0 520.0 800.0 1 1 1
2794 200.0 520.0 800.0 1 1 1
2795 280.0 520.0 800.0 1 1 1
2796 360.0 520.0 800.0 1 1 1
2797 440.0 520.0 800.0 1 1 1
2798 520.0 520.0 800.0 1 1 1
2799 600.0 520.0 800.0 1 1 1
2800 -600.0 600.0 800.0 1 1 1
2801 -520.0 600.0 800.0 1 1 1
2802 -440.0 600.0 800.0 1 1 1
2803 -360.0 600.0 800.0 1 1 1
2804 -280.0 600.0 800.0 1 1 1
2805 -200.0 600.0 800.0 1 1 1
2806 -120.0 600.0 800.0 1 1 1
2807 -40.0 600.0 800.0 1 1 1
2808 40.0 600.0 800.0 1 1 1
2809 120.0 600.0 800.0 1 1 1
2810 200.0 600.0 800.0 1 1 1
2811 280.0 600.0 800.0 1 1 1
2812 360.0 600.0 800.0 1 1 1
2813 440.0 600.0 800.0 1 1 1
2814 520.0 600.0 800.0 1 1 1
2815 600.0 600.0 800.0 1 1 1
2816 -600.0 -600.0 880.0 1 1 1
2817 -520.0 -600.0 880.0 1 1 1
2818 -440.0 -600.0 880.0 1 1 1
2819 -360.0 -600.0 880.0 1 1 1
2820 -280.0 -600.0 880.0 1 1 1
2821 -200.0 -600.0 880.0 1 1 1
2822 -120.0 -600.0 880.0 1 1 1
2823 -40.0 -600.0 880.0 1 1 1
2824 40.0 -600.0 880.0 1 1 1
2825 120.0 -600.0 880.0 1 1 1
2826 200.0 -600.0 880.0 1 1 1
2827 280.0 -600.0 880.0 1 1 1
2828 360.0 -600.0 880.0 1 1 1
2829 440.0 -600.0 880.0 1 1 1
2830 520.0 -600.0 880.0 1 1 1
2831 600.0 -600.0 880.0 1 1 1
2832 -600.0 -520.0 880.0 1 1 1
2833 -520.0 -520.0 880.0 1 1 1
2834 -440.0 -520.0 880.0 1 1 1
2835 -360.0 -520.0 880.0 1 1 1
2836 -280.0 -520.0 880.0 1 1 1
2837 -200.0 -520.0 880.0 1 1 1
2838 -120.0 -520.0 880.0 1 1 1
2839 -40.0 -520.0 880.0 1 1 1
2840 40.0 -520.0 880.0 1 1 1
2841 120.0 -520.0 880.0 1 1 1
2842 200.0 -520.0 880.0 1 1 1
2843 280.0 -520.0 880.0 1 1 1
2844 360.0 -520.0 880.0 1 1 1
2845 440.0 -520.0 880.0 1 1 1
2846 520.0 -520.0 880.0 1 1 1
2847 600.0 -520.0 880.0 1 1 1
2848 -600.0 -440.0 880.0 1 1 1
2849 -520.0 -440.0 880.0 1 1 1
2850 -440.0 -440.0 880.0 1 1 1
2851 -360.0 -440.0 880.0 1 1 1
2852 -280.0 -440.0 880.0 1 1 1
2853 -200.0 -440.0 880.0 1 1 1
2854 -120.0 -440.0 880.0 1 1 1
2855 -40.0 -440.0 880.0 1 1 1
2856 40.0 -440.0 880.0 1 1 1
2857 120.0 -440.0 880.0 1 1 1
2858 200.0 -440.0 880.0 1 1 1
2859 280.0 -440.0 880.0 1 1 1
2860 360.0 -440.0 880.0 1 1 1
2861 440.0 -440.0 880.0 1 1 1
2862 520.0 -440.0 880.0 1 1 1
2863 600.0 -440.0 880.0 1 1 1
2864 -600.0 -360.0 880.0 1 1 1
2865 -520.0 -360.0 880.0 1 1 1
2866 -440.0 -360.0 880.0 1 1 1
2867 -360.0 -360.0 880.0 1 1 1
2868 -280.0 -360.0 880.0 1 1 1
2869 -200.0 -360.0 880.0 1 1 1
2870 -120.0 -360.0 880.0 1 1 1
2871 -40.0 -360.0 880.0 1 1 1
2872 40.0 -360.0 880.0 1 1 1
2873 120.0 -360.0 880.0 1 1 1
2874 200.0 -360.0 880.0 1 1 1
2875 280.0 -360.0 880.0 1 1 1
2876 360.0 -360.0 880.0 1 1 1
2877 440.0 -360.0 880.0 1 1 1
2878 520.0 -360.0 880.0 1 1 1
2879 600.0 -360.0 880.0 1 1 1
2880 -600.0 -280.0 880.0 1 1 1
2881 -520.0 -280.0 880.0 1 1 1
2882 -440.0 -280.0 880.0 1 1 1
2883 -360.0 -280.0 880.0 1 1 1
2884 -280.0 -280.0 880.0 1 1 1
2885 -200.0 -280.0 880.0 1 1 1
2886 -120.0 -280.0 880.0 1 1 1
2887 -40.0 -280.0 880.0 1 1 1
2888 40.0 -280.0 880.0 1 1 1
2889 120.0 -280.0 880.0 1 1 1
2890 200.0 -280.0 880.0 1 1 1
2891 280.0 -280.0 880.0 1 1 1
2892 360.0 -280.0 880.0 1 1 1
2893 440.0 -280.0 880.0 1 1 1
2894 520.0 -280.0 880.0 1 1 1
2895 600.0 -280.0 880.0 1 1 1
2896 -600.0 -200.0 880.0 1 1 1
2897 -520.0 -200.0 880.0 1 1 1
2898 -440.0 -200.0 880.0 1 1 1
2899 -360.0 -200.0 880.0 1 1 1
2900 -280.0 -200.0 880.0 1 1 1
2901 -200.0 -200.0 880.0 1 1 1
2902 -120.0 -200.0 880.0 1 1 1
2903 -40.0 -200.0 880.0 1 1 1
2904 40.0 -200.0 880.0 1 1 1
2905 120.0 -200.0 880.0 1 1 1
2906 200.0 -200.0 880.0 1 1 1
2907 280.0 -200.0 880.0 1 1 1
2908 360.0 -200.0 880.0 1 1 1
2909 440.0 -200.0 880.0 1 1 1
2910 520.0 -200.0 880.0 1 1 1
2911 600.0 -200.0 880.0 1 1 1
2912 -600.0 -120.0 880.0 1 1 1
2913 -520.0 -120.0 880.0 1 1 1
2914 -440.0 -120.0 880.0 1 1 1
2915 -360.0 -120.0 880.0 1 1 1
2916 -280.0 -120.0 880.0 1 1 1
2917 -200.0 -120.0 880.0 1 1 1
2918 -120.0 -120.0 880.0 1 1 1
2919 -40.0 -120.0 880.0 1 1 1
2920 40.0 -120.0 880.0 1 1 1
2921 120.0 -120.0 880.0 1 1 1
2922 200.0 -120.0 880.0 1 1 1
2923 280.0 -120.0 880.0 1 1 1
2924 360.0 -120.0 880.0 1 1 1
2925 440.0 -120.0 880.0 1 1 1
2926 520.0 -120.0 880.0 1 1 1
2927 600.0 -120.0 880.0 1 1 1
2928 -600.0 -40.0 880.0 1 1 1
2929 -520.0 -40.0 880.0 1 1 1
2930 -440.0 -40.0 880.0 1 1 1
2931 -360.0 -40.0 880.0 1 1 1
2932 -280.0 -40.0 880.0 1 1 1
2933 -200.0 -40.0 880.0 1 1 1
2934 -120.0 -40.0 880.0 1 1 1
2935 -40.0 -40.0 880.0 1 1 1
2936 40.0 -40.0 880.0 1 1 1
2937 120.0 -40.0 880.0 1 1 1
2938 200.0 -40.0 880.0 1 1 1
2939 280.0 -40.0 880.0 1 1 1
2940 360.0 -40.0 880.0 1 1 1
2941 440.0 -40.0 880.0 1 1 1
2942 520.0 -40.0 880.0 1 1 1
2943 600.0 -40.0 880.0 1 1 1
2944 -600.0 40.0 880.0 1 1 1
2945 -520.0 40.0 880.0 1 1 1
2946 -440.0 40.0 880.0 1 1 1
2947 -360.0 40.0 880.0 1 1 1
2948 -280.0 40.0 880.0 1 1 1
2949 -200.0 40.0 880.0 1 1 1
2950 -120.0 40.0 880.0 1 1 1
2951 -40.0 40.0 880.0 1 1 1
2952 40.0 40.0 880.0 1 1 1
2953 120.0 40.0 880.0 1 1 1
2954 200.0 40.0 880.0 1 1 1
2955 280.0 40.0 880.0 1 1 1
2956 360.0 40.0 880.0 1 1 1
2957 440.0 40.0 880.0 1 1 1
2958 520.0 40.0 880.0 1 1 1
2959 600.0 40.0 880.0 1 1 1
2960 -600.0 120.0 880.0 1 1 1
2961 -520.0 120.0 880.0 1 1 1
2962 -440.0 120.0 880.0 1 1 1
2963 -360.0 120.0 880.0 1 1 1
2964 -280.0 120.0 880.0 1 1 1
2965 -200.0 120.0 880.0 1 1 1
2966 -120.0 120.0 880.0 1 1 1
2967 -40.0 120.0 880.0 1 1 1
2968 40.0 120.0 880.0 1 1 1
2969 120.0 120.0 880.0 1 1 1
2970 200.0 120.0 880.0 1 1 1
2971 280.0 120.0 880.0 1 1 1
2972 360.0 120.0 880.0 1 1 1
2973 440.0 120.0 880.0 1 1 1
2974 520.0 120.0 880.0 1 1 1
2975 600.0 120.0 880.0 1 1 1
2976 -600.0 200.0 880.0 1 1 1
2977 -520.0 200.0 880.0 1 1 1
2978 -440.0 200.0 880.0 1 1 1
2979 -360.0 200.0 880.0 1 1 1
2980 -280.0 200.0 880.0 1 1 1
2981 -200.0 200.0 880.0 1 1 1
2982 -120.0 200.0 880.0 1 1 1
2983 -40.0 200.0 880.0 1 1 1
2984 40.0 200.0 880.0 1 1 1
2985 120.0 200.0 880.0 1 1 1
2986 200.0 200.0 880.0 1 1 1
2987 280.0 200.0 880.0 1 1 1
2988 360.0 200.0 880.0 1 1 1
2989 440.0 200.0 880.0 1 1 1
2990 520.0 200.0 880.0 1 1 1
2991 600.0 200.0 880.0 1 1 1
2992 -600.0 280.0 880.0 1 1 1
2993 -520.0 280.0 880.0 1 1 1
2994 -440.0 280.0 880.0 1 1 1
2995 -360.0 280.0 880.0 1 1 1
2996 -280.0 280.0 880.0 1 1 1
2997 -200.0 280.0 880.0 1 1 1
2998 -120.0 280.0 880.0 1 1 1
2999 -40.0 280.0 880.0 1 1 1
3000 40.0 280.0 880.0 1 1 1
3001 120.0 280.0 880.0 1 1 1
3002 200.0 280.0 880.0 1 1 1
3003 280.0 280.0 880.0 1 1 1
3004 360.0 280.0 880.0 1 1 1
3005 440.0 280.0 880.0 1 1 1
3006 520.0 280.0 880.0 1 1 1
3007 600.0 280.0 880.0 1 1 1
3008 -600.0 360.0 880.0 1 1 1
3009 -520.0 360.0 880.0 1 1 1
3010 -440.0 360.0 880.0 1 1 1
3011 -360.0 360.0 880.0 1 1 1
3012 -280.0 360.0 880.0 1 1 1
3013 -200.0 360.0 880.0 1 1 1
3014 -120.0 360.0 880.0 1 1 1
3015 -40.0 360.0 880.0 1 1 1
3016 40.0 360.0 880.0 1 1 1
3017 120.0 360.0 880.0 1 1 1
3018 200.0 360.0 880.0 1 1 1
3019 280.0 360.0 880.0 1 1 1
3020 360.0 360.0 880.0 1 1 1
3021 440.0 360.0 880.0 1 1 1
3022 520.0 360.0 880.0 1 1 1
3023 600.0 360.0 880.0 1 1 1
3024 -600.0 440.0 880.0 1 1 1
3025 -520.0 440.0 880.0 1 1 1
3026 -440.0 440.0 880.0 1 1 1
3027 -360.0 440.0 880.0 1 1 1
3028 -280.0 440.0 880.0 1 1 1
3029 -200.0 440.0 880.0 1 1 1
3030 -120.0 440.0 880.0 1 1 1
3031 -40.0 440.0 880.0 1 1 1
3032 40.0 440.0 880.0 1 1 1
3033 120.0 440.0 880.0 1 1 1
3034 200.0 440.0 880.0 1 1 1
3035 280.0 440.0 880.0 1 1 1
3036 360.0 440.0 880.0 1 1 1
3037 440.0 440.0 880.0 1 1 1
3038 520.0 440.0 880.0 1 1 1
3039 600.0 440.0 880.0 1 1 1
3040 -600.0 520.0 880.0 1 1 1
3041 -520.0 520.0 880.0 1 1 1
3042 -440.0 520.0 880.0 1 1 1
3043 -360.0 520.0 880.0 1 1 1
3044 -280.0 520.0 880.0 1 1 1
3045 -200.0 520.0 880.0 1 1 1
3046 -120.0 520.0 880.0 1 1 1
3047 -40.0 520.0 880.0 1 1 1
3048 40.0 520.0 880.0 1 1 1
3049 120.0 520.0 880.0 1 1 1
3050 200.0 520.0 880.0 1 1 1
3051 280.0 520.0 880.0 1 1 1
3052 360.0 520.0 880.0 1 1 1
3053 440.0 520.0 880.0 1 1 1
3054 520.0 520.0 880.0 1 1 1
3055 600.0 520.0 880.0 1 1 1
3056 -600.0 600.0 880.0 1 1 1
3057 -520.0 600.0 880.0 1 1 1
3058 -440.0 600.0 880.0 1 1 1
3059 -360.0 600.0 880.0 1 1 1
3060 -280.0 600.0 880.0 1 1 1
3061 -200.0 600.0 880.0 1 1 1
3062 -120.0 600.0 880.0 1 1 1
3063 -40.0 600.0 880.0 1 1 1
3064 40.0 600.0 880.0 1 1 1
3065 120.0 600.0 880.0 1 1 1
3066 200.0 600.0 880.0 1 1 1
3067 280.0 600.0 880.0 1 1 1
3068 360.0 600.0 880.0 1 1 1
3069 440.0 600.0 880.0 1 1 1
3070 520.0 600.0 880.0 1 1 1
3071 600.0 600.0 880.0 1 1 1
3072 -600.0 -600.0 960.0 1 1 1
3073 -520.0 -600.0 960.0 1 1 1
3074 -440.0 -600.0 960.0 1 1 1
3075 -360.0 -600.0 960.0 1 1 1
3076 -280.0 -600.0 960.0 1 1 1
3077 -200.0 -600.0 960.0 1 1 1
3078 -120.0 -600.0 960.0 1 1 1
3079 -40.0 -600.0 960.0 1 1 1
3080 40.0 -600.0 960.0 1 1 1
3081 120.0 -600.0 960.0 1 1 1
3082 200.0 -600.0 960.0 1 1 1
3083 280.0 -600.0 960.0 1 1 1
3084 360.0 -600.0 960.0 1 1 1
3085 440.0 -600.0 960.0 1 1 1
3086 520.0 -600.0 960.0 1 1 1
3087 600.0 -600.0 960.0 1 1 1
3088 -600.0 -520.0 960.0 1 1 1
3089 -520.0 -520.0 960.0 1 1 1
3090 -440.0 -520.0 960.0 1 1 1
3091 -360.0 -520.0 960.0 1 1 1
3092 -280.0 -520.0 960.0 1 1 1
3093 -200.0 -520.0 960.0 1 1 1
3094 -120.0 -520.0 960.0 1 1 1
3095 -40.0 -520.0 960.0 1 1 1
3096 40.0 -520.0 960.0 1 1 1
3097 120.0 -520.0 960.0 1 1 1
3098 200.0 -520.0 960.0 1 1 1
3099 280.0 -520.0 960.0 1 1 1
3100 360.0 -520.0 960.0 1 1 1
3101 440.0 -520.0 960.0 1 1 1
3102 520.0 -520.0 960.0 1 1 1
3103 600.0 -520.0 960.0 1 1 1
3104 -600.0 -440.0 960.0 1 1 1
3105 -520.0 -440.0 960.0 1 1 1
3106 -440.0 -440.0 960.0 1 1 1
3107 -360.0 -440.0 960.0 1 1 1
3108 -280.0 -440.0 960.0 1 1 1
3109 -200.0 -440.0 960.0 1 1 1
3110 -120.0 -440.0 960.0 1 1 1
3111 -40.0 -440.0 960.0 1 1 1
3112 40.0 -440.0 960.0 1 1 1
3113 120.0 -440.0 960.0 1 1 1
3114 200.0 -440.0 960.0 1 1 1
3115 280.0 -440.0 960.0 1 1 1
3116 360.0 -440.0 960.0 1 1 1
3117 440.0 -440.0 960.0 1 1 1
3118 520.0 -440.0 960.0 1 1 1
3119 600.0 -440.0 960.0 1 1 1
3120 -600.0 -360.0 960.0 1 1 1
3121 -520.0 -360.0 960.0 1 1 1
3122 -440.0 -360.0 960.0 1 1 1
3123 -360.0 -360.0 960.0 1 1 1
3124 -280.0 -360.0 960.0 1 1 1
3125 -200.0 -360.0 960.0 1 1 1
3126 -120.0 -360.0 960.0 1 1 1
3127 -40.0 -360.0 960.0 1 1 1
3128 40.0 -360.0 960.0 1 1 1
3129 120.0 -360.0 960.0 1 1 1
3130 200.0 -360.0 960.0 1 1 1
3131 280.0 -360.0 960.0 1 1 1
3132 360.0 -360.0 960.0 1 1 1
3133 440.0 -360.0 960.0 1 1 1
3134 520.0 -360.0 960.0 1 1 1
3135 600.0 -360.0 960.0 1 1 1
3136 -600.0 -280.0 960.0 1 1 1
3137 -520.0 -280.0 960.0 1 1 1
3138 -440.0 -280.0 960.0 1 1 1
3139 -360.0 -280.0 960.0 1 1 1
3140 -280.0 -280.0 960.0 1 1 1
3141 -200.0 -280.0 960.0 1 1 1
3142 -120.0 -280.0 960.0 1 1 1
3143 -40.0 -280.0 960.0 1 1 1
3144 40.0 -280.0 960.0 1 1 1
3145 120.0 -280.0 960.0 1 1 1
3146 200.0 -280.0 960.0 1 1 1
3147 280.0 -280.0 960.0 1 1 1
3148 360.0 -280.0 960.0 1 1 1
3149 440.0 -280.0 960.0 1 1 1
3150 520.0 -280.0 960.0 1 1 1
3151 600.0 -280.0 960.0 1 1 1
3152 -600.0 -200.0 960.0 1 1 1
3153 -520.0 -200.0 960.0 1 1 1
3154 -440.0 -200.0 960.0 1 1 1
3155 -360.0 -200.0 960.0 1 1 1
3156 -280.0 -200.0 960.0 1 1 1
3157 -200.0 -200.0 960.0 1 1 1
3158 -120.0 -200.0 960.0 1 1 1
3159 -40.0 -200.0 960.0 1 1 1
3160 40.0 -200.0 960.0 1 1 1
3161 120.0 -200.0 960.0 1 1 1
3162 200.0 -200.0 960.0 1 1 1
3163 280.0 -200.0 960.0 1 1 1
3164 360.0 -200.0 960.0 1 1 1
3165 440.0 -200.0 960.0 1 1 1
3166 520.0 -200.0 960.0 1 1 1
3167 600.0 -200.0 960.0 1 1 1
3168 -600.0 -120.0 960.0 1 1 1
3169 -520.0 -120.0 960.0 1 1 1
3170 -440.0 -120.0 960.0 1 1 1
3171 -360.0 -120.0 960.0 1 1 1
3172 -280.0 -120.0 960.0 1 1 1
3173 -200.0 -120.0 960.0 1 1 1
3174 -120.0 -120.0 960.0 1 1 1
3175 -40.0 -120.0 960.0 1 1 1
3176 40.0 -120.0 960.0 1 1 1
3177 120.0 -120.0 960.0 1 1 1
3178 200.0 -120.0 960.0 1 1 1
3179 280.0 -120.0 960.0 1 1 1
3180 360.0 -120.0 960.0 1 1 1
3181 440.0 -120.0 960.0 1 1 1
3182 520.0 -120.0 960.0 1 1 1
3183 600.0 -120.0 960.0 1 1 1
3184 -600.0 -40.0 960.0 1 1 1
3185 -520.0 -40.0 960.0 1 1 1
3186 -440.0 -40.0 960.0 1 1 1
3187 -360.0 -40.0 960.0 1 1 1
3188 -280.0 -40.0 960.0 1 1 1
3189 -200.0 -40.0 960.0 1 1 1
3190 -120.0 -40.0 960.0 1 1 1
3191 -40.0 -40.0 960.0 1 1 1
3192 40.0 -40.0 960.0 1 1 1
3193 120.0 -40.0 960.0 1 1 1
3194 200.0 -40.0 960.0 1 1 1
3195 280.0 -40.0 960.0 1 1 1
3196 360.0 -40.0 960.0 1 1 1
3197 440.0 -40.0 960.0 1 1 1
3198 520.0 -40.0 960.0 1 1 1
3199 600.0 -40.0 960.0 1 1 1
3200 -600.0 40.0 960.0 1 1 1
3201 -520.0 40.0 960.0 1 1 1
3202 -440.0 40.0 960.0 1 1 1
3203 -360.0 40.0 960.0 1 1 1
3204 -280.0 40.0 960.0 1 1 1
3205 -200.0 40.0 960.0 1 1 1
3206 -120.0 40.0 960.0 1 1 1
3207 -40.0 40.0 960.0 1 1 1
3208 40.0 40.0 960.0 1 1 1
3209 120.0 40.0 960.0 1 1 1
3210 200.0 40.0 960.0 1 1 1
3211 280.0 40.0 960.0 1 1 1
3212 360.0 40.0 960.0 1 1 1
3213 440.0 40.0 960.0 1 1 1
3214 520.0 40.0 960.0 1 1 1
3215 600.0 40.0 960.0 1 1 1
3216 -600.0 120.0 960.0 1 1 1
3217 -520.0 120.0 960.0 1 1 1
3218 -440.0 120.0 960.0 1 1 1
3219 -360.0 120.0 960.0 1 1 1
3220 -280.0 120.0 960.0 1 1 1
3221 -200.0 120.0 960.0 1 1 1
3222 -120.0 120.0 960.0 1 1 1
3223 -40.0 120.0 960.0 1 1 1
3224 40.0 120.0 960.0 1 1 1
3225 120.0 120.0 960.0 1 1 1
3226 200.0 120.0 960.0 1 1 1
3227 280.0 120.0 960.0 1 1 1
3228 360.0 120.0 960.0 1 1 1
3229 440.0 120.0 960.0 1 1 1
3230 520.0 120.0 960.0 1 1 1
3231 600.0 120.0 960.0 1 1 1
3232 -600.0 200.0 960.0 1 1 1
3233 -520.0 200.0 960.0 1 1 1
3234 -440.0 200.0 960.0 1 1 1
3235 -360.0 200.0 960.0 1 1 1
3236 -280.0 200.0 960.0 1 1 1
3237 -200.0 200.0 960.0 1 1 1
3238 -120.0 200.0 960.0 1 1 1
3239 -40.0 200.0 960.0 1 1 1
3240 40.0 200.0 960.0 1 1 1
3241 120.0 200.0 960.0 1 1 1
3242 200.0 200.0 960.0 1 1 1
3243 280.0 200.0 960.0 1 1 1
3244 360.0 200.0 960.0 1 1 1
3245 440.0 200.0 960.0 1 1 1
3246 520.0 200.0 960.0 1 1 1
3247 600.0 200.0 960.0 1 1 1
3248 -600.0 280.0 960.0 1 1 1
3249 -520.0 280.0 960.0 1 1 1
3250 -440.0 280.0 960.0 1 1 1
3251 -360.0 280.0 960.0 1 1 1
3252 -280.0 280.0 960.0 1 1 1
3253 -200.0 280.0 960.0 1 1 1
3254 -120.0 280.0 960.0 1 1 1
3255 -40.0 280.0 960.0 1 1 1
3256 40.0 280.0 960.0 1 1 1
3257 120.0 280.0 960.0 1 1 1
3258 200.0 280.0 960.0 1 1 1
3259 280.0 280.0 960.0 1 1 1
3260 360.0 280.0 960.0 1 1 1
3261 440.0 280.0 960.0 1 1 1
3262 520.0 280.0 960.0 1 1 1
3263 600.0 280.0 960.0 1 1 1
3264 -600.0 360.0 960.0 1 1 1
3265 -520.0 360.0 960.0 1 1 1
3266 -440.0 360.0 960.0 1 1 1
3267 -360.0 360.0 960.0 1 1 1
3268 -280.0 360.0 960.0 1 1 1
3269 -200.0 360.0 960.0 1 1 1
3270 -120.0 360.0 960.0 1 1 1
3271 -40.0 360.0 960.0 1 1 1
3272 40.0 360.0 960.0 1 1 1
3273 120.0 360.0 960.0 1 1 1
3274 200.0 360.0 960.0 1 1 1
3275 280.0 360.0 960.0 1 1 1
3276 360.0 360.0 960.0 1 1 1
3277 440.0 360.0 960.0 1 1 1
3278 520.0 360.0 960.0 1 1 1
3279 600.0 360.0 960.0 1 1 1
3280 -600.0 440.0 960.0 1 1 1
3281 -520.0 440.0 960.0 1 1 1
3282 -440.0 440.0 960.0 1 1 1
3283 -360.0 440.0 960.0 1 1 1
3284 -280.0 440.0 960.0 1 1 1
3285 -200.0 440.0 960.0 1 1 1
3286 -120.0 440.0 960.0 1 1 1
3287 -40.0 440.0 960.0 1 1 1
3288 40.0 440.0 960.0 1 1 1
3289 120.0 440.0 960.0 1 1 1
3290 200.0 440.0 960.0 1 1 1
3291 280.0 440.0 960.0 1 1 1
3292 360.0 440.0 960.0 1 1 1
3293 440.0 440.0 960.0 1 1 1
3294 520.0 440.0 960.0 1 1 1
3295 600.0 440.0 960.0 1 1 1
3296 -600.0 520.0 960.0 1 1 1
3297 -520.0 520.0 960.0 1 1 1
3298 -440.0 520.0 960.0 1 1 1
3299 -360.0 520.0 960.0 1 1 1
3300 -280.0 520.0 960.0 1 1 1
3301 -200.0 520.0 960.0 1 1 1
3302 -120.0 520.0 960.0 1 1 1
3303 -40.0 520.0 960.0 1 1 1
3304 40.0 520.0 960.0 1 1 1
3305 120.0 520.0 960.0 1 1 1
3306 200.0 520.0 960.0 1 1 1
3307 280.0 520.0 960.0 1 1 1
3308 360.0 520.0 960.0 1 1 1
3309 440.0 520.0 960.0 1 1 1
3310 520.0 520.0 960.0 1 1 1
3311 600.0 520.0 960.0 1 1 1
3312 -600.0 600.0 960.0 1 1 1
3313 -520.0 600.0 960.0 1 1 1
3314 -440.0 600.0 960.0 1 1 1
3315 -360.0 600.0 960.0 1 1 1
3316 -280.0 600.0 960.0 1 1 1
3317 -200.0 600.0 960.0 1 1 1
3318 -120.0 600.0 960.0 1 1 1
3319 -40.0 600.0 960.0 1 1 1
3320 40.0 600.0 960.0 1 1 1
3321 120.0 600.0 960.0 1 1 1
3322 200.0 600.0 960.0 1 1 1
3323 280.0 600.0 960.0 1 1 1
3324 360.0 600.0 960.0 1 1 1
3325 440.0 600.0 960.0 1 1 1
3326 520.0 600.0 960.0 1 1 1
3327 600.0 600.0 960.0 1 1 1
3328 -600.0 -600.0 1040.0 1 1 1
3329 -520.0 -600.0 1040.0 1 1 1
3330 -440.0 -600.0 1040.0 1 1 1
3331 -360.0 -600.0 1040.0 1 1 1
3332 -280.0 -600.0 1040.0 1 1 1
3333 -200.0 -600.0 1040.0 1 1 1
3334 -120.0 -600.0 1040.0 1 1 1
3335 -40.0 -600.0 1040.0 1 1 1
3336 40.0 -600.0 1040.0 1 1 1
3337 120.0 -600.0 1040.0 1 1 1
3338 200.0 -600.0 1040.0 1 1 1
3339 280.0 -600.0 1040.0 1 1 1
3340 360.0 -600.0 1040.0 1 1 1
3341 440.0 -600.0 1040.0 1 1 1
3342 520.0 -600.0 1040.0 1 1 1
3343 600.0 -600.0 1040.0 1 1 1
3344 -600.0 -520.0 1040.0 1 1 1
3345 -520.0 -520.0 1040.0 1 1 1
3346 -440.0 -520.0 1040.0 1 1 1
3347 -360.0 -520.0 1040.0 1 1 1
3348 -280.0 -520.0 1040.0 1 1 1
3349 -200.0 -520.0 1040.0 1 1 1
3350 -120.0 -520.0 1040.0 1 1 1
3351 -40.0 -520.0 1040.0 1 1 1
3352 40.0 -520.0 1040.0 1 1 1
3353 120.0 -520.0 1040.0 1 1 1
3354 200.0 -520.0 1040.0 1 1 1
3355 280.0 -520.0 1040.0 1 1 1
3356 360.0 -520.0 1040.0 1 1 1
3357 440.0 -520.0 1040.0 1 1 1
3358 520.0 -520.0 1040.0 1 1 1
3359 600.0 -520.0 1040.0 1 1 1
3360 -600.0 -440.0 1040.0 1 1 1
3361 -520.0 -440.0 1040.0 1 1 1
3362 -440.0 -440.0 1040.0 1 1 1
3363 -360.0 -440.0 1040.0 1 1 1
3364 -280.0 -440.0 1040.0 1 1 1
3365 -200.0 -440.0 1040.0 1 1 1
3366 -120.0 -440.0 1040.0 1 1 1
3367 -40.0 -440.0 1040.0 1 1 1
3368 40.0 -440.0 1040.0 1 1 1
3369 120.0 -440.0 1040.0 1 1 1
3370 200.0 -440.0 1040.0 1 1 1
3371 280.0 -440.0 1040.0 1 1 1
3372 360.0 -440.0 1040.0 1 1 1
3373 440.0 -440.0 1040.0 1 1 1
3374 520.0 -440.0 1040.0 1 1 1
3375 600.0 -440.0 1040.0 1 1 1
3376 -600.0 -360.0 1040.0 1 1 1
3377 -520.0 -360.0 1040.0 1 1 1
3378 -440.0 -360.0 1040.0 1 1 1
3379 -360.0 -360.0 1040.0 1 1 1
3380 -280.0 -360.0 1040.0 1 1 1
3381 -200.0 -360.0 1040.0 1 1 1
3382 -120.0 -360.0 1040.0 1 1 1
3383 -40.0 -360.0 1040.0 1 1 1
3384 40.0 -360.0 1040.0 1 1 1
3385 120.0 -360.0 1040.0 1 1 1
3386 200.0 -360.0 1040.0 1 1 1
3387 280.0 -360.0 1040.0 1 1 1
3388 360.0 -360.0 1040.0 1 1 1
3389 440.0 -360.0 1040.0 1 1 1
3390 520.0 -360.0 1040.0 1 1 1
3391 600.0 -360.0 1040.0 1 1 1
3392 -600.0 -280.0 1040.0 1 1 1
3393 -520.0 -280.0 1040.0 1 1 1
3394 -440.0 -280.0 1040.0 1 1 1
3395 -360.0 -280.0 1040.0 1 1 1
3396 -280.0 -280.0 1040.0 1 1 1
3397 -200.0 -280.0 1040.0 1 1 1
3398 -120.0 -280.0 1040.0 1 1 1
3399 -40.0 -280.0 1040.0 1 1 1
3400 40.0 -280.0 1040.0 1 1 1
3401 120.0 -280.0 1040.0 1 1 1
3402 200.0 -280.0 1040.0 1 1 1
3403 280.0 -280.0 1040.0 1 1 1
3404 360.0 -280.0 1040.0 1 1 1
3405 440.0 -280.0 1040.0 1 1 1
3406 520.0 -280.0 1040.0 1 1 1
3407 600.0 -280.0 1040.0 1 1 1
3408 -600.0 -200.0 1040.0 1 1 1
3409 -520.0 -200.0 1040.0 1 1 1
3410 -440.0 -200.0 1040.0 1 1 1
3411 -360.0 -200.0 1040.0 1 1 1
3412 -280.0 -200.0 1040.0 1 1 1
3413 -200.0 -200.0 1040.0 1 1 1
3414 -120.0 -200.0 1040.0 1 1 1
3415 -40.0 -200.0 1040.0 1 1 1
3416 40.0 -200.0 1040.0 1 1 1
3417 120.0 -200.0 1040.0 1 1 1
3418 200.0 -200.0 1040.0 1 1 1
3419 280.0 -200.0 1040.0 1 1 1
3420 360.0 -200.0 1040.0 1 1 1
3421 440.0 -200.0 1040.0 1 1 1
3422 520.0 -200.0 1040.0 1 1 1
3423 600.0 -200.0 1040.0 1 1 1
3424 -600.0 -120.0 1040.0 1 1 1
3425 -520.0 -120.0 1040.0 1 1 1
3426 -440.0 -120.0 1040.0 1 1 1
3427 -360.0 -120.0 1040.0 1 1 1
3428 -280.0 -120.0 1040.0 1 1 1
3429 -200.0 -120.0 1040.0 1 1 1
3430 -120.0 -120.0 1040.0 1 1 1
3431 -40.0 -120.0 1040.0 1 1 1
3432 40.0 -120.0 1040.0 1 1 1
3433 120.0 -120.0 1040.0 1 1 1
3434 200.0 -120.0 1040.0 1 1 1
3435 280.0 -120.0 1040.0 1 1 1
3436 360.0 -120.0 1040.0 1 1 1
3437 440.0 -120.0 1040.0 1 1 1
3438 520.0 -120.0 1040.0 1 1 1
3439 600.0 -120.0 1040.0 1 1 1
3440 -600.0 -40.0 1040.0 1 1 1
3441 -520.0 -40.0 1040.0 1 1 1
3442 -440.0 -40.0 1040.0 1 1 1
3443 -360.0 -40.0 1040.0 1 1 1
3444 -280.0 -40.0 1040.0 1 1 1
3445 -200.0 -40.0 1040.0 1 1 1
3446 -120.0 -40.0 1040.0 1 1 1
3447 -40.0 -40.0 1040.0 1 1 1
3448 40.0 -40.0 1040.0 1 1 1
3449 120.0 -40.0 1040.0 1 1 1
3450 200.0 -40.0 1040.0 1 1 1
3451 280.0 -40.0 1040.0 1 1 1
3452 360.0 -40.0 1040.0 1 1 1
3453 440.0 -40.0 1040.0 1 1 1
3454 520.0 -40.0 1040.0 1 1 1
3455 600.0 -40.0 1040.0 1 1 1
3456 -600.0 40.0 1040.0 1 1 1
3457 -520.0 40.0 1040.0 1 1 1
3458 -440.0 40.0 1040.0 1 1 1
3459 -360.0 40.0 1040.0 1 1 1
3460 -280.0 40.0 1040.0 1 1 1
3461 -200.0 40.0 1040.0 1 1 1
3462 -120.0 40.0 1040.0 1 1 1
3463 -40.0 40.0 1040.0 1 1 1
3464 40.0 40.0 1040.0 1 1 1
3465 120.0 40.0 1040.0 1 1 1
3466 200.0 40.0 1040.0 1 1 1
3467 280.0 40.0 1040.0 1 1 1
3468 360.0 40.0 1040.0 1 1 1
3469 440.0 40.0 1040.0 1 1 1
3470 520.0 40.0 1040.0 1 1 1
3471 600.0 40.0 1040.0 1 1 1
3472 -600.0 120.0 1040.0 1 1 1
3473 -520.0 120.0 1040.0 1 1 1
3474 -440.0 120.0 1040.0 1 1 1
3475 -360.0 120.0 1040.0 1 1 1
3476 -280.0 120.0 1040.0 1 1 1
3477 -200.0 120.0 1040.0 1 1 1
3478 -120.0 120.0 1040.0 1 1 1
3479 -40.0 120.0 1040.0 1 1 1
3480 40.0 120.0 1040.0 1 1 1
3481 120.0 120.0 1040.0 1 1 1
3482 200.0 120.0 1040.0 1 1 1
3483 280.0 120.0 1040.0 1 1 1
3484 360.0 120.0 1040.0 1 1 1
3485 440.0 120.0 1040.0 1 1 1
3486 520.0 120.0 1040.0 1 1 1
3487 600.0 120.0 1040.0 1 1 1
3488 -600.0 200.0 1040.0 1 1 1
3489 -520.0 200.0 1040.0 1 1 1
3490 -440.0 200.0 1040.0 1 1 1
3491 -360.0 200.0 1040.0 1 1 1
3492 -280.0 200.0 1040.0 1 1 1
3493 -200.0 200.0 1040.0 1 1 1
3494 -120.0 200.0 1040.0 1 1 1
3495 -40.0 200.0 1040.0 1 1 1
3496 40.0 200.0 1040.0 1 1 1
3497 120.0 200.0 1040.0 1 1 1
3498 200.0 200.0 1040.0 1 1 1
3499 280.0 200.0 1040.0 1 1 1
3500 360.0 200.0 1040.0 1 1 1
3501 440.0 200.0 1040.0 1 1 1
3502 520.0 200.0 1040.0 1 1 1
3503 600.0 200.0 1040.0 1 1 1
3504 -600.0 280.0 1040.0 1 1 1
3505 -520.0 280.0 1040.0 1 1 1
3506 -440.0 280.0 1040.0 1 1 1
3507 -360.0 280.0 1040.0 1 1 1
3508 -280.0 280.0 1040.0 1 1 1
3509 -200.0 280.0 1040.0 1 1 1
3510 -120.0 280.0 1040.0 1 1 1
3511 -40.0 280.0 1040.0 1 1 1
3512 40.0 280.0 1040.0 1 1 1
3513 120.0 280.0 1040.0 1 1 1
3514 200.0 280.0 1040.0 1 1 1
3515 280.0 280.0 1040.0 1 1 1
3516 360.0 280.0 1040.0 1 1 1
3517 440.0 280.0 1040.0 1 1 1
3518 520.0 280.0 1040.0 1 1 1
3519 600.0 280.0 1040.0 1 1 1
3520 -600.0 360.0 1040.0 1 1 1
3521 -520.0 360.0 1040.0 1 1 1
3522 -440.0 360.0 1040.0 1 1 1
3523 -360.0 360.0 1040.0 1 1 1
3524 -280.0 360.0 1040.0 1 1 1
3525 -200.0 360.0 1040.0 1 1 1
3526 -120.0 360.0 1040.0 1 1 1
3527 -40.0 360.0 1040.0 1 1 1
3528 40.0 360.0 1040.0 1 1 1
3529 120.0 360.0 1040.0 1 1 1
3530 200.0 360.0 1040.0 1 1 1
3531 280.0 360.0 1040.0 1 1 1
3532 360.0 360.0 1040.0 1 1 1
3533 440.0 360.0 1040.0 1 1 1
3534 520.0 360.0 1040.0 1 1 1
3535 600.0 360.0 1040.0 1 1 1
3536 -600.0 440.0 1040.0 1 1 1
3537 -520.0 440.0 1040.0 1 1 1
3538 -440.0 440.0 1040.0 1 1 1
3539 -360.0 440.0 1040.0 1 1 1
3540 -280.0 440.0 1040.0 1 1 1
3541 -200.0 440.0 1040.0 1 1 1
3542 -120.0 440.0 1040.0 1 1 1
3543 -40.0 440.0 1040.0 1 1 1
3544 40.0 440.0 1040.0 1 1 1
3545 120.0 440.0 1040.0 1 1 1
3546 200.0 440.0 1040.0 1 1 1
3547 280.0 440.0 1040.0 1 1 1
3548 360.0 440.0 1040.0 1 1 1
3549 440.0 440.0 1040.0 1 1 1
3550 520.0 440.0 1040.0 1 1 1
3551 600.0 440.0 1040.0 1 1 1
3552 -600.0 520.0 1040.0 1 1 1
3553 -520.0 520.0 1040.0 1 1 1
3554 -440.0 520.0 1040.0 1 1 1
3555 -360.0 520.0 1040.0 1 1 1
3556 -280.0 520.0 1040.0 1 1 1
3557 -200.0 520.0 1040.0 1 1 1
3558 -120.0 520.0 1040.0 1 1 1
3559 -40.0 520.0 1040.0 1 1 1
3560 40.0 520.0 1040.0 1 1 1
3561 120.0 520.0 1040.0 1 1 1
3562 200.0 520.0 1040.0 1 1 1
3563 280.0 520.0 1040.0 1 1 1
3564 360.0 520.0 1040.0 1 1 1
3565 440.0 520.0 1040.0 1 1 1
3566 520.0 520.0 1040.0 1 1 1
3567 600.0 520.0 1040.0 1 1 1
3568 -600.0 600.0 1040.0 1 1 1
3569 -520.0 600.0 1040.0 1 1 1
3570 -440.0 600.0 1040.0 1 1 1
3571 -360.0 600.0 1040.0 1 1 1
3572 -280.0 600.0 1040.0 1 1 1
3573 -200.0 600.0 1040.0 1 1 1
3574 -120.0 600.0 1040.0 1 1 1
3575 -40.0 600.0 1040.0 1 1 1
3576 40.0 600.0 1040.0 1 1 1
3577 120.0 600.0 1040.0 1 1 1
3578 200.0 600.0 1040.0 1 1 1
3579 280.0 600.0 1040.0 1 1 1
3580 360.0 600.0 1040.0 1 1 1
3581 440.0 600.0 1040.0 1 1 1
3582 520.0 600.0 1040.0 1 1 1
3583 600.0 600.0 1040.0 1 1 1
3584 -600.0 -600.0 1120.0 1 1 1
3585 -520.0 -600.0 1120.0 1 1 1
3586 -440.0 -600.0 1120.0 1 1 1
3587 -360.0 -600.0 1120.0 1 1 1
3588 -280.0 -600.0 1120.0 1 1 1
3589 -200.0 -600.0 1120.0 1 1 1
3590 -120.0 -600.0 1120.0 1 1 1
3591 -40.0 -600.0 1120.0 1 1 1
3592 40.0 -600.0 1120.0 1 1 1
3593 120.0 -600.0 1120.0 1 1 1
3594 200.0 -600.0 1120.0 1 1 1
3595 280.0 -600.0 1120.0 1 1 1
3596 360.0 -600.0 1120.0 1 1 1
3597 440.0 -600.0 1120.0 1 1 1
3598 520.0 -600.0 1120.0 1 1 1
3599 600.0 -600.0 1120.0 1 1 1
3600 -600.0 -520.0 1120.0 1 1 1
3601 -520.0 -520.0 1120.0 1 1 1
3602 -440.0 -520.0 1120.0 1 1 1
3603 -360.0 -520.0 1120.0 1 1 1
3604 -280.0 -520.0 1120.0 1 1 1
3605 -200.0 -520.0 1120.0 1 1 1
3606 -120.0 -520.0 1120.0 1 1 1
3607 -40.0 -520.0 1120.0 1 1 1
3608 40.0 -520.0 1120.0 1 1 1
3609 120.0 -520.0 1120.0 1 1 1
3610 200.0 -520.0 1120.0 1 1 1
3611 280.0 -520.0 1120.0 1 1 1
3612 360.0 -520.0 1120.0 1 1 1
3613 440.0 -520.0 1120.0 1 1 1
3614 520.0 -520.0 1120.0 1 1 1
3615 600.0 -520.0 1120.0 1 1 1
3616 -600.0 -440.0 1120.0 1 1 1
3617 -520.0 -440.0 1120.0 1 1 1
3618 -440.0 -440.0 1120.0 1 1 1
3619 -360.0 -440.0 1120.0 1 1 1
3620 -280.0 -440.0 1120.0 1 1 1
3621 -200.0 -440.0 1120.0 1 1 1
3622 -120.0 -440.0 1120.0 1 1 1
3623 -40.0 -440.0 1120.0 1 1 1
3624 40.0 -440.0 1120.0 1 1 1
3625 120.0 -440.0 1120.0 1 1 1
3626 200.0 -440.0 1120.0 1 1 1
3627 280.0 -440.0 1120.0 1 1 1
3628 360.0 -440.0 1120.0 1 1 1
3629 440.0 -440.0 1120.0 1 1 1
3630 520.0 -440.0 1120.0 1 1 1
3631 600.0 -440.0 1120.0 1 1 1
3632 -600.0 -360.0 1120.0 1 1 1
3633 -520.0 -360.0 1120.0 1 1 1
3634 -440.0 -360.0 1120.0 1 1 1
3635 -360.0 -360.0 1120.0 1 1 1
3636 -280.0 -360.0 1120.0 1 1 1
3637 -200.0 -360.0 1120.0 1 1 1
3638 -120.0 -360.0 1120.0 1 1 1
3639 -40.0 -360.0 1120.0 1 1 1
3640 40.0 -360.0 1120.0 1 1 1
3641 120.0 -360.0 1120.0 1 1 1
3642 200.0 -360.0 1120.0 1 1 1
3643 280.0 -360.0 1120.0 1 1 1
3644 360.0 -360.0 1120.0 1 1 1
3645 440.0 -360.0 1120.0 1 1 1
3646 520.0 -360.0 1120.0 1 1 1
3647 600.0 -360.0 1120.0 1 1 1
3648 -600.0 -280.0 1120.0 1 1 1
3649 -520.0 -280.0 1120.0 1 1 1
3650 -440.0 -280.0 1120.0 1 1 1
3651 -360.0 -280.0 1120.0 1 1 1
3652 -280.0 -280.0 1120.0 1 1 1
3653 -200.0 -280.0 1120.0 1 1 1
3654 -120.0 -280.0 1120.0 1 1 1
3655 -40.0 -280.0 1120.0 1 1 1
3656 40.0 -280.0 1120.0 1 1 1
3657 120.0 -280.0 1120.0 1 1 1
3658 200.0 -280.0 1120.0 1 1 1
3659 280.0 -280.0 1120.0 1 1 1
3660 360.0 -280.0 1120.0 1 1 1
3661 440.0 -280.0 1120.0 1 1 1
3662 520.0 -280.0 1120.0 1 1 1
3663 600.0 -280.0 1120.0 1 1 1
3664 -600.0 -200.0 1120.0 1 1 1
3665 -520.0 -200.0 1120.0 1 1 1
3666 -440.0 -200.0 1120.0 1 1 1
3667 -360.0 -200.0 1120.0 1 1 1
3668 -280.0 -200.0 1120.0 1 1 1
3669 -200.0 -200.0 1120.0 1 1 1
3670 -120.0 -200.0 1120.0 1 1 1
3671 -40.0 -200.0 1120.0 1 1 1
3672 40.0 -200.0 1120.0 1 1 1
3673 120.0 -200.0 1120.0 1 1 1
3674 200.0 -200.0 1120.0 1 1 1
3675 280.0 -200.0 1120.0 1 1 1
3676 360.0 -200.0 1120.0 1 1 1
3677 440.0 -200.0 1120.0 1 1 1
3678 520.0 -200.0 1120.0 1 1 1
3679 600.0 -200.0 1120.0 1 1 1
3680 -600.0 -120.0 1120.0 1 1 1
3681 -520.0 -120.0 1120.0 1 1 1
3682 -440.0 -120.0 1120.0 1 1 1
3683 -360.0 -120.0 1120.0 1 1 1
3684 -280.0 -120.0 1120.0 1 1 1
3685 -200.0 -120.0 1120.0 1 1 1
3686 -120.0 -120.0 1120.0 1 1 1
3687 -40.0 -120.0 1120.0 1 1 1
3688 40.0 -120.0 1120.0 1 1 1
3689 120.0 -120.0 1120.0 1 1 1
3690 200.0 -120.0 1120.0 1 1 1
3691 280.0 -120.0 1120.0 1 1 1
3692 360.0 -120.0 1120.0 1 1 1
3693 440.0 -120.0 1120.0 1 1 1
3694 520.0 -120.0 1120.0 1 1 1
3695 600.0 -120.0 1120.0 1 1 1
3696 -600.0 -40.0 1120.0 1 1 1
3697 -520.0 -40.0 1120.0 1 1 1
3698 -440.0 -40.0 1120.0 1 1 1
3699 -360.0 -40.0 1120.0 1 1 1
3700 -280.0 -40.0 1120.0 1 1 1
3701 -200.0 -40.0 1120.0 1 1 1
3702 -120.0 -40.0 1120.0 1 1 1
3703 -40.0 -40.0 1120.0 1 1 1
3704 40.0 -40.0 1120.0 1 1 1
3705 120.0 -40.0 1120.0 1 1 1
3706 200.0 -40.0 1120.0 1 1 1
3707 280.0 -40.0 1120.0 1 1 1
3708 360.0 -40.0 1120.0 1 1 1
3709 440.0 -40.0 1120.0 1 1 1
3710 520.0 -40.0 1120.0 1 1 1
3711 600.0 -40.0 1120.0 1 1 1
3712 -600.0 40.0 1120.0 1 1 1
3713 -520.0 40.0 1120.0 1 1 1
3714 -440.0 40.0 1120.0 1 1 1
3715 -360.0 40.0 1120.0 1 1 1
3716 -280.0 40.0 1120.0 1 1 1
3717 -200.0 40.0 1120.0 1 1 1
3718 -120.0 40.0 1120.0 1 1 1
3719 -40.0 40.0 1120.0 1 1 1
3720 40.0 40.0 1120.0 1 1 1
3721 120.0 40.0 1120.0 1 1 1
3722 200.0 40.0 1120.0 1 1 1
3723 280.0 40.0 1120.0 1 1 1
3724 360.0 40.0 1120.0 1 1 1
3725 440.0 40.0 1120.0 1 1 1
3726 520.0 40.0 1120.0 1 1 1
3727 600.0 40.0 1120.0 1 1 1
3728 -600.0 120.0 1120.0 1 1 1
3729 -520.0 120.0 1120.0 1 1 1
3730 -440.0 120.0 1120.0 1 1 1
3731 -360.0 120.0 1120.0 1 1 1
3732 -280.0 120.0 1120.0 1 1 1
3733 -200.0 120.0 1120.0 1 1 1
3734 -120.0 120.0 1120.0 1 1 1
3735 -40.0 120.0 1120.0 1 1 1
3736 40.0 120.0 1120.0 1 1 1
3737 120.0 120.0 1120.0 1 1 1
3738 200.0 120.0 1120.0 1 1 1
3739 280.0 120.0 1120.0 1 1 1
3740 360.0 120.0 1120.0 1 1 1
3741 440.0 120.0 1120.0 1 1 1
3742 520.0 120.0 1120.0 1 1 1
3743 600.0 120.0 1120.0 1 1 1
3744 -600.0 200.0 1120.0 1 1 1
3745 -520.0 200.0 1120.0 1 1 1
3746 -440.0 200.0 1120.0 1 1 1
3747 -360.0 200.0 1120.0 1 1 1
3748 -280.0 200.0 1120.0 1 1 1
3749 -200.0 200.0 1120.0 1 1 1
3750 -120.0 200.0 1120.0 1 1 1
3751 -40.0 200.0 1120.0 1 1 1
3752 40.0 200.0 1120.0 1 1 1
3753 120.0 200.0 1120.0 1 1 1
3754 200.0 200.0 1120.0 1 1 1
3755 280.0 200.0 1120.0 1 1 1
3756 360.0 200.0 1120.0 1 1 1
3757 440.0 200.0 1120.0 1 1 1
3758 520.0 200.0 1120.0 1 1 1
3759 600.0 200.0 1120.0 1 1 1
3760 -600.0 280.0 1120.0 1 1 1
3761 -520.0 280.0 1120.0 1 1 1
3762 -440.0 280.0 1120.0 1 1 1
3763 -360.0 280.0 1120.0 1 1 1
3764 -280.0 280.0 1120.0 1 1 1
3765 -200.0 280.0 1120.0 1 1 1
3766 -120.0 280.0 1120.0 1 1 1
3767 -40.0 280.0 1120.0 1 1 1
3768 40.0 280.0 1120.0 1 1 1
3769 120.0 280.0 1120.0 1 1 1
3770 200.0 280.0 1120.0 1 1 1
3771 280.0 280.0 1120.0 1 1 1
3772 360.0 280.0 1120.0 1 1 1
3773 440.0 280.0 1120.0 1 1 1
3774 520.0 280.0 1120.0 1 1 1
3775 600.0 280.0 1120.0 1 1 1
3776 -600.0 360.0 1120.0 1 1 1
3777 -520.0 360.0 1120.0 1 1 1
3778 -440.0 360.0 1120.0 1 1 1
3779 -360.0 360.0 1120.0 1 1 1
3780 -280.0 360.0 1120.0 1 1 1
3781 -200.0 360.0 1120.0 1 1 1
3782 -120.0 360.0 1120.0 1 1 1
3783 -40.0 360.0 1120.0 1 1 1
3784 40.0 360.0 1120.0 1 1 1
3785 120.0 360.0 1120.0 1 1 1
3786 200.0 360.0 1120.0 1 1 1
3787 280.0 360.0 1120.0 1 1 1
3788 360.0 360.0 1120.0 1 1 1
3789 440.0 360.0 1120.0 1 1 1
3790 520.0 360.0 1120.0 1 1 1
3791 600.0 360.0 1120.0 1 1 1
3792 -600.0 440.0 1120.0 1 1 1
3793 -520.0 440.0 1120.0 1 1 1
3794 -440.0 440.0 1120.0 1 1 1
3795 -360.0 440.0 1120.0 1 1 1
3796 -280.0 440.0 1120.0 1 1 1
3797 -200.0 440.0 1120.0 1 1 1
3798 -120.0 440.0 1120.0 1 1 1
3799 -40.0 440.0 1120.0 1 1 1
3800 40.0 440.0 1120.0 1 1 1
3801 120.0 440.0 1120.0 1 1 1
3802 200.0 440.0 1120.0 1 1 1
3803 280.0 440.0 1120.0 1 1 1
3804 360.0 440.0 1120.0 1 1 1
3805 440.0 440.0 1120.0 1 1 1
3806 520.0 440.0 1120.0 1 1 1
3807 600.0 440.0 1120.0 1 1 1
3808 -600.0 520.0 1120.0 1 1 1
3809 -520.0 520.0 1120.0 1 1 1
3810 -440.0 520.0 1120.0 1 1 1
3811 -360.0 520.0 1120.0 1 1 1
3812 -280.0 520.0 1120.0 1 1 1
3813 -200.0 520.0 1120.0 1 1 1
3814 -120.0 520.0 1120.0 1 1 1
3815 -40.0 520.0 1120.0 1 1 1
3816 40.0 520.0 1120.0 1 1 1
3817 120.0 520.0 1120.0 1 1 1
3818 200.0 520.0 1120.0 1 1 1
3819 280.0 520.0 1120.0 1 1 1
3820 360.0 520.0 1120.0 1 1 1
3821 440.0 520.0 1120.0 1 1 1
3822 520.0 520.0 1120.0 1 1 1
3823 600.0 520.0 1120.0 1 1 1
3824 -600.0 600.0 1120.0 1 1 1
3825 -520.0 600.0 1120.0 1 1 1
3826 -440.0 600.0 1120.0 1 1 1
3827 -360.0 600.0 1120.0 1 1 1
3828 -280.0 600.0 1120.0 1 1 1
3829 -200.0 600.0 1120.0 1 1 1
3830 -120.0 600.0 1120.0 1 1 1
3831 -40.0 600.0 1120.0 1 1 1
3832 40.0 600.0 1120.0 1 1 1
3833 120.0 600.0 1120.0 1 1 1
3834 200.0 600.0 1120.0 1 1 1
3835 280.0 600.0 1120.0 1 1 1
3836 360.0 600.0 1120.0 1 1 1
3837 440.0 600.0 1120.0 1 1 1
3838 520.0 600.0 1120.0 1 1 1
3839 600.0 600.0 1120.0 1 1 1
3840 -600.0 -600.0 1200.0 1 1 1
3841 -520.0 -600.0 1200.0 1 1 1
3842 -440.0 -600.0 1200.0 1 1 1
3843 -360.0 -600.0 1200.0 1 1 1
3844 -280.0 -600.0 1200.0 1 1 1
3845 -200.0 -600.0 1200.0 1 1 1
3846 -120.0 -600.0 1200.0 1 1 1
3847 -40.0 -600.0 1200.0 1 1 1
3848 40.0 -600.0 1200.0 1 1 1
3849 120.0 -600.0 1200.0 1 1 1
3850 200.0 -600.0 1200.0 1 1 1
3851 280.0 -600.0 1200.0 1 1 1
3852 360.0 -600.0 1200.0 1 1 1
3853 440.0 -600.0 1200.0 1 1 1
3854 520.0 -600.0 1200.0 1 1 1
3855 600.0 -600.0 1200.0 1 1 1
3856 -600.0 -520.0 1200.0 1 1 1
3857 -520.0 -520.0 1200.0 1 1 1
3858 -440.0 -520.0 1200.0 1 1 1
3859 -360.0 -520.0 1200.0 1 1 1
3860 -280.0 -520.0 1200.0 1 1 1
3861 -200.0 -520.0 1200.0 1 1 1
3862 -120.0 -520.0 1200.0 1 1 1
3863 -40.0 -520.0 1200.0 1 1 1
3864 40.0 -520.0 1200.0 1 1 1
3865 120.0 -520.0 1200.0 1 1 1
3866 200.0 -520.0 1200.0 1 1 1
3867 280.0 -520.0 1200.0 1 1 1
3868 360.0 -520.0 1200.0 1 1 1
3869 440.0 -520.0 1200.0 1 1 1
3870 520.0 -520.0 1200.0 1 1 1
3871 600.0 -520.0 1200.0 1 1 1
3872 -600.0 -440.0 1200.0 1 1 1
3873 -520.0 -440.0 1200.0 1 1 1
3874 -440.0 -440.0 1200.0 1 1 1
3875 -360.0 -440.0 1200.0 1 1 1
3876 -280.0 -440.0 1200.0 1 1 1
3877 -200.0 -440.0 1200.0 1 1 1
3878 -120.0 -440.0 1200.0 1 1 1
3879 -40.0 -440.0 1200.0 1 1 1
3880 40.0 -440.0 1200.0 1 1 1
3881 120.0 -440.0 1200.0 1 1 1
3882 200.0 -440.0 1200.0 1 1 1
3883 280.0 -440.0 1200.0 1 1 1
3884 360.0 -440.0 1200.0 1 1 1
3885 440.0 -440.0 1200.0 1 1 1
3886 520.0 -440.0 1200.0 1 1 1
3887 600.0 -440.0 1200.0 1 1 1
3888 -600.0 -360.0 1200.0 1 1 1
3889 -520.0 -360.0 1200.0 1 1 1
3890 -440.0 -360.0 1200.0 1 1 1
3891 -360.0 -360.0 1200.0 1 1 1
3892 -280.0 -360.0 1200.0 1 1 1
3893 -200.0 -360.0 1200.0 1 1 1
3894 -120.0 -360.0 1200.0 1 1 1
3895 -40.0 -360.0 1200.0 1 1 1
3896 40.0 -360.0 1200.0 1 1 1
3897 120.0 -360.0 1200.0 1 1 1
3898 200.0 -360.0 1200.0 1 1 1
3899 280.0 -360.0 1200.0 1 1 1
3900 360.0 -360.0 1200.0 1 1 1
3901 440.0 -360.0 1200.0 1 1 1
3902 520.0 -360.0 1200.0 1 1 1
3903 600.0 -360.0 1200.0 1 1 1
3904 -600.0 -280.0 1200.0 1 1 1
3905 -520.0 -280.0 1200.0 1 1 1
3906 -440.0 -280.0 1200.0 1 1 1
3907 -360.0 -280.0 1200.0 1 1 1
3908 -280.0 -280.0 1200.0 1 1 1
3909 -200.0 -280.0 1200.0 1 1 1
3910 -120.0 -280.0 1200.0 1 1 1
3911 -40.0 -280.0 1200.0 1 1 1
3912 40.0 -280.0 1200.0 1 1 1
3913 120.0 -280.0 1200.0 1 1 1
3914 200.0 -280.0 1200.0 1 1 1
3915 280.0 -280.0 1200.0 1 1 1
3916 360.0 -280.0 1200.0 1 1 1
3917 440.0 -280.0 1200.0 1 1 1
3918 520.0 -280.0 1200.0 1 1 1
3919 600.0 -280.0 1200.0 1 1 1
3920 -600.0 -200.0 1200.0 1 1 1
3921 -520.0 -200.0 1200.0 1 1 1
3922 -440.0 -200.0 1200.0 1 1 1
3923 -360.0 -200.0 1200.0 1 1 1
3924 -280.0 -200.0 1200.0 1 1 1
3925 -200.0 -200.0 1200.0 1 1 1
3926 -120.0 -200.0 1200.0 1 1 1
3927 -40.0 -200.0 1200.0 1 1 1
3928 40.0 -200.0 1200.0 1 1 1
3929 120.0 -200.0 1200.0 1 1 1
3930 200.0 -200.0 1200.0 1 1 1
3931 280.0 -200.0 1200.0 1 1 1
3932 360.0 -200.0 1200.0 1 1 1
3933 440.0 -200.0 1200.0 1 1 1
3934 520.0 -200.0 1200.0 1 1 1
3935 600.0 -200.0 1200.0 1 1 1
3936 -600.0 -120.0 1200.0 1 1 1
3937 -520.0 -120.0 1200.0 1 1 1
3938 -440.0 -120.0 1200.0 1 1 1
3939 -360.0 -120.0 1200.0 1 1 1
3940 -280.0 -120.0 1200.0 1 1 1
3941 -200.0 -120.0 1200.0 1 1 1
3942 -120.0 -120.0 1200.0 1 1 1
3943 -40.0 -120.0 1200.0 1 1 1
3944 40.0 -120.0 1200.0 1 1 1
3945 120.0 -120.0 1200.0 1 1 1
3946 200.0 -120.0 1200.0 1 1 1
3947 280.0 -120.0 1200.0 1 1 1
3948 360.0 -120.0 1200.0 1 1 1
3949 440.0 -120.0 1200.0 1 1 1
3950 520.0 -120.0 1200.0 1 1 1
3951 600.0 -120.0 1200.0 1 1 1
3952 -600.0 -40.0 1200.0 1 1 1
3953 -520.0 -40.0 1200.0 1 1 1
3954 -440.0 -40.0 1200.0 1 1 1
3955 -360.0 -40.0 1200.0 1 1 1
3956 -280.0 -40.0 1200.0 1 1 1
3957 -200.0 -40.0 1200.0 1 1 1
3958 -120.0 -40.0 1200.0 1 1 1
3959 -40.0 -40.0 1200.0 1 1 1
3960 40.0 -40.0 1200.0 1 1 1
3961 120.0 -40.0 1200.0 1 1 1
3962 200.0 -40.0 1200.0 1 1 1
3963 280.0 -40.0 1200.0 1 1 1
3964 360.0 -40.0 1200.0 1 1 1
3965 440.0 -40.0 1200.0 1 1 1
3966 520.0 -40.0 1200.0 1 1 1
3967 600.0 -40.0 1200.0 1 1 1
3968 -600.0 40.0 1200.0 1 1 1
3969 -520.0 40.0 1200.0 1 1 1
3970 -440.0 40.0 1200.0 1 1 1
3971 -360.0 40.0 1200.0 1 1 1
3972 -280.0 40.0 1200.0 1 1 1
3973 -200.0 40.0 1200.0 1 1 1
3974 -120.0 40.0 1200.0 1 1 1
3975 -40.0 40.0 1200.0 1 1 1
3976 40.0 40.0 1200.0 1 1 1
3977 120.0 40.0 1200.0 1 1 1
3978 200.0 40.0 1200.0 1 1 1
3979 280.0 40.0 1200.0 1 1 1
3980 360.0 40.0 1200.0 1 1 1
3981 440.0 40.0 1200.0 1 1 1
3982 520.0 40.0 1200.0 1 1 1
3983 600.0 40.0 1200.0 1 1 1
3984 -600.0 120.0 1200.0 1 1 1
3985 -520.0 120.0 1200.0 1 1 1
3986 -440.0 120.0 1200.0 1 1 1
3987 -360.0 120.0 1200.0 1 1 1
3988 -280.0 120.0 1200.0 1 1 1
3989 -200.0 120.0 1200.0 1 1 1
3990 -120.0 120.0 1200.0 1 1 1
3991 -40.0 120.0 1200.0 1 1 1
3992 40.0 120.0 1200.0 1 1 1
3993 120.0 120.0 1200.0 1 1 1
3994 200.0 120.0 1200.0 1 1 1
3995 280.0 120.0 1200.0 1 1 1
3996 360.0 120.0 1200.0 1 1 1
3997 440.0 120.0 1200.0 1 1 1
3998 520.0 120.0 1200.0 1 1 1
3999 600.0 120.0 1200.0 1 1 1
4000 -600.0 200.0 1200.0 1 1 1
4001 -520.0 200.0 1200.0 1 1 1
4002 -440.0 200.0 1200.0 1 1 1
4003 -360.0 200.0 1200.0 1 1 1
4004 -280.0 200.0 1200.0 1 1 1
4005 -200.0 200.0 1200.0 1 1 1
4006 -120.0 200.0 1200.0 1 1 1
4007 -40.0 200.0 1200.0 1 1 1
4008 40.0 200.0 1200.0 1 1 1
4009 120.0 200.0 1200.0 1 1 1
4010 200.0 200.0 1200.0 1 1 1
4011 280.0 200.0 1200.0 1 1 1
4012 360.0 200.0 1200.0 1 1 1
4013 440.0 200.0 1200.0 1 1 1
4014 520.0 200.0 1200.0 1 1 1
4015 600.0 200.0 1200.0 1 1 1
4016 -600.0 280.0 1200.0 1 1 1
4017 -520.0 280.0 1200.0 1 1 1
4018 -440.0 280.0 1200.0 1 1 1
4019 -360.0 280.0 1200.0 1 1 1
4020 -280.0 280.0 1200.0 1 1 1
4021 -200.0 280.0 1200.0 1 1 1
4022 -120.0 280.0 1200.0 1 1 1
4023 -40.0 280.0 1200.0 1 1 1
4024 40.0 280.0 1200.0 1 1 1
4025 120.0 280.0 1200.0 1 1 1
4026 200.0 280.0 1200.0 1 1 1
4027 280.0 280.0 1200.0 1 1 1
4028 360.0 280.0 1200.0 1 1 1
4029 440.0 280.0 1200.0 1 1 1
4030 520.0 280.0 1200.0 1 1 1
4031 600.0 280.0 1200.0 1 1 1
4032 -600.0 360.0 1200.0 1 1 1
4033 -520.0 360.0 1200.0 1 1 1
4034 -440.0 360.0 1200.0 1 1 1
4035 -360.0 360.0 1200.0 1 1 1
4036 -280.0 360.0 1200.0 1 1 1
4037 -200.0 360.0 1200.0 1 1 1
4038 -120.0 360.0 1200.0 1 1 1
4039 -40.0 360.0 1200.0 1 1 1
4040 40.0 360.0 1200.0 1 1 1
4041 120.0 360.0 1200.0 1 1 1
4042 200.0 360.0 1200.0 1 1 1
4043 280.0 360.0 1200.0 1 1 1
4044 360.0 360.0 1200.0 1 1 1
4045 440.0 360.0 1200.0 1 1 1
4046 520.0 360.0 1200.0 1 1 1
4047 600.0 360.0 1200.0 1 1 1
4048 -600.0 440.0 1200.0 1 1 1
4049 -520.0 440.0 1200.0 1 1 1
4050 -440.0 440.0 1200.0 1 1 1
4051 -360.0 440.0 1200.0 1 1 1
4052 -280.0 440.0 1200.0 1 1 1
4053 -200.0 440.0 1200.0 1 1 1
4054 -120.0 440.0 1200.0 1 1 1
4055 -40.0 440.0 1200.0 1 1 1
4056 40.0 440.0 1200.0 1 1 1
4057 120.0 440.0 1200.0 1 1 1
4058 200.0 440.0 1200.0 1 1 1
4059 280.0 440.0 1200.0 1 1 1
4060 360.0 440.0 1200.0 1 1 1
4061 440.0 440.0 1200.0 1 1 1
4062 520.0 440.0 1200.0 1 1 1
4063 600.0 440.0 1200.0 1 1 1
4064 -600.0 520.0 1200.0 1 1 1
4065 -520.0 520.0 1200.0 1 1 1
4066 -440.0 520.0 1200.0 1 1 1
4067 -360.0 520.0 1200.0 1 1 1
4068 -280.0 520.0 1200.0 1 1 1
4069 -200.0 520.0 1200.0 1 1 1
4070 -120.0 520.0 1200.0 1 1 1
4071 -40.0 520.0 1200.0 1 1 1
4072 40.0 520.0 1200.0 1 1 1
4073 120.0 520.0 1200.0 1 1 1
4074 200.0 520.0 1200.0 1 1 1
4075 280.0 520.0 1200.0 1 1 1
4076 360.0 520.0 1200.0 1 1 1
4077 440.0 520.0 1200.0 1 1 1
4078 520.0 520.0 1200.0 1 1 1
4079 600.0 520.0 1200.0 1 1 1
4080 -600.0 600.0 1200.0 1 1 1
4081 -520.0 600.0 1200.0 1 1 1
4082 -440.0 600.0 1200.0 1 1 1
4083 -360.0 600.0 1200.0 1 1 1
4084 -280.0 600.0 1200.0 1 1 1
4085 -200.0 600.0 1200.0 1 1 1
4086 -120.0 600.0 1200.0 1 1 1
4087 -40.0 600.0 1200.0 1 1 1
4088 40.0 600.0 1200.0 1 1 1
4089 120.0 600.0 1200.0 1 1 1
4090 200.0 600.0 1200.0 1 1 1
4091 280.0 600.0 1200.0 1 1 1
4092 360.0 600.0 1200.0 1 1 1
4093 440.0 600.0 1200.0 1 1 1
4094 520.0 600.0 1200.0 1 1 1
4095 600.0 600.0 1200.0 1 1 1
0 3d8solid 0 0 1 17 16 256 257 273 272
1 3d8solid 0 1 2 18 17 257 258 274 273
2 3d8solid 0 2 3 19 18 258 259 275 274
3 3d8solid 0 3 4 20 19 259 260 276 275
4 3d8solid 0 4 5 21 20 260 261 277 276
5 3d8solid 0 5 6 22 21 261 262 278 277
6 3d8solid 0 6 7 23 22 262 263 279 278
7 3d8solid 0 7 8 24 23 263 264 280 279
8 3d8solid 0 8 9 25 24 264 265 281 280
9 3d8solid 0 9 10 26 25 265 266 282 281
10 3d8solid 0 10 11 27 26 266 267 283 282
11 3d8solid 0 11 12 28 27 267 268 284 283
12 3d8solid 0 12 13 29 28 268 269 285 284
13 3d8solid 0 13 14 30 29 269 270 286 285
14 3d8solid 0 14 15 31 30 270 271 287 286
15 3d8solid 0 16 17 33 32 272 273 289 288
16 3d8solid 0 17 18 34 33 273 274 290 289
17 3d8solid 0 18 19 35 34 274 275 291 290
18 3d8solid 0 19 20 36 35 275 276 292 291
19 3d8solid 0 20 21 37 36 276 277 293 292
20 3d8solid 0 21 22 38 37 277 278 294 293
21 3d8solid 0 22 23 39 38 278 279 295 294
22 3d8solid 0 23 24 40 39 279 280 296 295
23 3d8solid 0 24 25 41 40 280 281 297 296
24 3d8solid 0 25 26 42 41 281 282 298 297
25 3d8solid 0 26 27 43 42 282 283 299 298
26 3d8solid 0 27 28 44 43 283 284 300 299
27 3d8solid 0 28 29 45 44 284 285 301 300
28 3d8solid 0 29 30 46 45 285 286 302 301
29 3d8solid 0 30 31 47 46 286 287 303 302
30 3d8solid 0 32 33 49 48 288 289 305 304
31 3d8solid 0 33 34 50 49 289 290 306 305
32 3d8solid 0 34 35 51 50 290 291 307 306
33 3d8solid 0 35 36 52 51 291 292 308 307
34 3d8solid 0 36 37 53 52 292 293 309 308
35 3d8solid 0 37 38 54 53 293 294 310 309
36 3d8solid 0 38 39 55 54 294 295 311 310
37 3d8solid 0 39 40 56 55 295 296 312 311
38 3d8solid 0 40 41 57 56 296 297 313 312
39 3d8solid 0 41 42 58 57 297 298 314 313
40 3d8solid 0 42 43 59 58 298 299 315 314
41 3d8solid 0 43 44 60 59 299 300 316 315
42 3d8solid 0 44 45 61 60 300 301 317 316
43 3d8solid 0 45 46 62 61 301 302 318 317
44 3d8solid 0 46 47 63 62 302 303 319 318
45 3d8solid 0 48 49 65 64 304 305 321 320
46 3d8solid 0 49 50 66 65 305 306 322 321
47 3d8solid 0 50 51 67 66 306 307 323 322
48 3d8solid 0 51 52 68 67 307 308 324 323
49 3d8solid 0 52 53 69 68 308 309 325 324
50 3d8solid 0 53 54 70 69 309 310 326 325
51 3d8solid 0 54 55 71 70 310 311 327 326
52 3d8solid 0 55 56 72 71 311 312 328 327
53 3d8solid 0 56 57 73 72 312 313 329 328
54 3d8solid 0 57 58 74 73 313 314 330 329
55 3d8solid 0 58 59 75 74 314 315 331 330
56 3d8solid 0 59 60 76 75 315 316 332 331
57 3d8solid 0 60 61 77 76 316 317 333 332
58 3d8solid 0 61 62 78 77 317 318 334 333
59 3d8solid 0 62 63 79 78 318 319 335 334
60 3d8solid 0 64 65 81 80 320 321 337 336
61 3d8solid 0 65 66 82 81 321 322 338 337
62 3d8solid 0 66 67 83 82 322 323 339 338
63 3d8solid 0 67 68 84 83 323 324 340 339
64 3d8solid 0 68 69 85 84 324 325 341 340
65 3d8solid 0 69 70 86 85 325 326 342 341
66 3d8solid 0 70 71 87 86 326 327 343 342
67 3d8solid 0 71 72 88 87 327 328 344 343
68 3d8solid 0 72 73 89 88 328 329 345 344
69 3d8solid 0 73 74 90 89 329 330 346 345
70 3d8solid 0 74 75 91 90 330 331 347 346
71 3d8solid 0 75 76 92 91 331 332 348 347
72 3d8solid 0 76 77 93 92 332 333 349 348
73 3d8solid 0 77 78 94 93 333 334 350 349
74 3d8solid 0 78 79 95 94 334 335 351 350
75 3d8solid 0 80 81 97 96 336 337 353 352
76 3d8solid 0 81 82 98 97 337 338 354 353
77 3d8solid 0 82 83 99 98 338 339 355 354
78 3d8solid 0 83 84 100 99 339 340 356 355
79 3d8solid 0 84 85 101 100 340 341 357 356
80 3d8solid 0 85 86 102 101 341 342 358 357
81 3d8solid 0 86 87 103 102 342 343 359 358
82 3d8solid 0 87 88 104 103 343 344 360 359
83 3d8solid 0 88 89 105 104 344 345 361 360
84 3d8solid 0 89 90 106 105 345 346 362 361
85 3d8solid 0 90 91 107 106 346 347 363 362
86 3d8solid 0 91 92 108 107 347 348 364 363
87 3d8solid 0 92 93 109 108 348 349 365 364
88 3d8solid 0 93 94 110 109 349 350 366 365
89 3d8solid 0 94 95 111 110 350 351 367 366
90 3d8solid 0 96 97 113 112 352 353 369 368
91 3d8solid 0 97 98 114 113 353 354 370 369
92 3d8solid 0 98 99 115 114 354 355 371 370
93 3d8solid 0 99 100 116 115 355 356 372 371
94 3d8solid 0 100 101 117 116 356 357 373 372
95 3d8solid 0 101 102 118 117 357 358 374 373
96 3d8solid 0 102 103 119 118 358 359 375 374
97 3d8solid 0 103 104 120 119 359 360 376 375
98 3d8solid 0 104 105 121 120 360 361 377 376
99 3d8solid 0 105 106 122 121 361 362 378 377
100 3d8solid 0 106 107 123 122 362 363 379 378
101 3d8solid 0 107 108 124 123 363 364 380 379
102 3d8solid 0 108 109 125 124 364 365 381 380
103 3d8solid 0 109 110 126 125 365 366 382 381
104 3d8solid 0 110 111 127 126 366 367 383 382
105 3d8solid 0 112 113 129 128 368 369 385 384
106 3d8solid 0 113 114 130 129 369 370 386 385
107 3d8solid 0 114 115 131 130 370 371 387 386
108 3d8solid 0 115 116 132 131 371 372 388 387
109 3d8solid 0 116 117 133 132 372 373 389 388
110 3d8solid 0 117 118 134 133 373 374 390 389
111 3d8solid 0 118 119 135 134 374 375 391 390
112 3d8solid 0 119 120 136 135 375 376 392 391
113 3d8solid 0 120 121 137 136 376 377 393 392
114 3d8solid 0 121 122 138 137 377 378 394 393
115 3d8solid 0 122 123 139 138 378 379 395 394
116 3d8solid 0 123 124 140 139 379 380 396 395
117 3d8solid 0 124 125 141 140 380 381 397 396
118 3d8solid 0 125 126 142 141 381 382 398 397
119 3d8solid 0 126 127 143 142 382 383 399 398
120 3d8solid 0 128 129 145 144 384 385 401 400
121 3d8solid 0 129 130 146 145 385 386 402 401
122 3d8solid 0 130 131 147 146 386 387 403 402
123 3d8solid 0 131 132 148 147 387 388 404 403
124 3d8solid 0 132 133 149 148 388 389 405 404
125 3d8solid 0 133 134 150 149 389 390 406 405
126 3d8solid 0 134 135 151 150 390 391 407 406
127 3d8solid 0 135 136 152 151 391 392 408 407
128 3d8solid 0 136 137 153 152 392 393 409 408
129 3d8solid 0 137 138 154 153 393 394 410 409
130 3d8solid 0 138 139 155 154 394 395 411 410
131 3d8solid 0 139 140 156 155 395 396 412 411
132 3d8solid 0 140 141 157 156 396 397 413 412
133 3d8solid 0 141 142 158 157 397 398 414 413
134 3d8solid 0 142 143 159 158 398 399 415 414
135 3d8solid 0 144 145 161 160 400 401 417 416
136 3d8solid 0 145 146 162 161 401 402 418 417
137 3d8solid 0 146 147 163 162 402 403 419 418
138 3d8solid 0 147 148 164 163 403 404 420 419
139 3d8solid 0 148 149 165 164 404 405 421 420
140 3d8solid 0 149 150 166 165 405 406 422 421
141 3d8solid 0 150 151 167 166 406 407 423 422
142 3d8solid 0 151 152 168 167 407 408 424 423
143 3d8solid 0 152 153 169 168 408 409 425 424
144 3d8solid 0 153 154 170 169 409 410 426 425
145 3d8solid 0 154 155 171 170 410 411 427 426
146 3d8solid 0 155 156 172 171 411 412 428 427
147 3d8solid 0 156 157 173 172 412 413 429 428
148 3d8solid 0 157 158 174 173 413 414 430 429
149 3d8solid 0 158 159 175 174 414 415 431 430
150 3d8solid 0 160 161 177 176 416 417 433 432
151 3d8solid 0 161 162 178 177 417 418 434 433
152 3d8solid 0 162 163 179 178 418 419 435 434
153 3d8solid 0 163 164 180 179 419 420 436 435
154 3d8solid 0 164 165 181 180 420 421 437 436
155 3d8solid 0 165 166 182 181 421 422 438 437
156 3d8solid 0 166 167 183 182 422 423 439 438
157 3d8solid 0 167 168 184 183 423 424 440 439
158 3d8solid 0 168 169 185 184 424 425 441 440
159 3d8solid 0 169 170 186 185 425 426 442 441
160 3d8solid 0 170 171 187 186 426 427 443 442
161 3d8solid 0 171 172 188 187 427 428 444 443
162 3d8solid 0 172 173 189 188 428 429 445 444
163 3d8solid 0 173 174 190 189 429 430 446 445
164 3d8solid 0 174 175 191 190 430 431 447 446
165 3d8solid 0 176 177 193 192 432 433 449 448
166 3d8solid 0 177 178 194 193 433 434 450 449
167 3d8solid 0 178 179 195 194 434 435 451 450
168 3d8solid 0 179 180 196 195 435 436 452 451
169 3d8solid 0 180 181 197 196 436 437 453 452
170 3d8solid 0 181 182 198 197 437 438 454 453
171 3d8solid 0 182 183 199 198 438 439 455 454
172 3d8solid 0 183 184 200 199 439 440 456 455
173 3d8solid 0 184 185 201 200 440 441 457 456
174 3d8solid 0 185 186 202 201 441 442 458 457
175 3d8solid 0 186 187 203 202 442 443 459 458
176 3d8solid 0 187 188 204 203 443 444 460 459
177 3d8solid 0 188 189 205 204 444 445 461 460
178 3d8solid 0 189 190 206 205 445 446 462 461
179 3d8solid 0 190 191 207 206 446 447 463 462
180 3d8solid 0 192 193 209 208 448 449 465 464
181 3d8solid 0 193 194 210 209 449 450 466 465
182 3d8solid 0 194 195 211 210 450 451 467 466
183 3d8solid 0 195 196 212 211 451 452 468 467
184 3d8solid 0 196 197 213 212 452 453 469 468
185 3d8solid 0 197 198 214 213 453 454 470 469
186 3d8solid 0 198 199 215 214 454 455 471 470
187 3d8solid 0 199 200 216 215 455 456 472 471
188 3d8solid 0 200 201 217 216 456 457 473 472
189 3d8solid 0 201 202 218 217 457 458 474 473
190 3d8solid 0 202 203 219 218 458 459 475 474
191 3d8solid 0 203 204 220 219 459 460 476 475
192 3d8solid 0 204 205 221 220 460 461 477 476
193 3d8solid 0 205 206 222 221 461 462 478 477
194 3d8solid 0 206 207 223 222 462 463 479 478
195 3d8solid 0 208 209 225 224 464 465 481 480
196 3d8solid 0 209 210 226 225 465 466 482 481
197 3d8solid 0 210 211 227 226 466 467 483 482
198 3d8solid 0 211 212 228 227 467 468 484 483
199 3d8solid 0 212 213 229 228 468 469 485 484
200 3d8solid 0 213 214 230 229 469 470 486 485
201 3d8solid 0 214 215 231 230 470 471 487 486
202 3d8solid 0 215 216 232 231 471 472 488 487
203 3d8solid 0 216 217 233 232 472 473 489 488
204 3d8solid 0 217 218 234 233 473 474 490 489
205 3d8solid 0 218 219 235 234 474 475 491 490
206 3d8solid 0 219 220 236 235 475 476 492 491
207 3d8solid 0 220 221 237 236 476 477 493 492
208 3d8solid 0 221 222 238 237 477 478 494 493
209 3d8solid 0 222 223 239 238 478 479 495 494
210 3d8solid 0 224 225 241 240 480 481 497 496
211 3d8solid 0 225 226 242 241 481 482 498 497
212 3d8solid 0 226 227 243 242 482 483 499 498
213 3d8solid 0 227 228 244 243 483 484 500 499
214 3d8solid 0 228 229 245 244 484 485 501 500
215 3d8solid 0 229 230 246 245 485 486 502 501
216 3d8solid 0 230 231 247 246 486 487 503 502
217 3d8solid 0 231 232 248 247 487 488 504 503
218 3d8solid 0 232 233 249 248 488 489 505 504
219 3d8solid 0 233 234 250 249 489 490 506 505
220 3d8solid 0 234 235 251 250 490 491 507 506
221 3d8solid 0 235 236 252 251 491 492 508 507
222 3d8solid 0 236 237 253 252 492 493 509 508
223 3d8solid 0 237 238 254 253 493 494 510 509
224 3d8solid 0 238 239 255 254 494 495 511 510
225 3d8solid 0 256 257 273 272 512 513 529 528
226 3d8solid 0 257 258 274 273 513 514 530 529
227 3d8solid 0 258 259 275 274 514 515 531 530
228 3d8solid 0 259 260 276 275 515 516 532 531
229 3d8solid 0 260 261 277 276 516 517 533 532
230 3d8solid 0 261 262 278 277 517 518 534 533
231 3d8solid 0 262 263 279 278 518 519 535 534
232 3d8solid 0 263 264 280 279 519 520 536 535
233 3d8solid 0 264 265 281 280 520 521 537 536
234 3d8solid 0 265 266 282 281 521 522 538 537
235 3d8solid 0 266 267 283 282 522 523 539 538
236 3d8solid 0 267 268 284 283 523 524 540 539
237 3d8solid 0 268 269 285 284 524 525 541 540
238 3d8solid 0 269 270 286 285 525 526 542 541
239 3d8solid 0 270 271 287 286 526 527 543 542
240 3d8solid 0 272 273 289 288 528 529 545 544
241 3d8solid 0 273 274 290 289 529 530 546 545
242 3d8solid 0 274 275 291 290 530 531 547 546
243 3d8solid 0 275 276 292 291 531 532 548 547
244 3d8solid 0 276 277 293 292 532 533 549 548
245 3d8solid 0 277 278 294 293 533 534 550 549
246 3d8solid 0 278 279 295 294 534 535 551 550
247 3d8solid 0 279 280 296 295 535 536 552 551
248 3d8solid 0 280 281 297 296 536 537 553 552
249 3d8solid 0 281 282 298 297 537 538 554 553
250 3d8solid 0 282 283 299 298 538 539 555 554
251 3d8solid 0 283 284 300 299 539 540 556 555
252 3d8solid 0 284 285 301 300 540 541 557 556
253 3d8solid 0 285 286 302 301 541 542 558 557
254 3d8solid 0 286 287 303 302 542 543 559 558
255 3d8solid 0 288 289 305 304 544 545 561 560
256 3d8solid 0 289 290 306 305 545 546 562 561
257 3d8solid 0 290 291 307 306 546 547 563 562
258 3d8solid 0 291 292 308 307 547 548 564 563
259 3d8solid 0 292 293 309 308 548 549 565 564
260 3d8solid 0 293 294 310 309 549 550 566 565
261 3d8solid 0 294 295 311 310 550 551 567 566
262 3d8solid 0 295 296 312 311 551 552 568 567
263 3d8solid 0 296 297 313 312 552 553 569 568
264 3d8solid 0 297 298 314 313 553 554 570 569
265 3d8solid 0 298 299 315 314 554 555 571 570
266 3d8solid 0 299 300 316 315 555 556 572 571
267 3d8solid 0 300 301 317 316 556 557 573 572
268 3d8solid 0 301 302 318 317 557 558 574 573
269 3d8solid 0 302 303 319 318 558 559 575 574
270 3d8solid 0 304 305 321 320 560 561 577 576
271 3d8solid 0 305 306 322 321 561 562 578 577
272 3d8solid 0 306 307 323 322 562 563 579 578
273 3d8solid 0 307 308 324 323 563 564 580 579
274 3d8solid 0 308 309 325 324 564 565 581 580
275 3d8solid 0 309 310 326 325 565 566 582 581
276 3d8solid 0 310 311 327 326 566 567 583 582
277 3d8solid 0 311 312 328 327 567 568 584 583
278 3d8solid 0 312 313 329 328 568 569 585 584
279 3d8solid 0 313 314 330 329 569 570 586 585
280 3d8solid 0 314 315 331 330 570 571 587 586
281 3d8solid 0 315 316 332 331 571 572 588 587
282 3d8solid 0 316 317 333 332 572 573 589 588
283 3d8solid 0 317 318 334 333 573 574 590 589
284 3d8solid 0 318 319 335 334 574 575 591 590
285 3d8solid 0 320 321 337 336 576 577 593 592
286 3d8solid 0 321 322 338 337 577 578 594 593
287 3d8solid 0 322 323 339 338 578 579 595 594
288 3d8solid 0 323 324 340 339 579 580 596 595
289 3d8solid 0 324 325 341 340 580 581 597 596
290 3d8solid 0 325 326 342 341 581 582 598 597
291 3d8solid 0 326 327 343 342 582 583 599 598
292 3d8solid 0 327 328 344 343 583 584 600 599
293 3d8solid 0 328 329 345 344 584 585 601 600
294 3d8solid 0 329 330 346 345 585 586 602 601
295 3d8solid 0 330 331 347 346 586 587 603 602
296 3d8solid 0 331 332 348 347 587 588 604 603
297 3d8solid 0 332 333 349 348 588 589 605 604
298 3d8solid 0 333 334 350 349 589 590 606 605
299 3d8solid 0 334 335 351 350 590 591 607 606
300 3d8solid 0 336 337 353 352 592 593 609 608
301 3d8solid 0 337 338 354 353 593 594 610 609
302 3d8solid 0 338 339 355 354 594 595 611 610
303 3d8solid 0 339 340 356 355 595 596 612 611
304 3d8solid 0 340 341 357 356 596 597 613 612
305 3d8solid 0 341 342 358 357 597 598 614 613
306 3d8solid 0 342 343 359 358 598 599 615 614
307 3d8solid 0 343 344 360 359 599 600 616 615
308 3d8solid 0 344 345 361 360 600 601 617 616
309 3d8solid 0 345 346 362 361 601 602 618 617
310 3d8solid 0 346 347 363 362 602 603 619 618
311 3d8solid 0 347 348 364 363 603 604 620 619
312 3d8solid 0 348 349 365 364 604 605 621 620
313 3d8solid 0 349 350 366 365 605 606 622 621
314 3d8solid 0 350 351 367 366 606 607 623 622
315 3d8solid 0 352 353 369 368 608 609 625 624
316 3d8solid 0 353 354 370 369 609 610 626 625
317 3d8solid 0 354 355 371 370 610 611 627 626
318 3d8solid 0 355 356 372 371 611 612 628 627
319 3d8solid 0 356 357 373 372 612 613 629 628
320 3d8solid 0 357 358 374 373 613 614 630 629
321 3d8solid 0 358 359 375 374 614 615 631 630
322 3d8solid 0 359 360 376 375 615 616 632 631
323 3d8solid 0 360 361 377 376 616 617 633 632
324 3d8solid 0 361 362 378 377 617 618 634 633
325 3d8solid 0 362 363 379 378 618 619 635 634
326 3d8solid 0 363 364 380 379 619 620 636 635
327 3d8solid 0 364 365 381 380 620 621 637 636
328 3d8solid 0 365 366 382 381 621 622 638 637
329 3d8solid 0 366 367 383 382 622 623 639 638
330 3d8solid 0 368 369 385 384 624 625 641 640
331 3d8solid 0 369 370 386 385 625 626 642 641
332 3d8solid 0 370 371 387 386 626 627 643 642
333 3d8solid 0 371 372 388 387 627 628 644 643
334 3d8solid 0 372 373 389 388 628 629 645 644
335 3d8solid 0 373 374 390 389 629 630 646 645
336 3d8solid 0 374 375 391 390 630 631 647 646
337 3d8solid 0 375 376 392 391 631 632 648 647
338 3d8solid 0 376 377 393 392 632 633 649 648
339 3d8solid 0 377 378 394 393 633 634 650 649
340 3d8solid 0 378 379 395 394 634 635 651 650
341 3d8solid 0 379 380 396 395 635 636 652 651
342 3d8solid 0 380 381 397 396 636 637 653 652
343 3d8solid 0 381 382 398 397 637 638 654 653
344 3d8solid 0 382 383 399 398 638 639 655 654
345 3d8solid 0 384 385 401 400 640 641 657 656
346 3d8solid 0 385 386 402 401 641 642 658 657
347 3d8solid 0 386 387 403 402 642 643 659 658
348 3d8solid 0 387 388 404 403 643 644 660 659
349 3d8solid 0 388 389 405 404 644 645 661 660
350 3d8solid 0 389 390 406 405 645 646 662 661
351 3d8solid 0 390 391 407 406 646 647 663 662
352 3d8solid 0 391 392 408 407 647 648 664 663
353 3d8solid 0 392 393 409 408 648 649 665 664
354 3d8solid 0 393 394 410 409 649 650 666 665
355 3d8solid 0 394 395 411 410 650 651 667 666
356 3d8solid 0 395 396 412 411 651 652 668 667
357 3d8solid 0 396 397 413 412 652 653 669 668
358 3d8solid 0 397 398 414 413 653 654 670 669
359 3d8solid 0 398 399 415 414 654 655 671 670
360 3d8solid 0 400 401 417 416 656 657 673 672
361 3d8solid 0 401 402 418 417 657 658 674 673
362 3d8solid 0 402 403 419 418 658 659 675 674
363 3d8solid 0 403 404 420 419 659 660 676 675
364 3d8solid 0 404 405 421 420 660 661 677 676
365 3d8solid 0 405 406 422 421 661 662 678 677
366 3d8solid 0 406 407 423 422 662 663 679 678
367 3d8solid 0 407 408 424 423 663 664 680 679
368 3d8solid 0 408 409 425 424 664 665 681 680
369 3d8solid 0 409 410 426 425 665 666 682 681
370 3d8solid 0 410 411 427 426 666 667 683 682
371 3d8solid 0 411 412 428 427 667 668 684 683
372 3d8solid 0 412 413 429 428 668 669 685 684
373 3d8solid 0 413 414 430 429 669 670 686 685
374 3d8solid 0 414 415 431 430 670 671 687 686
375 3d8solid 0 416 417 433 432 672 673 689 688
376 3d8solid 0 417 418 434 433 673 674 690 689
377 3d8solid 0 418 419 435 434 674 675 691 690
378 3d8solid 0 419 420 436 435 675 676 692 691
379 3d8solid 0 420 421 437 436 676 677 693 692
380 3d8solid 0 421 422 438 437 677 678 694 693
381 3d8solid 0 422 423 439 438 678 679 695 694
382 3d8solid 0 423 424 440 439 679 680 696 695
383 3d8solid 0 424 425 441 440 680 681 697 696
384 3d8solid 0 425 426 442 441 681 682 698 697
385 3d8solid 0 426 427 443 442 682 683 699 698
386 3d8solid 0 427 428 444 443 683 684 700 699
387 3d8solid 0 428 429 445 444 684 685 701 700
388 3d8solid 0 429 430 446 445 685 686 702 701
389 3d8solid 0 430 431 447 446 686 687 703 702
390 3d8solid 0 432 433 449 448 688 689 705 704
391 3d8solid 0 433 434 450 449 689 690 706 705
392 3d8solid 0 434 435 451 450 690 691 707 706
393 3d8solid 0 435 436 452 451 691 692 708 707
394 3d8solid 0 436 437 453 452 692 693 709 708
395 3d8solid 0 437 438 454 453 693 694 710 709
396 3d8solid 0 438 439 455 454 694 695 711 710
397 3d8solid 0 439 440 456 455 695 696 712 711
398 3d8solid 0 440 441 457 456 696 697 713 712
399 3d8solid 0 441 442 458 457 697 698 714 713
400 3d8solid 0 442 443 459 458 698 699 715 714
401 3d8solid 0 443 444 460 459 699 700 716 715
402 3d8solid 0 444 445 461 460 700 701 717 716
403 3d8solid 0 445 446 462 461 701 702 718 717
404 3d8solid 0 446 447 463 462 702 703 719 718
405 3d8solid 0 448 449 465 464 704 705 721 720
406 3d8solid 0 449 450 466 465 705 706 722 721
407 3d8solid 0 450 451 467 466 706 707 723 722
408 3d8solid 0 451 452 468 467 707 708 724 723
409 3d8solid 0 452 453 469 468 708 709 725 724
410 3d8solid 0 453 454 470 469 709 710 726 725
411 3d8solid 0 454 455 471 470 710 711 727 726
412 3d8solid 0 455 456 472 471 711 712 728 727
413 3d8solid 0 456 457 473 472 712 713 729 728
414 3d8solid 0 457 458 474 473 713 714 730 729
415 3d8solid 0 458 459 475 474 714 715 731 730
416 3d8solid 0 459 460 476 475 715 716 732 731
417 3d8solid 0 460 461 477 476 716 717 733 732
418 3d8solid 0 461 462 478 477 717 718 734 733
419 3d8solid 0 462 463 479 478 718 719 735 734
420 3d8solid 0 464 465 481 480 720 721 737 736
421 3d8solid 0 465 466 482 481 721 722 738 737
422 3d8solid 0 466 467 483 482 722 723 739 738
423 3d8solid 0 467 468 484 483 723 724 740 739
424 3d8solid 0 468 469 485 484 724 725 741 740
425 3d8solid 0 469 470 486 485 725 726 742 741
426 3d8solid 0 470 471 487 486 726 727 743 742
427 3d8solid 0 471 472 488 487 727 728 744 743
428 3d8solid 0 472 473 489 488 728 729 745 744
429 3d8solid 0 473 474 490 489 729 730 746 745
430 3d8solid 0 474 475 491 490 730 731 747 746
431 3d8solid 0 475 476 492 491 731 732 748 747
432 3d8solid 0 476 477 493 492 732 733 749 748
433 3d8solid 0 477 478 494 493 733 734 750 749
434 3d8solid 0 478 479 495 494 734 735 751 750
435 3d8solid 0 480 481 497 496 736 737 753 752
436 3d8solid 0 481 482 498 497 737 738 754 753
437 3d8solid 0 482 483 499 498 738 739 755 754
438 3d8solid 0 483 484 500 499 739 740 756 755
439 3d8solid 0 484 485 501 500 740 741 757 756
440 3d8solid 0 485 486 502 501 741 742 758 757
441 3d8solid 0 486 487 503 502 742 743 759 758
442 3d8solid 0 487 488 504 503 743 744 760 759
443 3d8solid 0 488 489 505 504 744 745 761 760
444 3d8solid 0 489 490 506 505 745 746 762 761
445 3d8solid 0 490 491 507 506 746 747 763 762
446 3d8solid 0 491 492 508 507 747 748 764 763
447 3d8solid 0 492 493 509 508 748 749 765 764
448 3d8solid 0 493 494 510 509 749 750 766 765
449 3d8solid 0 494 495 511 510 750 751 767 766
450 3d8solid 0 512 513 529 528 768 769 785 784
451 3d8solid 0 513 514 530 529 769 770 786 785
452 3d8solid 0 514 515 531 530 770 771 787 786
453 3d8solid 0 515 516 532 531 771 772 788 787
454 3d8solid 0 516 517 533 532 772 773 789 788
455 3d8solid 0 517 518 534 533 773 774 790 789
456 3d8solid 0 518 519 535 534 774 775 791 790
457 3d8solid 0 519 520 536 535 775 776 792 791
458 3d8solid 0 520 521 537 536 776 777 793 792
459 3d8solid 0 521 522 538 537 777 778 794 793
460 3d8solid 0 522 523 539 538 778 779 795 794
461 3d8solid 0 523 524 540 539 779 780 796 795
462 3d8solid 0 524 525 541 540 780 781 797 796
463 3d8solid 0 525 526 542 541 781 782 798 797
464 3d8solid 0 526 527 543 542 782 783 799 798
465 3d8solid 0 528 529 545 544 784 785 801 800
466 3d8solid 0 529 530 546 545 785 786 802 801
467 3d8solid 0 530 531 547 546 786 787 803 802
468 3d8solid 0 531 532 548 547 787 788 804 803
469 3d8solid 0 532 533 549 548 788 789 805 804
470 3d8solid 0 533 534 550 549 789 790 806 805
471 3d8solid 0 534 535 551 550 790 791 807 806
472 3d8solid 0 535 536 552 551 791 792 808 807
473 3d8solid 0 536 537 553 552 792 793 809 808
474 3d8solid 0 537 538 554 553 793 794 810 809
475 3d8solid 0 538 539 555 554 794 795 811 810
476 3d8solid 0 539 540 556 555 795 796 812 811
477 3d8solid 0 540 541 557 556 796 797 813 812
478 3d8solid 0 541 542 558 557 797 798 814 813
479 3d8solid 0 542 543 559 558 798 799 815 814
480 3d8solid 0 544 545 561 560 800 801 817 816
481 3d8solid 0 545 546 562 561 801 802 818 817
482 3d8solid 0 546 547 563 562 802 803 819 818
483 3d8solid 0 547 548 564 563 803 804 820 819
484 3d8solid 0 548 549 565 564 804 805 821 820
485 3d8solid 0 549 550 566 565 805 806 822 821
486 3d8solid 0 550 551 567 566 806 807 823 822
487 3d8solid 0 551 552 568 567 807 808 824 823
488 3d8solid 0 552 553 569 568 808 809 825 824
489 3d8solid 0 553 554 570 569 809 810 826 825
490 3d8solid 0 554 555 571 570 810 811 827 826
491 3d8solid 0 555 556 572 571 811 812 828 827
492 3d8solid 0 556 557 573 572 812 813 829 828
493 3d8solid 0 557 558 574 573 813 814 830 829
494 3d8solid 0 558 559 575 574 814 815 831 830
495 3d8solid 0 560 561 577 576 816 817 833 832
496 3d8solid 0 561 562 578 577 817 818 834 833
497 3d8solid 0 562 563 579 578 818 819 835 834
498 3d8solid 0 563 564 580 579 819 820 836 835
499 3d8solid 0 564 565 581 580 820 821 837 836
500 3d8solid 0 565 566 582 581 821 822 838 837
501 3d8solid 0 566 567 583 582 822 823 839 838
502 3d8solid 0 567 568 584 583 823 824 840 839
503 3d8solid 0 568 569 585 584 824 825 841 840
504 3d8solid 0 569 570 586 585 825 826 842 841
505 3d8solid 0 570 571 587 586 826 827 843 842
506 3d8solid 0 571 572 588 587 827 828 844 843
507 3d8solid 0 572 573 589 588 828 829 845 844
508 3d8solid 0 573 574 590 589 829 830 846 845
509 3d8solid 0 574 575 591 590 830 831 847 846
510 3d8solid 0 576 577 593 592 832 833 849 848
511 3d8solid 0 577 578 594 593 833 834 850 849
512 3d8solid 0 578 579 595 594 834 835 851 850
513 3d8solid 0 579 580 596 595 835 836 852 851
514 3d8solid 0 580 581 597 596 836 837 853 852
515 3d8solid 0 581 582 598 597 837 838 854 853
516 3d8solid 0 582 583 599 598 838 839 855 854
517 3d8solid 0 583 584 600 599 839 840 856 855
518 3d8solid 0 584 585 601 600 840 841 857 856
519 3d8solid 0 585 586 602 601 841 842 858 857
520 3d8solid 0 586 587 603 602 842 843 859 858
521 3d8solid 0 587 588 604 603 843 844 860 859
522 3d8solid 0 588 589 605 604 844 845 861 860
523 3d8solid 0 589 590 606 605 845 846 862 861
524 3d8solid 0 590 591 607 606 846 847 863 862
525 3d8solid 0 592 593 609 608 848 849 865 864
526 3d8solid 0 593 594 610 609 849 850 866 865
527 3d8solid 0 594 595 611 610 850 851 867 866
528 3d8solid 0 595 596 612 611 851 852 868 867
529 3d8solid 0 596 597 613 612 852 853 869 868
530 3d8solid 0 597 598 614 613 853 854 870 869
531 3d8solid 0 598 599 615 614 854 855 871 870
532 3d8solid 0 599 600 616 615 855 856 872 871
533 3d8solid 0 600 601 617 616 856 857 873 872
534 3d8solid 0 601 602 618 617 857 858 874 873
535 3d8solid 0 602 603 619 618 858 859 875 874
536 3d8solid 0 603 604 620 619 859 860 876 875
537 3d8solid 0 604 605 621 620 860 861 877 876
538 3d8solid 0 605 606 622 621 861 862 878 877
539 3d8solid 0 606 607 623 622 862 863 879 878
540 3d8solid 0 608 609 625 624 864 865 881 880
541 3d8solid 0 609 610 626 625 865 866 882 881
542 3d8solid 0 610 611 627 626 866 867 883 882
543 3d8solid 0 611 612 628 627 867 868 884 883
544 3d8solid 0 612 613 629 628 868 869 885 884
545 3d8solid 0 613 614 630 629 869 870 886 885
546 3d8solid 0 614 615 631 630 870 871 887 886
547 3d8solid 0 615 616 632 631 871 872 888 887
548 3d8solid 0 616 617 633 632 872 873 889 888
549 3d8solid 0 617 618 634 633 873 874 890 889
550 3d8solid 0 618 619 635 634 874 875 891 890
551 3d8solid 0 619 620 636 635 875 876 892 891
552 3d8solid 0 620 621 637 636 876 877 893 892
553 3d8solid 0 621 622 638 637 877 878 894 893
554 3d8solid 0 622 623 639 638 878 879 895 894
555 3d8solid 0 624 625 641 640 880 881 897 896
556 3d8solid 0 625 626 642 641 881 882 898 897
557 3d8solid 0 626 627 643 642 882 883 899 898
558 3d8solid 0 627 628 644 643 883 884 900 899
559 3d8solid 0 628 629 645 644 884 885 901 900
560 3d8solid 0 629 630 646 645 885 886 902 901
561 3d8solid 0 630 631 647 646 886 887 903 902
562 3d8solid 0 631 632 648 647 887 888 904 903
563 3d8solid 0 632 633 649 648 888 889 905 904
564 3d8solid 0 633 634 650 649 889 890 906 905
565 3d8solid 0 634 635 651 650 890 891 907 906
566 3d8solid 0 635 636 652 651 891 892 908 907
567 3d8solid 0 636 637 653 652 892 893 909 908
568 3d8solid 0 637 638 654 653 893 894 910 909
569 3d8solid 0 638 639 655 654 894 895 911 910
570 3d8solid 0 640 641 657 656 896 897 913 912
571 3d8solid 0 641 642 658 657 897 898 914 913
572 3d8solid 0 642 643 659 658 898 899 915 914
573 3d8solid 0 643 644 660 659 899 900 916 915
574 3d8solid 0 644 645 661 660 900 901 917 916
575 3d8solid 0 645 646 662 661 901 902 918 917
576 3d8solid 0 646 647 663 662 902 903 919 918
577 3d8solid 0 647 648 664 663 903 904 920 919
578 3d8solid 0 648 649 665 664 904 905 921 920
579 3d8solid 0 649 650 666 665 905 906 922 921
580 3d8solid 0 650 651 667 666 906 907 923 922
581 3d8solid 0 651 652 668 667 907 908 924 923
582 3d8solid 0 652 653 669 668 908 909 925 924
583 3d8solid 0 653 654 670 669 909 910 926 925
584 3d8solid 0 654 655 671 670 910 911 927 926
585 3d8solid 0 656 657 673 672 912 913 929 928
586 3d8solid 0 657 658 674 673 913 914 930 929
587 3d8solid 0 658 659 675 674 914 915 931 930
588 3d8solid 0 659 660 676 675 915 916 932 931
589 3d8solid 0 660 661 677 676 916 917 933 932
590 3d8solid 0 661 662 678 677 917 918 934 933
591 3d8solid 0 662 663 679 678 918 919 935 934
592 3d8solid 0 663 664 680 679 919 920 936 935
593 3d8solid 0 664 665 681 680 920 921 937 936
594 3d8solid 0 665 666 682 681 921 922 938 937
595 3d8solid 0 666 667 683 682 922 923 939 938
596 3d8solid 0 667 668 684 683 923 924 940 939
597 3d8solid 0 668 669 685 684 924 925 941 940
598 3d8solid 0 669 670 686 685 925 926 942 941
599 3d8solid 0 670 671 687 686 926 927 943 942
600 3d8solid 0 672 673 689 688 928 929 945 944
601 3d8solid 0 673 674 690 689 929 930 946 945
602 3d8solid 0 674 675 691 690 930 931 947 946
603 3d8solid 0 675 676 692 691 931 932 948 947
604 3d8solid 0 676 677 693 692 932 933 949 948
605 3d8solid 0 677 678 694 693 933 934 950 949
606 3d8solid 0 678 679 695 694 934 935 951 950
607 3d8solid 0 679 680 696 695 935 936 952 951
608 3d8solid 0 680 681 697 696 936 937 953 952
609 3d8solid 0 681 682 698 697 937 938 954 953
610 3d8solid 0 682 683 699 698 938 939 955 954
611 3d8solid 0 683 684 700 699 939 940 956 955
612 3d8solid 0 684 685 701 700 940 941 957 956
613 3d8solid 0 685 686 702 701 941 942 958 957
614 3d8solid 0 686 687 703 702 942 943 959 958
615 3d8solid 0 688 689 705 704 944 945 961 960
616 3d8solid 0 689 690 706 705 945 946 962 961
617 3d8solid 0 690 691 707 706 946 947 963 962
618 3d8solid 0 691 692 708 707 947 948 964 963
619 3d8solid 0 692 693 709 708 948 949 965 964
620 3d8solid 0 693 694 710 709 949 950 966 965
621 3d8solid 0 694 695 711 710 950 951 967 966
622 3d8solid 0 695 696 712 711 951 952 968 967
623 3d8solid 0 696 697 713 712 952 953 969 968
624 3d8solid 0 697 698 714 713 953 954 970 969
625 3d8solid 0 698 699 715 714 954 955 971 970
626 3d8solid 0 699 700 716 715 955 956 972 971
627 3d8solid 0 700 701 717 716 956 957 973 972
628 3d8solid 0 701 702 718 717 957 958 974 973
629 3d8solid 0 702 703 719 718 958 959 975 974
630 3d8solid 0 704 705 721 720 960 961 977 976
631 3d8solid 0 705 706 722 721 961 962 978 977
632 3d8solid 0 706 707 723 722 962 963 979 978
633 3d8solid 0 707 708 724 723 963 964 980 979
634 3d8solid 0 708 709 725 724 964 965 981 980
635 3d8solid 0 709 710 726 725 965 966 982 981
636 3d8solid 0 710 711 727 726 966 967 983 982
637 3d8solid 0 711 712 728 727 967 968 984 983
638 3d8solid 0 712 713 729 728 968 969 985 984
639 3d8solid 0 713 714 730 729 969 970 986 985
640 3d8solid 0 714 715 731 730 970 971 987 986
641 3d8solid 0 715 716 732 731 971 972 988 987
642 3d8solid 0 716 717 733 732 972 973 989 988
643 3d8solid 0 717 718 734 733 973 974 990 989
644 3d8solid 0 718 719 735 734 974 975 991 990
645 3d8solid 0 720 721 737 736 976 977 993 992
646 3d8solid 0 721 722 738 737 977 978 994 993
647 3d8solid 0 722 723 739 738 978 979 995 994
648 3d8solid 0 723 724 740 739 979 980 996 995
649 3d8solid 0 724 725 741 740 980 981 997 996
650 3d8solid 0 725 726 742 741 981 982 998 997
651 3d8solid 0 726 727 743 742 982 983 999 998
652 3d8solid 0 727 728 744 743 983 984 1000 999
653 3d8solid 0 728 729 745 744 984 985 1001 1000
654 3d8solid 0 729 730 746 745 985 986 1002 1001
655 3d8solid 0 730 731 747 746 986 987 1003 1002
656 3d8solid 0 731 732 748 747 987 988 1004 1003
657 3d8solid 0 732 733 749 748 988 989 1005 1004
658 3d8solid 0 733 734 750 749 989 990 1006 1005
659 3d8solid 0 734 735 751 750 990 991 1007 1006
660 3d8solid 0 736 737 753 752 992 993 1009 1008
661 3d8solid 0 737 738 754 753 993 994 1010 1009
662 3d8solid 0 738 739 755 754 994 995 1011 1010
663 3d8solid 0 739 740 756 755 995 996 1012 1011
664 3d8solid 0 740 741 757 756 996 997 1013 1012
665 3d8solid 0 741 742 758 757 997 998 1014 1013
666 3d8solid 0 742 743 759 758 998 999 1015 1014
667 3d8solid 0 743 744 760 759 999 1000 1016 1015
668 3d8solid 0 744 745 761 760 1000 1001 1017 1016
669 3d8solid 0 745 746 762 761 1001 1002 1018 1017
670 3d8solid 0 746 747 763 762 1002 1003 1019 1018
671 3d8solid 0 747 748 764 763 1003 1004 1020 1019
672 3d8solid 0 748 749 765 764 1004 1005 1021 1020
673 3d8solid 0 749 750 766 765 1005 1006 1022 1021
674 3d8solid 0 750 751 767 766 1006 1007 1023 1022
675 3d8solid 0 768 769 785 784 1024 1025 1041 1040
676 3d8solid 0 769 770 786 785 1025 1026 1042 1041
677 3d8solid 0 770 771 787 786 1026 1027 1043 1042
678 3d8solid 0 771 772 788 787 1027 1028 1044 1043
679 3d8solid 0 772 773 789 788 1028 1029 1045 1044
680 3d8solid 0 773 774 790 789 1029 1030 1046 1045
681 3d8solid 0 774 775 791 790 1030 1031 1047 1046
682 3d8solid 0 775 776 792 791 1031 1032 1048 1047
683 3d8solid 0 776 777 793 792 1032 1033 1049 1048
684 3d8solid 0 777 778 794 793 1033 1034 1050 1049
685 3d8solid 0 778 779 795 794 1034 1035 1051 1050
686 3d8solid 0 779 780 796 795 1035 1036 1052 1051
687 3d8solid 0 780 781 797 796 1036 1037 1053 1052
688 3d8solid 0 781 782 798 797 1037 1038 1054 1053
689 3d8solid 0 782 783 799 798 1038 1039 1055 1054
690 3d8solid 0 784 785 801 800 1040 1041 1057 1056
691 3d8solid 0 785 786 802 801 1041 1042 1058 1057
692 3d8solid 0 786 787 803 802 1042 1043 1059 1058
693 3d8solid 0 787 788 804 803 1043 1044 1060 1059
694 3d8solid 0 788 789 805 804 1044 1045 1061 1060
695 3d8solid 0 789 790 806 805 1045 1046 1062 1061
696 3d8solid 0 790 791 807 806 1046 1047 1063 1062
697 3d8solid 0 791 792 808 807 1047 1048 1064 1063
698 3d8solid 0 792 793 809 808 1048 1049 1065 1064
699 3d8solid 0 793 794 810 809 1049 1050 1066 1065
700 3d8solid 0 794 795 811 810 1050 1051 1067 1066
701 3d8solid 0 795 796 812 811 1051 1052 1068 1067
702 3d8solid 0 796 797 813 812 1052 1053 1069 1068
703 3d8solid 0 797 798 814 813 1053 1054 1070 1069
704 3d8solid 0 798 799 815 814 1054 1055 1071 1070
705 3d8solid 0 800 801 817 816 1056 1057 1073 1072
706 3d8solid 0 801 802 818 817 1057 1058 1074 1073
707 3d8solid 0 802 803 819 818 1058 1059 1075 1074
708 3d8solid 0 803 804 820 819 1059 1060 1076 1075
709 3d8solid 0 804 805 821 820 1060 1061 1077 1076
710 3d8solid 0 805 806 822 821 1061 1062 1078 1077
711 3d8solid 0 806 807 823 822 1062 1063 1079 1078
712 3d8solid 0 807 808 824 823 1063 1064 1080 1079
713 3d8solid 0 808 809 825 824 1064 1065 1081 1080
714 3d8solid 0 809 810 826 825 1065 1066 1082 1081
715 3d8solid 0 810 811 827 826 1066 1067 1083 1082
716 3d8solid 0 811 812 828 827 1067 1068 1084 1083
717 3d8solid 0 812 813 829 828 1068 1069 1085 1084
718 3d8solid 0 813 814 830 829 1069 1070 1086 1085
719 3d8solid 0 814 815 831 830 1070 1071 1087 1086
720 3d8solid 0 816 817 833 832 1072 1073 1089 1088
721 3d8solid 0 817 818 834 833 1073 1074 1090 1089
722 3d8solid 0 818 819 835 834 1074 1075 1091 1090
723 3d8solid 0 819 820 836 835 1075 1076 1092 1091
724 3d8solid 0 820 821 837 836 1076 1077 1093 1092
725 3d8solid 0 821 822 838 837 1077 1078 1094 1093
726 3d8solid 0 822 823 839 838 1078 1079 1095 1094
727 3d8solid 0 823 824 840 839 1079 1080 1096 1095
728 3d8solid 0 824 825 841 840 1080 1081 1097 1096
729 3d8solid 0 825 826 842 841 1081 1082 1098 1097
730 3d8solid 0 826 827 843 842 1082 1083 1099 1098
731 3d8solid 0 827 828 844 843 1083 1084 1100 1099
732 3d8solid 0 828 829 845 844 1084 1085 1101 1100
733 3d8solid 0 829 830 846 845 1085 1086 1102 1101
734 3d8solid 0 830 831 847 846 1086 1087 1103 1102
735 3d8solid 0 832 833 849 848 1088 1089 1105 1104
736 3d8solid 0 833 834 850 849 1089 1090 1106 1105
737 3d8solid 0 834 835 851 850 1090 1091 1107 1106
738 3d8solid 0 835 836 852 851 1091 1092 1108 1107
739 3d8solid 0 836 837 853 852 1092 1093 1109 1108
740 3d8solid 0 837 838 854 853 1093 1094 1110 1109
741 3d8solid 0 838 839 855 854 1094 1095 1111 1110
742 3d8solid 0 839 840 856 855 1095 1096 1112 1111
743 3d8solid 0 840 841 857 856 1096 1097 1113 1112
744 3d8solid 0 841 842 858 857 1097 1098 1114 1113
745 3d8solid 0 842 843 859 858 1098 1099 1115 1114
746 3d8solid 0 843 844 860 859 1099 1100 1116 1115
747 3d8solid 0 844 845 861 860 1100 1101 1117 1116
748 3d8solid 0 845 846 862 861 1101 1102 1118 1117
749 3d8solid 0 846 847 863 862 1102 1103 1119 1118
750 3d8solid 0 848 849 865 864 1104 1105 1121 1120
751 3d8solid 0 849 850 866 865 1105 1106 1122 1121
752 3d8solid 0 850 851 867 866 1106 1107 1123 1122
753 3d8solid 0 851 852 868 867 1107 1108 1124 1123
754 3d8solid 0 852 853 869 868 1108 1109 1125 1124
755 3d8solid 0 853 854 870 869 1109 1110 1126 1125
756 3d8solid 0 854 855 871 870 1110 1111 1127 1126
757 3d8solid 0 855 856 872 871 1111 1112 1128 1127
758 3d8solid 0 856 857 873 872 1112 1113 1129 1128
759 3d8solid 0 857 858 874 873 1113 1114 1130 1129
760 3d8solid 0 858 859 875 874 1114 1115 1131 1130
761 3d8solid 0 859 860 876 875 1115 1116 1132 1131
762 3d8solid 0 860 861 877 876 1116 1117 1133 1132
763 3d8solid 0 861 862 878 877 1117 1118 1134 1133
764 3d8solid 0 862 863 879 878 1118 1119 1135 1134
765 3d8solid 0 864 865 881 880 1120 1121 1137 1136
766 3d8solid 0 865 866 882 881 1121 1122 1138 1137
767 3d8solid 0 866 867 883 882 1122 1123 1139 1138
768 3d8solid 0 867 868 884 883 1123 1124 1140 1139
769 3d8solid 0 868 869 885 884 1124 1125 1141 1140
770 3d8solid 0 869 870 886 885 1125 1126 1142 1141
771 3d8solid 0 870 871 887 886 1126 1127 1143 1142
772 3d8solid 0 871 872 888 887 1127 1128 1144 1143
773 3d8solid 0 872 873 889 888 1128 1129 1145 1144
774 3d8solid 0 873 874 890 889 1129 1130 1146 1145
775 3d8solid 0 874 875 891 890 1130 1131 1147 1146
776 3d8solid 0 875 876 892 891 1131 1132 1148 1147
777 3d8solid 0 876 877 893 892 1132 1133 1149 1148
778 3d8solid 0 877 878 894 893 1133 1134 1150 1149
779 3d8solid 0 878 879 895 894 1134 1135 1151 1150
780 3d8solid 0 880 881 897 896 1136 1137 1153 1152
781 3d8solid 0 881 882 898 897 1137 1138 1154 1153
782 3d8solid 0 882 883 899 898 1138 1139 1155 1154
783 3d8solid 0 883 884 900 899 1139 1140 1156 1155
784 3d8solid 0 884 885 901 900 1140 1141 1157 1156
785 3d8solid 0 885 886 902 901 1141 1142 1158 1157
786 3d8solid 0 886 887 903 902 1142 1143 1159 1158
787 3d8solid 0 887 888 904 903 1143 1144 1160 1159
788 3d8solid 0 888 889 905 904 1144 1145 1161 1160
789 3d8solid 0 889 890 906 905 1145 1146 1162 1161
790 3d8solid 0 890 891 907 906 1146 1147 1163 1162
791 3d8solid 0 891 892 908 907 1147 1148 1164 1163
792 3d8solid 0 892 893 909 908 1148 1149 1165 1164
793 3d8solid 0 893 894 910 909 1149 1150 1166 1165
794 3d8solid 0 894 895 911 910 1150 1151 1167 1166
795 3d8solid 0 896 897 913 912 1152 1153 1169 1168
796 3d8solid 0 897 898 914 913 1153 1154 1170 1169
797 3d8solid 0 898 899 915 914 1154 1155 1171 1170
798 3d8solid 0 899 900 916 915 1155 1156 1172 1171
799 3d8solid 0 900 901 917 916 1156 1157 1173 1172
800 3d8solid 0 901 902 918 917 1157 1158 1174 1173
801 3d8solid 0 902 903 919 918 1158 1159 1175 1174
802 3d8solid 0 903 904 920 919 1159 1160 1176 1175
803 3d8solid 0 904 905 921 920 1160 1161 1177 1176
804 3d8solid 0 905 906 922 921 1161 1162 1178 1177
805 3d8solid 0 906 907 923 922 1162 1163 1179 1178
806 3d8solid 0 907 908 924 923 1163 1164 1180 1179
807 3d8solid 0 908 909 925 924 1164 1165 1181 1180
808 3d8solid 0 909 910 926 925 1165 1166 1182 1181
809 3d8solid 0 910 911 927 926 1166 1167 1183 1182
810 3d8solid 0 912 913 929 928 1168 1169 1185 1184
811 3d8solid 0 913 914 930 929 1169 1170 1186 1185
812 3d8solid 0 914 915 931 930 1170 1171 1187 1186
813 3d8solid 0 915 916 932 931 1171 1172 1188 1187
814 3d8solid 0 916 917 933 932 1172 1173 1189 1188
815 3d8solid 0 917 918 934 933 1173 1174 1190 1189
816 3d8solid 0 918 919 935 934 1174 1175 1191 1190
817 3d8solid 0 919 920 936 935 1175 1176 1192 1191
818 3d8solid 0 920 921 937 936 1176 1177 1193 1192
819 3d8solid 0 921 922 938 937 1177 1178 1194 1193
820 3d8solid 0 922 923 939 938 1178 1179 1195 1194
821 3d8solid 0 923 924 940 939 1179 1180 1196 1195
822 3d8solid 0 924 925 941 940 1180 1181 1197 1196
823 3d8solid 0 925 926 942 941 1181 1182 1198 1197
824 3d8solid 0 926 927 943 942 1182 1183 1199 1198
825 3d8solid 0 928 929 945 944 1184 1185 1201 1200
826 3d8solid 0 929 930 946 945 1185 1186 1202 1201
827 3d8solid 0 930 931 947 946 1186 1187 1203 1202
828 3d8solid 0 931 932 948 947 1187 1188 1204 1203
829 3d8solid 0 932 933 949 948 1188 1189 1205 1204
830 3d8solid 0 933 934 950 949 1189 1190 1206 1205
831 3d8solid 0 934 935 951 950 1190 1191 1207 1206
832 3d8solid 0 935 936 952 951 1191 1192 1208 1207
833 3d8solid 0 936 937 953 952 1192 1193 1209 1208
834 3d8solid 0 937 938 954 953 1193 1194 1210 1209
835 3d8solid 0 938 939 955 954 1194 1195 1211 1210
836 3d8solid 0 939 940 956 955 1195 1196 1212 1211
837 3d8solid 0 940 941 957 956 1196 1197 1213 1212
838 3d8solid 0 941 942 958 957 1197 1198 1214 1213
839 3d8solid 0 942 943 959 958 1198 1199 1215 1214
840 3d8solid 0 944 945 961 960 1200 1201 1217 1216
841 3d8solid 0 945 946 962 961 1201 1202 1218 1217
842 3d8solid 0 946 947 963 962 1202 1203 1219 1218
843 3d8solid 0 947 948 964 963 1203 1204 1220 1219
844 3d8solid 0 948 949 965 964 1204 1205 1221 1220
845 3d8solid 0 949 950 966 965 1205 1206 1222 1221
846 3d8solid 0 950 951 967 966 1206 1207 1223 1222
847 3d8solid 0 951 952 968 967 1207 1208 1224 1223
848 3d8solid 0 952 953 969 968 1208 1209 1225 1224
849 3d8solid 0 953 954 970 969 1209 1210 1226 1225
850 3d8solid 0 954 955 971 970 1210 1211 1227 1226
851 3d8solid 0 955 956 972 971 1211 1212 1228 1227
852 3d8solid 0 956 957 973 972 1212 1213 1229 1228
853 3d8solid 0 957 958 974 973 1213 1214 1230 1229
854 3d8solid 0 958 959 975 974 1214 1215 1231 1230
855 3d8solid 0 960 961 977 976 1216 1217 1233 1232
856 3d8solid 0 961 962 978 977 1217 1218 1234 1233
857 3d8solid 0 962 963 979 978 1218 1219 1235 1234
858 3d8solid 0 963 964 980 979 1219 1220 1236 1235
859 3d8solid 0 964 965 981 980 1220 1221 1237 1236
860 3d8solid 0 965 966 982 981 1221 1222 1238 1237
861 3d8solid 0 966 967 983 982 1222 1223 1239 1238
862 3d8solid 0 967 968 984 983 1223 1224 1240 1239
863 3d8solid 0 968 969 985 984 1224 1225 1241 1240
864 3d8solid 0 969 970 986 985 1225 1226 1242 1241
865 3d8solid 0 970 971 987 986 1226 1227 1243 1242
866 3d8solid 0 971 972 988 987 1227 1228 1244 1243
867 3d8solid 0 972 973 989 988 1228 1229 1245 1244
868 3d8solid 0 973 974 990 989 1229 1230 1246 1245
869 3d8solid 0 974 975 991 990 1230 1231 1247 1246
870 3d8solid 0 976 977 993 992 1232 1233 1249 1248
871 3d8solid 0 977 978 994 993 1233 1234 1250 1249
872 3d8solid 0 978 979 995 994 1234 1235 1251 1250
873 3d8solid 0 979 980 996 995 1235 1236 1252 1251
874 3d8solid 0 980 981 997 996 1236 1237 1253 1252
875 3d8solid 0 981 982 998 997 1237 1238 1254 1253
876 3d8solid 0 982 983 999 998 1238 1239 1255 1254
877 3d8solid 0 983 984 1000 999 1239 1240 1256 1255
878 3d8solid 0 984 985 1001 1000 1240 1241 1257 1256
879 3d8solid 0 985 986 1002 1001 1241 1242 1258 1257
880 3d8solid 0 986 987 1003 1002 1242 1243 1259 1258
881 3d8solid 0 987 988 1004 1003 1243 1244 1260 1259
882 3d8solid 0 988 989 1005 1004 1244 1245 1261 1260
883 3d8solid 0 989 990 1006 1005 1245 1246 1262 1261
884 3d8solid 0 990 991 1007 1006 1246 1247 1263 1262
885 3d8solid 0 992 993 1009 1008 1248 1249 1265 1264
886 3d8solid 0 993 994 1010 1009 1249 1250 1266 1265
887 3d8solid 0 994 995 1011 1010 1250 1251 1267 1266
888 3d8solid 0 995 996 1012 1011 1251 1252 1268 1267
889 3d8solid 0 996 997 1013 1012 1252 1253 1269 1268
890 3d8solid 0 997 998 1014 1013 1253 1254 1270 1269
891 3d8solid 0 998 999 1015 1014 1254 1255 1271 1270
892 3d8solid 0 999 1000 1016 1015 1255 1256 1272 1271
893 3d8solid 0 1000 1001 1017 1016 1256 1257 1273 1272
894 3d8solid 0 1001 1002 1018 1017 1257 1258 1274 1273
895 3d8solid 0 1002 1003 1019 1018 1258 1259 1275 1274
896 3d8solid 0 1003 1004 1020 1019 1259 1260 1276 1275
897 3d8solid 0 1004 1005 1021 1020 1260 1261 1277 1276
898 3d8solid 0 1005 1006 1022 1021 1261 1262 1278 1277
899 3d8solid 0 1006 1007 1023 1022 1262 1263 1279 1278
900 3d8solid 0 1024 1025 1041 1040 1280 1281 1297 1296
901 3d8solid 0 1025 1026 1042 1041 1281 1282 1298 1297
902 3d8solid 0 1026 1027 1043 1042 1282 1283 1299 1298
903 3d8solid 0 1027 1028 1044 1043 1283 1284 1300 1299
904 3d8solid 0 1028 1029 1045 1044 1284 1285 1301 1300
905 3d8solid 0 1029 1030 1046 1045 1285 1286 1302 1301
906 3d8solid 0 1030 1031 1047 1046 1286 1287 1303 1302
907 3d8solid 0 1031 1032 1048 1047 1287 1288 1304 1303
908 3d8solid 0 1032 1033 1049 1048 1288 1289 1305 1304
909 3d8solid 0 1033 1034 1050 1049 1289 1290 1306 1305
910 3d8solid 0 1034 1035 1051 1050 1290 1291 1307 1306
911 3d8solid 0 1035 1036 1052 1051 1291 1292 1308 1307
912 3d8solid 0 1036 1037 1053 1052 1292 1293 1309 1308
913 3d8solid 0 1037 1038 1054 1053 1293 1294 1310 1309
914 3d8solid 0 1038 1039 1055 1054 1294 1295 1311 1310
915 3d8solid 0 1040 1041 1057 1056 1296 1297 1313 1312
916 3d8solid 0 1041 1042 1058 1057 1297 1298 1314 1313
917 3d8solid 0 1042 1043 1059 1058 1298 1299 1315 1314
918 3d8solid 0 1043 1044 1060 1059 1299 1300 1316 1315
919 3d8solid 0 1044 1045 1061 1060 1300 1301 1317 1316
920 3d8solid 0 1045 1046 1062 1061 1301 1302 1318 1317
921 3d8solid 0 1046 1047 1063 1062 1302 1303 1319 1318
922 3d8solid 0 1047 1048 1064 1063 1303 1304 1320 1319
923 3d8solid 0 1048 1049 1065 1064 1304 1305 1321 1320
924 3d8solid 0 1049 1050 1066 1065 1305 1306 1322 1321
925 3d8solid 0 1050 1051 1067 1066 1306 1307 1323 1322
926 3d8solid 0 1051 1052 1068 1067 1307 1308 1324 1323
927 3d8solid 0 1052 1053 1069 1068 1308 1309 1325 1324
928 3d8solid 0 1053 1054 1070 1069 1309 1310 1326 1325
929 3d8solid 0 1054 1055 1071 1070 1310 1311 1327 1326
930 3d8solid 0 1056 1057 1073 1072 1312 1313 1329 1328
931 3d8solid 0 1057 1058 1074 1073 1313 1314 1330 1329
932 3d8solid 0 1058 1059 1075 1074 1314 1315 1331 1330
933 3d8solid 0 1059 1060 1076 1075 1315 1316 1332 1331
934 3d8solid 0 1060 1061 1077 1076 1316 1317 1333 1332
935 3d8solid 0 1061 1062 1078 1077 1317 1318 1334 1333
936 3d8solid 0 1062 1063 1079 1078 1318 1319 1335 1334
937 3d8solid 0 1063 1064 1080 1079 1319 1320 1336 1335
938 3d8solid 0 1064 1065 1081 1080 1320 1321 1337 1336
939 3d8solid 0 1065 1066 1082 1081 1321 1322 1338 1337
940 3d8solid 0 1066 1067 1083 1082 1322 1323 1339 1338
941 3d8solid 0 1067 1068 1084 1083 1323 1324 1340 1339
942 3d8solid 0 1068 1069 1085 1084 1324 1325 1341 1340
943 3d8solid 0 1069 1070 1086 1085 1325 1326 1342 1341
944 3d8solid 0 1070 1071 1087 1086 1326 1327 1343 1342
945 3d8solid 0 1072 1073 1089 1088 1328 1329 1345 1344
946 3d8solid 0 1073 1074 1090 1089 1329 1330 1346 1345
947 3d8solid 0 1074 1075 1091 1090 1330 1331 1347 1346
948 3d8solid 0 1075 1076 1092 1091 1331 1332 1348 1347
949 3d8solid 0 1076 1077 1093 1092 1332 1333 1349 1348
950 3d8solid 0 1077 1078 1094 1093 1333 1334 1350 1349
951 3d8solid 0 1078 1079 1095 1094 1334 1335 1351 1350
952 3d8solid 0 1079 1080 1096 1095 1335 1336 1352 1351
953 3d8solid 0 1080 1081 1097 1096 1336 1337 1353 1352
954 3d8solid 0 1081 1082 1098 1097 1337 1338 1354 1353
955 3d8solid 0 1082 1083 1099 1098 1338 1339 1355 1354
956 3d8solid 0 1083 1084 1100 1099 1339 1340 1356 1355
957 3d8solid 0 1084 1085 1101 1100 1340 1341 1357 1356
958 3d8solid 0 1085 1086 1102 1101 1341 1342 1358 1357
959 3d8solid 0 1086 1087 1103 1102 1342 1343 1359 1358
960 3d8solid 0 1088 1089 1105 1104 1344 1345 1361 1360
961 3d8solid 0 1089 1090 1106 1105 1345 1346 1362 1361
962 3d8solid 0 1090 1091 1107 1106 1346 1347 1363 1362
963 3d8solid 0 1091 1092 1108 1107 1347 1348 1364 1363
964 3d8solid 0 1092 1093 1109 1108 1348 1349 1365 1364
965 3d8solid 0 1093 1094 1110 1109 1349 1350 1366 1365
966 3d8solid 0 1094 1095 1111 1110 1350 1351 1367 1366
967 3d8solid 0 1095 1096 1112 1111 1351 1352 1368 1367
968 3d8solid 0 1096 1097 1113 1112 1352 1353 1369 1368
969 3d8solid 0 1097 1098 1114 1113 1353 1354 1370 1369
970 3d8solid 0 1098 1099 1115 1114 1354 1355 1371 1370
971 3d8solid 0 1099 1100 1116 1115 1355 1356 1372 1371
972 3d8solid 0 1100 1101 1117 1116 1356 1357 1373 1372
973 3d8solid 0 1101 1102 1118 1117 1357 1358 1374 1373
974 3d8solid 0 1102 1103 1119 1118 1358 1359 1375 1374
975 3d8solid 0 1104 1105 1121 1120 1360 1361 1377 1376
976 3d8solid 0 1105 1106 1122 1121 1361 1362 1378 1377
977 3d8solid 0 1106 1107 1123 1122 1362 1363 1379 1378
978 3d8solid 0 1107 1108 1124 1123 1363 1364 1380 1379
979 3d8solid 0 1108 1109 1125 1124 1364 1365 1381 1380
980 3d8solid 0 1109 1110 1126 1125 1365 1366 1382 1381
981 3d8solid 0 1110 1111 1127 1126 1366 1367 1383 1382
982 3d8solid 0 1111 1112 1128 1127 1367 1368 1384 1383
983 3d8solid 0 1112 1113 1129 1128 1368 1369 1385 1384
984 3d8solid 0 1113 1114 1130 1129 1369 1370 1386 1385
985 3d8solid 0 1114 1115 1131 1130 1370 1371 1387 1386
986 3d8solid 0 1115 1116 1132 1131 1371 1372 1388 1387
987 3d8solid 0 1116 1117 1133 1132 1372 1373 1389 1388
988 3d8solid 0 1117 1118 1134 1133 1373 1374 1390 1389
989 3d8solid 0 1118 1119 1135 1134 1374 1375 1391 1390
990 3d8solid 0 1120 1121 1137 1136 1376 1377 1393 1392
991 3d8solid 0 1121 1122 1138 1137 1377 1378 1394 1393
992 3d8solid 0 1122 1123 1139 1138 1378 1379 1395 1394
993 3d8solid 0 1123 1124 1140 1139 1379 1380 1396 1395
994 3d8solid 0 1124 1125 1141 1140 1380 1381 1397 1396
995 3d8solid 0 1125 1126 1142 1141 1381 1382 1398 1397
996 3d8solid 0 1126 1127 1143 1142 1382 1383 1399 1398
997 3d8solid 0 1127 1128 1144 1143 1383 1384 1400 1399
998 3d8solid 0 1128 1129 1145 1144 1384 1385 1401 1400
999 3d8solid 0 1129 1130 1146 1145 1385 1386 1402 1401
1000 3d8solid 0 1130 1131 1147 1146 1386 1387 1403 1402
1001 3d8solid 0 1131 1132 1148 1147 1387 1388 1404 1403
1002 3d8solid 0 1132 1133 1149 1148 1388 1389 1405 1404
1003 3d8solid 0 1133 1134 1150 1149 1389 1390 1406 1405
1004 3d8solid 0 1134 1135 1151 1150 1390 1391 1407 1406
1005 3d8solid 0 1136 1137 1153 1152 1392 1393 1409 1408
1006 3d8solid 0 1137 1138 1154 1153 1393 1394 1410 1409
1007 3d8solid 0 1138 1139 1155 1154 1394 1395 1411 1410
1008 3d8solid 0 1139 1140 1156 1155 1395 1396 1412 1411
1009 3d8solid 0 1140 1141 1157 1156 1396 1397 1413 1412
1010 3d8solid 0 1141 1142 1158 1157 1397 1398 1414 1413
1011 3d8solid 0 1142 1143 1159 1158 1398 1399 1415 1414
1012 3d8solid 0 1143 1144 1160 1159 1399 1400 1416 1415
1013 3d8solid 0 1144 1145 1161 1160 1400 1401 1417 1416
1014 3d8solid 0 1145 1146 1162 1161 1401 1402 1418 1417
1015 3d8solid 0 1146 1147 1163 1162 1402 1403 1419 1418
1016 3d8solid 0 1147 1148 1164 1163 1403 1404 1420 1419
1017 3d8solid 0 1148 1149 1165 1164 1404 1405 1421 1420
1018 3d8solid 0 1149 1150 1166 1165 1405 1406 1422 1421
1019 3d8solid 0 1150 1151 1167 1166 1406 1407 1423 1422
1020 3d8solid 0 1152 1153 1169 1168 1408 1409 1425 1424
1021 3d8solid 0 1153 1154 1170 1169 1409 1410 1426 1425
1022 3d8solid 0 1154 1155 1171 1170 1410 1411 1427 1426
1023 3d8solid 0 1155 1156 1172 1171 1411 1412 1428 1427
1024 3d8solid 0 1156 1157 1173 1172 1412 1413 1429 1428
1025 3d8solid 0 1157 1158 1174 1173 1413 1414 1430 1429
1026 3d8solid 0 1158 1159 1175 1174 1414 1415 1431 1430
1027 3d8solid 0 1159 1160 1176 1175 1415 1416 1432 1431
1028 3d8solid 0 1160 1161 1177 1176 1416 1417 1433 1432
1029 3d8solid 0 1161 1162 1178 1177 1417 1418 1434 1433
1030 3d8solid 0 1162 1163 1179 1178 1418 1419 1435 1434
1031 3d8solid 0 1163 1164 1180 1179 1419 1420 1436 1435
1032 3d8solid 0 1164 1165 1181 1180 1420 1421 1437 1436
1033 3d8solid 0 1165 1166 1182 1181 1421 1422 1438 1437
1034 3d8solid 0 1166 1167 1183 1182 1422 1423 1439 1438
1035 3d8solid 0 1168 1169 1185 1184 1424 1425 1441 1440
1036 3d8solid 0 1169 1170 1186 1185 1425 1426 1442 1441
1037 3d8solid 0 1170 1171 1187 1186 1426 1427 1443 1442
1038 3d8solid 0 1171 1172 1188 1187 1427 1428 1444 1443
1039 3d8solid 0 1172 1173 1189 1188 1428 1429 1445 1444
1040 3d8solid 0 1173 1174 1190 1189 1429 1430 1446 1445
1041 3d8solid 0 1174 1175 1191 1190 1430 1431 1447 1446
1042 3d8solid 0 1175 1176 1192 1191 1431 1432 1448 1447
1043 3d8solid 0 1176 1177 1193 1192 1432 1433 1449 1448
1044 3d8solid 0 1177 1178 1194 1193 1433 1434 1450 1449
1045 3d8solid 0 1178 1179 1195 1194 1434 1435 1451 1450
1046 3d8solid 0 1179 1180 1196 1195 1435 1436 1452 1451
1047 3d8solid 0 1180 1181 1197 1196 1436 1437 1453 1452
1048 3d8solid 0 1181 1182 1198 1197 1437 1438 1454 1453
1049 3d8solid 0 1182 1183 1199 1198 1438 1439 1455 1454
1050 3d8solid 0 1184 1185 1201 1200 1440 1441 1457 1456
1051 3d8solid 0 1185 1186 1202 1201 1441 1442 1458 1457
1052 3d8solid 0 1186 1187 1203 1202 1442 1443 1459 1458
1053 3d8solid 0 1187 1188 1204 1203 1443 1444 1460 1459
1054 3d8solid 0 1188 1189 1205 1204 1444 1445 1461 1460
1055 3d8solid 0 1189 1190 1206 1205 1445 1446 1462 1461
1056 3d8solid 0 1190 1191 1207 1206 1446 1447 1463 1462
1057 3d8solid 0 1191 1192 1208 1207 1447 1448 1464 1463
1058 3d8solid 0 1192 1193 1209 1208 1448 1449 1465 1464
1059 3d8solid 0 1193 1194 1210 1209 1449 1450 1466 1465
1060 3d8solid 0 1194 1195 1211 1210 1450 1451 1467 1466
1061 3d8solid 0 1195 1196 1212 1211 1451 1452 1468 1467
1062 3d8solid 0 1196 1197 1213 1212 1452 1453 1469 1468
1063 3d8solid 0 1197 1198 1214 1213 1453 1454 1470 1469
1064 3d8solid 0 1198 1199 1215 1214 1454 1455 1471 1470
1065 3d8solid 0 1200 1201 1217 1216 1456 1457 1473 1472
1066 3d8solid 0 1201 1202 1218 1217 1457 1458 1474 1473
1067 3d8solid 0 1202 1203 1219 1218 1458 1459 1475 1474
1068 3d8solid 0 1203 1204 1220 1219 1459 1460 1476 1475
1069 3d8solid 0 1204 1205 1221 1220 1460 1461 1477 1476
1070 3d8solid 0 1205 1206 1222 1221 1461 1462 1478 1477
1071 3d8solid 0 1206 1207 1223 1222 1462 1463 1479 1478
1072 3d8solid 0 1207 1208 1224 1223 1463 1464 1480 1479
1073 3d8solid 0 1208 1209 1225 1224 1464 1465 1481 1480
1074 3d8solid 0 1209 1210 1226 1225 1465 1466 1482 1481
1075 3d8solid 0 1210 1211 1227 1226 1466 1467 1483 1482
1076 3d8solid 0 1211 1212 1228 1227 1467 1468 1484 1483
1077 3d8solid 0 1212 1213 1229 1228 1468 1469 1485 1484
1078 3d8solid 0 1213 1214 1230 1229 1469 1470 1486 1485
1079 3d8solid 0 1214 1215 1231 1230 1470 1471 1487 1486
1080 3d8solid 0 1216 1217 1233 1232 1472 1473 1489 1488
1081 3d8solid 0 1217 1218 1234 1233 1473 1474 1490 1489
1082 3d8solid 0 1218 1219 1235 1234 1474 1475 1491 1490
1083 3d8solid 0 1219 1220 1236 1235 1475 1476 1492 1491
1084 3d8solid 0 1220 1221 1237 1236 1476 1477 1493 1492
1085 3d8solid 0 1221 1222 1238 1237 1477 1478 1494 1493
1086 3d8solid 0 1222 1223 1239 1238 1478 1479 1495 1494
1087 3d8solid 0 1223 1224 1240 1239 1479 1480 1496 1495
1088 3d8solid 0 1224 1225 1241 1240 1480 1481 1497 1496
1089 3d8solid 0 1225 1226 1242 1241 1481 1482 1498 1497
1090 3d8solid 0 1226 1227 1243 1242 1482 1483 1499 1498
1091 3d8solid 0 1227 1228 1244 1243 1483 1484 1500 1499
1092 3d8solid 0 1228 1229 1245 1244 1484 1485 1501 1500
1093 3d8solid 0 1229 1230 1246 1245 1485 1486 1502 1501
1094 3d8solid 0 1230 1231 1247 1246 1486 1487 1503 1502
1095 3d8solid 0 1232 1233 1249 1248 1488 1489 1505 1504
1096 3d8solid 0 1233 1234 1250 1249 1489 1490 1506 1505
1097 3d8solid 0 1234 1235 1251 1250 1490 1491 1507 1506
1098 3d8solid 0 1235 1236 1252 1251 1491 1492 1508 1507
1099 3d8solid 0 1236 1237 1253 1252 1492 1493 1509 1508
1100 3d8solid 0 1237 1238 1254 1253 1493 1494 1510 1509
1101 3d8solid 0 1238 1239 1255 1254 1494 1495 1511 1510
1102 3d8solid 0 1239 1240 1256 1255 1495 1496 1512 1511
1103 3d8solid 0 1240 1241 1257 1256 1496 1497 1513 1512
1104 3d8solid 0 1241 1242 1258 1257 1497 1498 1514 1513
1105 3d8solid 0 1242 1243 1259 1258 1498 1499 1515 1514
1106 3d8solid 0 1243 1244 1260 1259 1499 1500 1516 1515
1107 3d8solid 0 1244 1245 1261 1260 1500 1501 1517 1516
1108 3d8solid 0 1245 1246 1262 1261 1501 1502 1518 1517
1109 3d8solid 0 1246 1247 1263 1262 1502 1503 1519 1518
1110 3d8solid 0 1248 1249 1265 1264 1504 1505 1521 1520
1111 3d8solid 0 1249 1250 1266 1265 1505 1506 1522 1521
1112 3d8solid 0 1250 1251 1267 1266 1506 1507 1523 1522
1113 3d8solid 0 1251 1252 1268 1267 1507 1508 1524 1523
1114 3d8solid 0 1252 1253 1269 1268 1508 1509 1525 1524
1115 3d8solid 0 1253 1254 1270 1269 1509 1510 1526 1525
1116 3d8solid 0 1254 1255 1271 1270 1510 1511 1527 1526
1117 3d8solid 0 1255 1256 1272 1271 1511 1512 1528 1527
1118 3d8solid 0 1256 1257 1273 1272 1512 1513 1529 1528
1119 3d8solid 0 1257 1258 1274 1273 1513 1514 1530 1529
1120 3d8solid 0 1258 1259 1275 1274 1514 1515 1531 1530
1121 3d8solid 0 1259 1260 1276 1275 1515 1516 1532 1531
1122 3d8solid 0 1260 1261 1277 1276 1516 1517 1533 1532
1123 3d8solid 0 1261 1262 1278 1277 1517 1518 1534 1533
1124 3d8solid 0 1262 1263 1279 1278 1518 1519 1535 1534
1125 3d8solid 0 1280 1281 1297 1296 1536 1537 1553 1552
1126 3d8solid 0 1281 1282 1298 1297 1537 1538 1554 1553
1127 3d8solid 0 1282 1283 1299 1298 1538 1539 1555 1554
1128 3d8solid 0 1283 1284 1300 1299 1539 1540 1556 1555
1129 3d8solid 0 1284 1285 1301 1300 1540 1541 1557 1556
1130 3d8solid 0 1285 1286 1302 1301 1541 1542 1558 1557
1131 3d8solid 0 1286 1287 1303 1302 1542 1543 1559 1558
1132 3d8solid 0 1287 1288 1304 1303 1543 1544 1560 1559
1133 3d8solid 0 1288 1289 1305 1304 1544 1545 1561 1560
1134 3d8solid 0 1289 1290 1306 1305 1545 1546 1562 1561
1135 3d8solid 0 1290 1291 1307 1306 1546 1547 1563 1562
1136 3d8solid 0 1291 1292 1308 1307 1547 1548 1564 1563
1137 3d8solid 0 1292 1293 1309 1308 1548 1549 1565 1564
1138 3d8solid 0 1293 1294 1310 1309 1549 1550 1566 1565
1139 3d8solid 0 1294 1295 1311 1310 1550 1551 1567 1566
1140 3d8solid 0 1296 1297 1313 1312 1552 1553 1569 1568
1141 3d8solid 0 1297 1298 1314 1313 1553 1554 1570 1569
1142 3d8solid 0 1298 1299 1315 1314 1554 1555 1571 1570
1143 3d8solid 0 1299 1300 1316 1315 1555 1556 1572 1571
1144 3d8solid 0 1300 1301 1317 1316 1556 1557 1573 1572
1145 3d8solid 0 1301 1302 1318 1317 1557 1558 1574 1573
1146 3d8solid 0 1302 1303 1319 1318 1558 1559 1575 1574
1147 3d8solid 0 1303 1304 1320 1319 1559 1560 1576 1575
1148 3d8solid 0 1304 1305 1321 1320 1560 1561 1577 1576
1149 3d8solid 0 1305 1306 1322 1321 1561 1562 1578 1577
1150 3d8solid 0 1306 1307 1323 1322 1562 1563 1579 1578
1151 3d8solid 0 1307 1308 1324 1323 1563 1564 1580 1579
1152 3d8solid 0 1308 1309 1325 1324 1564 1565 1581 1580
1153 3d8solid 0 1309 1310 1326 1325 1565 1566 1582 1581
1154 3d8solid 0 1310 1311 1327 1326 1566 1567 1583 1582
1155 3d8solid 0 1312 1313 1329 1328 1568 1569 1585 1584
1156 3d8solid 0 1313 1314 1330 1329 1569 1570 1586 1585
1157 3d8solid 0 1314 1315 1331 1330 1570 1571 1587 1586
1158 3d8solid 0 1315 1316 1332 1331 1571 1572 1588 1587
1159 3d8solid 0 1316 1317 1333 1332 1572 1573 1589 1588
1160 3d8solid 0 1317 1318 1334 1333 1573 1574 1590 1589
1161 3d8solid 0 1318 1319 1335 1334 1574 1575 1591 1590
1162 3d8solid 0 1319 1320 1336 1335 1575 1576 1592 1591
1163 3d8solid 0 1320 1321 1337 1336 1576 1577 1593 1592
1164 3d8solid 0 1321 1322 1338 1337 1577 1578 1594 1593
1165 3d8solid 0 1322 1323 1339 1338 1578 1579 1595 1594
1166 3d8solid 0 1323 1324 1340 1339 1579 1580 1596 1595
1167 3d8solid 0 1324 1325 1341 1340 1580 1581 1597 1596
1168 3d8solid 0 1325 1326 1342 1341 1581 1582 1598 1597
1169 3d8solid 0 1326 1327 1343 1342 1582 1583 1599 1598
1170 3d8solid 0 1328 1329 1345 1344 1584 1585 1601 1600
1171 3d8solid 0 1329 1330 1346 1345 1585 1586 1602 1601
1172 3d8solid 0 1330 1331 1347 1346 1586 1587 1603 1602
1173 3d8solid 0 1331 1332 1348 1347 1587 1588 1604 1603
1174 3d8solid 0 1332 1333 1349 1348 1588 1589 1605 1604
1175 3d8solid 0 1333 1334 1350 1349 1589 1590 1606 1605
1176 3d8solid 0 1334 1335 1351 1350 1590 1591 1607 1606
1177 3d8solid 0 1335 1336 1352 1351 1591 1592 1608 1607
1178 3d8solid 0 1336 1337 1353 1352 1592 1593 1609 1608
1179 3d8solid 0 1337 1338 1354 1353 1593 1594 1610 1609
1180 3d8solid 0 1338 1339 1355 1354 1594 1595 1611 1610
1181 3d8solid 0 1339 1340 1356 1355 1595 1596 1612 1611
1182 3d8solid 0 1340 1341 1357 1356 1596 1597 1613 1612
1183 3d8solid 0 1341 1342 1358 1357 1597 1598 1614 1613
1184 3d8solid 0 1342 1343 1359 1358 1598 1599 1615 1614
1185 3d8solid 0 1344 1345 1361 1360 1600 1601 1617 1616
1186 3d8solid 0 1345 1346 1362 1361 1601 1602 1618 1617
1187 3d8solid 0 1346 1347 1363 1362 1602 1603 1619 1618
1188 3d8solid 0 1347 1348 1364 1363 1603 1604 1620 1619
1189 3d8solid 0 1348 1349 1365 1364 1604 1605 1621 1620
1190 3d8solid 0 1349 1350 1366 1365 1605 1606 1622 1621
1191 3d8solid 0 1350 1351 1367 1366 1606 1607 1623 1622
1192 3d8solid 0 1351 1352 1368 1367 1607 1608 1624 1623
1193 3d8solid 0 1352 1353 1369 1368 1608 1609 1625 1624
1194 3d8solid 0 1353 1354 1370 1369 1609 1610 1626 1625
1195 3d8solid 0 1354 1355 1371 1370 1610 1611 1627 1626
1196 3d8solid 0 1355 1356 1372 1371 1611 1612 1628 1627
1197 3d8solid 0 1356 1357 1373 1372 1612 1613 1629 1628
1198 3d8solid 0 1357 1358 1374 1373 1613 1614 1630 1629
1199 3d8solid 0 1358 1359 1375 1374 1614 1615 1631 1630
1200 3d8solid 0 1360 1361 1377 1376 1616 1617 1633 1632
1201 3d8solid 0 1361 1362 1378 1377 1617 1618 1634 1633
1202 3d8solid 0 1362 1363 1379 1378 1618 1619 1635 1634
1203 3d8solid 0 1363 1364 1380 1379 1619 1620 1636 1635
1204 3d8solid 0 1364 1365 1381 1380 1620 1621 1637 1636
1205 3d8solid 0 1365 1366 1382 1381 1621 1622 1638 1637
1206 3d8solid 0 1366 1367 1383 1382 1622 1623 1639 1638
1207 3d8solid 0 1367 1368 1384 1383 1623 1624 1640 1639
1208 3d8solid 0 1368 1369 1385 1384 1624 1625 1641 1640
1209 3d8solid 0 1369 1370 1386 1385 1625 1626 1642 1641
1210 3d8solid 0 1370 1371 1387 1386 1626 1627 1643 1642
1211 3d8solid 0 1371 1372 1388 1387 1627 1628 1644 1643
1212 3d8solid 0 1372 1373 1389 1388 1628 1629 1645 1644
1213 3d8solid 0 1373 1374 1390 1389 1629 1630 1646 1645
1214 3d8solid 0 1374 1375 1391 1390 1630 1631 1647 1646
1215 3d8solid 0 1376 1377 1393 1392 1632 1633 1649 1648
1216 3d8solid 0 1377 1378 1394 1393 1633 1634 1650 1649
1217 3d8solid 0 1378 1379 1395 1394 1634 1635 1651 1650
1218 3d8solid 0 1379 1380 1396 1395 1635 1636 1652 1651
1219 3d8solid 0 1380 1381 1397 1396 1636 1637 1653 1652
1220 3d8solid 0 1381 1382 1398 1397 1637 1638 1654 1653
1221 3d8solid 0 1382 1383 1399 1398 1638 1639 1655 1654
1222 3d8solid 0 1383 1384 1400 1399 1639 1640 1656 1655
1223 3d8solid 0 1384 1385 1401 1400 1640 1641 1657 1656
1224 3d8solid 0 1385 1386 1402 1401 1641 1642 1658 1657
1225 3d8solid 0 1386 1387 1403 1402 1642 1643 1659 1658
1226 3d8solid 0 1387 1388 1404 1403 1643 1644 1660 1659
1227 3d8solid 0 1388 1389 1405 1404 1644 1645 1661 1660
1228 3d8solid 0 1389 1390 1406 1405 1645 1646 1662 1661
1229 3d8solid 0 1390 1391 1407 1406 1646 1647 1663 1662
1230 3d8solid 0 1392 1393 1409 1408 1648 1649 1665 1664
1231 3d8solid 0 1393 1394 1410 1409 1649 1650 1666 1665
1232 3d8solid 0 1394 1395 1411 1410 1650 1651 1667 1666
1233 3d8solid 0 1395 1396 1412 1411 1651 1652 1668 1667
1234 3d8solid 0 1396 1397 1413 1412 1652 1653 1669 1668
1235 3d8solid 0 1397 1398 1414 1413 1653 1654 1670 1669
1236 3d8solid 0 1398 1399 1415 1414 1654 1655 1671 1670
1237 3d8solid 0 1399 1400 1416 1415 1655 1656 1672 1671
1238 3d8solid 0 1400 1401 1417 1416 1656 1657 1673 1672
1239 3d8solid 0 1401 1402 1418 1417 1657 1658 1674 1673
1240 3d8solid 0 1402 1403 1419 1418 1658 1659 1675 1674
1241 3d8solid 0 1403 1404 1420 1419 1659 1660 1676 1675
1242 3d8solid 0 1404 1405 1421 1420 1660 1661 1677 1676
1243 3d8solid 0 1405 1406 1422 1421 1661 1662 1678 1677
1244 3d8solid 0 1406 1407 1423 1422 1662 1663 1679 1678
1245 3d8solid 0 1408 1409 1425 1424 1664 1665 1681 1680
1246 3d8solid 0 1409 1410 1426 1425 1665 1666 1682 1681
1247 3d8solid 0 1410 1411 1427 1426 1666 1667 1683 1682
1248 3d8solid 0 1411 1412 1428 1427 1667 1668 1684 1683
1249 3d8solid 0 1412 1413 1429 1428 1668 1669 1685 1684
1250 3d8solid 0 1413 1414 1430 1429 1669 1670 1686 1685
1251 3d8solid 0 1414 1415 1431 1430 1670 1671 1687 1686
1252 3d8solid 0 1415 1416 1432 1431 1671 1672 1688 1687
1253 3d8solid 0 1416 1417 1433 1432 1672 1673 1689 1688
1254 3d8solid 0 1417 1418 1434 1433 1673 1674 1690 1689
1255 3d8solid 0 1418 1419 1435 1434 1674 1675 1691 1690
1256 3d8solid 0 1419 1420 1436 1435 1675 1676 1692 1691
1257 3d8solid 0 1420 1421 1437 1436 1676 1677 1693 1692
1258 3d8solid 0 1421 1422 1438 1437 1677 1678 1694 1693
1259 3d8solid 0 1422 1423 1439 1438 1678 1679 1695 1694
1260 3d8solid 0 1424 1425 1441 1440 1680 1681 1697 1696
1261 3d8solid 0 1425 1426 1442 1441 1681 1682 1698 1697
1262 3d8solid 0 1426 1427 1443 1442 1682 1683 1699 1698
1263 3d8solid 0 1427 1428 1444 1443 1683 1684 1700 1699
1264 3d8solid 0 1428 1429 1445 1444 1684 1685 1701 1700
1265 3d8solid 0 1429 1430 1446 1445 1685 1686 1702 1701
1266 3d8solid 0 1430 1431 1447 1446 1686 1687 1703 1702
1267 3d8solid 0 1431 1432 1448 1447 1687 1688 1704 1703
1268 3d8solid 0 1432 1433 1449 1448 1688 1689 1705 1704
1269 3d8solid 0 1433 1434 1450 1449 1689 1690 1706 1705
1270 3d8solid 0 1434 1435 1451 1450 1690 1691 1707 1706
1271 3d8solid 0 1435 1436 1452 1451 1691 1692 1708 1707
1272 3d8solid 0 1436 1437 1453 1452 1692 1693 1709 1708
1273 3d8solid 0 1437 1438 1454 1453 1693 1694 1710 1709
1274 3d8solid 0 1438 1439 1455 1454 1694 1695 1711 1710
1275 3d8solid 0 1440 1441 1457 1456 1696 1697 1713 1712
1276 3d8solid 0 1441 1442 1458 1457 1697 1698 1714 1713
1277 3d8solid 0 1442 1443 1459 1458 1698 1699 1715 1714
1278 3d8solid 0 1443 1444 1460 1459 1699 1700 1716 1715
1279 3d8solid 0 1444 1445 1461 1460 1700 1701 1717 1716
1280 3d8solid 0 1445 1446 1462 1461 1701 1702 1718 1717
1281 3d8solid 0 1446 1447 1463 1462 1702 1703 1719 1718
1282 3d8solid 0 1447 1448 1464 1463 1703 1704 1720 1719
1283 3d8solid 0 1448 1449 1465 1464 1704 1705 1721 1720
1284 3d8solid 0 1449 1450 1466 1465 1705 1706 1722 1721
1285 3d8solid 0 1450 1451 1467 1466 1706 1707 1723 1722
1286 3d8solid 0 1451 1452 1468 1467 1707 1708 1724 1723
1287 3d8solid 0 1452 1453 1469 1468 1708 1709 1725 1724
1288 3d8solid 0 1453 1454 1470 1469 1709 1710 1726 1725
1289 3d8solid 0 1454 1455 1471 1470 1710 1711 1727 1726
1290 3d8solid 0 1456 1457 1473 1472 1712 1713 1729 1728
1291 3d8solid 0 1457 1458 1474 1473 1713 1714 1730 1729
1292 3d8solid 0 1458 1459 1475 1474 1714 1715 1731 1730
1293 3d8solid 0 1459 1460 1476 1475 1715 1716 1732 1731
1294 3d8solid 0 1460 1461 1477 1476 1716 1717 1733 1732
1295 3d8solid 0 1461 1462 1478 1477 1717 1718 1734 1733
1296 3d8solid 0 1462 1463 1479 1478 1718 1719 1735 1734
1297 3d8solid 0 1463 1464 1480 1479 1719 1720 1736 1735
1298 3d8solid 0 1464 1465 1481 1480 1720 1721 1737 1736
1299 3d8solid 0 1465 1466 1482 1481 1721 1722 1738 1737
1300 3d8solid 0 1466 1467 1483 1482 1722 1723 1739 1738
1301 3d8solid 0 1467 1468 1484 1483 1723 1724 1740 1739
1302 3d8solid 0 1468 1469 1485 1484 1724 1725 1741 1740
1303 3d8solid 0 1469 1470 1486 1485 1725 1726 1742 1741
1304 3d8solid 0 1470 1471 1487 1486 1726 1727 1743 1742
1305 3d8solid 0 1472 1473 1489 1488 1728 1729 1745 1744
1306 3d8solid 0 1473 1474 1490 1489 1729 1730 1746 1745
1307 3d8solid 0 1474 1475 1491 1490 1730 1731 1747 1746
1308 3d8solid 0 1475 1476 1492 1491 1731 1732 1748 1747
1309 3d8solid 0 1476 1477 1493 1492 1732 1733 1749 1748
1310 3d8solid 0 1477 1478 1494 1493 1733 1734 1750 1749
1311 3d8solid 0 1478 1479 1495 1494 1734 1735 1751 1750
1312 3d8solid 0 1479 1480 1496 1495 1735 1736 1752 1751
1313 3d8solid 0 1480 1481 1497 1496 1736 1737 1753 1752
1314 3d8solid 0 1481 1482 1498 1497 1737 1738 1754 1753
1315 3d8solid 0 1482 1483 1499 1498 1738 1739 1755 1754
1316 3d8solid 0 1483 1484 1500 1499 1739 1740 1756 1755
1317 3d8solid 0 1484 1485 1501 1500 1740 1741 1757 1756
1318 3d8solid 0 1485 1486 1502 1501 1741 1742 1758 1757
1319 3d8solid 0 1486 1487 1503 1502 1742 1743 1759 1758
1320 3d8solid 0 1488 1489 1505 1504 1744 1745 1761 1760
1321 3d8solid 0 1489 1490 1506 1505 1745 1746 1762 1761
1322 3d8solid 0 1490 1491 1507 1506 1746 1747 1763 1762
1323 3d8solid 0 1491 1492 1508 1507 1747 1748 1764 1763
1324 3d8solid 0 1492 1493 1509 1508 1748 1749 1765 1764
1325 3d8solid 0 1493 1494 1510 1509 1749 1750 1766 1765
1326 3d8solid 0 1494 1495 1511 1510 1750 1751 1767 1766
1327 3d8solid 0 1495 1496 1512 1511 1751 1752 1768 1767
1328 3d8solid 0 1496 1497 1513 1512 1752 1753 1769 1768
1329 3d8solid 0 1497 1498 1514 1513 1753 1754 1770 1769
1330 3d8solid 0 1498 1499 1515 1514 1754 1755 1771 1770
1331 3d8solid 0 1499 1500 1516 1515 1755 1756 1772 1771
1332 3d8solid 0 1500 1501 1517 1516 1756 1757 1773 1772
1333 3d8solid 0 1501 1502 1518 1517 1757 1758 1774 1773
1334 3d8solid 0 1502 1503 1519 1518 1758 1759 1775 1774
1335 3d8solid 0 1504 1505 1521 1520 1760 1761 1777 1776
1336 3d8solid 0 1505 1506 1522 1521 1761 1762 1778 1777
1337 3d8solid 0 1506 1507 1523 1522 1762 1763 1779 1778
1338 3d8solid 0 1507 1508 1524 1523 1763 1764 1780 1779
1339 3d8solid 0 1508 1509 1525 1524 1764 1765 1781 1780
1340 3d8solid 0 1509 1510 1526 1525 1765 1766 1782 1781
1341 3d8solid 0 1510 1511 1527 1526 1766 1767 1783 1782
1342 3d8solid 0 1511 1512 1528 1527 1767 1768 1784 1783
1343 3d8solid 0 1512 1513 1529 1528 1768 1769 1785 1784
1344 3d8solid 0 1513 1514 1530 1529 1769 1770 1786 1785
1345 3d8solid 0 1514 1515 1531 1530 1770 1771 1787 1786
1346 3d8solid 0 1515 1516 1532 1531 1771 1772 1788 1787
1347 3d8solid 0 1516 1517 1533 1532 1772 1773 1789 1788
1348 3d8solid 0 1517 1518 1534 1533 1773 1774 1790 1789
1349 3d8solid 0 1518 1519 1535 1534 1774 1775 1791 1790
1350 3d8solid 0 1536 1537 1553 1552 1792 1793 1809 1808
1351 3d8solid 0 1537 1538 1554 1553 1793 1794 1810 1809
1352 3d8solid 0 1538 1539 1555 1554 1794 1795 1811 1810
1353 3d8solid 0 1539 1540 1556 1555 1795 1796 1812 1811
1354 3d8solid 0 1540 1541 1557 1556 1796 1797 1813 1812
1355 3d8solid 0 1541 1542 1558 1557 1797 1798 1814 1813
1356 3d8solid 0 1542 1543 1559 1558 1798 1799 1815 1814
1357 3d8solid 0 1543 1544 1560 1559 1799 1800 1816 1815
1358 3d8solid 0 1544 1545 1561 1560 1800 1801 1817 1816
1359 3d8solid 0 1545 1546 1562 1561 1801 1802 1818 1817
1360 3d8solid 0 1546 1547 1563 1562 1802 1803 1819 1818
1361 3d8solid 0 1547 1548 1564 1563 1803 1804 1820 1819
1362 3d8solid 0 1548 1549 1565 1564 1804 1805 1821 1820
1363 3d8solid 0 1549 1550 1566 1565 1805 1806 1822 1821
1364 3d8solid 0 1550 1551 1567 1566 1806 1807 1823 1822
1365 3d8solid 0 1552 1553 1569 1568 1808 1809 1825 1824
1366 3d8solid 0 1553 1554 1570 1569 1809 1810 1826 1825
1367 3d8solid 0 1554 1555 1571 1570 1810 1811 1827 1826
1368 3d8solid 0 1555 1556 1572 1571 1811 1812 1828 1827
1369 3d8solid 0 1556 1557 1573 1572 1812 1813 1829 1828
1370 3d8solid 0 1557 1558 1574 1573 1813 1814 1830 1829
1371 3d8solid 0 1558 1559 1575 1574 1814 1815 1831 1830
1372 3d8solid 0 1559 1560 1576 1575 1815 1816 1832 1831
1373 3d8solid 0 1560 1561 1577 1576 1816 1817 1833 1832
1374 3d8solid 0 1561 1562 1578 1577 1817 1818 1834 1833
1375 3d8solid 0 1562 1563 1579 1578 1818 1819 1835 1834
1376 3d8solid 0 1563 1564 1580 1579 1819 1820 1836 1835
1377 3d8solid 0 1564 1565 1581 1580 1820 1821 1837 1836
1378 3d8solid 0 1565 1566 1582 1581 1821 1822 1838 1837
1379 3d8solid 0 1566 1567 1583 1582 1822 1823 1839 1838
1380 3d8solid 0 1568 1569 1585 1584 1824 1825 1841 1840
1381 3d8solid 0 1569 1570 1586 1585 1825 1826 1842 1841
1382 3d8solid 0 1570 1571 1587 1586 1826 1827 1843 1842
1383 3d8solid 0 1571 1572 1588 1587 1827 1828 1844 1843
1384 3d8solid 0 1572 1573 1589 1588 1828 1829 1845 1844
1385 3d8solid 0 1573 1574 1590 1589 1829 1830 1846 1845
1386 3d8solid 0 1574 1575 1591 1590 1830 1831 1847 1846
1387 3d8solid 0 1575 1576 1592 1591 1831 1832 1848 1847
1388 3d8solid 0 1576 1577 1593 1592 1832 1833 1849 1848
1389 3d8solid 0 1577 1578 1594 1593 1833 1834 1850 1849
1390 3d8solid 0 1578 1579 1595 1594 1834 1835 1851 1850
1391 3d8solid 0 1579 1580 1596 1595 1835 1836 1852 1851
1392 3d8solid 0 1580 1581 1597 1596 1836 1837 1853 1852
1393 3d8solid 0 1581 1582 1598 1597 1837 1838 1854 1853
1394 3d8solid 0 1582 1583 1599 1598 1838 1839 1855 1854
1395 3d8solid 0 1584 1585 1601 1600 1840 1841 1857 1856
1396 3d8solid 0 1585 1586 1602 1601 1841 1842 1858 1857
1397 3d8solid 0 1586 1587 1603 1602 1842 1843 1859 1858
1398 3d8solid 0 1587 1588 1604 1603 1843 1844 1860 1859
1399 3d8solid 0 1588 1589 1605 1604 1844 1845 1861 1860
1400 3d8solid 0 1589 1590 1606 1605 1845 1846 1862 1861
1401 3d8solid 0 1590 1591 1607 1606 1846 1847 1863 1862
1402 3d8solid 0 1591 1592 1608 1607 1847 1848 1864 1863
1403 3d8solid 0 1592 1593 1609 1608 1848 1849 1865 1864
1404 3d8solid 0 1593 1594 1610 1609 1849 1850 1866 1865
1405 3d8solid 0 1594 1595 1611 1610 1850 1851 1867 1866
1406 3d8solid 0 1595 1596 1612 1611 1851 1852 1868 1867
1407 3d8solid 0 1596 1597 1613 1612 1852 1853 1869 1868
1408 3d8solid 0 1597 1598 1614 1613 1853 1854 1870 1869
1409 3d8solid 0 1598 1599 1615 1614 1854 1855 1871 1870
1410 3d8solid 0 1600 1601 1617 1616 1856 1857 1873 1872
1411 3d8solid 0 1601 1602 1618 1617 1857 1858 1874 1873
1412 3d8solid 0 1602 1603 1619 1618 1858 1859 1875 1874
1413 3d8solid 0 1603 1604 1620 1619 1859 1860 1876 1875
1414 3d8solid 0 1604 1605 1621 1620 1860 1861 1877 1876
1415 3d8solid 0 1605 1606 1622 1621 1861 1862 1878 1877
1416 3d8solid 0 1606 1607 1623 1622 1862 1863 1879 1878
1417 3d8solid 0 1607 1608 1624 1623 1863 1864 1880 1879
1418 3d8solid 0 1608 1609 1625 1624 1864 1865 1881 1880
1419 3d8solid 0 1609 1610 1626 1625 1865 1866 1882 1881
1420 3d8solid 0 1610 1611 1627 1626 1866 1867 1883 1882
1421 3d8solid 0 1611 1612 1628 1627 1867 1868 1884 1883
1422 3d8solid 0 1612 1613 1629 1628 1868 1869 1885 1884
1423 3d8solid 0 1613 1614 1630 1629 1869 1870 1886 1885
1424 3d8solid 0 1614 1615 1631 1630 1870 1871 1887 1886
1425 3d8solid 0 1616 1617 1633 1632 1872 1873 1889 1888
1426 3d8solid 0 1617 1618 1634 1633 1873 1874 1890 1889
1427 3d8solid 0 1618 1619 1635 1634 1874 1875 1891 1890
1428 3d8solid 0 1619 1620 1636 1635 1875 1876 1892 1891
1429 3d8solid 0 1620 1621 1637 1636 1876 1877 1893 1892
1430 3d8solid 0 1621 1622 1638 1637 1877 1878 1894 1893
1431 3d8solid 0 1622 1623 1639 1638 1878 1879 1895 1894
1432 3d8solid 0 1623 1624 1640 1639 1879 1880 1896 1895
1433 3d8solid 0 1624 1625 1641 1640 1880 1881 1897 1896
1434 3d8solid 0 1625 1626 1642 1641 1881 1882 1898 1897
1435 3d8solid 0 1626 1627 1643 1642 1882 1883 1899 1898
1436 3d8solid 0 1627 1628 1644 1643 1883 1884 1900 1899
1437 3d8solid 0 1628 1629 1645 1644 1884 1885 1901 1900
1438 3d8solid 0 1629 1630 1646 1645 1885 1886 1902 1901
1439 3d8solid 0 1630 1631 1647 1646 1886 1887 1903 1902
1440 3d8solid 0 1632 1633 1649 1648 1888 1889 1905 1904
1441 3d8solid 0 1633 1634 1650 1649 1889 1890 1906 1905
1442 3d8solid 0 1634 1635 1651 1650 1890 1891 1907 1906
1443 3d8solid 0 1635 1636 1652 1651 1891 1892 1908 1907
1444 3d8solid 0 1636 1637 1653 1652 1892 1893 1909 1908
1445 3d8solid 0 1637 1638 1654 1653 1893 1894 1910 1909
1446 3d8solid 0 1638 1639 1655 1654 1894 1895 1911 1910
1447 3d8solid 0 1639 1640 1656 1655 1895 1896 1912 1911
1448 3d8solid 0 1640 1641 1657 1656 1896 1897 1913 1912
1449 3d8solid 0 1641 1642 1658 1657 1897 1898 1914 1913
1450 3d8solid 0 1642 1643 1659 1658 1898 1899 1915 1914
1451 3d8solid 0 1643 1644 1660 1659 1899 1900 1916 1915
1452 3d8solid 0 1644 1645 1661 1660 1900 1901 1917 1916
1453 3d8solid 0 1645 1646 1662 1661 1901 1902 1918 1917
1454 3d8solid 0 1646 1647 1663 1662 1902 1903 1919 1918
1455 3d8solid 0 1648 1649 1665 1664 1904 1905 1921 1920
1456 3d8solid 0 1649 1650 1666 1665 1905 1906 1922 1921
1457 3d8solid 0 1650 1651 1667 1666 1906 1907 1923 1922
1458 3d8solid 0 1651 1652 1668 1667 1907 1908 1924 1923
1459 3d8solid 0 1652 1653 1669 1668 1908 1909 1925 1924
1460 3d8solid 0 1653 1654 1670 1669 1909 1910 1926 1925
1461 3d8solid 0 1654 1655 1671 1670 1910 1911 1927 1926
1462 3d8solid 0 1655 1656 1672 1671 1911 1912 1928 1927
1463 3d8solid 0 1656 1657 1673 1672 1912 1913 1929 1928
1464 3d8solid 0 1657 1658 1674 1673 1913 1914 1930 1929
1465 3d8solid 0 1658 1659 1675 1674 1914 1915 1931 1930
1466 3d8solid 0 1659 1660 1676 1675 1915 1916 1932 1931
1467 3d8solid 0 1660 1661 1677 1676 1916 1917 1933 1932
1468 3d8solid 0 1661 1662 1678 1677 1917 1918 1934 1933
1469 3d8solid 0 1662 1663 1679 1678 1918 1919 1935 1934
1470 3d8solid 0 1664 1665 1681 1680 1920 1921 1937 1936
1471 3d8solid 0 1665 1666 1682 1681 1921 1922 1938 1937
1472 3d8solid 0 1666 1667 1683 1682 1922 1923 1939 1938
1473 3d8solid 0 1667 1668 1684 1683 1923 1924 1940 1939
1474 3d8solid 0 1668 1669 1685 1684 1924 1925 1941 1940
1475 3d8solid 0 1669 1670 1686 1685 1925 1926 1942 1941
1476 3d8solid 0 1670 1671 1687 1686 1926 1927 1943 1942
1477 3d8solid 0 1671 1672 1688 1687 1927 1928 1944 1943
1478 3d8solid 0 1672 1673 1689 1688 1928 1929 1945 1944
1479 3d8solid 0 1673 1674 1690 1689 1929 1930 1946 1945
1480 3d8solid 0 1674 1675 1691 1690 1930 1931 1947 1946
1481 3d8solid 0 1675 1676 1692 1691 1931 1932 1948 1947
1482 3d8solid 0 1676 1677 1693 1692 1932 1933 1949 1948
1483 3d8solid 0 1677 1678 1694 1693 1933 1934 1950 1949
1484 3d8solid 0 1678 1679 1695 1694 1934 1935 1951 1950
1485 3d8solid 0 1680 1681 1697 1696 1936 1937 1953 1952
1486 3d8solid 0 1681 1682 1698 1697 1937 1938 1954 1953
1487 3d8solid 0 1682 1683 1699 1698 1938 1939 1955 1954
1488 3d8solid 0 1683 1684 1700 1699 1939 1940 1956 1955
1489 3d8solid 0 1684 1685 1701 1700 1940 1941 1957 1956
1490 3d8solid 0 1685 1686 1702 1701 1941 1942 1958 1957
1491 3d8solid 0 1686 1687 1703 1702 1942 1943 1959 1958
1492 3d8solid 0 1687 1688 1704 1703 1943 1944 1960 1959
1493 3d8solid 0 1688 1689 1705 1704 1944 1945 1961 1960
1494 3d8solid 0 1689 1690 1706 1705 1945 1946 1962 1961
1495 3d8solid 0 1690 1691 1707 1706 1946 1947 1963 1962
1496 3d8solid 0 1691 1692 1708 1707 1947 1948 1964 1963
1497 3d8solid 0 1692 1693 1709 1708 1948 1949 1965 1964
1498 3d8solid 0 1693 1694 1710 1709 1949 1950 1966 1965
1499 3d8solid 0 1694 1695 1711 1710 1950 1951 1967 1966
1500 3d8solid 0 1696 1697 1713 1712 1952 1953 1969 1968
1501 3d8solid 0 1697 1698 1714 1713 1953 1954 1970 1969
1502 3d8solid 0 1698 1699 1715 1714 1954 1955 1971 1970
1503 3d8solid 0 1699 1700 1716 1715 1955 1956 1972 1971
1504 3d8solid 0 1700 1701 1717 1716 1956 1957 1973 1972
1505 3d8solid 0 1701 1702 1718 1717 1957 1958 1974 1973
1506 3d8solid 0 1702 1703 1719 1718 1958 1959 1975 1974
1507 3d8solid 0 1703 1704 1720 1719 1959 1960 1976 1975
1508 3d8solid 0 1704 1705 1721 1720 1960 1961 1977 1976
1509 3d8solid 0 1705 1706 1722 1721 1961 1962 1978 1977
1510 3d8solid 0 1706 1707 1723 1722 1962 1963 1979 1978
1511 3d8solid 0 1707 1708 1724 1723 1963 1964 1980 1979
1512 3d8solid 0 1708 1709 1725 1724 1964 1965 1981 1980
1513 3d8solid 0 1709 1710 1726 1725 1965 1966 1982 1981
1514 3d8solid 0 1710 1711 1727 1726 1966 1967 1983 1982
1515 3d8solid 0 1712 1713 1729 1728 1968 1969 1985 1984
1516 3d8solid 0 1713 1714 1730 1729 1969 1970 1986 1985
1517 3d8solid 0 1714 1715 1731 1730 1970 1971 1987 1986
1518 3d8solid 0 1715 1716 1732 1731 1971 1972 1988 1987
1519 3d8solid 0 1716 1717 1733 1732 1972 1973 1989 1988
1520 3d8solid 0 1717 1718 1734 1733 1973 1974 1990 1989
1521 3d8solid 0 1718 1719 1735 1734 1974 1975 1991 1990
1522 3d8solid 0 1719 1720 1736 1735 1975 1976 1992 1991
1523 3d8solid 0 1720 1721 1737 1736 1976 1977 1993 1992
1524 3d8solid 0 1721 1722 1738 1737 1977 1978 1994 1993
1525 3d8solid 0 1722 1723 1739 1738 1978 1979 1995 1994
1526 3d8solid 0 1723 1724 1740 1739 1979 1980 1996 1995
1527 3d8solid 0 1724 1725 1741 1740 1980 1981 1997 1996
1528 3d8solid 0 1725 1726 1742 1741 1981 1982 1998 1997
1529 3d8solid 0 1726 1727 1743 1742 1982 1983 1999 1998
1530 3d8solid 0 1728 1729 1745 1744 1984 1985 2001 2000
1531 3d8solid 0 1729 1730 1746 1745 1985 1986 2002 2001
1532 3d8solid 0 1730 1731 1747 1746 1986 1987 2003 2002
1533 3d8solid 0 1731 1732 1748 1747 1987 1988 2004 2003
1534 3d8solid 0 1732 1733 1749 1748 1988 1989 2005 2004
1535 3d8solid 0 1733 1734 1750 1749 1989 1990 2006 2005
1536 3d8solid 0 1734 1735 1751 1750 1990 1991 2007 2006
1537 3d8solid 0 1735 1736 1752 1751 1991 1992 2008 2007
1538 3d8solid 0 1736 1737 1753 1752 1992 1993 2009 2008
1539 3d8solid 0 1737 1738 1754 1753 1993 1994 2010 2009
1540 3d8solid 0 1738 1739 1755 1754 1994 1995 2011 2010
1541 3d8solid 0 1739 1740 1756 1755 1995 1996 2012 2011
1542 3d8solid 0 1740 1741 1757 1756 1996 1997 2013 2012
1543 3d8solid 0 1741 1742 1758 1757 1997 1998 2014 2013
1544 3d8solid 0 1742 1743 1759 1758 1998 1999 2015 2014
1545 3d8solid 0 1744 1745 1761 1760 2000 2001 2017 2016
1546 3d8solid 0 1745 1746 1762 1761 2001 2002 2018 2017
1547 3d8solid 0 1746 1747 1763 1762 2002 2003 2019 2018
1548 3d8solid 0 1747 1748 1764 1763 2003 2004 2020 2019
1549 3d8solid 0 1748 1749 1765 1764 2004 2005 2021 2020
1550 3d8solid 0 1749 1750 1766 1765 2005 2006 2022 2021
1551 3d8solid 0 1750 1751 1767 1766 2006 2007 2023 2022
1552 3d8solid 0 1751 1752 1768 1767 2007 2008 2024 2023
1553 3d8solid 0 1752 1753 1769 1768 2008 2009 2025 2024
1554 3d8solid 0 1753 1754 1770 1769 2009 2010 2026 2025
1555 3d8solid 0 1754 1755 1771 1770 2010 2011 2027 2026
1556 3d8solid 0 1755 1756 1772 1771 2011 2012 2028 2027
1557 3d8solid 0 1756 1757 1773 1772 2012 2013 2029 2028
1558 3d8solid 0 1757 1758 1774 1773 2013 2014 2030 2029
1559 3d8solid 0 1758 1759 1775 1774 2014 2015 2031 2030
1560 3d8solid 0 1760 1761 1777 1776 2016 2017 2033 2032
1561 3d8solid 0 1761 1762 1778 1777 2017 2018 2034 2033
1562 3d8solid 0 1762 1763 1779 1778 2018 2019 2035 2034
1563 3d8solid 0 1763 1764 1780 1779 2019 2020 2036 2035
1564 3d8solid 0 1764 1765 1781 1780 2020 2021 2037 2036
1565 3d8solid 0 1765 1766 1782 1781 2021 2022 2038 2037
1566 3d8solid 0 1766 1767 1783 1782 2022 2023 2039 2038
1567 3d8solid 0 1767 1768 1784 1783 2023 2024 2040 2039
1568 3d8solid 0 1768 1769 1785 1784 2024 2025 2041 2040
1569 3d8solid 0 1769 1770 1786 1785 2025 2026 2042 2041
1570 3d8solid 0 1770 1771 1787 1786 2026 2027 2043 2042
1571 3d8solid 0 1771 1772 1788 1787 2027 2028 2044 2043
1572 3d8solid 0 1772 1773 1789 1788 2028 2029 2045 2044
1573 3d8solid 0 1773 1774 1790 1789 2029 2030 2046 2045
1574 3d8solid 0 1774 1775 1791 1790 2030 2031 2047 2046
1575 3d8solid 0 1792 1793 1809 1808 2048 2049 2065 2064
1576 3d8solid 0 1793 1794 1810 1809 2049 2050 2066 2065
1577 3d8solid 0 1794 1795 1811 1810 2050 2051 2067 2066
1578 3d8solid 0 1795 1796 1812 1811 2051 2052 2068 2067
1579 3d8solid 0 1796 1797 1813 1812 2052 2053 2069 2068
1580 3d8solid 0 1797 1798 1814 1813 2053 2054 2070 2069
1581 3d8solid 0 1798 1799 1815 1814 2054 2055 2071 2070
1582 3d8solid 0 1799 1800 1816 1815 2055 2056 2072 2071
1583 3d8solid 0 1800 1801 1817 1816 2056 2057 2073 2072
1584 3d8solid 0 1801 1802 1818 1817 2057 2058 2074 2073
1585 3d8solid 0 1802 1803 1819 1818 2058 2059 2075 2074
1586 3d8solid 0 1803 1804 1820 1819 2059 2060 2076 2075
1587 3d8solid 0 1804 1805 1821 1820 2060 2061 2077 2076
1588 3d8solid 0 1805 1806 1822 1821 2061 2062 2078 2077
1589 3d8solid 0 1806 1807 1823 1822 2062 2063 2079 2078
1590 3d8solid 0 1808 1809 1825 1824 2064 2065 2081 2080
1591 3d8solid 0 1809 1810 1826 1825 2065 2066 2082 2081
1592 3d8solid 0 1810 1811 1827 1826 2066 2067 2083 2082
1593 3d8solid 0 1811 1812 1828 1827 2067 2068 2084 2083
1594 3d8solid 0 1812 1813 1829 1828 2068 2069 2085 2084
1595 3d8solid 0 1813 1814 1830 1829 2069 2070 2086 2085
1596 3d8solid 0 1814 1815 1831 1830 2070 2071 2087 2086
1597 3d8solid 0 1815 1816 1832 1831 2071 2072 2088 2087
1598 3d8solid 0 1816 1817 1833 1832 2072 2073 2089 2088
1599 3d8solid 0 1817 1818 1834 1833 2073 2074 2090 2089
1600 3d8solid 0 1818 1819 1835 1834 2074 2075 2091 2090
1601 3d8solid 0 1819 1820 1836 1835 2075 2076 2092 2091
1602 3d8solid 0 1820 1821 1837 1836 2076 2077 2093 2092
1603 3d8solid 0 1821 1822 1838 1837 2077 2078 2094 2093
1604 3d8solid 0 1822 1823 1839 1838 2078 2079 2095 2094
1605 3d8solid 0 1824 1825 1841 1840 2080 2081 2097 2096
1606 3d8solid 0 1825 1826 1842 1841 2081 2082 2098 2097
1607 3d8solid 0 1826 1827 1843 1842 2082 2083 2099 2098
1608 3d8solid 0 1827 1828 1844 1843 2083 2084 2100 2099
1609 3d8solid 0 1828 1829 1845 1844 2084 2085 2101 2100
1610 3d8solid 0 1829 1830 1846 1845 2085 2086 2102 2101
1611 3d8solid 0 1830 1831 1847 1846 2086 2087 2103 2102
1612 3d8solid 0 1831 1832 1848 1847 2087 2088 2104 2103
1613 3d8solid 0 1832 1833 1849 1848 2088 2089 2105 2104
1614 3d8solid 0 1833 1834 1850 1849 2089 2090 2106 2105
1615 3d8solid 0 1834 1835 1851 1850 2090 2091 2107 2106
1616 3d8solid 0 1835 1836 1852 1851 2091 2092 2108 2107
1617 3d8solid 0 1836 1837 1853 1852 2092 2093 2109 2108
1618 3d8solid 0 1837 1838 1854 1853 2093 2094 2110 2109
1619 3d8solid 0 1838 1839 1855 1854 2094 2095 2111 2110
1620 3d8solid 0 1840 1841 1857 1856 2096 2097 2113 2112
1621 3d8solid 0 1841 1842 1858 1857 2097 2098 2114 2113
1622 3d8solid 0 1842 1843 1859 1858 2098 2099 2115 2114
1623 3d8solid 0 1843 1844 1860 1859 2099 2100 2116 2115
1624 3d8solid 0 1844 1845 1861 1860 2100 2101 2117 2116
1625 3d8solid 0 1845 1846 1862 1861 2101 2102 2118 2117
1626 3d8solid 0 1846 1847 1863 1862 2102 2103 2119 2118
1627 3d8solid 0 1847 1848 1864 1863 2103 2104 2120 2119
1628 3d8solid 0 1848 1849 1865 1864 2104 2105 2121 2120
1629 3d8solid 0 1849 1850 1866 1865 2105 2106 2122 2121
1630 3d8solid 0 1850 1851 1867 1866 2106 2107 2123 2122
1631 3d8solid 0 1851 1852 1868 1867 2107 2108 2124 2123
1632 3d8solid 0 1852 1853 1869 1868 2108 2109 2125 2124
1633 3d8solid 0 1853 1854 1870 1869 2109 2110 2126 2125
1634 3d8solid 0 1854 1855 1871 1870 2110 2111 2127 2126
1635 3d8solid 0 1856 1857 1873 1872 2112 2113 2129 2128
1636 3d8solid 0 1857 1858 1874 1873 2113 2114 2130 2129
1637 3d8solid 0 1858 1859 1875 1874 2114 2115 2131 2130
1638 3d8solid 0 1859 1860 1876 1875 2115 2116 2132 2131
1639 3d8solid 0 1860 1861 1877 1876 2116 2117 2133 2132
1640 3d8solid 0 1861 1862 1878 1877 2117 2118 2134 2133
1641 3d8solid 0 1862 1863 1879 1878 2118 2119 2135 2134
1642 3d8solid 0 1863 1864 1880 1879 2119 2120 2136 2135
1643 3d8solid 0 1864 1865 1881 1880 2120 2121 2137 2136
1644 3d8solid 0 1865 1866 1882 1881 2121 2122 2138 2137
1645 3d8solid 0 1866 1867 1883 1882 2122 2123 2139 2138
1646 3d8solid 0 1867 1868 1884 1883 2123 2124 2140 2139
1647 3d8solid 0 1868 1869 1885 1884 2124 2125 2141 2140
1648 3d8solid 0 1869 1870 1886 1885 2125 2126 2142 2141
1649 3d8solid 0 1870 1871 1887 1886 2126 2127 2143 2142
1650 3d8solid 0 1872 1873 1889 1888 2128 2129 2145 2144
1651 3d8solid 0 1873 1874 1890 1889 2129 2130 2146 2145
1652 3d8solid 0 1874 1875 1891 1890 2130 2131 2147 2146
1653 3d8solid 0 1875 1876 1892 1891 2131 2132 2148 2147
1654 3d8solid 0 1876 1877 1893 1892 2132 2133 2149 2148
1655 3d8solid 0 1877 1878 1894 1893 2133 2134 2150 2149
1656 3d8solid 0 1878 1879 1895 1894 2134 2135 2151 2150
1657 3d8solid 0 1879 1880 1896 1895 2135 2136 2152 2151
1658 3d8solid 0 1880 1881 1897 1896 2136 2137 2153 2152
1659 3d8solid 0 1881 1882 1898 1897 2137 2138 2154 2153
1660 3d8solid 0 1882 1883 1899 1898 2138 2139 2155 2154
1661 3d8solid 0 1883 1884 1900 1899 2139 2140 2156 2155
1662 3d8solid 0 1884 1885 1901 1900 2140 2141 2157 2156
1663 3d8solid 0 1885 1886 1902 1901 2141 2142 2158 2157
1664 3d8solid 0 1886 1887 1903 1902 2142 2143 2159 2158
1665 3d8solid 0 1888 1889 1905 1904 2144 2145 2161 2160
1666 3d8solid 0 1889 1890 1906 1905 2145 2146 2162 2161
1667 3d8solid 0 1890 1891 1907 1906 2146 2147 2163 2162
1668 3d8solid 0 1891 1892 1908 1907 2147 2148 2164 2163
1669 3d8solid 0 1892 1893 1909 1908 2148 2149 2165 2164
1670 3d8solid 0 1893 1894 1910 1909 2149 2150 2166 2165
1671 3d8solid 0 1894 1895 1911 1910 2150 2151 2167 2166
1672 3d8solid 0 1895 1896 1912 1911 2151 2152 2168 2167
1673 3d8solid 0 1896 1897 1913 1912 2152 2153 2169 2168
1674 3d8solid 0 1897 1898 1914 1913 2153 2154 2170 2169
1675 3d8solid 0 1898 1899 1915 1914 2154 2155 2171 2170
1676 3d8solid 0 1899 1900 1916 1915 2155 2156 2172 2171
1677 3d8solid 0 1900 1901 1917 1916 2156 2157 2173 2172
1678 3d8solid 0 1901 1902 1918 1917 2157 2158 2174 2173
1679 3d8solid 0 1902 1903 1919 1918 2158 2159 2175 2174
1680 3d8solid 0 1904 1905 1921 1920 2160 2161 2177 2176
1681 3d8solid 0 1905 1906 1922 1921 2161 2162 2178 2177
1682 3d8solid 0 1906 1907 1923 1922 2162 2163 2179 2178
1683 3d8solid 0 1907 1908 1924 1923 2163 2164 2180 2179
1684 3d8solid 0 1908 1909 1925 1924 2164 2165 2181 2180
1685 3d8solid 0 1909 1910 1926 1925 2165 2166 2182 2181
1686 3d8solid 0 1910 1911 1927 1926 2166 2167 2183 2182
1687 3d8solid 0 1911 1912 1928 1927 2167 2168 2184 2183
1688 3d8solid 0 1912 1913 1929 1928 2168 2169 2185 2184
1689 3d8solid 0 1913 1914 1930 1929 2169 2170 2186 2185
1690 3d8solid 0 1914 1915 1931 1930 2170 2171 2187 2186
1691 3d8solid 0 1915 1916 1932 1931 2171 2172 2188 2187
1692 3d8solid 0 1916 1917 1933 1932 2172 2173 2189 2188
1693 3d8solid 0 1917 1918 1934 1933 2173 2174 2190 2189
1694 3d8solid 0 1918 1919 1935 1934 2174 2175 2191 2190
1695 3d8solid 0 1920 1921 1937 1936 2176 2177 2193 2192
1696 3d8solid 0 1921 1922 1938 1937 2177 2178 2194 2193
1697 3d8solid 0 1922 1923 1939 1938 2178 2179 2195 2194
1698 3d8solid 0 1923 1924 1940 1939 2179 2180 2196 2195
1699 3d8solid 0 1924 1925 1941 1940 2180 2181 2197 2196
1700 3d8solid 0 1925 1926 1942 1941 2181 2182 2198 2197
1701 3d8solid 0 1926 1927 1943 1942 2182 2183 2199 2198
1702 3d8solid 0 1927 1928 1944 1943 2183 2184 2200 2199
1703 3d8solid 0 1928 1929 1945 1944 2184 2185 2201 2200
1704 3d8solid 0 1929 1930 1946 1945 2185 2186 2202 2201
1705 3d8solid 0 1930 1931 1947 1946 2186 2187 2203 2202
1706 3d8solid 0 1931 1932 1948 1947 2187 2188 2204 2203
1707 3d8solid 0 1932 1933 1949 1948 2188 2189 2205 2204
1708 3d8solid 0 1933 1934 1950 1949 2189 2190 2206 2205
1709 3d8solid 0 1934 1935 1951 1950 2190 2191 2207 2206
1710 3d8solid 0 1936 1937 1953 1952 2192 2193 2209 2208
1711 3d8solid 0 1937 1938 1954 1953 2193 2194 2210 2209
1712 3d8solid 0 1938 1939 1955 1954 2194 2195 2211 2210
1713 3d8solid 0 1939 1940 1956 1955 2195 2196 2212 2211
1714 3d8solid 0 1940 1941 1957 1956 2196 2197 2213 2212
1715 3d8solid 0 1941 1942 1958 1957 2197 2198 2214 2213
1716 3d8solid 0 1942 1943 1959 1958 2198 2199 2215 2214
1717 3d8solid 0 1943 1944 1960 1959 2199 2200 2216 2215
1718 3d8solid 0 1944 1945 1961 1960 2200 2201 2217 2216
1719 3d8solid 0 1945 1946 1962 1961 2201 2202 2218 2217
1720 3d8solid 0 1946 1947 1963 1962 2202 2203 2219 2218
1721 3d8solid 0 1947 1948 1964 1963 2203 2204 2220 2219
1722 3d8solid 0 1948 1949 1965 1964 2204 2205 2221 2220
1723 3d8solid 0 1949 1950 1966 1965 2205 2206 2222 2221
1724 3d8solid 0 1950 1951 1967 1966 2206 2207 2223 2222
1725 3d8solid 0 1952 1953 1969 1968 2208 2209 2225 2224
1726 3d8solid 0 1953 1954 1970 1969 2209 2210 2226 2225
1727 3d8solid 0 1954 1955 1971 1970 2210 2211 2227 2226
1728 3d8solid 0 1955 1956 1972 1971 2211 2212 2228 2227
1729 3d8solid 0 1956 1957 1973 1972 2212 2213 2229 2228
1730 3d8solid 0 1957 1958 1974 1973 2213 2214 2230 2229
1731 3d8solid 0 1958 1959 1975 1974 2214 2215 2231 2230
1732 3d8solid 0 1959 1960 1976 1975 2215 2216 2232 2231
1733 3d8solid 0 1960 1961 1977 1976 2216 2217 2233 2232
1734 3d8solid 0 1961 1962 1978 1977 2217 2218 2234 2233
1735 3d8solid 0 1962 1963 1979 1978 2218 2219 2235 2234
1736 3d8solid 0 1963 1964 1980 1979 2219 2220 2236 2235
1737 3d8solid 0 1964 1965 1981 1980 2220 2221 2237 2236
1738 3d8solid 0 1965 1966 1982 1981 2221 2222 2238 2237
1739 3d8solid 0 1966 1967 1983 1982 2222 2223 2239 2238
1740 3d8solid 0 1968 1969 1985 1984 2224 2225 2241 2240
1741 3d8solid 0 1969 1970 1986 1985 2225 2226 2242 2241
1742 3d8solid 0 1970 1971 1987 1986 2226 2227 2243 2242
1743 3d8solid 0 1971 1972 1988 1987 2227 2228 2244 2243
1744 3d8solid 0 1972 1973 1989 1988 2228 2229 2245 2244
1745 3d8solid 0 1973 1974 1990 1989 2229 2230 2246 2245
1746 3d8solid 0 1974 1975 1991 1990 2230 2231 2247 2246
1747 3d8solid 0 1975 1976 1992 1991 2231 2232 2248 2247
1748 3d8solid 0 1976 1977 1993 1992 2232 2233 2249 2248
1749 3d8solid 0 1977 1978 1994 1993 2233 2234 2250 2249
1750 3d8solid 0 1978 1979 1995 1994 2234 2235 2251 2250
1751 3d8solid 0 1979 1980 1996 1995 2235 2236 2252 2251
1752 3d8solid 0 1980 1981 1997 1996 2236 2237 2253 2252
1753 3d8solid 0 1981 1982 1998 1997 2237 2238 2254 2253
1754 3d8solid 0 1982 1983 1999 1998 2238 2239 2255 2254
1755 3d8solid 0 1984 1985 2001 2000 2240 2241 2257 2256
1756 3d8solid 0 1985 1986 2002 2001 2241 2242 2258 2257
1757 3d8solid 0 1986 1987 2003 2002 2242 2243 2259 2258
1758 3d8solid 0 1987 1988 2004 2003 2243 2244 2260 2259
1759 3d8solid 0 1988 1989 2005 2004 2244 2245 2261 2260
1760 3d8solid 0 1989 1990 2006 2005 2245 2246 2262 2261
1761 3d8solid 0 1990 1991 2007 2006 2246 2247 2263 2262
1762 3d8solid 0 1991 1992 2008 2007 2247 2248 2264 2263
1763 3d8solid 0 1992 1993 2009 2008 2248 2249 2265 2264
1764 3d8solid 0 1993 1994 2010 2009 2249 2250 2266 2265
1765 3d8solid 0 1994 1995 2011 2010 2250 2251 2267 2266
1766 3d8solid 0 1995 1996 2012 2011 2251 2252 2268 2267
1767 3d8solid 0 1996 1997 2013 2012 2252 2253 2269 2268
1768 3d8solid 0 1997 1998 2014 2013 2253 2254 2270 2269
1769 3d8solid 0 1998 1999 2015 2014 2254 2255 2271 2270
1770 3d8solid 0 2000 2001 2017 2016 2256 2257 2273 2272
1771 3d8solid 0 2001 2002 2018 2017 2257 2258 2274 2273
1772 3d8solid 0 2002 2003 2019 2018 2258 2259 2275 2274
1773 3d8solid 0 2003 2004 2020 2019 2259 2260 2276 2275
1774 3d8solid 0 2004 2005 2021 2020 2260 2261 2277 2276
1775 3d8solid 0 2005 2006 2022 2021 2261 2262 2278 2277
1776 3d8solid 0 2006 2007 2023 2022 2262 2263 2279 2278
1777 3d8solid 0 2007 2008 2024 2023 2263 2264 2280 2279
1778 3d8solid 0 2008 2009 2025 2024 2264 2265 2281 2280
1779 3d8solid 0 2009 2010 2026 2025 2265 2266 2282 2281
1780 3d8solid 0 2010 2011 2027 2026 2266 2267 2283 2282
1781 3d8solid 0 2011 2012 2028 2027 2267 2268 2284 2283
1782 3d8solid 0 2012 2013 2029 2028 2268 2269 2285 2284
1783 3d8solid 0 2013 2014 2030 2029 2269 2270 2286 2285
1784 3d8solid 0 2014 2015 2031 2030 2270 2271 2287 2286
1785 3d8solid 0 2016 2017 2033 2032 2272 2273 2289 2288
1786 3d8solid 0 2017 2018 2034 2033 2273 2274 2290 2289
1787 3d8solid 0 2018 2019 2035 2034 2274 2275 2291 2290
1788 3d8solid 0 2019 2020 2036 2035 2275 2276 2292 2291
1789 3d8solid 0 2020 2021 2037 2036 2276 2277 2293 2292
1790 3d8solid 0 2021 2022 2038 2037 2277 2278 2294 2293
1791 3d8solid 0 2022 2023 2039 2038 2278 2279 2295 2294
1792 3d8solid 0 2023 2024 2040 2039 2279 2280 2296 2295
1793 3d8solid 0 2024 2025 2041 2040 2280 2281 2297 2296
1794 3d8solid 0 2025 2026 2042 2041 2281 2282 2298 2297
1795 3d8solid 0 2026 2027 2043 2042 2282 2283 2299 2298
1796 3d8solid 0 2027 2028 2044 2043 2283 2284 2300 2299
1797 3d8solid 0 2028 2029 2045 2044 2284 2285 2301 2300
1798 3d8solid 0 2029 2030 2046 2045 2285 2286 2302 2301
1799 3d8solid 0 2030 2031 2047 2046 2286 2287 2303 2302
1800 3d8solid 0 2048 2049 2065 2064 2304 2305 2321 2320
1801 3d8solid 0 2049 2050 2066 2065 2305 2306 2322 2321
1802 3d8solid 0 2050 2051 2067 2066 2306 2307 2323 2322
1803 3d8solid 0 2051 2052 2068 2067 2307 2308 2324 2323
1804 3d8solid 0 2052 2053 2069 2068 2308 2309 2325 2324
1805 3d8solid 0 2053 2054 2070 2069 2309 2310 2326 2325
1806 3d8solid 0 2054 2055 2071 2070 2310 2311 2327 2326
1807 3d8solid 0 2055 2056 2072 2071 2311 2312 2328 2327
1808 3d8solid 0 2056 2057 2073 2072 2312 2313 2329 2328
1809 3d8solid 0 2057 2058 2074 2073 2313 2314 2330 2329
1810 3d8solid 0 2058 2059 2075 2074 2314 2315 2331 2330
1811 3d8solid 0 2059 2060 2076 2075 2315 2316 2332 2331
1812 3d8solid 0 2060 2061 2077 2076 2316 2317 2333 2332
1813 3d8solid 0 2061 2062 2078 2077 2317 2318 2334 2333
1814 3d8solid 0 2062 2063 2079 2078 2318 2319 2335 2334
1815 3d8solid 0 2064 2065 2081 2080 2320 2321 2337 2336
1816 3d8solid 0 2065 2066 2082 2081 2321 2322 2338 2337
1817 3d8solid 0 2066 2067 2083 2082 2322 2323 2339 2338
1818 3d8solid 0 2067 2068 2084 2083 2323 2324 2340 2339
1819 3d8solid 0 2068 2069 2085 2084 2324 2325 2341 2340
1820 3d8solid 0 2069 2070 2086 2085 2325 2326 2342 2341
1821 3d8solid 0 2070 2071 2087 2086 2326 2327 2343 2342
1822 3d8solid 0 2071 2072 2088 2087 2327 2328 2344 2343
1823 3d8solid 0 2072 2073 2089 2088 2328 2329 2345 2344
1824 3d8solid 0 2073 2074 2090 2089 2329 2330 2346 2345
1825 3d8solid 0 2074 2075 2091 2090 2330 2331 2347 2346
1826 3d8solid 0 2075 2076 2092 2091 2331 2332 2348 2347
1827 3d8solid 0 2076 2077 2093 2092 2332 2333 2349 2348
1828 3d8solid 0 2077 2078 2094 2093 2333 2334 2350 2349
1829 3d8solid 0 2078 2079 2095 2094 2334 2335 2351 2350
1830 3d8solid 0 2080 2081 2097 2096 2336 2337 2353 2352
1831 3d8solid 0 2081 2082 2098 2097 2337 2338 2354 2353
1832 3d8solid 0 2082 2083 2099 2098 2338 2339 2355 2354
1833 3d8solid 0 2083 2084 2100 2099 2339 2340 2356 2355
1834 3d8solid 0 2084 2085 2101 2100 2340 2341 2357 2356
1835 3d8solid 0 2085 2086 2102 2101 2341 2342 2358 2357
1836 3d8solid 0 2086 2087 2103 2102 2342 2343 2359 2358
1837 3d8solid 0 2087 2088 2104 2103 2343 2344 2360 2359
1838 3d8solid 0 2088 2089 2105 2104 2344 2345 2361 2360
1839 3d8solid 0 2089 2090 2106 2105 2345 2346 2362 2361
1840 3d8solid 0 2090 2091 2107 2106 2346 2347 2363 2362
1841 3d8solid 0 2091 2092 2108 2107 2347 2348 2364 2363
1842 3d8solid 0 2092 2093 2109 2108 2348 2349 2365 2364
1843 3d8solid 0 2093 2094 2110 2109 2349 2350 2366 2365
1844 3d8solid 0 2094 2095 2111 2110 2350 2351 2367 2366
1845 3d8solid 0 2096 2097 2113 2112 2352 2353 2369 2368
1846 3d8solid 0 2097 2098 2114 2113 2353 2354 2370 2369
1847 3d8solid 0 2098 2099 2115 2114 2354 2355 2371 2370
1848 3d8solid 0 2099 2100 2116 2115 2355 2356 2372 2371
1849 3d8solid 0 2100 2101 2117 2116 2356 2357 2373 2372
1850 3d8solid 0 2101 2102 2118 2117 2357 2358 2374 2373
1851 3d8solid 0 2102 2103 2119 2118 2358 2359 2375 2374
1852 3d8solid 0 2103 2104 2120 2119 2359 2360 2376 2375
1853 3d8solid 0 2104 2105 2121 2120 2360 2361 2377 2376
1854 3d8solid 0 2105 2106 2122 2121 2361 2362 2378 2377
1855 3d8solid 0 2106 2107 2123 2122 2362 2363 2379 2378
1856 3d8solid 0 2107 2108 2124 2123 2363 2364 2380 2379
1857 3d8solid 0 2108 2109 2125 2124 2364 2365 2381 2380
1858 3d8solid 0 2109 2110 2126 2125 2365 2366 2382 2381
1859 3d8solid 0 2110 2111 2127 2126 2366 2367 2383 2382
1860 3d8solid 0 2112 2113 2129 2128 2368 2369 2385 2384
1861 3d8solid 0 2113 2114 2130 2129 2369 2370 2386 2385
1862 3d8solid 0 2114 2115 2131 2130 2370 2371 2387 2386
1863 3d8solid 0 2115 2116 2132 2131 2371 2372 2388 2387
1864 3d8solid 0 2116 2117 2133 2132 2372 2373 2389 2388
1865 3d8solid 0 2117 2118 2134 2133 2373 2374 2390 2389
1866 3d8solid 0 2118 2119 2135 2134 2374 2375 2391 2390
1867 3d8solid 0 2119 2120 2136 2135 2375 2376 2392 2391
1868 3d8solid 0 2120 2121 2137 2136 2376 2377 2393 2392
1869 3d8solid 0 2121 2122 2138 2137 2377 2378 2394 2393
1870 3d8solid 0 2122 2123 2139 2138 2378 2379 2395 2394
1871 3d8solid 0 2123 2124 2140 2139 2379 2380 2396 2395
1872 3d8solid 0 2124 2125 2141 2140 2380 2381 2397 2396
1873 3d8solid 0 2125 2126 2142 2141 2381 2382 2398 2397
1874 3d8solid 0 2126 2127 2143 2142 2382 2383 2399 2398
1875 3d8solid 0 2128 2129 2145 2144 2384 2385 2401 2400
1876 3d8solid 0 2129 2130 2146 2145 2385 2386 2402 2401
1877 3d8solid 0 2130 2131 2147 2146 2386 2387 2403 2402
1878 3d8solid 0 2131 2132 2148 2147 2387 2388 2404 2403
1879 3d8solid 0 2132 2133 2149 2148 2388 2389 2405 2404
1880 3d8solid 0 2133 2134 2150 2149 2389 2390 2406 2405
1881 3d8solid 0 2134 2135 2151 2150 2390 2391 2407 2406
1882 3d8solid 0 2135 2136 2152 2151 2391 2392 2408 2407
1883 3d8solid 0 2136 2137 2153 2152 2392 2393 2409 2408
1884 3d8solid 0 2137 2138 2154 2153 2393 2394 2410 2409
1885 3d8solid 0 2138 2139 2155 2154 2394 2395 2411 2410
1886 3d8solid 0 2139 2140 2156 2155 2395 2396 2412 2411
1887 3d8solid 0 2140 2141 2157 2156 2396 2397 2413 2412
1888 3d8solid 0 2141 2142 2158 2157 2397 2398 2414 2413
1889 3d8solid 0 2142 2143 2159 2158 2398 2399 2415 2414
1890 3d8solid 0 2144 2145 2161 2160 2400 2401 2417 2416
1891 3d8solid 0 2145 2146 2162 2161 2401 2402 2418 2417
1892 3d8solid 0 2146 2147 2163 2162 2402 2403 2419 2418
1893 3d8solid 0 2147 2148 2164 2163 2403 2404 2420 2419
1894 3d8solid 0 2148 2149 2165 2164 2404 2405 2421 2420
1895 3d8solid 0 2149 2150 2166 2165 2405 2406 2422 2421
1896 3d8solid 0 2150 2151 2167 2166 2406 2407 2423 2422
1897 3d8solid 0 2151 2152 2168 2167 2407 2408 2424 2423
1898 3d8solid 0 2152 2153 2169 2168 2408 2409 2425 2424
1899 3d8solid 0 2153 2154 2170 2169 2409 2410 2426 2425
1900 3d8solid 0 2154 2155 2171 2170 2410 2411 2427 2426
1901 3d8solid 0 2155 2156 2172 2171 2411 2412 2428 2427
1902 3d8solid 0 2156 2157 2173 2172 2412 2413 2429 2428
1903 3d8solid 0 2157 2158 2174 2173 2413 2414 2430 2429
1904 3d8solid 0 2158 2159 2175 2174 2414 2415 2431 2430
1905 3d8solid 0 2160 2161 2177 2176 2416 2417 2433 2432
1906 3d8solid 0 2161 2162 2178 2177 2417 2418 2434 2433
1907 3d8solid 0 2162 2163 2179 2178 2418 2419 2435 2434
1908 3d8solid 0 2163 2164 2180 2179 2419 2420 2436 2435
1909 3d8solid 0 2164 2165 2181 2180 2420 2421 2437 2436
1910 3d8solid 0 2165 2166 2182 2181 2421 2422 2438 2437
1911 3d8solid 0 2166 2167 2183 2182 2422 2423 2439 2438
1912 3d8solid 0 2167 2168 2184 2183 2423 2424 2440 2439
1913 3d8solid 0 2168 2169 2185 2184 2424 2425 2441 2440
1914 3d8solid 0 2169 2170 2186 2185 2425 2426 2442 2441
1915 3d8solid 0 2170 2171 2187 2186 2426 2427 2443 2442
1916 3d8solid 0 2171 2172 2188 2187 2427 2428 2444 2443
1917 3d8solid 0 2172 2173 2189 2188 2428 2429 2445 2444
1918 3d8solid 0 2173 2174 2190 2189 2429 2430 2446 2445
1919 3d8solid 0 2174 2175 2191 2190 2430 2431 2447 2446
1920 3d8solid 0 2176 2177 2193 2192 2432 2433 2449 2448
1921 3d8solid 0 2177 2178 2194 2193 2433 2434 2450 2449
1922 3d8solid 0 2178 2179 2195 2194 2434 2435 2451 2450
1923 3d8solid 0 2179 2180 2196 2195 2435 2436 2452 2451
1924 3d8solid 0 2180 2181 2197 2196 2436 2437 2453 2452
1925 3d8solid 0 2181 2182 2198 2197 2437 2438 2454 2453
1926 3d8solid 0 2182 2183 2199 2198 2438 2439 2455 2454
1927 3d8solid 0 2183 2184 2200 2199 2439 2440 2456 2455
1928 3d8solid 0 2184 2185 2201 2200 2440 2441 2457 2456
1929 3d8solid 0 2185 2186 2202 2201 2441 2442 2458 2457
1930 3d8solid 0 2186 2187 2203 2202 2442 2443 2459 2458
1931 3d8solid 0 2187 2188 2204 2203 2443 2444 2460 2459
1932 3d8solid 0 2188 2189 2205 2204 2444 2445 2461 2460
1933 3d8solid 0 2189 2190 2206 2205 2445 2446 2462 2461
1934 3d8solid 0 2190 2191 2207 2206 2446 2447 2463 2462
1935 3d8solid 0 2192 2193 2209 2208 2448 2449 2465 2464
1936 3d8solid 0 2193 2194 2210 2209 2449 2450 2466 2465
1937 3d8solid 0 2194 2195 2211 2210 2450 2451 2467 2466
1938 3d8solid 0 2195 2196 2212 2211 2451 2452 2468 2467
1939 3d8solid 0 2196 2197 2213 2212 2452 2453 2469 2468
1940 3d8solid 0 2197 2198 2214 2213 2453 2454 2470 2469
1941 3d8solid 0 2198 2199 2215 2214 2454 2455 2471 2470
1942 3d8solid 0 2199 2200 2216 2215 2455 2456 2472 2471
1943 3d8solid 0 2200 2201 2217 2216 2456 2457 2473 2472
1944 3d8solid 0 2201 2202 2218 2217 2457 2458 2474 2473
1945 3d8solid 0 2202 2203 2219 2218 2458 2459 2475 2474
1946 3d8solid 0 2203 2204 2220 2219 2459 2460 2476 2475
1947 3d8solid 0 2204 2205 2221 2220 2460 2461 2477 2476
1948 3d8solid 0 2205 2206 2222 2221 2461 2462 2478 2477
1949 3d8solid 0 2206 2207 2223 2222 2462 2463 2479 2478
1950 3d8solid 0 2208 2209 2225 2224 2464 2465 2481 2480
1951 3d8solid 0 2209 2210 2226 2225 2465 2466 2482 2481
1952 3d8solid 0 2210 2211 2227 2226 2466 2467 2483 2482
1953 3d8solid 0 2211 2212 2228 2227 2467 2468 2484 2483
1954 3d8solid 0 2212 2213 2229 2228 2468 2469 2485 2484
1955 3d8solid 0 2213 2214 2230 2229 2469 2470 2486 2485
1956 3d8solid 0 2214 2215 2231 2230 2470 2471 2487 2486
1957 3d8solid 0 2215 2216 2232 2231 2471 2472 2488 2487
1958 3d8solid 0 2216 2217 2233 2232 2472 2473 2489 2488
1959 3d8solid 0 2217 2218 2234 2233 2473 2474 2490 2489
1960 3d8solid 0 2218 2219 2235 2234 2474 2475 2491 2490
1961 3d8solid 0 2219 2220 2236 2235 2475 2476 2492 2491
1962 3d8solid 0 2220 2221 2237 2236 2476 2477 2493 2492
1963 3d8solid 0 2221 2222 2238 2237 2477 2478 2494 2493
1964 3d8solid 0 2222 2223 2239 2238 2478 2479 2495 2494
1965 3d8solid 0 2224 2225 2241 2240 2480 2481 2497 2496
1966 3d8solid 0 2225 2226 2242 2241 2481 2482 2498 2497
1967 3d8solid 0 2226 2227 2243 2242 2482 2483 2499 2498
1968 3d8solid 0 2227 2228 2244 2243 2483 2484 2500 2499
1969 3d8solid 0 2228 2229 2245 2244 2484 2485 2501 2500
1970 3d8solid 0 2229 2230 2246 2245 2485 2486 2502 2501
1971 3d8solid 0 2230 2231 2247 2246 2486 2487 2503 2502
1972 3d8solid 0 2231 2232 2248 2247 2487 2488 2504 2503
1973 3d8solid 0 2232 2233 2249 2248 2488 2489 2505 2504
1974 3d8solid 0 2233 2234 2250 2249 2489 2490 2506 2505
1975 3d8solid 0 2234 2235 2251 2250 2490 2491 2507 2506
1976 3d8solid 0 2235 2236 2252 2251 2491 2492 2508 2507
1977 3d8solid 0 2236 2237 2253 2252 2492 2493 2509 2508
1978 3d8solid 0 2237 2238 2254 2253 2493 2494 2510 2509
1979 3d8solid 0 2238 2239 2255 2254 2494 2495 2511 2510
1980 3d8solid 0 2240 2241 2257 2256 2496 2497 2513 2512
1981 3d8solid 0 2241 2242 2258 2257 2497 2498 2514 2513
1982 3d8solid 0 2242 2243 2259 2258 2498 2499 2515 2514
1983 3d8solid 0 2243 2244 2260 2259 2499 2500 2516 2515
1984 3d8solid 0 2244 2245 2261 2260 2500 2501 2517 2516
1985 3d8solid 0 2245 2246 2262 2261 2501 2502 2518 2517
1986 3d8solid 0 2246 2247 2263 2262 2502 2503 2519 2518
1987 3d8solid 0 2247 2248 2264 2263 2503 2504 2520 2519
1988 3d8solid 0 2248 2249 2265 2264 2504 2505 2521 2520
1989 3d8solid 0 2249 2250 2266 2265 2505 2506 2522 2521
1990 3d8solid 0 2250 2251 2267 2266 2506 2507 2523 2522
1991 3d8solid 0 2251 2252 2268 2267 2507 2508 2524 2523
1992 3d8solid 0 2252 2253 2269 2268 2508 2509 2525 2524
1993 3d8solid 0 2253 2254 2270 2269 2509 2510 2526 2525
1994 3d8solid 0 2254 2255 2271 2270 2510 2511 2527 2526
1995 3d8solid 0 2256 2257 2273 2272 2512 2513 2529 2528
1996 3d8solid 0 2257 2258 2274 2273 2513 2514 2530 2529
1997 3d8solid 0 2258 2259 2275 2274 2514 2515 2531 2530
1998 3d8solid 0 2259 2260 2276 2275 2515 2516 2532 2531
1999 3d8solid 0 2260 2261 2277 2276 2516 2517 2533 2532
2000 3d8solid 0 2261 2262 2278 2277 2517 2518 2534 2533
2001 3d8solid 0 2262 2263 2279 2278 2518 2519 2535 2534
2002 3d8solid 0 2263 2264 2280 2279 2519 2520 2536 2535
2003 3d8solid 0 2264 2265 2281 2280 2520 2521 2537 2536
2004 3d8solid 0 2265 2266 2282 2281 2521 2522 2538 2537
2005 3d8solid 0 2266 2267 2283 2282 2522 2523 2539 2538
2006 3d8solid 0 2267 2268 2284 2283 2523 2524 2540 2539
2007 3d8solid 0 2268 2269 2285 2284 2524 2525 2541 2540
2008 3d8solid 0 2269 2270 2286 2285 2525 2526 2542 2541
2009 3d8solid 0 2270 2271 2287 2286 2526 2527 2543 2542
2010 3d8solid 0 2272 2273 2289 2288 2528 2529 2545 2544
2011 3d8solid 0 2273 2274 2290 2289 2529 2530 2546 2545
2012 3d8solid 0 2274 2275 2291 2290 2530 2531 2547 2546
2013 3d8solid 0 2275 2276 2292 2291 2531 2532 2548 2547
2014 3d8solid 0 2276 2277 2293 2292 2532 2533 2549 2548
2015 3d8solid 0 2277 2278 2294 2293 2533 2534 2550 2549
2016 3d8solid 0 2278 2279 2295 2294 2534 2535 2551 2550
2017 3d8solid 0 2279 2280 2296 2295 2535 2536 2552 2551
2018 3d8solid 0 2280 2281 2297 2296 2536 2537 2553 2552
2019 3d8solid 0 2281 2282 2298 2297 2537 2538 2554 2553
2020 3d8solid 0 2282 2283 2299 2298 2538 2539 2555 2554
2021 3d8solid 0 2283 2284 2300 2299 2539 2540 2556 2555
2022 3d8solid 0 2284 2285 2301 2300 2540 2541 2557 2556
2023 3d8solid 0 2285 2286 2302 2301 2541 2542 2558 2557
2024 3d8solid 0 2286 2287 2303 2302 2542 2543 2559 2558
2025 3d8solid 0 2304 2305 2321 2320 2560 2561 2577 2576
2026 3d8solid 0 2305 2306 2322 2321 2561 2562 2578 2577
2027 3d8solid 0 2306 2307 2323 2322 2562 2563 2579 2578
2028 3d8solid 0 2307 2308 2324 2323 2563 2564 2580 2579
2029 3d8solid 0 2308 2309 2325 2324 2564 2565 2581 2580
2030 3d8solid 0 2309 2310 2326 2325 2565 2566 2582 2581
2031 3d8solid 0 2310 2311 2327 2326 2566 2567 2583 2582
2032 3d8solid 0 2311 2312 2328 2327 2567 2568 2584 2583
2033 3d8solid 0 2312 2313 2329 2328 2568 2569 2585 2584
2034 3d8solid 0 2313 2314 2330 2329 2569 2570 2586 2585
2035 3d8solid 0 2314 2315 2331 2330 2570 2571 2587 2586
2036 3d8solid 0 2315 2316 2332 2331 2571 2572 2588 2587
2037 3d8solid 0 2316 2317 2333 2332 2572 2573 2589 2588
2038 3d8solid 0 2317 2318 2334 2333 2573 2574 2590 2589
2039 3d8solid 0 2318 2319 2335 2334 2574 2575 2591 2590
2040 3d8solid 0 2320 2321 2337 2336 2576 2577 2593 2592
2041 3d8solid 0 2321 2322 2338 2337 2577 2578 2594 2593
2042 3d8solid 0 2322 2323 2339 2338 2578 2579 2595 2594
2043 3d8solid 0 2323 2324 2340 2339 2579 2580 2596 2595
2044 3d8solid 0 2324 2325 2341 2340 2580 2581 2597 2596
2045 3d8solid 0 2325 2326 2342 2341 2581 2582 2598 2597
2046 3d8solid 0 2326 2327 2343 2342 2582 2583 2599 2598
2047 3d8solid 0 2327 2328 2344 2343 2583 2584 2600 2599
2048 3d8solid 0 2328 2329 2345 2344 2584 2585 2601 2600
2049 3d8solid 0 2329 2330 2346 2345 2585 2586 2602 2601
2050 3d8solid 0 2330 2331 2347 2346 2586 2587 2603 2602
2051 3d8solid 0 2331 2332 2348 2347 2587 2588 2604 2603
2052 3d8solid 0 2332 2333 2349 2348 2588 2589 2605 2604
2053 3d8solid 0 2333 2334 2350 2349 2589 2590 2606 2605
2054 3d8solid 0 2334 2335 2351 2350 2590 2591 2607 2606
2055 3d8solid 0 2336 2337 2353 2352 2592 2593 2609 2608
2056 3d8solid 0 2337 2338 2354 2353 2593 2594 2610 2609
2057 3d8solid 0 2338 2339 2355 2354 2594 2595 2611 2610
2058 3d8solid 0 2339 2340 2356 2355 2595 2596 2612 2611
2059 3d8solid 0 2340 2341 2357 2356 2596 2597 2613 2612
2060 3d8solid 0 2341 2342 2358 2357 2597 2598 2614 2613
2061 3d8solid 0 2342 2343 2359 2358 2598 2599 2615 2614
2062 3d8solid 0 2343 2344 2360 2359 2599 2600 2616 2615
2063 3d8solid 0 2344 2345 2361 2360 2600 2601 2617 2616
2064 3d8solid 0 2345 2346 2362 2361 2601 2602 2618 2617
2065 3d8solid 0 2346 2347 2363 2362 2602 2603 2619 2618
2066 3d8solid 0 2347 2348 2364 2363 2603 2604 2620 2619
2067 3d8solid 0 2348 2349 2365 2364 2604 2605 2621 2620
2068 3d8solid 0 2349 2350 2366 2365 2605 2606 2622 2621
2069 3d8solid 0 2350 2351 2367 2366 2606 2607 2623 2622
2070 3d8solid 0 2352 2353 2369 2368 2608 2609 2625 2624
2071 3d8solid 0 2353 2354 2370 2369 2609 2610 2626 2625
2072 3d8solid 0 2354 2355 2371 2370 2610 2611 2627 2626
2073 3d8solid 0 2355 2356 2372 2371 2611 2612 2628 2627
2074 3d8solid 0 2356 2357 2373 2372 2612 2613 2629 2628
2075 3d8solid 0 2357 2358 2374 2373 2613 2614 2630 2629
2076 3d8solid 0 2358 2359 2375 2374 2614 2615 2631 2630
2077 3d8solid 0 2359 2360 2376 2375 2615 2616 2632 2631
2078 3d8solid 0 2360 2361 2377 2376 2616 2617 2633 2632
2079 3d8solid 0 2361 2362 2378 2377 2617 2618 2634 2633
2080 3d8solid 0 2362 2363 2379 2378 2618 2619 2635 2634
2081 3d8solid 0 2363 2364 2380 2379 2619 2620 2636 2635
2082 3d8solid 0 2364 2365 2381 2380 2620 2621 2637 2636
2083 3d8solid 0 2365 2366 2382 2381 2621 2622 2638 2637
2084 3d8solid 0 2366 2367 2383 2382 2622 2623 2639 2638
2085 3d8solid 0 2368 2369 2385 2384 2624 2625 2641 2640
2086 3d8solid 0 2369 2370 2386 2385 2625 2626 2642 2641
2087 3d8solid 0 2370 2371 2387 2386 2626 2627 2643 2642
2088 3d8solid 0 2371 2372 2388 2387 2627 2628 2644 2643
2089 3d8solid 0 2372 2373 2389 2388 2628 2629 2645 2644
2090 3d8solid 0 2373 2374 2390 2389 2629 2630 2646 2645
2091 3d8solid 0 2374 2375 2391 2390 2630 2631 2647 2646
2092 3d8solid 0 2375 2376 2392 2391 2631 2632 2648 2647
2093 3d8solid 0 2376 2377 2393 2392 2632 2633 2649 2648
2094 3d8solid 0 2377 2378 2394 2393 2633 2634 2650 2649
2095 3d8solid 0 2378 2379 2395 2394 2634 2635 2651 2650
2096 3d8solid 0 2379 2380 2396 2395 2635 2636 2652 2651
2097 3d8solid 0 2380 2381 2397 2396 2636 2637 2653 2652
2098 3d8solid 0 2381 2382 2398 2397 2637 2638 2654 2653
2099 3d8solid 0 2382 2383 2399 2398 2638 2639 2655 2654
2100 3d8solid 0 2384 2385 2401 2400 2640 2641 2657 2656
2101 3d8solid 0 2385 2386 2402 2401 2641 2642 2658 2657
2102 3d8solid 0 2386 2387 2403 2402 2642 2643 2659 2658
2103 3d8solid 0 2387 2388 2404 2403 2643 2644 2660 2659
2104 3d8solid 0 2388 2389 2405 2404 2644 2645 2661 2660
2105 3d8solid 0 2389 2390 2406 2405 2645 2646 2662 2661
2106 3d8solid 0 2390 2391 2407 2406 2646 2647 2663 2662
2107 3d8solid 0 2391 2392 2408 2407 2647 2648 2664 2663
2108 3d8solid 0 2392 2393 2409 2408 2648 2649 2665 2664
2109 3d8solid 0 2393 2394 2410 2409 2649 2650 2666 2665
2110 3d8solid 0 2394 2395 2411 2410 2650 2651 2667 2666
2111 3d8solid 0 2395 2396 2412 2411 2651 2652 2668 2667
2112 3d8solid 0 2396 2397 2413 2412 2652 2653 2669 2668
2113 3d8solid 0 2397 2398 2414 2413 2653 2654 2670 2669
2114 3d8solid 0 2398 2399 2415 2414 2654 2655 2671 2670
2115 3d8solid 0 2400 2401 2417 2416 2656 2657 2673 2672
2116 3d8solid 0 2401 2402 2418 2417 2657 2658 2674 2673
2117 3d8solid 0 2402 2403 2419 2418 2658 2659 2675 2674
2118 3d8solid 0 2403 2404 2420 2419 2659 2660 2676 2675
2119 3d8solid 0 2404 2405 2421 2420 2660 2661 2677 2676
2120 3d8solid 0 2405 2406 2422 2421 2661 2662 2678 2677
2121 3d8solid 0 2406 2407 2423 2422 2662 2663 2679 2678
2122 3d8solid 0 2407 2408 2424 2423 2663 2664 2680 2679
2123 3d8solid 0 2408 2409 2425 2424 2664 2665 2681 2680
2124 3d8solid 0 2409 2410 2426 2425 2665 2666 2682 2681
2125 3d8solid 0 2410 2411 2427 2426 2666 2667 2683 2682
2126 3d8solid 0 2411 2412 2428 2427 2667 2668 2684 2683
2127 3d8solid 0 2412 2413 2429 2428 2668 2669 2685 2684
2128 3d8solid 0 2413 2414 2430 2429 2669 2670 2686 2685
2129 3d8solid 0 2414 2415 2431 2430 2670 2671 2687 2686
2130 3d8solid 0 2416 2417 2433 2432 2672 2673 2689 2688
2131 3d8solid 0 2417 2418 2434 2433 2673 2674 2690 2689
2132 3d8solid 0 2418 2419 2435 2434 2674 2675 2691 2690
2133 3d8solid 0 2419 2420 2436 2435 2675 2676 2692 2691
2134 3d8solid 0 2420 2421 2437 2436 2676 2677 2693 2692
2135 3d8solid 0 2421 2422 2438 2437 2677 2678 2694 2693
2136 3d8solid 0 2422 2423 2439 2438 2678 2679 2695 2694
2137 3d8solid 0 2423 2424 2440 2439 2679 2680 2696 2695
2138 3d8solid 0 2424 2425 2441 2440 2680 2681 2697 2696
2139 3d8solid 0 2425 2426 2442 2441 2681 2682 2698 2697
2140 3d8solid 0 2426 2427 2443 2442 2682 2683 2699 2698
2141 3d8solid 0 2427 2428 2444 2443 2683 2684 2700 2699
2142 3d8solid 0 2428 2429 2445 2444 2684 2685 2701 2700
2143 3d8solid 0 2429 2430 2446 2445 2685 2686 2702 2701
2144 3d8solid 0 2430 2431 2447 2446 2686 2687 2703 2702
2145 3d8solid 0 2432 2433 2449 2448 2688 2689 2705 2704
2146 3d8solid 0 2433 2434 2450 2449 2689 2690 2706 2705
2147 3d8solid 0 2434 2435 2451 2450 2690 2691 2707 2706
2148 3d8solid 0 2435 2436 2452 2451 2691 2692 2708 2707
2149 3d8solid 0 2436 2437 2453 2452 2692 2693 2709 2708
2150 3d8solid 0 2437 2438 2454 2453 2693 2694 2710 2709
2151 3d8solid 0 2438 2439 2455 2454 2694 2695 2711 2710
2152 3d8solid 0 2439 2440 2456 2455 2695 2696 2712 2711
2153 3d8solid 0 2440 2441 2457 2456 2696 2697 2713 2712
2154 3d8solid 0 2441 2442 2458 2457 2697 2698 2714 2713
2155 3d8solid 0 2442 2443 2459 2458 2698 2699 2715 2714
2156 3d8solid 0 2443 2444 2460 2459 2699 2700 2716 2715
2157 3d8solid 0 2444 2445 2461 2460 2700 2701 2717 2716
2158 3d8solid 0 2445 2446 2462 2461 2701 2702 2718 2717
2159 3d8solid 0 2446 2447 2463 2462 2702 2703 2719 2718
2160 3d8solid 0 2448 2449 2465 2464 2704 2705 2721 2720
2161 3d8solid 0 2449 2450 2466 2465 2705 2706 2722 2721
2162 3d8solid 0 2450 2451 2467 2466 2706 2707 2723 2722
2163 3d8solid 0 2451 2452 2468 2467 2707 2708 2724 2723
2164 3d8solid 0 2452 2453 2469 2468 2708 2709 2725 2724
2165 3d8solid 0 2453 2454 2470 2469 2709 2710 2726 2725
2166 3d8solid 0 2454 2455 2471 2470 2710 2711 2727 2726
2167 3d8solid 0 2455 2456 2472 2471 2711 2712 2728 2727
2168 3d8solid 0 2456 2457 2473 2472 2712 2713 2729 2728
2169 3d8solid 0 2457 2458 2474 2473 2713 2714 2730 2729
2170 3d8solid 0 2458 2459 2475 2474 2714 2715 2731 2730
2171 3d8solid 0 2459 2460 2476 2475 2715 2716 2732 2731
2172 3d8solid 0 2460 2461 2477 2476 2716 2717 2733 2732
2173 3d8solid 0 2461 2462 2478 2477 2717 2718 2734 2733
2174 3d8solid 0 2462 2463 2479 2478 2718 2719 2735 2734
2175 3d8solid 0 2464 2465 2481 2480 2720 2721 2737 2736
2176 3d8solid 0 2465 2466 2482 2481 2721 2722 2738 2737
2177 3d8solid 0 2466 2467 2483 2482 2722 2723 2739 2738
2178 3d8solid 0 2467 2468 2484 2483 2723 2724 2740 2739
2179 3d8solid 0 2468 2469 2485 2484 2724 2725 2741 2740
2180 3d8solid 0 2469 2470 2486 2485 2725 2726 2742 2741
2181 3d8solid 0 2470 2471 2487 2486 2726 2727 2743 2742
2182 3d8solid 0 2471 2472 2488 2487 2727 2728 2744 2743
2183 3d8solid 0 2472 2473 2489 2488 2728 2729 2745 2744
2184 3d8solid 0 2473 2474 2490 2489 2729 2730 2746 2745
2185 3d8solid 0 2474 2475 2491 2490 2730 2731 2747 2746
2186 3d8solid 0 2475 2476 2492 2491 2731 2732 2748 2747
2187 3d8solid 0 2476 2477 2493 2492 2732 2733 2749 2748
2188 3d8solid 0 2477 2478 2494 2493 2733 2734 2750 2749
2189 3d8solid 0 2478 2479 2495 2494 2734 2735 2751 2750
2190 3d8solid 0 2480 2481 2497 2496 2736 2737 2753 2752
2191 3d8solid 0 2481 2482 2498 2497 2737 2738 2754 2753
2192 3d8solid 0 2482 2483 2499 2498 2738 2739 2755 2754
2193 3d8solid 0 2483 2484 2500 2499 2739 2740 2756 2755
2194 3d8solid 0 2484 2485 2501 2500 2740 2741 2757 2756
2195 3d8solid 0 2485 2486 2502 2501 2741 2742 2758 2757
2196 3d8solid 0 2486 2487 2503 2502 2742 2743 2759 2758
2197 3d8solid 0 2487 2488 2504 2503 2743 2744 2760 2759
2198 3d8solid 0 2488 2489 2505 2504 2744 2745 2761 2760
2199 3d8solid 0 2489 2490 2506 2505 2745 2746 2762 2761
2200 3d8solid 0 2490 2491 2507 2506 2746 2747 2763 2762
2201 3d8solid 0 2491 2492 2508 2507 2747 2748 2764 2763
2202 3d8solid 0 2492 2493 2509 2508 2748 2749 2765 2764
2203 3d8solid 0 2493 2494 2510 2509 2749 2750 2766 2765
2204 3d8solid 0 2494 2495 2511 2510 2750 2751 2767 2766
2205 3d8solid 0 2496 2497 2513 2512 2752 2753 2769 2768
2206 3d8solid 0 2497 2498 2514 2513 2753 2754 2770 2769
2207 3d8solid 0 2498 2499 2515 2514 2754 2755 2771 2770
2208 3d8solid 0 2499 2500 2516 2515 2755 2756 2772 2771
2209 3d8solid 0 2500 2501 2517 2516 2756 2757 2773 2772
2210 3d8solid 0 2501 2502 2518 2517 2757 2758 2774 2773
2211 3d8solid 0 2502 2503 2519 2518 2758 2759 2775 2774
2212 3d8solid 0 2503 2504 2520 2519 2759 2760 2776 2775
2213 3d8solid 0 2504 2505 2521 2520 2760 2761 2777 2776
2214 3d8solid 0 2505 2506 2522 2521 2761 2762 2778 2777
2215 3d8solid 0 2506 2507 2523 2522 2762 2763 2779 2778
2216 3d8solid 0 2507 2508 2524 2523 2763 2764 2780 2779
2217 3d8solid 0 2508 2509 2525 2524 2764 2765 2781 2780
2218 3d8solid 0 2509 2510 2526 2525 2765 2766 2782 2781
2219 3d8solid 0 2510 2511 2527 2526 2766 2767 2783 2782
2220 3d8solid 0 2512 2513 2529 2528 2768 2769 2785 2784
2221 3d8solid 0 2513 2514 2530 2529 2769 2770 2786 2785
2222 3d8solid 0 2514 2515 2531 2530 2770 2771 2787 2786
2223 3d8solid 0 2515 2516 2532 2531 2771 2772 2788 2787
2224 3d8solid 0 2516 2517 2533 2532 2772 2773 2789 2788
2225 3d8solid 0 2517 2518 2534 2533 2773 2774 2790 2789
2226 3d8solid 0 2518 2519 2535 2534 2774 2775 2791 2790
2227 3d8solid 0 2519 2520 2536 2535 2775 2776 2792 2791
2228 3d8solid 0 2520 2521 2537 2536 2776 2777 2793 2792
2229 3d8solid 0 2521 2522 2538 2537 2777 2778 2794 2793
2230 3d8solid 0 2522 2523 2539 2538 2778 2779 2795 2794
2231 3d8solid 0 2523 2524 2540 2539 2779 2780 2796 2795
2232 3d8solid 0 2524 2525 2541 2540 2780 2781 2797 2796
2233 3d8solid 0 2525 2526 2542 2541 2781 2782 2798 2797
2234 3d8solid 0 2526 2527 2543 2542 2782 2783 2799 2798
2235 3d8solid 0 2528 2529 2545 2544 2784 2785 2801 2800
2236 3d8solid 0 2529 2530 2546 2545 2785 2786 2802 2801
2237 3d8solid 0 2530 2531 2547 2546 2786 2787 2803 2802
2238 3d8solid 0 2531 2532 2548 2547 2787 2788 2804 2803
2239 3d8solid 0 2532 2533 2549 2548 2788 2789 2805 2804
2240 3d8solid 0 2533 2534 2550 2549 2789 2790 2806 2805
2241 3d8solid 0 2534 2535 2551 2550 2790 2791 2807 2806
2242 3d8solid 0 2535 2536 2552 2551 2791 2792 2808 2807
2243 3d8solid 0 2536 2537 2553 2552 2792 2793 2809 2808
2244 3d8solid 0 2537 2538 2554 2553 2793 2794 2810 2809
2245 3d8solid 0 2538 2539 2555 2554 2794 2795 2811 2810
2246 3d8solid 0 2539 2540 2556 2555 2795 2796 2812 2811
2247 3d8solid 0 2540 2541 2557 2556 2796 2797 2813 2812
2248 3d8solid 0 2541 2542 2558 2557 2797 2798 2814 2813
2249 3d8solid 0 2542 2543 2559 2558 2798 2799 2815 2814
2250 3d8solid 0 2560 2561 2577 2576 2816 2817 2833 2832
2251 3d8solid 0 2561 2562 2578 2577 2817 2818 2834 2833
2252 3d8solid 0 2562 2563 2579 2578 2818 2819 2835 2834
2253 3d8solid 0 2563 2564 2580 2579 2819 2820 2836 2835
2254 3d8solid 0 2564 2565 2581 2580 2820 2821 2837 2836
2255 3d8solid 0 2565 2566 2582 2581 2821 2822 2838 2837
2256 3d8solid 0 2566 2567 2583 2582 2822 2823 2839 2838
2257 3d8solid 0 2567 2568 2584 2583 2823 2824 2840 2839
2258 3d8solid 0 2568 2569 2585 2584 2824 2825 2841 2840
2259 3d8solid 0 2569 2570 2586 2585 2825 2826 2842 2841
2260 3d8solid 0 2570 2571 2587 2586 2826 2827 2843 2842
2261 3d8solid 0 2571 2572 2588 2587 2827 2828 2844 2843
2262 3d8solid 0 2572 2573 2589 2588 2828 2829 2845 2844
2263 3d8solid 0 2573 2574 2590 2589 2829 2830 2846 2845
2264 3d8solid 0 2574 2575 2591 2590 2830 2831 2847 2846
2265 3d8solid 0 2576 2577 2593 2592 2832 2833 2849 2848
2266 3d8solid 0 2577 2578 2594 2593 2833 2834 2850 2849
2267 3d8solid 0 2578 2579 2595 2594 2834 2835 2851 2850
2268 3d8solid 0 2579 2580 2596 2595 2835 2836 2852 2851
2269 3d8solid 0 2580 2581 2597 2596 2836 2837 2853 2852
2270 3d8solid 0 2581 2582 2598 2597 2837 2838 2854 2853
2271 3d8solid 0 2582 2583 2599 2598 2838 2839 2855 2854
2272 3d8solid 0 2583 2584 2600 2599 2839 2840 2856 2855
2273 3d8solid 0 2584 2585 2601 2600 2840 2841 2857 2856
2274 3d8solid 0 2585 2586 2602 2601 2841 2842 2858 2857
2275 3d8solid 0 2586 2587 2603 2602 2842 2843 2859 2858
2276 3d8solid 0 2587 2588 2604 2603 2843 2844 2860 2859
2277 3d8solid 0 2588 2589 2605 2604 2844 2845 2861 2860
2278 3d8solid 0 2589 2590 2606 2605 2845 2846 2862 2861
2279 3d8solid 0 2590 2591 2607 2606 2846 2847 2863 2862
2280 3d8solid 0 2592 2593 2609 2608 2848 2849 2865 2864
2281 3d8solid 0 2593 2594 2610 2609 2849 2850 2866 2865
2282 3d8solid 0 2594 2595 2611 2610 2850 2851 2867 2866
2283 3d8solid 0 2595 2596 2612 2611 2851 2852 2868 2867
2284 3d8solid 0 2596 2597 2613 2612 2852 2853 2869 2868
2285 3d8solid 0 2597 2598 2614 2613 2853 2854 2870 2869
2286 3d8solid 0 2598 2599 2615 2614 2854 2855 2871 2870
2287 3d8solid 0 2599 2600 2616 2615 2855 2856 2872 2871
2288 3d8solid 0 2600 2601 2617 2616 2856 2857 2873 2872
2289 3d8solid 0 2601 2602 2618 2617 2857 2858 2874 2873
2290 3d8solid 0 2602 2603 2619 2618 2858 2859 2875 2874
2291 3d8solid 0 2603 2604 2620 2619 2859 2860 2876 2875
2292 3d8solid 0 2604 2605 2621 2620 2860 2861 2877 2876
2293 3d8solid 0 2605 2606 2622 2621 2861 2862 2878 2877
2294 3d8solid 0 2606 2607 2623 2622 2862 2863 2879 2878
2295 3d8solid 0 2608 2609 2625 2624 2864 2865 2881 2880
2296 3d8solid 0 2609 2610 2626 2625 2865 2866 2882 2881
2297 3d8solid 0 2610 2611 2627 2626 2866 2867 2883 2882
2298 3d8solid 0 2611 2612 2628 2627 2867 2868 2884 2883
2299 3d8solid 0 2612 2613 2629 2628 2868 2869 2885 2884
2300 3d8solid 0 2613 2614 2630 2629 2869 2870 2886 2885
2301 3d8solid 0 2614 2615 2631 2630 2870 2871 2887 2886
2302 3d8solid 0 2615 2616 2632 2631 2871 2872 2888 2887
2303 3d8solid 0 2616 2617 2633 2632 2872 2873 2889 2888
2304 3d8solid 0 2617 2618 2634 2633 2873 2874 2890 2889
2305 3d8solid 0 2618 2619 2635 2634 2874 2875 2891 2890
2306 3d8solid 0 2619 2620 2636 2635 2875 2876 2892 2891
2307 3d8solid 0 2620 2621 2637 2636 2876 2877 2893 2892
2308 3d8solid 0 2621 2622 2638 2637 2877 2878 2894 2893
2309 3d8solid 0 2622 2623 2639 2638 2878 2879 2895 2894
2310 3d8solid 0 2624 2625 2641 2640 2880 2881 2897 2896
2311 3d8solid 0 2625 2626 2642 2641 2881 2882 2898 2897
2312 3d8solid 0 2626 2627 2643 2642 2882 2883 2899 2898
2313 3d8solid 0 2627 2628 2644 2643 2883 2884 2900 2899
2314 3d8solid 0 2628 2629 2645 2644 2884 2885 2901 2900
2315 3d8solid 0 2629 2630 2646 2645 2885 2886 2902 2901
2316 3d8solid 0 2630 2631 2647 2646 2886 2887 2903 2902
2317 3d8solid 0 2631 2632 2648 2647 2887 2888 2904 2903
2318 3d8solid 0 2632 2633 2649 2648 2888 2889 2905 2904
2319 3d8solid 0 2633 2634 2650 2649 2889 2890 2906 2905
2320 3d8solid 0 2634 2635 2651 2650 2890 2891 2907 2906
2321 3d8solid 0 2635 2636 2652 2651 2891 2892 2908 2907
2322 3d8solid 0 2636 2637 2653 2652 2892 2893 2909 2908
2323 3d8solid 0 2637 2638 2654 2653 2893 2894 2910 2909
2324 3d8solid 0 2638 2639 2655 2654 2894 2895 2911 2910
2325 3d8solid 0 2640 2641 2657 2656 2896 2897 2913 2912
2326 3d8solid 0 2641 2642 2658 2657 2897 2898 2914 2913
2327 3d8solid 0 2642 2643 2659 2658 2898 2899 2915 2914
2328 3d8solid 0 2643 2644 2660 2659 2899 2900 2916 2915
2329 3d8solid 0 2644 2645 2661 2660 2900 2901 2917 2916
2330 3d8solid 0 2645 2646 2662 2661 2901 2902 2918 2917
2331 3d8solid 0 2646 2647 2663 2662 2902 2903 2919 2918
2332 3d8solid 0 2647 2648 2664 2663 2903 2904 2920 2919
2333 3d8solid 0 2648 2649 2665 2664 2904 2905 2921 2920
2334 3d8solid 0 2649 2650 2666 2665 2905 2906 2922 2921
2335 3d8solid 0 2650 2651 2667 2666 2906 2907 2923 2922
2336 3d8solid 0 2651 2652 2668 2667 2907 2908 2924 2923
2337 3d8solid 0 2652 2653 2669 2668 2908 2909 2925 2924
2338 3d8solid 0 2653 2654 2670 2669 2909 2910 2926 2925
2339 3d8solid 0 2654 2655 2671 2670 2910 2911 2927 2926
2340 3d8solid 0 2656 2657 2673 2672 2912 2913 2929 2928
2341 3d8solid 0 2657 2658 2674 2673 2913 2914 2930 2929
2342 3d8solid 0 2658 2659 2675 2674 2914 2915 2931 2930
2343 3d8solid 0 2659 2660 2676 2675 2915 2916 2932 2931
2344 3d8solid 0 2660 2661 2677 2676 2916 2917 2933 2932
2345 3d8solid 0 2661 2662 2678 2677 2917 2918 2934 2933
2346 3d8solid 0 2662 2663 2679 2678 2918 2919 2935 2934
2347 3d8solid 0 2663 2664 2680 2679 2919 2920 2936 2935
2348 3d8solid 0 2664 2665 2681 2680 2920 2921 2937 2936
2349 3d8solid 0 2665 2666 2682 2681 2921 2922 2938 2937
2350 3d8solid 0 2666 2667 2683 2682 2922 2923 2939 2938
2351 3d8solid 0 2667 2668 2684 2683 2923 2924 2940 2939
2352 3d8solid 0 2668 2669 2685 2684 2924 2925 2941 2940
2353 3d8solid 0 2669 2670 2686 2685 2925 2926 2942 2941
2354 3d8solid 0 2670 2671 2687 2686 2926 2927 2943 2942
2355 3d8solid 0 2672 2673 2689 2688 2928 2929 2945 2944
2356 3d8solid 0 2673 2674 2690 2689 2929 2930 2946 2945
2357 3d8solid 0 2674 2675 2691 2690 2930 2931 2947 2946
2358 3d8solid 0 2675 2676 2692 2691 2931 2932 2948 2947
2359 3d8solid 0 2676 2677 2693 2692 2932 2933 2949 2948
2360 3d8solid 0 2677 2678 2694 2693 2933 2934 2950 2949
2361 3d8solid 0 2678 2679 2695 2694 2934 2935 2951 2950
2362 3d8solid 0 2679 2680 2696 2695 2935 2936 2952 2951
2363 3d8solid 0 2680 2681 2697 2696 2936 2937 2953 2952
2364 3d8solid 0 2681 2682 2698 2697 2937 2938 2954 2953
2365 3d8solid 0 2682 2683 2699 2698 2938 2939 2955 2954
2366 3d8solid 0 2683 2684 2700 2699 2939 2940 2956 2955
2367 3d8solid 0 2684 2685 2701 2700 2940 2941 2957 2956
2368 3d8solid 0 2685 2686 2702 2701 2941 2942 2958 2957
2369 3d8solid 0 2686 2687 2703 2702 2942 2943 2959 2958
2370 3d8solid 0 2688 2689 2705 2704 2944 2945 2961 2960
2371 3d8solid 0 2689 2690 2706 2705 2945 2946 2962 2961
2372 3d8solid 0 2690 2691 2707 2706 2946 2947 2963 2962
2373 3d8solid 0 2691 2692 2708 2707 2947 2948 2964 2963
2374 3d8solid 0 2692 2693 2709 2708 2948 2949 2965 2964
2375 3d8solid 0 2693 2694 2710 2709 2949 2950 2966 2965
2376 3d8solid 0 2694 2695 2711 2710 2950 2951 2967 2966
2377 3d8solid 0 2695 2696 2712 2711 2951 2952 2968 2967
2378 3d8solid 0 2696 2697 2713 2712 2952 2953 2969 2968
2379 3d8solid 0 2697 2698 2714 2713 2953 2954 2970 2969
2380 3d8solid 0 2698 2699 2715 2714 2954 2955 2971 2970
2381 3d8solid 0 2699 2700 2716 2715 2955 2956 2972 2971
2382 3d8solid 0 2700 2701 2717 2716 2956 2957 2973 2972
2383 3d8solid 0 2701 2702 2718 2717 2957 2958 2974 2973
2384 3d8solid 0 2702 2703 2719 2718 2958 2959 2975 2974
2385 3d8solid 0 2704 2705 2721 2720 2960 2961 2977 2976
2386 3d8solid 0 2705 2706 2722 2721 2961 2962 2978 2977
2387 3d8solid 0 2706 2707 2723 2722 2962 2963 2979 2978
2388 3d8solid 0 2707 2708 2724 2723 2963 2964 2980 2979
2389 3d8solid 0 2708 2709 2725 2724 2964 2965 2981 2980
2390 3d8solid 0 2709 2710 2726 2725 2965 2966 2982 2981
2391 3d8solid 0 2710 2711 2727 2726 2966 2967 2983 2982
2392 3d8solid 0 2711 2712 2728 2727 2967 2968 2984 2983
2393 3d8solid 0 2712 2713 2729 2728 2968 2969 2985 2984
2394 3d8solid 0 2713 2714 2730 2729 2969 2970 2986 2985
2395 3d8solid 0 2714 2715 2731 2730 2970 2971 2987 2986
2396 3d8solid 0 2715 2716 2732 2731 2971 2972 2988 2987
2397 3d8solid 0 2716 2717 2733 2732 2972 2973 2989 2988
2398 3d8solid 0 2717 2718 2734 2733 2973 2974 2990 2989
2399 3d8solid 0 2718 2719 2735 2734 2974 2975 2991 2990
2400 3d8solid 0 2720 2721 2737 2736 2976 2977 2993 2992
2401 3d8solid 0 2721 2722 2738 2737 2977 2978 2994 2993
2402 3d8solid 0 2722 2723 2739 2738 2978 2979 2995 2994
2403 3d8solid 0 2723 2724 2740 2739 2979 2980 2996 2995
2404 3d8solid 0 2724 2725 2741 2740 2980 2981 2997 2996
2405 3d8solid 0 2725 2726 2742 2741 2981 2982 2998 2997
2406 3d8solid 0 2726 2727 2743 2742 2982 2983 2999 2998
2407 3d8solid 0 2727 2728 2744 2743 2983 2984 3000 2999
2408 3d8solid 0 2728 2729 2745 2744 2984 2985 3001 3000
2409 3d8solid 0 2729 2730 2746 2745 2985 2986 3002 3001
2410 3d8solid 0 2730 2731 2747 2746 2986 2987 3003 3002
2411 3d8solid 0 2731 2732 2748 2747 2987 2988 3004 3003
2412 3d8solid 0 2732 2733 2749 2748 2988 2989 3005 3004
2413 3d8solid 0 2733 2734 2750 2749 2989 2990 3006 3005
2414 3d8solid 0 2734 2735 2751 2750 2990 2991 3007 3006
2415 3d8solid 0 2736 2737 2753 2752 2992 2993 3009 3008
2416 3d8solid 0 2737 2738 2754 2753 2993 2994 3010 3009
2417 3d8solid 0 2738 2739 2755 2754 2994 2995 3011 3010
2418 3d8solid 0 2739 2740 2756 2755 2995 2996 3012 3011
2419 3d8solid 0 2740 2741 2757 2756 2996 2997 3013 3012
2420 3d8solid 0 2741 2742 2758 2757 2997 2998 3014 3013
2421 3d8solid 0 2742 2743 2759 2758 2998 2999 3015 3014
2422 3d8solid 0 2743 2744 2760 2759 2999 3000 3016 3015
2423 3d8solid 0 2744 2745 2761 2760 3000 3001 3017 3016
2424 3d8solid 0 2745 2746 2762 2761 3001 3002 3018 3017
2425 3d8solid 0 2746 2747 2763 2762 3002 3003 3019 3018
2426 3d8solid 0 2747 2748 2764 2763 3003 3004 3020 3019
2427 3d8solid 0 2748 2749 2765 2764 3004 3005 3021 3020
2428 3d8solid 0 2749 2750 2766 2765 3005 3006 3022 3021
2429 3d8solid 0 2750 2751 2767 2766 3006 3007 3023 3022
2430 3d8solid 0 2752 2753 2769 2768 3008 3009 3025 3024
2431 3d8solid 0 2753 2754 2770 2769 3009 3010 3026 3025
2432 3d8solid 0 2754 2755 2771 2770 3010 3011 3027 3026
2433 3d8solid 0 2755 2756 2772 2771 3011 3012 3028 3027
2434 3d8solid 0 2756 2757 2773 2772 3012 3013 3029 3028
2435 3d8solid 0 2757 2758 2774 2773 3013 3014 3030 3029
2436 3d8solid 0 2758 2759 2775 2774 3014 3015 3031 3030
2437 3d8solid 0 2759 2760 2776 2775 3015 3016 3032 3031
2438 3d8solid 0 2760 2761 2777 2776 3016 3017 3033 3032
2439 3d8solid 0 2761 2762 2778 2777 3017 3018 3034 3033
2440 3d8solid 0 2762 2763 2779 2778 3018 3019 3035 3034
2441 3d8solid 0 2763 2764 2780 2779 3019 3020 3036 3035
2442 3d8solid 0 2764 2765 2781 2780 3020 3021 3037 3036
2443 3d8solid 0 2765 2766 2782 2781 3021 3022 3038 3037
2444 3d8solid 0 2766 2767 2783 2782 3022 3023 3039 3038
2445 3d8solid 0 2768 2769 2785 2784 3024 3025 3041 3040
2446 3d8solid 0 2769 2770 2786 2785 3025 3026 3042 3041
2447 3d8solid 0 2770 2771 2787 2786 3026 3027 3043 3042
2448 3d8solid 0 2771 2772 2788 2787 3027 3028 3044 3043
2449 3d8solid 0 2772 2773 2789 2788 3028 3029 3045 3044
2450 3d8solid 0 2773 2774 2790 2789 3029 3030 3046 3045
2451 3d8solid 0 2774 2775 2791 2790 3030 3031 3047 3046
2452 3d8solid 0 2775 2776 2792 2791 3031 3032 3048 3047
2453 3d8solid 0 2776 2777 2793 2792 3032 3033 3049 3048
2454 3d8solid 0 2777 2778 2794 2793 3033 3034 3050 3049
2455 3d8solid 0 2778 2779 2795 2794 3034 3035 3051 3050
2456 3d8solid 0 2779 2780 2796 2795 3035 3036 3052 3051
2457 3d8solid 0 2780 2781 2797 2796 3036 3037 3053 3052
2458 3d8solid 0 2781 2782 2798 2797 3037 3038 3054 3053
2459 3d8solid 0 2782 2783 2799 2798 3038 3039 3055 3054
2460 3d8solid 0 2784 2785 2801 2800 3040 3041 3057 3056
2461 3d8solid 0 2785 2786 2802 2801 3041 3042 3058 3057
2462 3d8solid 0 2786 2787 2803 2802 3042 3043 3059 3058
2463 3d8solid 0 2787 2788 2804 2803 3043 3044 3060 3059
2464 3d8solid 0 2788 2789 2805 2804 3044 3045 3061 3060
2465 3d8solid 0 2789 2790 2806 2805 3045 3046 3062 3061
2466 3d8solid 0 2790 2791 2807 2806 3046 3047 3063 3062
2467 3d8solid 0 2791 2792 2808 2807 3047 3048 3064 3063
2468 3d8solid 0 2792 2793 2809 2808 3048 3049 3065 3064
2469 3d8solid 0 2793 2794 2810 2809 3049 3050 3066 3065
2470 3d8solid 0 2794 2795 2811 2810 3050 3051 3067 3066
2471 3d8solid 0 2795 2796 2812 2811 3051 3052 3068 3067
2472 3d8solid 0 2796 2797 2813 2812 3052 3053 3069 3068
2473 3d8solid 0 2797 2798 2814 2813 3053 3054 3070 3069
2474 3d8solid 0 2798 2799 2815 2814 3054 3055 3071 3070
2475 3d8solid 0 2816 2817 2833 2832 3072 3073 3089 3088
2476 3d8solid 0 2817 2818 2834 2833 3073 3074 3090 3089
2477 3d8solid 0 2818 2819 2835 2834 3074 3075 3091 3090
2478 3d8solid 0 2819 2820 2836 2835 3075 3076 3092 3091
2479 3d8solid 0 2820 2821 2837 2836 3076 3077 3093 3092
2480 3d8solid 0 2821 2822 2838 2837 3077 3078 3094 3093
2481 3d8solid 0 2822 2823 2839 2838 3078 3079 3095 3094
2482 3d8solid 0 2823 2824 2840 2839 3079 3080 3096 3095
2483 3d8solid 0 2824 2825 2841 2840 3080 3081 3097 3096
2484 3d8solid 0 2825 2826 2842 2841 3081 3082 3098 3097
2485 3d8solid 0 2826 2827 2843 2842 3082 3083 3099 3098
2486 3d8solid 0 2827 2828 2844 2843 3083 3084 3100 3099
2487 3d8solid 0 2828 2829 2845 2844 3084 3085 3101 3100
2488 3d8solid 0 2829 2830 2846 2845 3085 3086 3102 3101
2489 3d8solid 0 2830 2831 2847 2846 3086 3087 3103 3102
2490 3d8solid 0 2832 2833 2849 2848 3088 3089 3105 3104
2491 3d8solid 0 2833 2834 2850 2849 3089 3090 3106 3105
2492 3d8solid 0 2834 2835 2851 2850 3090 3091 3107 3106
2493 3d8solid 0 2835 2836 2852 2851 3091 3092 3108 3107
2494 3d8solid 0 2836 2837 2853 2852 3092 3093 3109 3108
2495 3d8solid 0 2837 2838 2854 2853 3093 3094 3110 3109
2496 3d8solid 0 2838 2839 2855 2854 3094 3095 3111 3110
2497 3d8solid 0 2839 2840 2856 2855 3095 3096 3112 3111
2498 3d8solid 0 2840 2841 2857 2856 3096 3097 3113 3112
2499 3d8solid 0 2841 2842 2858 2857 3097 3098 3114 3113
2500 3d8solid 0 2842 2843 2859 2858 3098 3099 3115 3114
2501 3d8solid 0 2843 2844 2860 2859 3099 3100 3116 3115
2502 3d8solid 0 2844 2845 2861 2860 3100 3101 3117 3116
2503 3d8solid 0 2845 2846 2862 2861 3101 3102 3118 3117
2504 3d8solid 0 2846 2847 2863 2862 3102 3103 3119 3118
2505 3d8solid 0 2848 2849 2865 2864 3104 3105 3121 3120
2506 3d8solid 0 2849 2850 2866 2865 3105 3106 3122 3121
2507 3d8solid 0 2850 2851 2867 2866 3106 3107 3123 3122
2508 3d8solid 0 2851 2852 2868 2867 3107 3108 3124 3123
2509 3d8solid 0 2852 2853 2869 2868 3108 3109 3125 3124
2510 3d8solid 0 2853 2854 2870 2869 3109 3110 3126 3125
2511 3d8solid 0 2854 2855 2871 2870 3110 3111 3127 3126
2512 3d8solid 0 2855 2856 2872 2871 3111 3112 3128 3127
2513 3d8solid 0 2856 2857 2873 2872 3112 3113 3129 3128
2514 3d8solid 0 2857 2858 2874 2873 3113 3114 3130 3129
2515 3d8solid 0 2858 2859 2875 2874 3114 3115 3131 3130
2516 3d8solid 0 2859 2860 2876 2875 3115 3116 3132 3131
2517 3d8solid 0 2860 2861 2877 2876 3116 3117 3133 3132
2518 3d8solid 0 2861 2862 2878 2877 3117 3118 3134 3133
2519 3d8solid 0 2862 2863 2879 2878 3118 3119 3135 3134
2520 3d8solid 0 2864 2865 2881 2880 3120 3121 3137 3136
2521 3d8solid 0 2865 2866 2882 2881 3121 3122 3138 3137
2522 3d8solid 0 2866 2867 2883 2882 3122 3123 3139 3138
2523 3d8solid 0 2867 2868 2884 2883 3123 3124 3140 3139
2524 3d8solid 0 2868 2869 2885 2884 3124 3125 3141 3140
2525 3d8solid 0 2869 2870 2886 2885 3125 3126 3142 3141
2526 3d8solid 0 2870 2871 2887 2886 3126 3127 3143 3142
2527 3d8solid 0 2871 2872 2888 2887 3127 3128 3144 3143
2528 3d8solid 0 2872 2873 2889 2888 3128 3129 3145 3144
2529 3d8solid 0 2873 2874 2890 2889 3129 3130 3146 3145
2530 3d8solid 0 2874 2875 2891 2890 3130 3131 3147 3146
2531 3d8solid 0 2875 2876 2892 2891 3131 3132 3148 3147
2532 3d8solid 0 2876 2877 2893 2892 3132 3133 3149 3148
2533 3d8solid 0 2877 2878 2894 2893 3133 3134 3150 3149
2534 3d8solid 0 2878 2879 2895 2894 3134 3135 3151 3150
2535 3d8solid 0 2880 2881 2897 2896 3136 3137 3153 3152
2536 3d8solid 0 2881 2882 2898 2897 3137 3138 3154 3153
2537 3d8solid 0 2882 2883 2899 2898 3138 3139 3155 3154
2538 3d8solid 0 2883 2884 2900 2899 3139 3140 3156 3155
2539 3d8solid 0 2884 2885 2901 2900 3140 3141 3157 3156
2540 3d8solid 0 2885 2886 2902 2901 3141 3142 3158 3157
2541 3d8solid 0 2886 2887 2903 2902 3142 3143 3159 3158
2542 3d8solid 0 2887 2888 2904 2903 3143 3144 3160 3159
2543 3d8solid 0 2888 2889 2905 2904 3144 3145 3161 3160
2544 3d8solid 0 2889 2890 2906 2905 3145 3146 3162 3161
2545 3d8solid 0 2890 2891 2907 2906 3146 3147 3163 3162
2546 3d8solid 0 2891 2892 2908 2907 3147 3148 3164 3163
2547 3d8solid 0 2892 2893 2909 2908 3148 3149 3165 3164
2548 3d8solid 0 2893 2894 2910 2909 3149 3150 3166 3165
2549 3d8solid 0 2894 2895 2911 2910 3150 3151 3167 3166
2550 3d8solid 0 2896 2897 2913 2912 3152 3153 3169 3168
2551 3d8solid 0 2897 2898 2914 2913 3153 3154 3170 3169
2552 3d8solid 0 2898 2899 2915 2914 3154 3155 3171 3170
2553 3d8solid 0 2899 2900 2916 2915 3155 3156 3172 3171
2554 3d8solid 0 2900 2901 2917 2916 3156 3157 3173 3172
2555 3d8solid 0 2901 2902 2918 2917 3157 3158 3174 3173
2556 3d8solid 0 2902 2903 2919 2918 3158 3159 3175 3174
2557 3d8solid 0 2903 2904 2920 2919 3159 3160 3176 3175
2558 3d8solid 0 2904 2905 2921 2920 3160 3161 3177 3176
2559 3d8solid 0 2905 2906 2922 2921 3161 3162 3178 3177
2560 3d8solid 0 2906 2907 2923 2922 3162 3163 3179 3178
2561 3d8solid 0 2907 2908 2924 2923 3163 3164 3180 3179
2562 3d8solid 0 2908 2909 2925 2924 3164 3165 3181 3180
2563 3d8solid 0 2909 2910 2926 2925 3165 3166 3182 3181
2564 3d8solid 0 2910 2911 2927 2926 3166 3167 3183 3182
2565 3d8solid 0 2912 2913 2929 2928 3168 3169 3185 3184
2566 3d8solid 0 2913 2914 2930 2929 3169 3170 3186 3185
2567 3d8solid 0 2914 2915 2931 2930 3170 3171 3187 3186
2568 3d8solid 0 2915 2916 2932 2931 3171 3172 3188 3187
2569 3d8solid 0 2916 2917 2933 2932 3172 3173 3189 3188
2570 3d8solid 0 2917 2918 2934 2933 3173 3174 3190 3189
2571 3d8solid 0 2918 2919 2935 2934 3174 3175 3191 3190
2572 3d8solid 0 2919 2920 2936 2935 3175 3176 3192 3191
2573 3d8solid 0 2920 2921 2937 2936 3176 3177 3193 3192
2574 3d8solid 0 2921 2922 2938 2937 3177 3178 3194 3193
2575 3d8solid 0 2922 2923 2939 2938 3178 3179 3195 3194
2576 3d8solid 0 2923 2924 2940 2939 3179 3180 3196 3195
2577 3d8solid 0 2924 2925 2941 2940 3180 3181 3197 3196
2578 3d8solid 0 2925 2926 2942 2941 3181 3182 3198 3197
2579 3d8solid 0 2926 2927 2943 2942 3182 3183 3199 3198
2580 3d8solid 0 2928 2929 2945 2944 3184 3185 3201 3200
2581 3d8solid 0 2929 2930 2946 2945 3185 3186 3202 3201
2582 3d8solid 0 2930 2931 2947 2946 3186 3187 3203 3202
2583 3d8solid 0 2931 2932 2948 2947 3187 3188 3204 3203
2584 3d8solid 0 2932 2933 2949 2948 3188 3189 3205 3204
2585 3d8solid 0 2933 2934 2950 2949 3189 3190 3206 3205
2586 3d8solid 0 2934 2935 2951 2950 3190 3191 3207 3206
2587 3d8solid 0 2935 2936 2952 2951 3191 3192 3208 3207
2588 3d8solid 0 2936 2937 2953 2952 3192 3193 3209 3208
2589 3d8solid 0 2937 2938 2954 2953 3193 3194 3210 3209
2590 3d8solid 0 2938 2939 2955 2954 3194 3195 3211 3210
2591 3d8solid 0 2939 2940 2956 2955 3195 3196 3212 3211
2592 3d8solid 0 2940 2941 2957 2956 3196 3197 3213 3212
2593 3d8solid 0 2941 2942 2958 2957 3197 3198 3214 3213
2594 3d8solid 0 2942 2943 2959 2958 3198 3199 3215 3214
2595 3d8solid 0 2944 2945 2961 2960 3200 3201 3217 3216
2596 3d8solid 0 2945 2946 2962 2961 3201 3202 3218 3217
2597 3d8solid 0 2946 2947 2963 2962 3202 3203 3219 3218
2598 3d8solid 0 2947 2948 2964 2963 3203 3204 3220 3219
2599 3d8solid 0 2948 2949 2965 2964 3204 3205 3221 3220
2600 3d8solid 0 2949 2950 2966 2965 3205 3206 3222 3221
2601 3d8solid 0 2950 2951 2967 2966 3206 3207 3223 3222
2602 3d8solid 0 2951 2952 2968 2967 3207 3208 3224 3223
2603 3d8solid 0 2952 2953 2969 2968 3208 3209 3225 3224
2604 3d8solid 0 2953 2954 2970 2969 3209 3210 3226 3225
2605 3d8solid 0 2954 2955 2971 2970 3210 3211 3227 3226
2606 3d8solid 0 2955 2956 2972 2971 3211 3212 3228 3227
2607 3d8solid 0 2956 2957 2973 2972 3212 3213 3229 3228
2608 3d8solid 0 2957 2958 2974 2973 3213 3214 3230 3229
2609 3d8solid 0 2958 2959 2975 2974 3214 3215 3231 3230
2610 3d8solid 0 2960 2961 2977 2976 3216 3217 3233 3232
2611 3d8solid 0 2961 2962 2978 2977 3217 3218 3234 3233
2612 3d8solid 0 2962 2963 2979 2978 3218 3219 3235 3234
2613 3d8solid 0 2963 2964 2980 2979 3219 3220 3236 3235
2614 3d8solid 0 2964 2965 2981 2980 3220 3221 3237 3236
2615 3d8solid 0 2965 2966 2982 2981 3221 3222 3238 3237
2616 3d8solid 0 2966 2967 2983 2982 3222 3223 3239 3238
2617 3d8solid 0 2967 2968 2984 2983 3223 3224 3240 3239
2618 3d8solid 0 2968 2969 2985 2984 3224 3225 3241 3240
2619 3d8solid 0 2969 2970 2986 2985 3225 3226 3242 3241
2620 3d8solid 0 2970 2971 2987 2986 3226 3227 3243 3242
2621 3d8solid 0 2971 2972 2988 2987 3227 3228 3244 3243
2622 3d8solid 0 2972 2973 2989 2988 3228 3229 3245 3244
2623 3d8solid 0 2973 2974 2990 2989 3229 3230 3246 3245
2624 3d8solid 0 2974 2975 2991 2990 3230 3231 3247 3246
2625 3d8solid 0 2976 2977 2993 2992 3232 3233 3249 3248
2626 3d8solid 0 2977 2978 2994 2993 3233 3234 3250 3249
2627 3d8solid 0 2978 2979 2995 2994 3234 3235 3251 3250
2628 3d8solid 0 2979 2980 2996 2995 3235 3236 3252 3251
2629 3d8solid 0 2980 2981 2997 2996 3236 3237 3253 3252
2630 3d8solid 0 2981 2982 2998 2997 3237 3238 3254 3253
2631 3d8solid 0 2982 2983 2999 2998 3238 3239 3255 3254
2632 3d8solid 0 2983 2984 3000 2999 3239 3240 3256 3255
2633 3d8solid 0 2984 2985 3001 3000 3240 3241 3257 3256
2634 3d8solid 0 2985 2986 3002 3001 3241 3242 3258 3257
2635 3d8solid 0 2986 2987 3003 3002 3242 3243 3259 3258
2636 3d8solid 0 2987 2988 3004 3003 3243 3244 3260 3259
2637 3d8solid 0 2988 2989 3005 3004 3244 3245 3261 3260
2638 3d8solid 0 2989 2990 3006 3005 3245 3246 3262 3261
2639 3d8solid 0 2990 2991 3007 3006 3246 3247 3263 3262
2640 3d8solid 0 2992 2993 3009 3008 3248 3249 3265 3264
2641 3d8solid 0 2993 2994 3010 3009 3249 3250 3266 3265
2642 3d8solid 0 2994 2995 3011 3010 3250 3251 3267 3266
2643 3d8solid 0 2995 2996 3012 3011 3251 3252 3268 3267
2644 3d8solid 0 2996 2997 3013 3012 3252 3253 3269 3268
2645 3d8solid 0 2997 2998 3014 3013 3253 3254 3270 3269
2646 3d8solid 0 2998 2999 3015 3014 3254 3255 3271 3270
2647 3d8solid 0 2999 3000 3016 3015 3255 3256 3272 3271
2648 3d8solid 0 3000 3001 3017 3016 3256 3257 3273 3272
2649 3d8solid 0 3001 3002 3018 3017 3257 3258 3274 3273
2650 3d8solid 0 3002 3003 3019 3018 3258 3259 3275 3274
2651 3d8solid 0 3003 3004 3020 3019 3259 3260 3276 3275
2652 3d8solid 0 3004 3005 3021 3020 3260 3261 3277 3276
2653 3d8solid 0 3005 3006 3022 3021 3261 3262 3278 3277
2654 3d8solid 0 3006 3007 3023 3022 3262 3263 3279 3278
2655 3d8solid 0 3008 3009 3025 3024 3264 3265 3281 3280
2656 3d8solid 0 3009 3010 3026 3025 3265 3266 3282 3281
2657 3d8solid 0 3010 3011 3027 3026 3266 3267 3283 3282
2658 3d8solid 0 3011 3012 3028 3027 3267 3268 3284 3283
2659 3d8solid 0 3012 3013 3029 3028 3268 3269 3285 3284
2660 3d8solid 0 3013 3014 3030 3029 3269 3270 3286 3285
2661 3d8solid 0 3014 3015 3031 3030 3270 3271 3287 3286
2662 3d8solid 0 3015 3016 3032 3031 3271 3272 3288 3287
2663 3d8solid 0 3016 3017 3033 3032 3272 3273 3289 3288
2664 3d8solid 0 3017 3018 3034 3033 3273 3274 3290 3289
2665 3d8solid 0 3018 3019 3035 3034 3274 3275 3291 3290
2666 3d8solid 0 3019 3020 3036 3035 3275 3276 3292 3291
2667 3d8solid 0 3020 3021 3037 3036 3276 3277 3293 3292
2668 3d8solid 0 3021 3022 3038 3037 3277 3278 3294 3293
2669 3d8solid 0 3022 3023 3039 3038 3278 3279 3295 3294
2670 3d8solid 0 3024 3025 3041 3040 3280 3281 3297 3296
2671 3d8solid 0 3025 3026 3042 3041 3281 3282 3298 3297
2672 3d8solid 0 3026 3027 3043 3042 3282 3283 3299 3298
2673 3d8solid 0 3027 3028 3044 3043 3283 3284 3300 3299
2674 3d8solid 0 3028 3029 3045 3044 3284 3285 3301 3300
2675 3d8solid 0 3029 3030 3046 3045 3285 3286 3302 3301
2676 3d8solid 0 3030 3031 3047 3046 3286 3287 3303 3302
2677 3d8solid 0 3031 3032 3048 3047 3287 3288 3304 3303
2678 3d8solid 0 3032 3033 3049 3048 3288 3289 3305 3304
2679 3d8solid 0 3033 3034 3050 3049 3289 3290 3306 3305
2680 3d8solid 0 3034 3035 3051 3050 3290 3291 3307 3306
2681 3d8solid 0 3035 3036 3052 3051 3291 3292 3308 3307
2682 3d8solid 0 3036 3037 3053 3052 3292 3293 3309 3308
2683 3d8solid 0 3037 3038 3054 3053 3293 3294 3310 3309
2684 3d8solid 0 3038 3039 3055 3054 3294 3295 3311 3310
2685 3d8solid 0 3040 3041 3057 3056 3296 3297 3313 3312
2686 3d8solid 0 3041 3042 3058 3057 3297 3298 3314 3313
2687 3d8solid 0 3042 3043 3059 3058 3298 3299 3315 3314
2688 3d8solid 0 3043 3044 3060 3059 3299 3300 3316 3315
2689 3d8solid 0 3044 3045 3061 3060 3300 3301 3317 3316
2690 3d8solid 0 3045 3046 3062 3061 3301 3302 3318 3317
2691 3d8solid 0 3046 3047 3063 3062 3302 3303 3319 3318
2692 3d8solid 0 3047 3048 3064 3063 3303 3304 3320 3319
2693 3d8solid 0 3048 3049 3065 3064 3304 3305 3321 3320
2694 3d8solid 0 3049 3050 3066 3065 3305 3306 3322 3321
2695 3d8solid 0 3050 3051 3067 3066 3306 3307 3323 3322
2696 3d8solid 0 3051 3052 3068 3067 3307 3308 3324 3323
2697 3d8solid 0 3052 3053 3069 3068 3308 3309 3325 3324
2698 3d8solid 0 3053 3054 3070 3069 3309 3310 3326 3325
2699 3d8solid 0 3054 3055 3071 3070 3310 3311 3327 3326
2700 3d8solid 0 3072 3073 3089 3088 3328 3329 3345 3344
2701 3d8solid 0 3073 3074 3090 3089 3329 3330 3346 3345
2702 3d8solid 0 3074 3075 3091 3090 3330 3331 3347 3346
2703 3d8solid 0 3075 3076 3092 3091 3331 3332 3348 3347
2704 3d8solid 0 3076 3077 3093 3092 3332 3333 3349 3348
2705 3d8solid 0 3077 3078 3094 3093 3333 3334 3350 3349
2706 3d8solid 0 3078 3079 3095 3094 3334 3335 3351 3350
2707 3d8solid 0 3079 3080 3096 3095 3335 3336 3352 3351
2708 3d8solid 0 3080 3081 3097 3096 3336 3337 3353 3352
2709 3d8solid 0 3081 3082 3098 3097 3337 3338 3354 3353
2710 3d8solid 0 3082 3083 3099 3098 3338 3339 3355 3354
2711 3d8solid 0 3083 3084 3100 3099 3339 3340 3356 3355
2712 3d8solid 0 3084 3085 3101 3100 3340 3341 3357 3356
2713 3d8solid 0 3085 3086 3102 3101 3341 3342 3358 3357
2714 3d8solid 0 3086 3087 3103 3102 3342 3343 3359 3358
2715 3d8solid 0 3088 3089 3105 3104 3344 3345 3361 3360
2716 3d8solid 0 3089 3090 3106 3105 3345 3346 3362 3361
2717 3d8solid 0 3090 3091 3107 3106 3346 3347 3363 3362
2718 3d8solid 0 3091 3092 3108 3107 3347 3348 3364 3363
2719 3d8solid 0 3092 3093 3109 3108 3348 3349 3365 3364
2720 3d8solid 0 3093 3094 3110 3109 3349 3350 3366 3365
2721 3d8solid 0 3094 3095 3111 3110 3350 3351 3367 3366
2722 3d8solid 0 3095 3096 3112 3111 3351 3352 3368 3367
2723 3d8solid 0 3096 3097 3113 3112 3352 3353 3369 3368
2724 3d8solid 0 3097 3098 3114 3113 3353 3354 3370 3369
2725 3d8solid 0 3098 3099 3115 3114 3354 3355 3371 3370
2726 3d8solid 0 3099 3100 3116 3115 3355 3356 3372 3371
2727 3d8solid 0 3100 3101 3117 3116 3356 3357 3373 3372
2728 3d8solid 0 3101 3102 3118 3117 3357 3358 3374 3373
2729 3d8solid 0 3102 3103 3119 3118 3358 3359 3375 3374
2730 3d8solid 0 3104 3105 3121 3120 3360 3361 3377 3376
2731 3d8solid 0 3105 3106 3122 3121 3361 3362 3378 3377
2732 3d8solid 0 3106 3107 3123 3122 3362 3363 3379 3378
2733 3d8solid 0 3107 3108 3124 3123 3363 3364 3380 3379
2734 3d8solid 0 3108 3109 3125 3124 3364 3365 3381 3380
2735 3d8solid 0 3109 3110 3126 3125 3365 3366 3382 3381
2736 3d8solid 0 3110 3111 3127 3126 3366 3367 3383 3382
2737 3d8solid 0 3111 3112 3128 3127 3367 3368 3384 3383
2738 3d8solid 0 3112 3113 3129 3128 3368 3369 3385 3384
2739 3d8solid 0 3113 3114 3130 3129 3369 3370 3386 3385
2740 3d8solid 0 3114 3115 3131 3130 3370 3371 3387 3386
2741 3d8solid 0 3115 3116 3132 3131 3371 3372 3388 3387
2742 3d8solid 0 3116 3117 3133 3132 3372 3373 3389 3388
2743 3d8solid 0 3117 3118 3134 3133 3373 3374 3390 3389
2744 3d8solid 0 3118 3119 3135 3134 3374 3375 3391 3390
2745 3d8solid 0 3120 3121 3137 3136 3376 3377 3393 3392
2746 3d8solid 0 3121 3122 3138 3137 3377 3378 3394 3393
2747 3d8solid 0 3122 3123 3139 3138 3378 3379 3395 3394
2748 3d8solid 0 3123 3124 3140 3139 3379 3380 3396 3395
2749 3d8solid 0 3124 3125 3141 3140 3380 3381 3397 3396
2750 3d8solid 0 3125 3126 3142 3141 3381 3382 3398 3397
2751 3d8solid 0 3126 3127 3143 3142 3382 3383 3399 3398
2752 3d8solid 0 3127 3128 3144 3143 3383 3384 3400 3399
2753 3d8solid 0 3128 3129 3145 3144 3384 3385 3401 3400
2754 3d8solid 0 3129 3130 3146 3145 3385 3386 3402 3401
2755 3d8solid 0 3130 3131 3147 3146 3386 3387 3403 3402
2756 3d8solid 0 3131 3132 3148 3147 3387 3388 3404 3403
2757 3d8solid 0 3132 3133 3149 3148 3388 3389 3405 3404
2758 3d8solid 0 3133 3134 3150 3149 3389 3390 3406 3405
2759 3d8solid 0 3134 3135 3151 3150 3390 3391 3407 3406
2760 3d8solid 0 3136 3137 3153 3152 3392 3393 3409 3408
2761 3d8solid 0 3137 3138 3154 3153 3393 3394 3410 3409
2762 3d8solid 0 3138 3139 3155 3154 3394 3395 3411 3410
2763 3d8solid 0 3139 3140 3156 3155 3395 3396 3412 3411
2764 3d8solid 0 3140 3141 3157 3156 3396 3397 3413 3412
2765 3d8solid 0 3141 3142 3158 3157 3397 3398 3414 3413
2766 3d8solid 0 3142 3143 3159 3158 3398 3399 3415 3414
2767 3d8solid 0 3143 3144 3160 3159 3399 3400 3416 3415
2768 3d8solid 0 3144 3145 3161 3160 3400 3401 3417 3416
2769 3d8solid 0 3145 3146 3162 3161 3401 3402 3418 3417
2770 3d8solid 0 3146 3147 3163 3162 3402 3403 3419 3418
2771 3d8solid 0 3147 3148 3164 3163 3403 3404 3420 3419
2772 3d8solid 0 3148 3149 3165 3164 3404 3405 3421 3420
2773 3d8solid 0 3149 3150 3166 3165 3405 3406 3422 3421
2774 3d8solid 0 3150 3151 3167 3166 3406 3407 3423 3422
2775 3d8solid 0 3152 3153 3169 3168 3408 3409 3425 3424
2776 3d8solid 0 3153 3154 3170 3169 3409 3410 3426 3425
2777 3d8solid 0 3154 3155 3171 3170 3410 3411 3427 3426
2778 3d8solid 0 3155 3156 3172 3171 3411 3412 3428 3427
2779 3d8solid 0 3156 3157 3173 3172 3412 3413 3429 3428
2780 3d8solid 0 3157 3158 3174 3173 3413 3414 3430 3429
2781 3d8solid 0 3158 3159 3175 3174 3414 3415 3431 3430
2782 3d8solid 0 3159 3160 3176 3175 3415 3416 3432 3431
2783 3d8solid 0 3160 3161 3177 3176 3416 3417 3433 3432
2784 3d8solid 0 3161 3162 3178 3177 3417 3418 3434 3433
2785 3d8solid 0 3162 3163 3179 3178 3418 3419 3435 3434
2786 3d8solid 0 3163 3164 3180 3179 3419 3420 3436 3435
2787 3d8solid 0 3164 3165 3181 3180 3420 3421 3437 3436
2788 3d8solid 0 3165 3166 3182 3181 3421 3422 3438 3437
2789 3d8solid 0 3166 3167 3183 3182 3422 3423 3439 3438
2790 3d8solid 0 3168 3169 3185 3184 3424 3425 3441 3440
2791 3d8solid 0 3169 3170 3186 3185 3425 3426 3442 3441
2792 3d8solid 0 3170 3171 3187 3186 3426 3427 3443 3442
2793 3d8solid 0 3171 3172 3188 3187 3427 3428 3444 3443
2794 3d8solid 0 3172 3173 3189 3188 3428 3429 3445 3444
2795 3d8solid 0 3173 3174 3190 3189 3429 3430 3446 3445
2796 3d8solid 0 3174 3175 3191 3190 3430 3431 3447 3446
2797 3d8solid 0 3175 3176 3192 3191 3431 3432 3448 3447
2798 3d8solid 0 3176 3177 3193 3192 3432 3433 3449 3448
2799 3d8solid 0 3177 3178 3194 3193 3433 3434 3450 3449
2800 3d8solid 0 3178 3179 3195 3194 3434 3435 3451 3450
2801 3d8solid 0 3179 3180 3196 3195 3435 3436 3452 3451
2802 3d8solid 0 3180 3181 3197 3196 3436 3437 3453 3452
2803 3d8solid 0 3181 3182 3198 3197 3437 3438 3454 3453
2804 3d8solid 0 3182 3183 3199 3198 3438 3439 3455 3454
2805 3d8solid 0 3184 3185 3201 3200 3440 3441 3457 3456
2806 3d8solid 0 3185 3186 3202 3201 3441 3442 3458 3457
2807 3d8solid 0 3186 3187 3203 3202 3442 3443 3459 3458
2808 3d8solid 0 3187 3188 3204 3203 3443 3444 3460 3459
2809 3d8solid 0 3188 3189 3205 3204 3444 3445 3461 3460
2810 3d8solid 0 3189 3190 3206 3205 3445 3446 3462 3461
2811 3d8solid 0 3190 3191 3207 3206 3446 3447 3463 3462
2812 3d8solid 0 3191 3192 3208 3207 3447 3448 3464 3463
2813 3d8solid 0 3192 3193 3209 3208 3448 3449 3465 3464
2814 3d8solid 0 3193 3194 3210 3209 3449 3450 3466 3465
2815 3d8solid 0 3194 3195 3211 3210 3450 3451 3467 3466
2816 3d8solid 0 3195 3196 3212 3211 3451 3452 3468 3467
2817 3d8solid 0 3196 3197 3213 3212 3452 3453 3469 3468
2818 3d8solid 0 3197 3198 3214 3213 3453 3454 3470 3469
2819 3d8solid 0 3198 3199 3215 3214 3454 3455 3471 3470
2820 3d8solid 0 3200 3201 3217 3216 3456 3457 3473 3472
2821 3d8solid 0 3201 3202 3218 3217 3457 3458 3474 3473
2822 3d8solid 0 3202 3203 3219 3218 3458 3459 3475 3474
2823 3d8solid 0 3203 3204 3220 3219 3459 3460 3476 3475
2824 3d8solid 0 3204 3205 3221 3220 3460 3461 3477 3476
2825 3d8solid 0 3205 3206 3222 3221 3461 3462 3478 3477
2826 3d8solid 0 3206 3207 3223 3222 3462 3463 3479 3478
2827 3d8solid 0 3207 3208 3224 3223 3463 3464 3480 3479
2828 3d8solid 0 3208 3209 3225 3224 3464 3465 3481 3480
2829 3d8solid 0 3209 3210 3226 3225 3465 3466 3482 3481
2830 3d8solid 0 3210 3211 3227 3226 3466 3467 3483 3482
2831 3d8solid 0 3211 3212 3228 3227 3467 3468 3484 3483
2832 3d8solid 0 3212 3213 3229 3228 3468 3469 3485 3484
2833 3d8solid 0 3213 3214 3230 3229 3469 3470 3486 3485
2834 3d8solid 0 3214 3215 3231 3230 3470 3471 3487 3486
2835 3d8solid 0 3216 3217 3233 3232 3472 3473 3489 3488
2836 3d8solid 0 3217 3218 3234 3233 3473 3474 3490 3489
2837 3d8solid 0 3218 3219 3235 3234 3474 3475 3491 3490
2838 3d8solid 0 3219 3220 3236 3235 3475 3476 3492 3491
2839 3d8solid 0 3220 3221 3237 3236 3476 3477 3493 3492
2840 3d8solid 0 3221 3222 3238 3237 3477 3478 3494 3493
2841 3d8solid 0 3222 3223 3239 3238 3478 3479 3495 3494
2842 3d8solid 0 3223 3224 3240 3239 3479 3480 3496 3495
2843 3d8solid 0 3224 3225 3241 3240 3480 3481 3497 3496
2844 3d8solid 0 3225 3226 3242 3241 3481 3482 3498 3497
2845 3d8solid 0 3226 3227 3243 3242 3482 3483 3499 3498
2846 3d8solid 0 3227 3228 3244 3243 3483 3484 3500 3499
2847 3d8solid 0 3228 3229 3245 3244 3484 3485 3501 3500
2848 3d8solid 0 3229 3230 3246 3245 3485 3486 3502 3501
2849 3d8solid 0 3230 3231 3247 3246 3486 3487 3503 3502
2850 3d8solid 0 3232 3233 3249 3248 3488 3489 3505 3504
2851 3d8solid 0 3233 3234 3250 3249 3489 3490 3506 3505
2852 3d8solid 0 3234 3235 3251 3250 3490 3491 3507 3506
2853 3d8solid 0 3235 3236 3252 3251 3491 3492 3508 3507
2854 3d8solid 0 3236 3237 3253 3252 3492 3493 3509 3508
2855 3d8solid 0 3237 3238 3254 3253 3493 3494 3510 3509
2856 3d8solid 0 3238 3239 3255 3254 3494 3495 3511 3510
2857 3d8solid 0 3239 3240 3256 3255 3495 3496 3512 3511
2858 3d8solid 0 3240 3241 3257 3256 3496 3497 3513 3512
2859 3d8solid 0 3241 3242 3258 3257 3497 3498 3514 3513
2860 3d8solid 0 3242 3243 3259 3258 3498 3499 3515 3514
2861 3d8solid 0 3243 3244 3260 3259 3499 3500 3516 3515
2862 3d8solid 0 3244 3245 3261 3260 3500 3501 3517 3516
2863 3d8solid 0 3245 3246 3262 3261 3501 3502 3518 3517
2864 3d8solid 0 3246 3247 3263 3262 3502 3503 3519 3518
2865 3d8solid 0 3248 3249 3265 3264 3504 3505 3521 3520
2866 3d8solid 0 3249 3250 3266 3265 3505 3506 3522 3521
2867 3d8solid 0 3250 3251 3267 3266 3506 3507 3523 3522
2868 3d8solid 0 3251 3252 3268 3267 3507 3508 3524 3523
2869 3d8solid 0 3252 3253 3269 3268 3508 3509 3525 3524
2870 3d8solid 0 3253 3254 3270 3269 3509 3510 3526 3525
2871 3d8solid 0 3254 3255 3271 3270 3510 3511 3527 3526
2872 3d8solid 0 3255 3256 3272 3271 3511 3512 3528 3527
2873 3d8solid 0 3256 3257 3273 3272 3512 3513 3529 3528
2874 3d8solid 0 3257 3258 3274 3273 3513 3514 3530 3529
2875 3d8solid 0 3258 3259 3275 3274 3514 3515 3531 3530
2876 3d8solid 0 3259 3260 3276 3275 3515 3516 3532 3531
2877 3d8solid 0 3260 3261 3277 3276 3516 3517 3533 3532
2878 3d8solid 0 3261 3262 3278 3277 3517 3518 3534 3533
2879 3d8solid 0 3262 3263 3279 3278 3518 3519 3535 3534
2880 3d8solid 0 3264 3265 3281 3280 3520 3521 3537 3536
2881 3d8solid 0 3265 3266 3282 3281 3521 3522 3538 3537
2882 3d8solid 0 3266 3267 3283 3282 3522 3523 3539 3538
2883 3d8solid 0 3267 3268 3284 3283 3523 3524 3540 3539
2884 3d8solid 0 3268 3269 3285 3284 3524 3525 3541 3540
2885 3d8solid 0 3269 3270 3286 3285 3525 3526 3542 3541
2886 3d8solid 0 3270 3271 3287 3286 3526 3527 3543 3542
2887 3d8solid 0 3271 3272 3288 3287 3527 3528 3544 3543
2888 3d8solid 0 3272 3273 3289 3288 3528 3529 3545 3544
2889 3d8solid 0 3273 3274 3290 3289 3529 3530 3546 3545
2890 3d8solid 0 3274 3275 3291 3290 3530 3531 3547 3546
2891 3d8solid 0 3275 3276 3292 3291 3531 3532 3548 3547
2892 3d8solid 0 3276 3277 3293 3292 3532 3533 3549 3548
2893 3d8solid 0 3277 3278 3294 3293 3533 3534 3550 3549
2894 3d8solid 0 3278 3279 3295 3294 3534 3535 3551 3550
2895 3d8solid 0 3280 3281 3297 3296 3536 3537 3553 3552
2896 3d8solid 0 3281 3282 3298 3297 3537 3538 3554 3553
2897 3d8solid 0 3282 3283 3299 3298 3538 3539 3555 3554
2898 3d8solid 0 3283 3284 3300 3299 3539 3540 3556 3555
2899 3d8solid 0 3284 3285 3301 3300 3540 3541 3557 3556
2900 3d8solid 0 3285 3286 3302 3301 3541 3542 3558 3557
2901 3d8solid 0 3286 3287 3303 3302 3542 3543 3559 3558
2902 3d8solid 0 3287 3288 3304 3303 3543 3544 3560 3559
2903 3d8solid 0 3288 3289 3305 3304 3544 3545 3561 3560
2904 3d8solid 0 3289 3290 3306 3305 3545 3546 3562 3561
2905 3d8solid 0 3290 3291 3307 3306 3546 3547 3563 3562
2906 3d8solid 0 3291 3292 3308 3307 3547 3548 3564 3563
2907 3d8solid 0 3292 3293 3309 3308 3548 3549 3565 3564
2908 3d8solid 0 3293 3294 3310 3309 3549 3550 3566 3565
2909 3d8solid 0 3294 3295 3311 3310 3550 3551 3567 3566
2910 3d8solid 0 3296 3297 3313 3312 3552 3553 3569 3568
2911 3d8solid 0 3297 3298 3314 3313 3553 3554 3570 3569
2912 3d8solid 0 3298 3299 3315 3314 3554 3555 3571 3570
2913 3d8solid 0 3299 3300 3316 3315 3555 3556 3572 3571
2914 3d8solid 0 3300 3301 3317 3316 3556 3557 3573 3572
2915 3d8solid 0 3301 3302 3318 3317 3557 3558 3574 3573
2916 3d8solid 0 3302 3303 3319 3318 3558 3559 3575 3574
2917 3d8solid 0 3303 3304 3320 3319 3559 3560 3576 3575
2918 3d8solid 0 3304 3305 3321 3320 3560 3561 3577 3576
2919 3d8solid 0 3305 3306 3322 3321 3561 3562 3578 3577
2920 3d8solid 0 3306 3307 3323 3322 3562 3563 3579 3578
2921 3d8solid 0 3307 3308 3324 3323 3563 3564 3580 3579
2922 3d8solid 0 3308 3309 3325 3324 3564 3565 3581 3580
2923 3d8solid 0 3309 3310 3326 3325 3565 3566 3582 3581
2924 3d8solid 0 3310 3311 3327 3326 3566 3567 3583 3582
2925 3d8solid 0 3328 3329 3345 3344 3584 3585 3601 3600
2926 3d8solid 0 3329 3330 3346 3345 3585 3586 3602 3601
2927 3d8solid 0 3330 3331 3347 3346 3586 3587 3603 3602
2928 3d8solid 0 3331 3332 3348 3347 3587 3588 3604 3603
2929 3d8solid 0 3332 3333 3349 3348 3588 3589 3605 3604
2930 3d8solid 0 3333 3334 3350 3349 3589 3590 3606 3605
2931 3d8solid 0 3334 3335 3351 3350 3590 3591 3607 3606
2932 3d8solid 0 3335 3336 3352 3351 3591 3592 3608 3607
2933 3d8solid 0 3336 3337 3353 3352 3592 3593 3609 3608
2934 3d8solid 0 3337 3338 3354 3353 3593 3594 3610 3609
2935 3d8solid 0 3338 3339 3355 3354 3594 3595 3611 3610
2936 3d8solid 0 3339 3340 3356 3355 3595 3596 3612 3611
2937 3d8solid 0 3340 3341 3357 3356 3596 3597 3613 3612
2938 3d8solid 0 3341 3342 3358 3357 3597 3598 3614 3613
2939 3d8solid 0 3342 3343 3359 3358 3598 3599 3615 3614
2940 3d8solid 0 3344 3345 3361 3360 3600 3601 3617 3616
2941 3d8solid 0 3345 3346 3362 3361 3601 3602 3618 3617
2942 3d8solid 0 3346 3347 3363 3362 3602 3603 3619 3618
2943 3d8solid 0 3347 3348 3364 3363 3603 3604 3620 3619
2944 3d8solid 0 3348 3349 3365 3364 3604 3605 3621 3620
2945 3d8solid 0 3349 3350 3366 3365 3605 3606 3622 3621
2946 3d8solid 0 3350 3351 3367 3366 3606 3607 3623 3622
2947 3d8solid 0 3351 3352 3368 3367 3607 3608 3624 3623
2948 3d8solid 0 3352 3353 3369 3368 3608 3609 3625 3624
2949 3d8solid 0 3353 3354 3370 3369 3609 3610 3626 3625
2950 3d8solid 0 3354 3355 3371 3370 3610 3611 3627 3626
2951 3d8solid 0 3355 3356 3372 3371 3611 3612 3628 3627
2952 3d8solid 0 3356 3357 3373 3372 3612 3613 3629 3628
2953 3d8solid 0 3357 3358 3374 3373 3613 3614 3630 3629
2954 3d8solid 0 3358 3359 3375 3374 3614 3615 3631 3630
2955 3d8solid 0 3360 3361 3377 3376 3616 3617 3633 3632
2956 3d8solid 0 3361 3362 3378 3377 3617 3618 3634 3633
2957 3d8solid 0 3362 3363 3379 3378 3618 3619 3635 3634
2958 3d8solid 0 3363 3364 3380 3379 3619 3620 3636 3635
2959 3d8solid 0 3364 3365 3381 3380 3620 3621 3637 3636
2960 3d8solid 0 3365 3366 3382 3381 3621 3622 3638 3637
2961 3d8solid 0 3366 3367 3383 3382 3622 3623 3639 3638
2962 3d8solid 0 3367 3368 3384 3383 3623 3624 3640 3639
2963 3d8solid 0 3368 3369 3385 3384 3624 3625 3641 3640
2964 3d8solid 0 3369 3370 3386 3385 3625 3626 3642 3641
2965 3d8solid 0 3370 3371 3387 3386 3626 3627 3643 3642
2966 3d8solid 0 3371 3372 3388 3387 3627 3628 3644 3643
2967 3d8solid 0 3372 3373 3389 3388 3628 3629 3645 3644
2968 3d8solid 0 3373 3374 3390 3389 3629 3630 3646 3645
2969 3d8solid 0 3374 3375 3391 3390 3630 3631 3647 3646
2970 3d8solid 0 3376 3377 3393 3392 3632 3633 3649 3648
2971 3d8solid 0 3377 3378 3394 3393 3633 3634 3650 3649
2972 3d8solid 0 3378 3379 3395 3394 3634 3635 3651 3650
2973 3d8solid 0 3379 3380 3396 3395 3635 3636 3652 3651
2974 3d8solid 0 3380 3381 3397 3396 3636 3637 3653 3652
2975 3d8solid 0 3381 3382 3398 3397 3637 3638 3654 3653
2976 3d8solid 0 3382 3383 3399 3398 3638 3639 3655 3654
2977 3d8solid 0 3383 3384 3400 3399 3639 3640 3656 3655
2978 3d8solid 0 3384 3385 3401 3400 3640 3641 3657 3656
2979 3d8solid 0 3385 3386 3402 3401 3641 3642 3658 3657
2980 3d8solid 0 3386 3387 3403 3402 3642 3643 3659 3658
2981 3d8solid 0 3387 3388 3404 3403 3643 3644 3660 3659
2982 3d8solid 0 3388 3389 3405 3404 3644 3645 3661 3660
2983 3d8solid 0 3389 3390 3406 3405 3645 3646 3662 3661
2984 3d8solid 0 3390 3391 3407 3406 3646 3647 3663 3662
2985 3d8solid 0 3392 3393 3409 3408 3648 3649 3665 3664
2986 3d8solid 0 3393 3394 3410 3409 3649 3650 3666 3665
2987 3d8solid 0 3394 3395 3411 3410 3650 3651 3667 3666
2988 3d8solid 0 3395 3396 3412 3411 3651 3652 3668 3667
2989 3d8solid 0 3396 3397 3413 3412 3652 3653 3669 3668
2990 3d8solid 0 3397 3398 3414 3413 3653 3654 3670 3669
2991 3d8solid 0 3398 3399 3415 3414 3654 3655 3671 3670
2992 3d8solid 0 3399 3400 3416 3415 3655 3656 3672 3671
2993 3d8solid 0 3400 3401 3417 3416 3656 3657 3673 3672
2994 3d8solid 0 3401 3402 3418 3417 3657 3658 3674 3673
2995 3d8solid 0 3402 3403 3419 3418 3658 3659 3675 3674
2996 3d8solid 0 3403 3404 3420 3419 3659 3660 3676 3675
2997 3d8solid 0 3404 3405 3421 3420 3660 3661 3677 3676
2998 3d8solid 0 3405 3406 3422 3421 3661 3662 3678 3677
2999 3d8solid 0 3406 3407 3423 3422 3662 3663 3679 3678
3000 3d8solid 0 3408 3409 3425 3424 3664 3665 3681 3680
3001 3d8solid 0 3409 3410 3426 3425 3665 3666 3682 3681
3002 3d8solid 0 3410 3411 3427 3426 3666 3667 3683 3682
3003 3d8solid 0 3411 3412 3428 3427 3667 3668 3684 3683
3004 3d8solid 0 3412 3413 3429 3428 3668 3669 3685 3684
3005 3d8solid 0 3413 3414 3430 3429 3669 3670 3686 3685
3006 3d8solid 0 3414 3415 3431 3430 3670 3671 3687 3686
3007 3d8solid 0 3415 3416 3432 3431 3671 3672 3688 3687
3008 3d8solid 0 3416 3417 3433 3432 3672 3673 3689 3688
3009 3d8solid 0 3417 3418 3434 3433 3673 3674 3690 3689
3010 3d8solid 0 3418 3419 3435 3434 3674 3675 3691 3690
3011 3d8solid 0 3419 3420 3436 3435 3675 3676 3692 3691
3012 3d8solid 0 3420 3421 3437 3436 3676 3677 3693 3692
3013 3d8solid 0 3421 3422 3438 3437 3677 3678 3694 3693
3014 3d8solid 0 3422 3423 3439 3438 3678 3679 3695 3694
3015 3d8solid 0 3424 3425 3441 3440 3680 3681 3697 3696
3016 3d8solid 0 3425 3426 3442 3441 3681 3682 3698 3697
3017 3d8solid 0 3426 3427 3443 3442 3682 3683 3699 3698
3018 3d8solid 0 3427 3428 3444 3443 3683 3684 3700 3699
3019 3d8solid 0 3428 3429 3445 3444 3684 3685 3701 3700
3020 3d8solid 0 3429 3430 3446 3445 3685 3686 3702 3701
3021 3d8solid 0 3430 3431 3447 3446 3686 3687 3703 3702
3022 3d8solid 0 3431 3432 3448 3447 3687 3688 3704 3703
3023 3d8solid 0 3432 3433 3449 3448 3688 3689 3705 3704
3024 3d8solid 0 3433 3434 3450 3449 3689 3690 3706 3705
3025 3d8solid 0 3434 3435 3451 3450 3690 3691 3707 3706
3026 3d8solid 0 3435 3436 3452 3451 3691 3692 3708 3707
3027 3d8solid 0 3436 3437 3453 3452 3692 3693 3709 3708
3028 3d8solid 0 3437 3438 3454 3453 3693 3694 3710 3709
3029 3d8solid 0 3438 3439 3455 3454 3694 3695 3711 3710
3030 3d8solid 0 3440 3441 3457 3456 3696 3697 3713 3712
3031 3d8solid 0 3441 3442 3458 3457 3697 3698 3714 3713
3032 3d8solid 0 3442 3443 3459 3458 3698 3699 3715 3714
3033 3d8solid 0 3443 3444 3460 3459 3699 3700 3716 3715
3034 3d8solid 0 3444 3445 3461 3460 3700 3701 3717 3716
3035 3d8solid 0 3445 3446 3462 3461 3701 3702 3718 3717
3036 3d8solid 0 3446 3447 3463 3462 3702 3703 3719 3718
3037 3d8solid 0 3447 3448 3464 3463 3703 3704 3720 3719
3038 3d8solid 0 3448 3449 3465 3464 3704 3705 3721 3720
3039 3d8solid 0 3449 3450 3466 3465 3705 3706 3722 3721
3040 3d8solid 0 3450 3451 3467 3466 3706 3707 3723 3722
3041 3d8solid 0 3451 3452 3468 3467 3707 3708 3724 3723
3042 3d8solid 0 3452 3453 3469 3468 3708 3709 3725 3724
3043 3d8solid 0 3453 3454 3470 3469 3709 3710 3726 3725
3044 3d8solid 0 3454 3455 3471 3470 3710 3711 3727 3726
3045 3d8solid 0 3456 3457 3473 3472 3712 3713 3729 3728
3046 3d8solid 0 3457 3458 3474 3473 3713 3714 3730 3729
3047 3d8solid 0 3458 3459 3475 3474 3714 3715 3731 3730
3048 3d8solid 0 3459 3460 3476 3475 3715 3716 3732 3731
3049 3d8solid 0 3460 3461 3477 3476 3716 3717 3733 3732
3050 3d8solid 0 3461 3462 3478 3477 3717 3718 3734 3733
3051 3d8solid 0 3462 3463 3479 3478 3718 3719 3735 3734
3052 3d8solid 0 3463 3464 3480 3479 3719 3720 3736 3735
3053 3d8solid 0 3464 3465 3481 3480 3720 3721 3737 3736
3054 3d8solid 0 3465 3466 3482 3481 3721 3722 3738 3737
3055 3d8solid 0 3466 3467 3483 3482 3722 3723 3739 3738
3056 3d8solid 0 3467 3468 3484 3483 3723 3724 3740 3739
3057 3d8solid 0 3468 3469 3485 3484 3724 3725 3741 3740
3058 3d8solid 0 3469 3470 3486 3485 3725 3726 3742 3741
3059 3d8solid 0 3470 3471 3487 3486 3726 3727 3743 3742
3060 3d8solid 0 3472 3473 3489 3488 3728 3729 3745 3744
3061 3d8solid 0 3473 3474 3490 3489 3729 3730 3746 3745
3062 3d8solid 0 3474 3475 3491 3490 3730 3731 3747 3746
3063 3d8solid 0 3475 3476 3492 3491 3731 3732 3748 3747
3064 3d8solid 0 3476 3477 3493 3492 3732 3733 3749 3748
3065 3d8solid 0 3477 3478 3494 3493 3733 3734 3750 3749
3066 3d8solid 0 3478 3479 3495 3494 3734 3735 3751 3750
3067 3d8solid 0 3479 3480 3496 3495 3735 3736 3752 3751
3068 3d8solid 0 3480 3481 3497 3496 3736 3737 3753 3752
3069 3d8solid 0 3481 3482 3498 3497 3737 3738 3754 3753
3070 3d8solid 0 3482 3483 3499 3498 3738 3739 3755 3754
3071 3d8solid 0 3483 3484 3500 3499 3739 3740 3756 3755
3072 3d8solid 0 3484 3485 3501 3500 3740 3741 3757 3756
3073 3d8solid 0 3485 3486 3502 3501 3741 3742 3758 3757
3074 3d8solid 0 3486 3487 3503 3502 3742 3743 3759 3758
3075 3d8solid 0 3488 3489 3505 3504 3744 3745 3761 3760
3076 3d8solid 0 3489 3490 3506 3505 3745 3746 3762 3761
3077 3d8solid 0 3490 3491 3507 3506 3746 3747 3763 3762
3078 3d8solid 0 3491 3492 3508 3507 3747 3748 3764 3763
3079 3d8solid 0 3492 3493 3509 3508 3748 3749 3765 3764
3080 3d8solid 0 3493 3494 3510 3509 3749 3750 3766 3765
3081 3d8solid 0 3494 3495 3511 3510 3750 3751 3767 3766
3082 3d8solid 0 3495 3496 3512 3511 3751 3752 3768 3767
3083 3d8solid 0 3496 3497 3513 3512 3752 3753 3769 3768
3084 3d8solid 0 3497 3498 3514 3513 3753 3754 3770 3769
3085 3d8solid 0 3498 3499 3515 3514 3754 3755 3771 3770
3086 3d8solid 0 3499 3500 3516 3515 3755 3756 3772 3771
3087 3d8solid 0 3500 3501 3517 3516 3756 3757 3773 3772
3088 3d8solid 0 3501 3502 3518 3517 3757 3758 3774 3773
3089 3d8solid 0 3502 3503 3519 3518 3758 3759 3775 3774
3090 3d8solid 0 3504 3505 3521 3520 3760 3761 3777 3776
3091 3d8solid 0 3505 3506 3522 3521 3761 3762 3778 3777
3092 3d8solid 0 3506 3507 3523 3522 3762 3763 3779 3778
3093 3d8solid 0 3507 3508 3524 3523 3763 3764 3780 3779
3094 3d8solid 0 3508 3509 3525 3524 3764 3765 3781 3780
3095 3d8solid 0 3509 3510 3526 3525 3765 3766 3782 3781
3096 3d8solid 0 3510 3511 3527 3526 3766 3767 3783 3782
3097 3d8solid 0 3511 3512 3528 3527 3767 3768 3784 3783
3098 3d8solid 0 3512 3513 3529 3528 3768 3769 3785 3784
3099 3d8solid 0 3513 3514 3530 3529 3769 3770 3786 3785
3100 3d8solid 0 3514 3515 3531 3530 3770 3771 3787 3786
3101 3d8solid 0 3515 3516 3532 3531 3771 3772 3788 3787
3102 3d8solid 0 3516 3517 3533 3532 3772 3773 3789 3788
3103 3d8solid 0 3517 3518 3534 3533 3773 3774 3790 3789
3104 3d8solid 0 3518 3519 3535 3534 3774 3775 3791 3790
3105 3d8solid 0 3520 3521 3537 3536 3776 3777 3793 3792
3106 3d8solid 0 3521 3522 3538 3537 3777 3778 3794 3793
3107 3d8solid 0 3522 3523 3539 3538 3778 3779 3795 3794
3108 3d8solid 0 3523 3524 3540 3539 3779 3780 3796 3795
3109 3d8solid 0 3524 3525 3541 3540 3780 3781 3797 3796
3110 3d8solid 0 3525 3526 3542 3541 3781 3782 3798 3797
3111 3d8solid 0 3526 3527 3543 3542 3782 3783 3799 3798
3112 3d8solid 0 3527 3528 3544 3543 3783 3784 3800 3799
3113 3d8solid 0 3528 3529 3545 3544 3784 3785 3801 3800
3114 3d8solid 0 3529 3530 3546 3545 3785 3786 3802 3801
3115 3d8solid 0 3530 3531 3547 3546 3786 3787 3803 3802
3116 3d8solid 0 3531 3532 3548 3547 3787 3788 3804 3803
3117 3d8solid 0 3532 3533 3549 3548 3788 3789 3805 3804
3118 3d8solid 0 3533 3534 3550 3549 3789 3790 3806 3805
3119 3d8solid 0 3534 3535 3551 3550 3790 3791 3807 3806
3120 3d8solid 0 3536 3537 3553 3552 3792 3793 3809 3808
3121 3d8solid 0 3537 3538 3554 3553 3793 3794 3810 3809
3122 3d8solid 0 3538 3539 3555 3554 3794 3795 3811 3810
3123 3d8solid 0 3539 3540 3556 3555 3795 3796 3812 3811
3124 3d8solid 0 3540 3541 3557 3556 3796 3797 3813 3812
3125 3d8solid 0 3541 3542 3558 3557 3797 3798 3814 3813
3126 3d8solid 0 3542 3543 3559 3558 3798 3799 3815 3814
3127 3d8solid 0 3543 3544 3560 3559 3799 3800 3816 3815
3128 3d8solid 0 3544 3545 3561 3560 3800 3801 3817 3816
3129 3d8solid 0 3545 3546 3562 3561 3801 3802 3818 3817
3130 3d8solid 0 3546 3547 3563 3562 3802 3803 3819 3818
3131 3d8solid 0 3547 3548 3564 3563 3803 3804 3820 3819
3132 3d8solid 0 3548 3549 3565 3564 3804 3805 3821 3820
3133 3d8solid 0 3549 3550 3566 3565 3805 3806 3822 3821
3134 3d8solid 0 3550 3551 3567 3566 3806 3807 3823 3822
3135 3d8solid 0 3552 3553 3569 3568 3808 3809 3825 3824
3136 3d8solid 0 3553 3554 3570 3569 3809 3810 3826 3825
3137 3d8solid 0 3554 3555 3571 3570 3810 3811 3827 3826
3138 3d8solid 0 3555 3556 3572 3571 3811 3812 3828 3827
3139 3d8solid 0 3556 3557 3573 3572 3812 3813 3829 3828
3140 3d8solid 0 3557 3558 3574 3573 3813 3814 3830 3829
3141 3d8solid 0 3558 3559 3575 3574 3814 3815 3831 3830
3142 3d8solid 0 3559 3560 3576 3575 3815 3816 3832 3831
3143 3d8solid 0 3560 3561 3577 3576 3816 3817 3833 3832
3144 3d8solid 0 3561 3562 3578 3577 3817 3818 3834 3833
3145 3d8solid 0 3562 3563 3579 3578 3818 3819 3835 3834
3146 3d8solid 0 3563 3564 3580 3579 3819 3820 3836 3835
3147 3d8solid 0 3564 3565 3581 3580 3820 3821 3837 3836
3148 3d8solid 0 3565 3566 3582 3581 3821 3822 3838 3837
3149 3d8solid 0 3566 3567 3583 3582 3822 3823 3839 3838
3150 3d8solid 0 3584 3585 3601 3600 3840 3841 3857 3856
3151 3d8solid 0 3585 3586 3602 3601 3841 3842 3858 3857
3152 3d8solid 0 3586 3587 3603 3602 3842 3843 3859 3858
3153 3d8solid 0 3587 3588 3604 3603 3843 3844 3860 3859
3154 3d8solid 0 3588 3589 3605 3604 3844 3845 3861 3860
3155 3d8solid 0 3589 3590 3606 3605 3845 3846 3862 3861
3156 3d8solid 0 3590 3591 3607 3606 3846 3847 3863 3862
3157 3d8solid 0 3591 3592 3608 3607 3847 3848 3864 3863
3158 3d8solid 0 3592 3593 3609 3608 3848 3849 3865 3864
3159 3d8solid 0 3593 3594 3610 3609 3849 3850 3866 3865
3160 3d8solid 0 3594 3595 3611 3610 3850 3851 3867 3866
3161 3d8solid 0 3595 3596 3612 3611 3851 3852 3868 3867
3162 3d8solid 0 3596 3597 3613 3612 3852 3853 3869 3868
3163 3d8solid 0 3597 3598 3614 3613 3853 3854 3870 3869
3164 3d8solid 0 3598 3599 3615 3614 3854 3855 3871 3870
3165 3d8solid 0 3600 3601 3617 3616 3856 3857 3873 3872
3166 3d8solid 0 3601 3602 3618 3617 3857 3858 3874 3873
3167 3d8solid 0 3602 3603 3619 3618 3858 3859 3875 3874
3168 3d8solid 0 3603 3604 3620 3619 3859 3860 3876 3875
3169 3d8solid 0 3604 3605 3621 3620 3860 3861 3877 3876
3170 3d8solid 0 3605 3606 3622 3621 3861 3862 3878 3877
3171 3d8solid 0 3606 3607 3623 3622 3862 3863 3879 3878
3172 3d8solid 0 3607 3608 3624 3623 3863 3864 3880 3879
3173 3d8solid 0 3608 3609 3625 3624 3864 3865 3881 3880
3174 3d8solid 0 3609 3610 3626 3625 3865 3866 3882 3881
3175 3d8solid 0 3610 3611 3627 3626 3866 3867 3883 3882
3176 3d8solid 0 3611 3612 3628 3627 3867 3868 3884 3883
3177 3d8solid 0 3612 3613 3629 3628 3868 3869 3885 3884
3178 3d8solid 0 3613 3614 3630 3629 3869 3870 3886 3885
3179 3d8solid 0 3614 3615 3631 3630 3870 3871 3887 3886
3180 3d8solid 0 3616 3617 3633 3632 3872 3873 3889 3888
3181 3d8solid 0 3617 3618 3634 3633 3873 3874 3890 3889
3182 3d8solid 0 3618 3619 3635 3634 3874 3875 3891 3890
3183 3d8solid 0 3619 3620 3636 3635 3875 3876 3892 3891
3184 3d8solid 0 3620 3621 3637 3636 3876 3877 3893 3892
3185 3d8solid 0 3621 3622 3638 3637 3877 3878 3894 3893
3186 3d8solid 0 3622 3623 3639 3638 3878 3879 3895 3894
3187 3d8solid 0 3623 3624 3640 3639 3879 3880 3896 3895
3188 3d8solid 0 3624 3625 3641 3640 3880 3881 3897 3896
3189 3d8solid 0 3625 3626 3642 3641 3881 3882 3898 3897
3190 3d8solid 0 3626 3627 3643 3642 3882 3883 3899 3898
3191 3d8solid 0 3627 3628 3644 3643 3883 3884 3900 3899
3192 3d8solid 0 3628 3629 3645 3644 3884 3885 3901 3900
3193 3d8solid 0 3629 3630 3646 3645 3885 3886 3902 3901
3194 3d8solid 0 3630 3631 3647 3646 3886 3887 3903 3902
3195 3d8solid 0 3632 3633 3649 3648 3888 3889 3905 3904
3196 3d8solid 0 3633 3634 3650 3649 3889 3890 3906 3905
3197 3d8solid 0 3634 3635 3651 3650 3890 3891 3907 3906
3198 3d8solid 0 3635 3636 3652 3651 3891 3892 3908 3907
3199 3d8solid 0 3636 3637 3653 3652 3892 3893 3909 3908
3200 3d8solid 0 3637 3638 3654 3653 3893 3894 3910 3909
3201 3d8solid 0 3638 3639 3655 3654 3894 3895 3911 3910
3202 3d8solid 0 3639 3640 3656 3655 3895 3896 3912 3911
3203 3d8solid 0 3640 3641 3657 3656 3896 3897 3913 3912
3204 3d8solid 0 3641 3642 3658 3657 3897 3898 3914 3913
3205 3d8solid 0 3642 3643 3659 3658 3898 3899 3915 3914
3206 3d8solid 0 3643 3644 3660 3659 3899 3900 3916 3915
3207 3d8solid 0 3644 3645 3661 3660 3900 3901 3917 3916
3208 3d8solid 0 3645 3646 3662 3661 3901 3902 3918 3917
3209 3d8solid 0 3646 3647 3663 3662 3902 3903 3919 3918
3210 3d8solid 0 3648 3649 3665 3664 3904 3905 3921 3920
3211 3d8solid 0 3649 3650 3666 3665 3905 3906 3922 3921
3212 3d8solid 0 3650 3651 3667 3666 3906 3907 3923 3922
3213 3d8solid 0 3651 3652 3668 3667 3907 3908 3924 3923
3214 3d8solid 0 3652 3653 3669 3668 3908 3909 3925 3924
3215 3d8solid 0 3653 3654 3670 3669 3909 3910 3926 3925
3216 3d8solid 0 3654 3655 3671 3670 3910 3911 3927 3926
3217 3d8solid 0 3655 3656 3672 3671 3911 3912 3928 3927
3218 3d8solid 0 3656 3657 3673 3672 3912 3913 3929 3928
3219 3d8solid 0 3657 3658 3674 3673 3913 3914 3930 3929
3220 3d8solid 0 3658 3659 3675 3674 3914 3915 3931 3930
3221 3d8solid 0 3659 3660 3676 3675 3915 3916 3932 3931
3222 3d8solid 0 3660 3661 3677 3676 3916 3917 3933 3932
3223 3d8solid 0 3661 3662 3678 3677 3917 3918 3934 3933
3224 3d8solid 0 3662 3663 3679 3678 3918 3919 3935 3934
3225 3d8solid 0 3664 3665 3681 3680 3920 3921 3937 3936
3226 3d8solid 0 3665 3666 3682 3681 3921 3922 3938 3937
3227 3d8solid 0 3666 3667 3683 3682 3922 3923 3939 3938
3228 3d8solid 0 3667 3668 3684 3683 3923 3924 3940 3939
3229 3d8solid 0 3668 3669 3685 3684 3924 3925 3941 3940
3230 3d8solid 0 3669 3670 3686 3685 3925 3926 3942 3941
3231 3d8solid 0 3670 3671 3687 3686 3926 3927 3943 3942
3232 3d8solid 0 3671 3672 3688 3687 3927 3928 3944 3943
3233 3d8solid 0 3672 3673 3689 3688 3928 3929 3945 3944
3234 3d8solid 0 3673 3674 3690 3689 3929 3930 3946 3945
3235 3d8solid 0 3674 3675 3691 3690 3930 3931 3947 3946
3236 3d8solid 0 3675 3676 3692 3691 3931 3932 3948 3947
3237 3d8solid 0 3676 3677 3693 3692 3932 3933 3949 3948
3238 3d8solid 0 3677 3678 3694 3693 3933 3934 3950 3949
3239 3d8solid 0 3678 3679 3695 3694 3934 3935 3951 3950
3240 3d8solid 0 3680 3681 3697 3696 3936 3937 3953 3952
3241 3d8solid 0 3681 3682 3698 3697 3937 3938 3954 3953
3242 3d8solid 0 3682 3683 3699 3698 3938 3939 3955 3954
3243 3d8solid 0 3683 3684 3700 3699 3939 3940 3956 3955
3244 3d8solid 0 3684 3685 3701 3700 3940 3941 3957 3956
3245 3d8solid 0 3685 3686 3702 3701 3941 3942 3958 3957
3246 3d8solid 0 3686 3687 3703 3702 3942 3943 3959 3958
3247 3d8solid 0 3687 3688 3704 3703 3943 3944 3960 3959
3248 3d8solid 0 3688 3689 3705 3704 3944 3945 3961 3960
3249 3d8solid 0 3689 3690 3706 3705 3945 3946 3962 3961
3250 3d8solid 0 3690 3691 3707 3706 3946 3947 3963 3962
3251 3d8solid 0 3691 3692 3708 3707 3947 3948 3964 3963
3252 3d8solid 0 3692 3693 3709 3708 3948 3949 3965 3964
3253 3d8solid 0 3693 3694 3710 3709 3949 3950 3966 3965
3254 3d8solid 0 3694 3695 3711 3710 3950 3951 3967 3966
3255 3d8solid 0 3696 3697 3713 3712 3952 3953 3969 3968
3256 3d8solid 0 3697 3698 3714 3713 3953 3954 3970 3969
3257 3d8solid 0 3698 3699 3715 3714 3954 3955 3971 3970
3258 3d8solid 0 3699 3700 3716 3715 3955 3956 3972 3971
3259 3d8solid 0 3700 3701 3717 3716 3956 3957 3973 3972
3260 3d8solid 0 3701 3702 3718 3717 3957 3958 3974 3973
3261 3d8solid 0 3702 3703 3719 3718 3958 3959 3975 3974
3262 3d8solid 0 3703 3704 3720 3719 3959 3960 3976 3975
3263 3d8solid 0 3704 3705 3721 3720 3960 3961 3977 3976
3264 3d8solid 0 3705 3706 3722 3721 3961 3962 3978 3977
3265 3d8solid 0 3706 3707 3723 3722 3962 3963 3979 3978
3266 3d8solid 0 3707 3708 3724 3723 3963 3964 3980 3979
3267 3d8solid 0 3708 3709 3725 3724 3964 3965 3981 3980
3268 3d8solid 0 3709 3710 3726 3725 3965 3966 3982 3981
3269 3d8solid 0 3710 3711 3727 3726 3966 3967 3983 3982
3270 3d8solid 0 3712 3713 3729 3728 3968 3969 3985 3984
3271 3d8solid 0 3713 3714 3730 3729 3969 3970 3986 3985
3272 3d8solid 0 3714 3715 3731 3730 3970 3971 3987 3986
3273 3d8solid 0 3715 3716 3732 3731 3971 3972 3988 3987
3274 3d8solid 0 3716 3717 3733 3732 3972 3973 3989 3988
3275 3d8solid 0 3717 3718 3734 3733 3973 3974 3990 3989
3276 3d8solid 0 3718 3719 3735 3734 3974 3975 3991 3990
3277 3d8solid 0 3719 3720 3736 3735 3975 3976 3992 3991
3278 3d8solid 0 3720 3721 3737 3736 3976 3977 3993 3992
3279 3d8solid 0 3721 3722 3738 3737 3977 3978 3994 3993
3280 3d8solid 0 3722 3723 3739 3738 3978 3979 3995 3994
3281 3d8solid 0 3723 3724 3740 3739 3979 3980 3996 3995
3282 3d8solid 0 3724 3725 3741 3740 3980 3981 3997 3996
3283 3d8solid 0 3725 3726 3742 3741 3981 3982 3998 3997
3284 3d8solid 0 3726 3727 3743 3742 3982 3983 3999 3998
3285 3d8solid 0 3728 3729 3745 3744 3984 3985 4001 4000
3286 3d8solid 0 3729 3730 3746 3745 3985 3986 4002 4001
3287 3d8solid 0 3730 3731 3747 3746 3986 3987 4003 4002
3288 3d8solid 0 3731 3732 3748 3747 3987 3988 4004 4003
3289 3d8solid 0 3732 3733 3749 3748 3988 3989 4005 4004
3290 3d8solid 0 3733 3734 3750 3749 3989 3990 4006 4005
3291 3d8solid 0 3734 3735 3751 3750 3990 3991 4007 4006
3292 3d8solid 0 3735 3736 3752 3751 3991 3992 4008 4007
3293 3d8solid 0 3736 3737 3753 3752 3992 3993 4009 4008
3294 3d8solid 0 3737 3738 3754 3753 3993 3994 4010 4009
3295 3d8solid 0 3738 3739 3755 3754 3994 3995 4011 4010
3296 3d8solid 0 3739 3740 3756 3755 3995 3996 4012 4011
3297 3d8solid 0 3740 3741 3757 3756 3996 3997 4013 4012
3298 3d8solid 0 3741 3742 3758 3757 3997 3998 4014 4013
3299 3d8solid 0 3742 3743 3759 3758 3998 3999 4015 4014
3300 3d8solid 0 3744 3745 3761 3760 4000 4001 4017 4016
3301 3d8solid 0 3745 3746 3762 3761 4001 4002 4018 4017
3302 3d8solid 0 3746 3747 3763 3762 4002 4003 4019 4018
3303 3d8solid 0 3747 3748 3764 3763 4003 4004 4020 4019
3304 3d8solid 0 3748 3749 3765 3764 4004 4005 4021 4020
3305 3d8solid 0 3749 3750 3766 3765 4005 4006 4022 4021
3306 3d8solid 0 3750 3751 3767 3766 4006 4007 4023 4022
3307 3d8solid 0 3751 3752 3768 3767 4007 4008 4024 4023
3308 3d8solid 0 3752 3753 3769 3768 4008 4009 4025 4024
3309 3d8solid 0 3753 3754 3770 3769 4009 4010 4026 4025
3310 3d8solid 0 3754 3755 3771 3770 4010 4011 4027 4026
3311 3d8solid 0 3755 3756 3772 3771 4011 4012 4028 4027
3312 3d8solid 0 3756 3757 3773 3772 4012 4013 4029 4028
3313 3d8solid 0 3757 3758 3774 3773 4013 4014 4030 4029
3314 3d8solid 0 3758 3759 3775 3774 4014 4015 4031 4030
3315 3d8solid 0 3760 3761 3777 3776 4016 4017 4033 4032
3316 3d8solid 0 3761 3762 3778 3777 4017 4018 4034 4033
3317 3d8solid 0 3762 3763 3779 3778 4018 4019 4035 4034
3318 3d8solid 0 3763 3764 3780 3779 4019 4020 4036 4035
3319 3d8solid 0 3764 3765 3781 3780 4020 4021 4037 4036
3320 3d8solid 0 3765 3766 3782 3781 4021 4022 4038 4037
3321 3d8solid 0 3766 3767 3783 3782 4022 4023 4039 4038
3322 3d8solid 0 3767 3768 3784 3783 4023 4024 4040 4039
3323 3d8solid 0 3768 3769 3785 3784 4024 4025 4041 4040
3324 3d8solid 0 3769 3770 3786 3785 4025 4026 4042 4041
3325 3d8solid 0 3770 3771 3787 3786 4026 4027 4043 4042
3326 3d8solid 0 3771 3772 3788 3787 4027 4028 4044 4043
3327 3d8solid 0 3772 3773 3789 3788 4028 4029 4045 4044
3328 3d8solid 0 3773 3774 3790 3789 4029 4030 4046 4045
3329 3d8solid 0 3774 3775 3791 3790 4030 4031 4047 4046
3330 3d8solid 0 3776 3777 3793 3792 4032 4033 4049 4048
3331 3d8solid 0 3777 3778 3794 3793 4033 4034 4050 4049
3332 3d8solid 0 3778 3779 3795 3794 4034 4035 4051 4050
3333 3d8solid 0 3779 3780 3796 3795 4035 4036 4052 4051
3334 3d8solid 0 3780 3781 3797 3796 4036 4037 4053 4052
3335 3d8solid 0 3781 3782 3798 3797 4037 4038 4054 4053
3336 3d8solid 0 3782 3783 3799 3798 4038 4039 4055 4054
3337 3d8solid 0 3783 3784 3800 3799 4039 4040 4056 4055
3338 3d8solid 0 3784 3785 3801 3800 4040 4041 4057 4056
3339 3d8solid 0 3785 3786 3802 3801 4041 4042 4058 4057
3340 3d8solid 0 3786 3787 3803 3802 4042 4043 4059 4058
3341 3d8solid 0 3787 3788 3804 3803 4043 4044 4060 4059
3342 3d8solid 0 3788 3789 3805 3804 4044 4045 4061 4060
3343 3d8solid 0 3789 3790 3806 3805 4045 4046 4062 4061
3344 3d8solid 0 3790 3791 3807 3806 4046 4047 4063 4062
3345 3d8solid 0 3792 3793 3809 3808 4048 4049 4065 4064
3346 3d8solid 0 3793 3794 3810 3809 4049 4050 4066 4065
3347 3d8solid 0 3794 3795 3811 3810 4050 4051 4067 4066
3348 3d8solid 0 3795 3796 3812 3811 4051 4052 4068 4067
3349 3d8solid 0 3796 3797 3813 3812 4052 4053 4069 4068
3350 3d8solid 0 3797 3798 3814 3813 4053 4054 4070 4069
3351 3d8solid 0 3798 3799 3815 3814 4054 4055 4071 4070
3352 3d8solid 0 3799 3800 3816 3815 4055 4056 4072 4071
3353 3d8solid 0 3800 3801 3817 3816 4056 4057 4073 4072
3354 3d8solid 0 3801 3802 3818 3817 4057 4058 4074 4073
3355 3d8solid 0 3802 3803 3819 3818 4058 4059 4075 4074
3356 3d8solid 0 3803 3804 3820 3819 4059 4060 4076 4075
3357 3d8solid 0 3804 3805 3821 3820 4060 4061 4077 4076
3358 3d8solid 0 3805 3806 3822 3821 4061 4062 4078 4077
3359 3d8solid 0 3806 3807 3823 3822 4062 4063 4079 4078
3360 3d8solid 0 3808 3809 3825 3824 4064 4065 4081 4080
3361 3d8solid 0 3809 3810 3826 3825 4065 4066 4082 4081
3362 3d8solid 0 3810 3811 3827 3826 4066 4067 4083 4082
3363 3d8solid 0 3811 3812 3828 3827 4067 4068 4084 4083
3364 3d8solid 0 3812 3813 3829 3828 4068 4069 4085 4084
3365 3d8solid 0 3813 3814 3830 3829 4069 4070 4086 4085
3366 3d8solid 0 3814 3815 3831 3830 4070 4071 4087 4086
3367 3d8solid 0 3815 3816 3832 3831 4071 4072 4088 4087
3368 3d8solid 0 3816 3817 3833 3832 4072 4073 4089 4088
3369 3d8solid 0 3817 3818 3834 3833 4073 4074 4090 4089
3370 3d8solid 0 3818 3819 3835 3834 4074 4075 4091 4090
3371 3d8solid 0 3819 3820 3836 3835 4075 4076 4092 4091
3372 3d8solid 0 3820 3821 3837 3836 4076 4077 4093 4092
3373 3d8solid 0 3821 3822 3838 3837 4077 4078 4094 4093
3374 3d8solid 0 3822 3823 3839 3838 4078 4079 4095 4094
3375 2d4visco 0 3840 3841 3857 3856
3376 2d4visco 0 3841 3842 3858 3857
3377 2d4visco 0 3842 3843 3859 3858
3378 2d4visco 0 3843 3844 3860 3859
3379 2d4visco 0 3844 3845 3861 3860
3380 2d4visco 0 3845 3846 3862 3861
3381 2d4visco 0 3846 3847 3863 3862
3382 2d4visco 0 3847 3848 3864 3863
3383 2d4visco 0 3848 3849 3865 3864
3384 2d4visco 0 3849 3850 3866 3865
3385 2d4visco 0 3850 3851 3867 3866
3386 2d4visco 0 3851 3852 3868 3867
3387 2d4visco 0 3852 3853 3869 3868
3388 2d4visco 0 3853 3854 3870 3869
3389 2d4visco 0 3854 3855 3871 3870
3390 2d4visco 0 3856 3857 3873 3872
3391 2d4visco 0 3857 3858 3874 3873
3392 2d4visco 0 3858 3859 3875 3874
3393 2d4visco 0 3859 3860 3876 3875
3394 2d4visco 0 3860 3861 3877 3876
3395 2d4visco 0 3861 3862 3878 3877
3396 2d4visco 0 3862 3863 3879 3878
3397 2d4visco 0 3863 3864 3880 3879
3398 2d4visco 0 3864 3865 3881 3880
3399 2d4visco 0 3865 3866 3882 3881
3400 2d4visco 0 3866 3867 3883 3882
3401 2d4visco 0 3867 3868 3884 3883
3402 2d4visco 0 3868 3869 3885 3884
3403 2d4visco 0 3869 3870 3886 3885
3404 2d4visco 0 3870 3871 3887 3886
3405 2d4visco 0 3872 3873 3889 3888
3406 2d4visco 0 3873 3874 3890 3889
3407 2d4visco 0 3874 3875 3891 3890
3408 2d4visco 0 3875 3876 3892 3891
3409 2d4visco 0 3876 3877 3893 3892
3410 2d4visco 0 3877 3878 3894 3893
3411 2d4visco 0 3878 3879 3895 3894
3412 2d4visco 0 3879 3880 3896 3895
3413 2d4visco 0 3880 3881 3897 3896
3414 2d4visco 0 3881 3882 3898 3897
3415 2d4visco 0 3882 3883 3899 3898
3416 2d4visco 0 3883 3884 3900 3899
3417 2d4visco 0 3884 3885 3901 3900
3418 2d4visco 0 3885 3886 3902 3901
3419 2d4visco 0 3886 3887 3903 3902
3420 2d4visco 0 3888 3889 3905 3904
3421 2d4visco 0 3889 3890 3906 3905
3422 2d4visco 0 3890 3891 3907 3906
3423 2d4visco 0 3891 3892 3908 3907
3424 2d4visco 0 3892 3893 3909 3908
3425 2d4visco 0 3893 3894 3910 3909
3426 2d4visco 0 3894 3895 3911 3910
3427 2d4visco 0 3895 3896 3912 3911
3428 2d4visco 0 3896 3897 3913 3912
3429 2d4visco 0 3897 3898 3914 3913
3430 2d4visco 0 3898 3899 3915 3914
3431 2d4visco 0 3899 3900 3916 3915
3432 2d4visco 0 3900 3901 3917 3916
3433 2d4visco 0 3901 3902 3918 3917
3434 2d4visco 0 3902 3903 3919 3918
3435 2d4visco 0 3904 3905 3921 3920
3436 2d4visco 0 3905 3906 3922 3921
3437 2d4visco 0 3906 3907 3923 3922
3438 2d4visco 0 3907 3908 3924 3923
3439 2d4visco 0 3908 3909 3925 3924
3440 2d4visco 0 3909 3910 3926 3925
3441 2d4visco 0 3910 3911 3927 3926
3442 2d4visco 0 3911 3912 3928 3927
3443 2d4visco 0 3912 3913 3929 3928
3444 2d4visco 0 3913 3914 3930 3929
3445 2d4visco 0 3914 3915 3931 3930
3446 2d4visco 0 3915 3916 3932 3931
3447 2d4visco 0 3916 3917 3933 3932
3448 2d4visco 0 3917 3918 3934 3933
3449 2d4visco 0 3918 3919 3935 3934
3450 2d4visco 0 3920 3921 3937 3936
3451 2d4visco 0 3921 3922 3938 3937
3452 2d4visco 0 3922 3923 3939 3938
3453 2d4visco 0 3923 3924 3940 3939
3454 2d4visco 0 3924 3925 3941 3940
3455 2d4visco 0 3925 3926 3942 3941
3456 2d4visco 0 3926 3927 3943 3942
3457 2d4visco 0 3927 3928 3944 3943
3458 2d4visco 0 3928 3929 3945 3944
3459 2d4visco 0 3929 3930 3946 3945
3460 2d4visco 0 3930 3931 3947 3946
3461 2d4visco 0 3931 3932 3948 3947
3462 2d4visco 0 3932 3933 3949 3948
3463 2d4visco 0 3933 3934 3950 3949
3464 2d4visco 0 3934 3935 3951 3950
3465 2d4visco 0 3936 3937 3953 3952
3466 2d4visco 0 3937 3938 3954 3953
3467 2d4visco 0 3938 3939 3955 3954
3468 2d4visco 0 3939 3940 3956 3955
3469 2d4visco 0 3940 3941 3957 3956
3470 2d4visco 0 3941 3942 3958 3957
3471 2d4visco 0 3942 3943 3959 3958
3472 2d4visco 0 3943 3944 3960 3959
3473 2d4visco 0 3944 3945 3961 3960
3474 2d4visco 0 3945 3946 3962 3961
3475 2d4visco 0 3946 3947 3963 3962
3476 2d4visco 0 3947 3948 3964 3963
3477 2d4visco 0 3948 3949 3965 3964
3478 2d4visco 0 3949 3950 3966 3965
3479 2d4visco 0 3950 3951 3967 3966
3480 2d4visco 0 3952 3953 3969 3968
3481 2d4visco 0 3953 3954 3970 3969
3482 2d4visco 0 3954 3955 3971 3970
3483 2d4visco 0 3955 3956 3972 3971
3484 2d4visco 0 3956 3957 3973 3972
3485 2d4visco 0 3957 3958 3974 3973
3486 2d4visco 0 3958 3959 3975 3974
3487 2d4visco 0 3959 3960 3976 3975
3488 2d4visco 0 3960 3961 3977 3976
3489 2d4visco 0 3961 3962 3978 3977
3490 2d4visco 0 3962 3963 3979 3978
3491 2d4visco 0 3963 3964 3980 3979
3492 2d4visco 0 3964 3965 3981 3980
3493 2d4visco 0 3965 3966 3982 3981
3494 2d4visco 0 3966 3967 3983 3982
3495 2d4visco 0 3968 3969 3985 3984
3496 2d4visco 0 3969 3970 3986 3985
3497 2d4visco 0 3970 3971 3987 3986
3498 2d4visco 0 3971 3972 3988 3987
3499 2d4visco 0 3972 3973 3989 3988
3500 2d4visco 0 3973 3974 3990 3989
3501 2d4visco 0 3974 3975 3991 3990
3502 2d4visco 0 3975 3976 3992 3991
3503 2d4visco 0 3976 3977 3993 3992
3504 2d4visco 0 3977 3978 3994 3993
3505 2d4visco 0 3978 3979 3995 3994
3506 2d4visco 0 3979 3980 3996 3995
3507 2d4visco 0 3980 3981 3997 3996
3508 2d4visco 0 3981 3982 3998 3997
3509 2d4visco 0 3982 3983 3999 3998
3510 2d4visco 0 3984 3985 4001 4000
3511 2d4visco 0 3985 3986 4002 4001
3512 2d4visco 0 3986 3987 4003 4002
3513 2d4visco 0 3987 3988 4004 4003
3514 2d4visco 0 3988 3989 4005 4004
3515 2d4visco 0 3989 3990 4006 4005
3516 2d4visco 0 3990 3991 4007 4006
3517 2d4visco 0 3991 3992 4008 4007
3518 2d4visco 0 3992 3993 4009 4008
3519 2d4visco 0 3993 3994 4010 4009
3520 2d4visco 0 3994 3995 4011 4010
3521 2d4visco 0 3995 3996 4012 4011
3522 2d4visco 0 3996 3997 4013 4012
3523 2d4visco 0 3997 3998 4014 4013
3524 2d4visco 0 3998 3999 4015 4014
3525 2d4visco 0 4000 4001 4017 4016
3526 2d4visco 0 4001 4002 4018 4017
3527 2d4visco 0 4002 4003 4019 4018
3528 2d4visco 0 4003 4004 4020 4019
3529 2d4visco 0 4004 4005 4021 4020
3530 2d4visco 0 4005 4006 4022 4021
3531 2d4visco 0 4006 4007 4023 4022
3532 2d4visco 0 4007 4008 4024 4023
3533 2d4visco 0 4008 4009 4025 4024
3534 2d4visco 0 4009 4010 4026 4025
3535 2d4visco 0 4010 4011 4027 4026
3536 2d4visco 0 4011 4012 4028 4027
3537 2d4visco 0 4012 4013 4029 4028
3538 2d4visco 0 4013 4014 4030 4029
3539 2d4visco 0 4014 4015 4031 4030
3540 2d4visco 0 4016 4017 4033 4032
3541 2d4visco 0 4017 4018 4034 4033
3542 2d4visco 0 4018 4019 4035 4034
3543 2d4visco 0 4019 4020 4036 4035
3544 2d4visco 0 4020 4021 4037 4036
3545 2d4visco 0 4021 4022 4038 4037
3546 2d4visco 0 4022 4023 4039 4038
3547 2d4visco 0 4023 4024 4040 4039
3548 2d4visco 0 4024 4025 4041 4040
3549 2d4visco 0 4025 4026 4042 4041
3550 2d4visco 0 4026 4027 4043 4042
3551 2d4visco 0 4027 4028 4044 4043
3552 2d4visco 0 4028 4029 4045 4044
3553 2d4visco 0 4029 4030 4046 4045
3554 2d4visco 0 4030 4031 4047 4046
3555 2d4visco 0 4032 4033 4049 4048
3556 2d4visco 0 4033 4034 4050 4049
3557 2d4visco 0 4034 4035 4051 4050
3558 2d4visco 0 4035 4036 4052 4051
3559 2d4visco 0 4036 4037 4053 4052
3560 2d4visco 0 4037 4038 4054 4053
3561 2d4visco 0 4038 4039 4055 4054
3562 2d4visco 0 4039 4040 4056 4055
3563 2d4visco 0 4040 4041 4057 4056
3564 2d4visco 0 4041 4042 4058 4057
3565 2d4visco 0 4042 4043 4059 4058
3566 2d4visco 0 4043 4044 4060 4059
3567 2d4visco 0 4044 4045 4061 4060
3568 2d4visco 0 4045 4046 4062 4061
3569 2d4visco 0 4046 4047 4063 4062
3570 2d4visco 0 4048 4049 4065 4064
3571 2d4visco 0 4049 4050 4066 4065
3572 2d4visco 0 4050 4051 4067 4066
3573 2d4visco 0 4051 4052 4068 4067
3574 2d4visco 0 4052 4053 4069 4068
3575 2d4visco 0 4053 4054 4070 4069
3576 2d4visco 0 4054 4055 4071 4070
3577 2d4visco 0 4055 4056 4072 4071
3578 2d4visco 0 4056 4057 4073 4072
3579 2d4visco 0 4057 4058 4074 4073
3580 2d4visco 0 4058 4059 4075 4074
3581 2d4visco 0 4059 4060 4076 4075
3582 2d4visco 0 4060 4061 4077 4076
3583 2d4visco 0 4061 4062 4078 4077
3584 2d4visco 0 4062 4063 4079 4078
3585 2d4visco 0 4064 4065 4081 4080
3586 2d4visco 0 4065 4066 4082 4081
3587 2d4visco 0 4066 4067 4083 4082
3588 2d4visco 0 4067 4068 4084 4083
3589 2d4visco 0 4068 4069 4085 4084
3590 2d4visco 0 4069 4070 4086 4085
3591 2d4visco 0 4070 4071 4087 4086
3592 2d4visco 0 4071 4072 4088 4087
3593 2d4visco 0 4072 4073 4089 4088
3594 2d4visco 0 4073 4074 4090 4089
3595 2d4visco 0 4074 4075 4091 4090
3596 2d4visco 0 4075 4076 4092 4091
3597 2d4visco 0 4076 4077 4093 4092
3598 2d4visco 0 4077 4078 4094 4093
3599 2d4visco 0 4078 4079 4095 4094
3600 2d4visco 0 0 256 272 16
3601 2d4visco 0 15 31 287 271
3602 2d4visco 0 16 272 288 32
3603 2d4visco 0 31 47 303 287
3604 2d4visco 0 32 288 304 48
3605 2d4visco 0 47 63 319 303
3606 2d4visco 0 48 304 320 64
3607 2d4visco 0 63 79 335 319
3608 2d4visco 0 64 320 336 80
3609 2d4visco 0 79 95 351 335
3610 2d4visco 0 80 336 352 96
3611 2d4visco 0 95 111 367 351
3612 2d4visco 0 96 352 368 112
3613 2d4visco 0 111 127 383 367
3614 2d4visco 0 112 368 384 128
3615 2d4visco 0 127 143 399 383
3616 2d4visco 0 128 384 400 144
3617 2d4visco 0 143 159 415 399
3618 2d4visco 0 144 400 416 160
3619 2d4visco 0 159 175 431 415
3620 2d4visco 0 160 416 432 176
3621 2d4visco 0 175 191 447 431
3622 2d4visco 0 176 432 448 192
3623 2d4visco 0 191 207 463 447
3624 2d4visco 0 192 448 464 208
3625 2d4visco 0 207 223 479 463
3626 2d4visco 0 208 464 480 224
3627 2d4visco 0 223 239 495 479
3628 2d4visco 0 224 480 496 240
3629 2d4visco 0 239 255 511 495
3630 2d4visco 0 256 512 528 272
3631 2d4visco 0 271 287 543 527
3632 2d4visco 0 272 528 544 288
3633 2d4visco 0 287 303 559 543
3634 2d4visco 0 288 544 560 304
3635 2d4visco 0 303 319 575 559
3636 2d4visco 0 304 560 576 320
3637 2d4visco 0 319 335 591 575
3638 2d4visco 0 320 576 592 336
3639 2d4visco 0 335 351 607 591
3640 2d4visco 0 336 592 608 352
3641 2d4visco 0 351 367 623 607
3642 2d4visco 0 352 608 624 368
3643 2d4visco 0 367 383 639 623
3644 2d4visco 0 368 624 640 384
3645 2d4visco 0 383 399 655 639
3646 2d4visco 0 384 640 656 400
3647 2d4visco 0 399 415 671 655
3648 2d4visco 0 400 656 672 416
3649 2d4visco 0 415 431 687 671
3650 2d4visco 0 416 672 688 432
3651 2d4visco 0 431 447 703 687
3652 2d4visco 0 432 688 704 448
3653 2d4visco 0 447 463 719 703
3654 2d4visco 0 448 704 720 464
3655 2d4visco 0 463 479 735 719
3656 2d4visco 0 464 720 736 480
3657 2d4visco 0 479 495 751 735
3658 2d4visco 0 480 736 752 496
3659 2d4visco 0 495 511 767 751
3660 2d4visco 0 512 768 784 528
3661 2d4visco 0 527 543 799 783
3662 2d4visco 0 528 784 800 544
3663 2d4visco 0 543 559 815 799
3664 2d4visco 0 544 800 816 560
3665 2d4visco 0 559 575 831 815
3666 2d4visco 0 560 816 832 576
3667 2d4visco 0 575 591 847 831
3668 2d4visco 0 576 832 848 592
3669 2d4visco 0 591 607 863 847
3670 2d4visco 0 592 848 864 608
3671 2d4visco 0 607 623 879 863
3672 2d4visco 0 608 864 880 624
3673 2d4visco 0 623 639 895 879
3674 2d4visco 0 624 880 896 640
3675 2d4visco 0 639 655 911 895
3676 2d4visco 0 640 896 912 656
3677 2d4visco 0 655 671 927 911
3678 2d4visco 0 656 912 928 672
3679 2d4visco 0 671 687 943 927
3680 2d4visco 0 672 928 944 688
3681 2d4visco 0 687 703 959 943
3682 2d4visco 0 688 944 960 704
3683 2d4visco 0 703 719 975 959
3684 2d4visco 0 704 960 976 720
3685 2d4visco 0 719 735 991 975
3686 2d4visco 0 720 976 992 736
3687 2d4visco 0 735 751 1007 991
3688 2d4visco 0 736 992 1008 752
3689 2d4visco 0 751 767 1023 1007
3690 2d4visco 0 768 1024 1040 784
3691 2d4visco 0 783 799 1055 1039
3692 2d4visco 0 784 1040 1056 800
3693 2d4visco 0 799 815 1071 1055
3694 2d4visco 0 800 1056 1072 816
3695 2d4visco 0 815 831 1087 1071
3696 2d4visco 0 816 1072 1088 832
3697 2d4visco 0 831 847 1103 1087
3698 2d4visco 0 832 1088 1104 848
3699 2d4visco 0 847 863 1119 1103
3700 2d4visco 0 848 1104 1120 864
3701 2d4visco 0 863 879 1135 1119
3702 2d4visco 0 864 1120 1136 880
3703 2d4visco 0 879 895 1151 1135
3704 2d4visco 0 880 1136 1152 896
3705 2d4visco 0 895 911 1167 1151
3706 2d4visco 0 896 1152 1168 912
3707 2d4visco 0 911 927 1183 1167
3708 2d4visco 0 912 1168 1184 928
3709 2d4visco 0 927 943 1199 1183
3710 2d4visco 0 928 1184 1200 944
3711 2d4visco 0 943 959 1215 1199
3712 2d4visco 0 944 1200 1216 960
3713 2d4visco 0 959 975 1231 1215
3714 2d4visco 0 960 1216 1232 976
3715 2d4visco 0 975 991 1247 1231
3716 2d4visco 0 976 1232 1248 992
3717 2d4visco 0 991 1007 1263 1247
3718 2d4visco 0 992 1248 1264 1008
3719 2d4visco 0 1007 1023 1279 1263
3720 2d4visco 0 1024 1280 1296 1040
3721 2d4visco 0 1039 1055 1311 1295
3722 2d4visco 0 1040 1296 1312 1056
3723 2d4visco 0 1055 1071 1327 1311
3724 2d4visco 0 1056 1312 1328 1072
3725 2d4visco 0 1071 1087 1343 1327
3726 2d4visco 0 1072 1328 1344 1088
3727 2d4visco 0 1087 1103 1359 1343
3728 2d4visco 0 1088 1344 1360 1104
3729 2d4visco 0 1103 1119 1375 1359
3730 2d4visco 0 1104 1360 1376 1120
3731 2d4visco 0 1119 1135 1391 1375
3732 2d4visco 0 1120 1376 1392 1136
3733 2d4visco 0 1135 1151 1407 1391
3734 2d4visco 0 1136 1392 1408 1152
3735 2d4visco 0 1151 1167 1423 1407
3736 2d4visco 0 1152 1408 1424 1168
3737 2d4visco 0 1167 1183 1439 1423
3738 2d4visco 0 1168 1424 1440 1184
3739 2d4visco 0 1183 1199 1455 1439
3740 2d4visco 0 1184 1440 1456 1200
3741 2d4visco 0 1199 1215 1471 1455
3742 2d4visco 0 1200 1456 1472 1216
3743 2d4visco 0 1215 1231 1487 1471
3744 2d4visco 0 1216 1472 1488 1232
3745 2d4visco 0 1231 1247 1503 1487
3746 2d4visco 0 1232 1488 1504 1248
3747 2d4visco 0 1247 1263 1519 1503
3748 2d4visco 0 1248 1504 1520 1264
3749 2d4visco 0 1263 1279 1535 1519
3750 2d4visco 0 1280 1536 1552 1296
3751 2d4visco 0 1295 1311 1567 1551
3752 2d4visco 0 1296 1552 1568 1312
3753 2d4visco 0 1311 1327 1583 1567
3754 2d4visco 0 1312 1568 1584 1328
3755 2d4visco 0 1327 1343 1599 1583
3756 2d4visco 0 1328 1584 1600 1344
3757 2d4visco 0 1343 1359 1615 1599
3758 2d4visco 0 1344 1600 1616 1360
3759 2d4visco 0 1359 1375 1631 1615
3760 2d4visco 0 1360 1616 1632 1376
3761 2d4visco 0 1375 1391 1647 1631
3762 2d4visco 0 1376 1632 1648 1392
3763 2d4visco 0 1391 1407 1663 1647
3764 2d4visco 0 1392 1648 1664 1408
3765 2d4visco 0 1407 1423 1679 1663
3766 2d4visco 0 1408 1664 1680 1424
3767 2d4visco 0 1423 1439 1695 1679
3768 2d4visco 0 1424 1680 1696 1440
3769 2d4visco 0 1439 1455 1711 1695
3770 2d4visco 0 1440 1696 1712 1456
3771 2d4visco 0 1455 1471 1727 1711
3772 2d4visco 0 1456 1712 1728 1472
3773 2d4visco 0 1471 1487 1743 1727
3774 2d4visco 0 1472 1728 1744 1488
3775 2d4visco 0 1487 1503 1759 1743
3776 2d4visco 0 1488 1744 1760 1504
3777 2d4visco 0 1503 1519 1775 1759
3778 2d4visco 0 1504 1760 1776 1520
3779 2d4visco 0 1519 1535 1791 1775
3780 2d4visco 0 1536 1792 1808 1552
3781 2d4visco 0 1551 1567 1823 1807
3782 2d4visco 0 1552 1808 1824 1568
3783 2d4visco 0 1567 1583 1839 1823
3784 2d4visco 0 1568 1824 1840 1584
3785 2d4visco 0 1583 1599 1855 1839
3786 2d4visco 0 1584 1840 1856 1600
3787 2d4visco 0 1599 1615 1871 1855
3788 2d4visco 0 1600 1856 1872 1616
3789 2d4visco 0 1615 1631 1887 1871
3790 2d4visco 0 1616 1872 1888 1632
3791 2d4visco 0 1631 1647 1903 1887
3792 2d4visco 0 1632 1888 1904 1648
3793 2d4visco 0 1647 1663 1919 1903
3794 2d4visco 0 1648 1904 1920 1664
3795 2d4visco 0 1663 1679 1935 1919
3796 2d4visco 0 1664 1920 1936 1680
3797 2d4visco 0 1679 1695 1951 1935
3798 2d4visco 0 1680 1936 1952 1696
3799 2d4visco 0 1695 1711 1967 1951
3800 2d4visco 0 1696 1952 1968 1712
3801 2d4visco 0 1711 1727 1983 1967
3802 2d4visco 0 1712 1968 1984 1728
3803 2d4visco 0 1727 1743 1999 1983
3804 2d4visco 0 1728 1984 2000 1744
3805 2d4visco 0 1743 1759 2015 1999
3806 2d4visco 0 1744 2000 2016 1760
3807 2d4visco 0 1759 1775 2031 2015
3808 2d4visco 0 1760 2016 2032 1776
3809 2d4visco 0 1775 1791 2047 2031
3810 2d4visco 0 1792 2048 2064 1808
3811 2d4visco 0 1807 1823 2079 2063
3812 2d4visco 0 1808 2064 2080 1824
3813 2d4visco 0 1823 1839 2095 2079
3814 2d4visco 0 1824 2080 2096 1840
3815 2d4visco 0 1839 1855 2111 2095
3816 2d4visco 0 1840 2096 2112 1856
3817 2d4visco 0 1855 1871 2127 2111
3818 2d4visco 0 1856 2112 2128 1872
3819 2d4visco 0 1871 1887 2143 2127
3820 2d4visco 0 1872 2128 2144 1888
3821 2d4visco 0 1887 1903 2159 2143
3822 2d4visco 0 1888 2144 2160 1904
3823 2d4visco 0 1903 1919 2175 2159
3824 2d4visco 0 1904 2160 2176 1920
3825 2d4visco 0 1919 1935 2191 2175
3826 2d4visco 0 1920 2176 2192 1936
3827 2d4visco 0 1935 1951 2207 2191
3828 2d4visco 0 1936 2192 2208 1952
3829 2d4visco 0 1951 1967 2223 2207
3830 2d4visco 0 1952 2208 2224 1968
3831 2d4visco 0 1967 1983 2239 2223
3832 2d4visco 0 1968 2224 2240 1984
3833 2d4visco 0 1983 1999 2255 2239
3834 2d4visco 0 1984 2240 2256 2000
3835 2d4visco 0 1999 2015 2271 2255
3836 2d4visco 0 2000 2256 2272 2016
3837 2d4visco 0 2015 2031 2287 2271
3838 2d4visco 0 2016 2272 2288 2032
3839 2d4visco 0 2031 2047 2303 2287
3840 2d4visco 0 2048 2304 2320 2064
3841 2d4visco 0 2063 2079 2335 2319
3842 2d4visco 0 2064 2320 2336 2080
3843 2d4visco 0 2079 2095 2351 2335
3844 2d4visco 0 2080 2336 2352 2096
3845 2d4visco 0 2095 2111 2367 2351
3846 2d4visco 0 2096 2352 2368 2112
3847 2d4visco 0 2111 2127 2383 2367
3848 2d4visco 0 2112 2368 2384 2128
3849 2d4visco 0 2127 2143 2399 2383
3850 2d4visco 0 2128 2384 2400 2144
3851 2d4visco 0 2143 2159 2415 2399
3852 2d4visco 0 2144 2400 2416 2160
3853 2d4visco 0 2159 2175 2431 2415
3854 2d4visco 0 2160 2416 2432 2176
3855 2d4visco 0 2175 2191 2447 2431
3856 2d4visco 0 2176 2432 2448 2192
3857 2d4visco 0 2191 2207 2463 2447
3858 2d4visco 0 2192 2448 2464 2208
3859 2d4visco 0 2207 2223 2479 2463
3860 2d4visco 0 2208 2464 2480 2224
3861 2d4visco 0 2223 2239 2495 2479
3862 2d4visco 0 2224 2480 2496 2240
3863 2d4visco 0 2239 2255 2511 2495
3864 2d4visco 0 2240 2496 2512 2256
3865 2d4visco 0 2255 2271 2527 2511
3866 2d4visco 0 2256 2512 2528 2272
3867 2d4visco 0 2271 2287 2543 2527
3868 2d4visco 0 2272 2528 2544 2288
3869 2d4visco 0 2287 2303 2559 2543
3870 2d4visco 0 2304 2560 2576 2320
3871 2d4visco 0 2319 2335 2591 2575
3872 2d4visco 0 2320 2576 2592 2336
3873 2d4visco 0 2335 2351 2607 2591
3874 2d4visco 0 2336 2592 2608 2352
3875 2d4visco 0 2351 2367 2623 2607
3876 2d4visco 0 2352 2608 2624 2368
3877 2d4visco 0 2367 2383 2639 2623
3878 2d4visco 0 2368 2624 2640 2384
3879 2d4visco 0 2383 2399 2655 2639
3880 2d4visco 0 2384 2640 2656 2400
3881 2d4visco 0 2399 2415 2671 2655
3882 2d4visco 0 2400 2656 2672 2416
3883 2d4visco 0 2415 2431 2687 2671
3884 2d4visco 0 2416 2672 2688 2432
3885 2d4visco 0 2431 2447 2703 2687
3886 2d4visco 0 2432 2688 2704 2448
3887 2d4visco 0 2447 2463 2719 2703
3888 2d4visco 0 2448 2704 2720 2464
3889 2d4visco 0 2463 2479 2735 2719
3890 2d4visco 0 2464 2720 2736 2480
3891 2d4visco 0 2479 2495 2751 2735
3892 2d4visco 0 2480 2736 2752 2496
3893 2d4visco 0 2495 2511 2767 2751
3894 2d4visco 0 2496 2752 2768 2512
3895 2d4visco 0 2511 2527 2783 2767
3896 2d4visco 0 2512 2768 2784 2528
3897 2d4visco 0 2527 2543 2799 2783
3898 2d4visco 0 2528 2784 2800 2544
3899 2d4visco 0 2543 2559 2815 2799
3900 2d4visco 0 2560 2816 2832 2576
3901 2d4visco 0 2575 2591 2847 2831
3902 2d4visco 0 2576 2832 2848 2592
3903 2d4visco 0 2591 2607 2863 2847
3904 2d4visco 0 2592 2848 2864 2608
3905 2d4visco 0 2607 2623 2879 2863
3906 2d4visco 0 2608 2864 2880 2624
3907 2d4visco 0 2623 2639 2895 2879
3908 2d4visco 0 2624 2880 2896 2640
3909 2d4visco 0 2639 2655 2911 2895
3910 2d4visco 0 2640 2896 2912 2656
3911 2d4visco 0 2655 2671 2927 2911
3912 2d4visco 0 2656 2912 2928 2672
3913 2d4visco 0 2671 2687 2943 2927
3914 2d4visco 0 2672 2928 2944 2688
3915 2d4visco 0 2687 2703 2959 2943
3916 2d4visco 0 2688 2944 2960 2704
3917 2d4visco 0 2703 2719 2975 2959
3918 2d4visco 0 2704 2960 2976 2720
3919 2d4visco 0 2719 2735 2991 2975
3920 2d4visco 0 2720 2976 2992 2736
3921 2d4visco 0 2735 2751 3007 2991
3922 2d4visco 0 2736 2992 3008 2752
3923 2d4visco 0 2751 2767 3023 3007
3924 2d4visco 0 2752 3008 3024 2768
3925 2d4visco 0 2767 2783 3039 3023
3926 2d4visco 0 2768 3024 3040 2784
3927 2d4visco 0 2783 2799 3055 3039
3928 2d4visco 0 2784 3040 3056 2800
3929 2d4visco 0 2799 2815 3071 3055
3930 2d4visco 0 2816 3072 3088 2832
3931 2d4visco 0 2831 2847 3103 3087
3932 2d4visco 0 2832 3088 3104 2848
3933 2d4visco 0 2847 2863 3119 3103
3934 2d4visco 0 2848 3104 3120 2864
3935 2d4visco 0 2863 2879 3135 3119
3936 2d4visco 0 2864 3120 3136 2880
3937 2d4visco 0 2879 2895 3151 3135
3938 2d4visco 0 2880 3136 3152 2896
3939 2d4visco 0 2895 2911 3167 3151
3940 2d4visco 0 2896 3152 3168 2912
3941 2d4visco 0 2911 2927 3183 3167
3942 2d4visco 0 2912 3168 3184 2928
3943 2d4visco 0 2927 2943 3199 3183
3944 2d4visco 0 2928 3184 3200 2944
3945 2d4visco 0 2943 2959 3215 3199
3946 2d4visco 0 2944 3200 3216 2960
3947 2d4visco 0 2959 2975 3231 3215
3948 2d4visco 0 2960 3216 3232 2976
3949 2d4visco 0 2975 2991 3247 3231
3950 2d4visco 0 2976 3232 3248 2992
3951 2d4visco 0 2991 3007 3263 3247
3952 2d4visco 0 2992 3248 3264 3008
3953 2d4visco 0 3007 3023 3279 3263
3954 2d4visco 0 3008 3264 3280 3024
3955 2d4visco 0 3023 3039 3295 3279
3956 2d4visco 0 3024 3280 3296 3040
3957 2d4visco 0 3039 3055 3311 3295
3958 2d4visco 0 3040 3296 3312 3056
3959 2d4visco 0 3055 3071 3327 3311
3960 2d4visco 0 3072 3328 3344 3088
3961 2d4visco 0 3087 3103 3359 3343
3962 2d4visco 0 3088 3344 3360 3104
3963 2d4visco 0 3103 3119 3375 3359
3964 2d4visco 0 3104 3360 3376 3120
3965 2d4visco 0 3119 3135 3391 3375
3966 2d4visco 0 3120 3376 3392 3136
3967 2d4visco 0 3135 3151 3407 3391
3968 2d4visco 0 3136 3392 3408 3152
3969 2d4visco 0 3151 3167 3423 3407
3970 2d4visco 0 3152 3408 3424 3168
3971 2d4visco 0 3167 3183 3439 3423
3972 2d4visco 0 3168 3424 3440 3184
3973 2d4visco 0 3183 3199 3455 3439
3974 2d4visco 0 3184 3440 3456 3200
3975 2d4visco 0 3199 3215 3471 3455
3976 2d4visco 0 3200 3456 3472 3216
3977 2d4visco 0 3215 3231 3487 3471
3978 2d4visco 0 3216 3472 3488 3232
3979 2d4visco 0 3231 3247 3503 3487
3980 2d4visco 0 3232 3488 3504 3248
3981 2d4visco 0 3247 3263 3519 3503
3982 2d4visco 0 3248 3504 3520 3264
3983 2d4visco 0 3263 3279 3535 3519
3984 2d4visco 0 3264 3520 3536 3280
3985 2d4visco 0 3279 3295 3551 3535
3986 2d4visco 0 3280 3536 3552 3296
3987 2d4visco 0 3295 3311 3567 3551
3988 2d4visco 0 3296 3552 3568 3312
3989 2d4visco 0 3311 3327 3583 3567
3990 2d4visco 0 3328 3584 3600 3344
3991 2d4visco 0 3343 3359 3615 3599
3992 2d4visco 0 3344 3600 3616 3360
3993 2d4visco 0 3359 3375 3631 3615
3994 2d4visco 0 3360 3616 3632 3376
3995 2d4visco 0 3375 3391 3647 3631
3996 2d4visco 0 3376 3632 3648 3392
3997 2d4visco 0 3391 3407 3663 3647
3998 2d4visco 0 3392 3648 3664 3408
3999 2d4visco 0 3407 3423 3679 3663
4000 2d4visco 0 3408 3664 3680 3424
4001 2d4visco 0 3423 3439 3695 3679
4002 2d4visco 0 3424 3680 3696 3440
4003 2d4visco 0 3439 3455 3711 3695
4004 2d4visco 0 3440 3696 3712 3456
4005 2d4visco 0 3455 3471 3727 3711
4006 2d4visco 0 3456 3712 3728 3472
4007 2d4visco 0 3471 3487 3743 3727
4008 2d4visco 0 3472 3728 3744 3488
4009 2d4visco 0 3487 3503 3759 3743
4010 2d4visco 0 3488 3744 3760 3504
4011 2d4visco 0 3503 3519 3775 3759
4012 2d4visco 0 3504 3760 3776 3520
4013 2d4visco 0 3519 3535 3791 3775
4014 2d4visco 0 3520 3776 3792 3536
4015 2d4visco 0 3535 3551 3807 3791
4016 2d4visco 0 3536 3792 3808 3552
4017 2d4visco 0 3551 3567 3823 3807
4018 2d4visco 0 3552 3808 3824 3568
4019 2d4visco 0 3567 3583 3839 3823
4020 2d4visco 0 3584 3840 3856 3600
4021 2d4visco 0 3599 3615 3871 3855
4022 2d4visco 0 3600 3856 3872 3616
4023 2d4visco 0 3615 3631 3887 3871
4024 2d4visco 0 3616 3872 3888 3632
4025 2d4visco 0 3631 3647 3903 3887
4026 2d4visco 0 3632 3888 3904 3648
4027 2d4visco 0 3647 3663 3919 3903
4028 2d4visco 0 3648 3904 3920 3664
4029 2d4visco 0 3663 3679 3935 3919
4030 2d4visco 0 3664 3920 3936 3680
4031 2d4visco 0 3679 3695 3951 3935
4032 2d4visco 0 3680 3936 3952 3696
4033 2d4visco 0 3695 3711 3967 3951
4034 2d4visco 0 3696 3952 3968 3712
4035 2d4visco 0 3711 3727 3983 3967
4036 2d4visco 0 3712 3968 3984 3728
4037 2d4visco 0 3727 3743 3999 3983
4038 2d4visco 0 3728 3984 4000 3744
4039 2d4visco 0 3743 3759 4015 3999
4040 2d4visco 0 3744 4000 4016 3760
4041 2d4visco 0 3759 3775 4031 4015
4042 2d4visco 0 3760 4016 4032 3776
4043 2d4visco 0 3775 3791 4047 4031
4044 2d4visco 0 3776 4032 4048 3792
4045 2d4visco 0 3791 3807 4063 4047
4046 2d4visco 0 3792 4048 4064 3808
4047 2d4visco 0 3807 3823 4079 4063
4048 2d4visco 0 3808 4064 4080 3824
4049 2d4visco 0 3823 3839 4095 4079
4050 2d4visco 0 0 1 257 256
4051 2d4visco 0 240 496 497 241
4052 2d4visco 0 1 2 258 257
4053 2d4visco 0 241 497 498 242
4054 2d4visco 0 2 3 259 258
4055 2d4visco 0 242 498 499 243
4056 2d4visco 0 3 4 260 259
4057 2d4visco 0 243 499 500 244
4058 2d4visco 0 4 5 261 260
4059 2d4visco 0 244 500 501 245
4060 2d4visco 0 5 6 262 261
4061 2d4visco 0 245 501 502 246
4062 2d4visco 0 6 7 263 262
4063 2d4visco 0 246 502 503 247
4064 2d4visco 0 7 8 264 263
4065 2d4visco 0 247 503 504 248
4066 2d4visco 0 8 9 265 264
4067 2d4visco 0 248 504 505 249
4068 2d4visco 0 9 10 266 265
4069 2d4visco 0 249 505 506 250
4070 2d4visco 0 10 11 267 266
4071 2d4visco 0 250 506 507 251
4072 2d4visco 0 11 12 268 267
4073 2d4visco 0 251 507 508 252
4074 2d4visco 0 12 13 269 268
4075 2d4visco 0 252 508 509 253
4076 2d4visco 0 13 14 270 269
4077 2d4visco 0 253 509 510 254
4078 2d4visco 0 14 15 271 270
4079 2d4visco 0 254 510 511 255
4080 2d4visco 0 256 257 513 512
4081 2d4visco 0 496 752 753 497
4082 2d4visco 0 257 258 514 513
4083 2d4visco 0 497 753 754 498
4084 2d4visco 0 258 259 515 514
4085 2d4visco 0 498 754 755 499
4086 2d4visco 0 259 260 516 515
4087 2d4visco 0 499 755 756 500
4088 2d4visco 0 260 261 517 516
4089 2d4visco 0 500 756 757 501
4090 2d4visco 0 261 262 518 517
4091 2d4visco 0 501 757 758 502
4092 2d4visco 0 262 263 519 518
4093 2d4visco 0 502 758 759 503
4094 2d4visco 0 263 264 520 519
4095 2d4visco 0 503 759 760 504
4096 2d4visco 0 264 265 521 520
4097 2d4visco 0 504 760 761 505
4098 2d4visco 0 265 266 522 521
4099 2d4visco 0 505 761 762 506
4100 2d4visco 0 266 267 523 522
4101 2d4visco 0 506 762 763 507
4102 2d4visco 0 267 268 524 523
4103 2d4visco 0 507 763 764 508
4104 2d4visco 0 268 269 525 524
4105 2d4visco 0 508 764 765 509
4106 2d4visco 0 269 270 526 525
4107 2d4visco 0 509 765 766 510
4108 2d4visco 0 270 271 527 526
4109 2d4visco 0 510 766 767 511
4110 2d4visco 0 512 513 769 768
4111 2d4visco 0 752 1008 1009 753
4112 2d4visco 0 513 514 770 769
4113 2d4visco 0 753 1009 1010 754
4114 2d4visco 0 514 515 771 770
4115 2d4visco 0 754 1010 1011 755
4116 2d4visco 0 515 516 772 771
4117 2d4visco 0 755 1011 1012 756
4118 2d4visco 0 516 517 773 772
4119 2d4visco 0 756 1012 1013 757
4120 2d4visco 0 517 518 774 773
4121 2d4visco 0 757 1013 1014 758
4122 2d4visco 0 518 519 775 774
4123 2d4visco 0 758 1014 1015 759
4124 2d4visco 0 519 520 776 775
4125 2d4visco 0 759 1015 1016 760
4126 2d4visco 0 520 521 777 776
4127 2d4visco 0 760 1016 1017 761
4128 2d4visco 0 521 522 778 777
4129 2d4visco 0 761 1017 1018 762
4130 2d4visco 0 522 523 779 778
4131 2d4visco 0 762 1018 1019 763
4132 2d4visco 0 523 524 780 779
4133 2d4visco 0 763 1019 1020 764
4134 2d4visco 0 524 525 781 780
4135 2d4visco 0 764 1020 1021 765
4136 2d4visco 0 525 526 782 781
4137 2d4visco 0 765 1021 1022 766
4138 2d4visco 0 526 527 783 782
4139 2d4visco 0 766 1022 1023 767
4140 2d4visco 0 768 769 1025 1024
4141 2d4visco 0 1008 1264 1265 1009
4142 2d4visco 0 769 770 1026 1025
4143 2d4visco 0 1009 1265 1266 1010
4144 2d4visco 0 770 771 1027 1026
4145 2d4visco 0 1010 1266 1267 1011
4146 2d4visco 0 771 772 1028 1027
4147 2d4visco 0 1011 1267 1268 1012
4148 2d4visco 0 772 773 1029 1028
4149 2d4visco 0 1012 1268 1269 1013
4150 2d4visco 0 773 774 1030 1029
4151 2d4visco 0 1013 1269 1270 1014
4152 2d4visco 0 774 775 1031 1030
4153 2d4visco 0 1014 1270 1271 1015
4154 2d4visco 0 775 776 1032 1031
4155 2d4visco 0 1015 1271 1272 1016
4156 2d4visco 0 776 777 1033 1032
4157 2d4visco 0 1016 1272 1273 1017
4158 2d4visco 0 777 778 1034 1033
4159 2d4visco 0 1017 1273 1274 1018
4160 2d4visco 0 778 779 1035 1034
4161 2d4visco 0 1018 1274 1275 1019
4162 2d4visco 0 779 780 1036 1035
4163 2d4visco 0 1019 1275 1276 1020
4164 2d4visco 0 780 781 1037 1036
4165 2d4visco 0 1020 1276 1277 1021
4166 2d4visco 0 781 782 1038 1037
4167 2d4visco 0 1021 1277 1278 1022
4168 2d4visco 0 782 783 1039 1038
4169 2d4visco 0 1022 1278 1279 1023
4170 2d4visco 0 1024 1025 1281 1280
4171 2d4visco 0 1264 1520 1521 1265
4172 2d4visco 0 1025 1026 1282 1281
4173 2d4visco 0 1265 1521 1522 1266
4174 2d4visco 0 1026 1027 1283 1282
4175 2d4visco 0 1266 1522 1523 1267
4176 2d4visco 0 1027 1028 1284 1283
4177 2d4visco 0 1267 1523 1524 1268
4178 2d4visco 0 1028 1029 1285 1284
4179 2d4visco 0 1268 1524 1525 1269
4180 2d4visco 0 1029 1030 1286 1285
4181 2d4visco 0 1269 1525 1526 1270
4182 2d4visco 0 1030 1031 1287 1286
4183 2d4visco 0 1270 1526 1527 1271
4184 2d4visco 0 1031 1032 1288 1287
4185 2d4visco 0 1271 1527 1528 1272
4186 2d4visco 0 1032 1033 1289 1288
4187 2d4visco 0 1272 1528 1529 1273
4188 2d4visco 0 1033 1034 1290 1289
4189 2d4visco 0 1273 1529 1530 1274
4190 2d4visco 0 1034 1035 1291 1290
4191 2d4visco 0 1274 1530 1531 1275
4192 2d4visco 0 1035 1036 1292 1291
4193 2d4visco 0 1275 1531 1532 1276
4194 2d4visco 0 1036 1037 1293 1292
4195 2d4visco 0 1276 1532 1533 1277
4196 2d4visco 0 1037 1038 1294 1293
4197 2d4visco 0 1277 1533 1534 1278
4198 2d4visco 0 1038 1039 1295 1294
4199 2d4visco 0 1278 1534 1535 1279
4200 2d4visco 0 1280 1281 1537 1536
4201 2d4visco 0 1520 1776 1777 1521
4202 2d4visco 0 1281 1282 1538 1537
4203 2d4visco 0 1521 1777 1778 1522
4204 2d4visco 0 1282 1283 1539 1538
4205 2d4visco 0 1522 1778 1779 1523
4206 2d4visco 0 1283 1284 1540 1539
4207 2d4visco 0 1523 1779 1780 1524
4208 2d4visco 0 1284 1285 1541 1540
4209 2d4visco 0 1524 1780 1781 1525
4210 2d4visco 0 1285 1286 1542 1541
4211 2d4visco 0 1525 1781 1782 1526
4212 2d4visco 0 1286 1287 1543 1542
4213 2d4visco 0 1526 1782 1783 1527
4214 2d4visco 0 1287 1288 1544 1543
4215 2d4visco 0 1527 1783 1784 1528
4216 2d4visco 0 1288 1289 1545 1544
4217 2d4visco 0 1528 1784 1785 1529
4218 2d4visco 0 1289 1290 1546 1545
4219 2d4visco 0 1529 1785 1786 1530
4220 2d4visco 0 1290 1291 1547 1546
4221 2d4visco 0 1530 1786 1787 1531
4222 2d4visco 0 1291 1292 1548 1547
4223 2d4visco 0 1531 1787 1788 1532
4224 2d4visco 0 1292 1293 1549 1548
4225 2d4visco 0 1532 1788 1789 1533
4226 2d4visco 0 1293 1294 1550 1549
4227 2d4visco 0 1533 1789 1790 1534
4228 2d4visco 0 1294 1295 1551 1550
4229 2d4visco 0 1534 1790 1791 1535
4230 2d4visco 0 1536 1537 1793 1792
4231 2d4visco 0 1776 2032 2033 1777
4232 2d4visco 0 1537 1538 1794 1793
4233 2d4visco 0 1777 2033 2034 1778
4234 2d4visco 0 1538 1539 1795 1794
4235 2d4visco 0 1778 2034 2035 1779
4236 2d4visco 0 1539 1540 1796 1795
4237 2d4visco 0 1779 2035 2036 1780
4238 2d4visco 0 1540 1541 1797 1796
4239 2d4visco 0 1780 2036 2037 1781
4240 2d4visco 0 1541 1542 1798 1797
4241 2d4visco 0 1781 2037 2038 1782
4242 2d4visco 0 1542 1543 1799 1798
4243 2d4visco 0 1782 2038 2039 1783
4244 2d4visco 0 1543 1544 1800 1799
4245 2d4visco 0 1783 2039 2040 1784
4246 2d4visco 0 1544 1545 1801 1800
4247 2d4visco 0 1784 2040 2041 1785
4248 2d4visco 0 1545 1546 1802 1801
4249 2d4visco 0 1785 2041 2042 1786
4250 2d4visco 0 1546 1547 1803 1802
4251 2d4visco 0 1786 2042 2043 1787
4252 2d4visco 0 1547 1548 1804 1803
4253 2d4visco 0 1787 2043 2044 1788
4254 2d4visco 0 1548 1549 1805 1804
4255 2d4visco 0 1788 2044 2045 1789
4256 2d4visco 0 1549 1550 1806 1805
4257 2d4visco 0 1789 2045 2046 1790
4258 2d4visco 0 1550 1551 1807 1806
4259 2d4visco 0 1790 2046 2047 1791
4260 2d4visco 0 1792 1793 2049 2048
4261 2d4visco 0 2032 2288 2289 2033
4262 2d4visco 0 1793 1794 2050 2049
4263 2d4visco 0 2033 2289 2290 2034
4264 2d4visco 0 1794 1795 2051 2050
4265 2d4visco 0 2034 2290 2291 2035
4266 2d4visco 0 1795 1796 2052 2051
4267 2d4visco 0 2035 2291 2292 2036
4268 2d4visco 0 1796 1797 2053 2052
4269 2d4visco 0 2036 2292 2293 2037
4270 2d4visco 0 1797 1798 2054 2053
4271 2d4visco 0 2037 2293 2294 2038
4272 2d4visco 0 1798 1799 2055 2054
4273 2d4visco 0 2038 2294 2295 2039
4274 2d4visco 0 1799 1800 2056 2055
4275 2d4visco 0 2039 2295 2296 2040
4276 2d4visco 0 1800 1801 2057 2056
4277 2d4visco 0 2040 2296 2297 2041
4278 2d4visco 0 1801 1802 2058 2057
4279 2d4visco 0 2041 2297 2298 2042
4280 2d4visco 0 1802 1803 2059 2058
4281 2d4visco 0 2042 2298 2299 2043
4282 2d4visco 0 1803 1804 2060 2059
4283 2d4visco 0 2043 2299 2300 2044
4284 2d4visco 0 1804 1805 2061 2060
4285 2d4visco 0 2044 2300 2301 2045
4286 2d4visco 0 1805 1806 2062 2061
4287 2d4visco 0 2045 2301 2302 2046
4288 2d4visco 0 1806 1807 2063 2062
4289 2d4visco 0 2046 2302 2303 2047
4290 2d4visco 0 2048 2049 2305 2304
4291 2d4visco 0 2288 2544 2545 2289
4292 2d4visco 0 2049 2050 2306 2305
4293 2d4visco 0 2289 2545 2546 2290
4294 2d4visco 0 2050 2051 2307 2306
4295 2d4visco 0 2290 2546 2547 2291
4296 2d4visco 0 2051 2052 2308 2307
4297 2d4visco 0 2291 2547 2548 2292
4298 2d4visco 0 2052 2053 2309 2308
4299 2d4visco 0 2292 2548 2549 2293
4300 2d4visco 0 2053 2054 2310 2309
4301 2d4visco 0 2293 2549 2550 2294
4302 2d4visco 0 2054 2055 2311 2310
4303 2d4visco 0 2294 2550 2551 2295
4304 2d4visco 0 2055 2056 2312 2311
4305 2d4visco 0 2295 2551 2552 2296
4306 2d4visco 0 2056 2057 2313 2312
4307 2d4visco 0 2296 2552 2553 2297
4308 2d4visco 0 2057 2058 2314 2313
4309 2d4visco 0 2297 2553 2554 2298
4310 2d4visco 0 2058 2059 2315 2314
4311 2d4visco 0 2298 2554 2555 2299
4312 2d4visco 0 2059 2060 2316 2315
4313 2d4visco 0 2299 2555 2556 2300
4314 2d4visco 0 2060 2061 2317 2316
4315 2d4visco 0 2300 2556 2557 2301
4316 2d4visco 0 2061 2062 2318 2317
4317 2d4visco 0 2301 2557 2558 2302
4318 2d4visco 0 2062 2063 2319 2318
4319 2d4visco 0 2302 2558 2559 2303
4320 2d4visco 0 2304 2305 2561 2560
4321 2d4visco 0 2544 2800 2801 2545
4322 2d4visco 0 2305 2306 2562 2561
4323 2d4visco 0 2545 2801 2802 2546
4324 2d4visco 0 2306 2307 2563 2562
4325 2d4visco 0 2546 2802 2803 2547
4326 2d4visco 0 2307 2308 2564 2563
4327 2d4visco 0 2547 2803 2804 2548
4328 2d4visco 0 2308 2309 2565 2564
4329 2d4visco 0 2548 2804 2805 2549
4330 2d4visco 0 2309 2310 2566 2565
4331 2d4visco 0 2549 2805 2806 2550
4332 2d4visco 0 2310 2311 2567 2566
4333 2d4visco 0 2550 2806 2807 2551
4334 2d4visco 0 2311 2312 2568 2567
4335 2d4visco 0 2551 2807 2808 2552
4336 2d4visco 0 2312 2313 2569 2568
4337 2d4visco 0 2552 2808 2809 2553
4338 2d4visco 0 2313 2314 2570 2569
4339 2d4visco 0 2553 2809 2810 2554
4340 2d4visco 0 2314 2315 2571 2570
4341 2d4visco 0 2554 2810 2811 2555
4342 2d4visco 0 2315 2316 2572 2571
4343 2d4visco 0 2555 2811 2812 2556
4344 2d4visco 0 2316 2317 2573 2572
4345 2d4visco 0 2556 2812 2813 2557
4346 2d4visco 0 2317 2318 2574 2573
4347 2d4visco 0 2557 2813 2814 2558
4348 2d4visco 0 2318 2319 2575 2574
4349 2d4visco 0 2558 2814 2815 2559
4350 2d4visco 0 2560 2561 2817 2816
4351 2d4visco 0 2800 3056 3057 2801
4352 2d4visco 0 2561 2562 2818 2817
4353 2d4visco 0 2801 3057 3058 2802
4354 2d4visco 0 2562 2563 2819 2818
4355 2d4visco 0 2802 3058 3059 2803
4356 2d4visco 0 2563 2564 2820 2819
4357 2d4visco 0 2803 3059 3060 2804
4358 2d4visco 0 2564 2565 2821 2820
4359 2d4visco 0 2804 3060 3061 2805
4360 2d4visco 0 2565 2566 2822 2821
4361 2d4visco 0 2805 3061 3062 2806
4362 2d4visco 0 2566 2567 2823 2822
4363 2d4visco 0 2806 3062 3063 2807
4364 2d4visco 0 2567 2568 2824 2823
4365 2d4visco 0 2807 3063 3064 2808
4366 2d4visco 0 2568 2569 2825 2824
4367 2d4visco 0 2808 3064 3065 2809
4368 2d4visco 0 2569 2570 2826 2825
4369 2d4visco 0 2809 3065 3066 2810
4370 2d4visco 0 2570 2571 2827 2826
4371 2d4visco 0 2810 3066 3067 2811
4372 2d4visco 0 2571 2572 2828 2827
4373 2d4visco 0 2811 3067 3068 2812
4374 2d4visco 0 2572 2573 2829 2828
4375 2d4visco 0 2812 3068 3069 2813
4376 2d4visco 0 2573 2574 2830 2829
4377 2d4visco 0 2813 3069 3070 2814
4378 2d4visco 0 2574 2575 2831 2830
4379 2d4visco 0 2814 3070 3071 2815
4380 2d4visco 0 2816 2817 3073 3072
4381 2d4visco 0 3056 3312 3313 3057
4382 2d4visco 0 2817 2818 3074 3073
4383 2d4visco 0 3057 3313 3314 3058
4384 2d4visco 0 2818 2819 3075 3074
4385 2d4visco 0 3058 3314 3315 3059
4386 2d4visco 0 2819 2820 3076 3075
4387 2d4visco 0 3059 3315 3316 3060
4388 2d4visco 0 2820 2821 3077 3076
4389 2d4visco 0 3060 3316 3317 3061
4390 2d4visco 0 2821 2822 3078 3077
4391 2d4visco 0 3061 3317 3318 3062
4392 2d4visco 0 2822 2823 3079 3078
4393 2d4visco 0 3062 3318 3319 3063
4394 2d4visco 0 2823 2824 3080 3079
4395 2d4visco 0 3063 3319 3320 3064
4396 2d4visco 0 2824 2825 3081 3080
4397 2d4visco 0 3064 3320 3321 3065
4398 2d4visco 0 2825 2826 3082 3081
4399 2d4visco 0 3065 3321 3322 3066
4400 2d4visco 0 2826 2827 3083 3082
4401 2d4visco 0 3066 3322 3323 3067
4402 2d4visco 0 2827 2828 3084 3083
4403 2d4visco 0 3067 3323 3324 3068
4404 2d4visco 0 2828 2829 3085 3084
4405 2d4visco 0 3068 3324 3325 3069
4406 2d4visco 0 2829 2830 3086 3085
4407 2d4visco 0 3069 3325 3326 3070
4408 2d4visco 0 2830 2831 3087 3086
4409 2d4visco 0 3070 3326 3327 3071
4410 2d4visco 0 3072 3073 3329 3328
4411 2d4visco 0 3312 3568 3569 3313
4412 2d4visco 0 3073 3074 3330 3329
4413 2d4visco 0 3313 3569 3570 3314
4414 2d4visco 0 3074 3075 3331 3330
4415 2d4visco 0 3314 3570 3571 3315
4416 2d4visco 0 3075 3076 3332 3331
4417 2d4visco 0 3315 3571 3572 3316
4418 2d4visco 0 3076 3077 3333 3332
4419 2d4visco 0 3316 3572 3573 3317
4420 2d4visco 0 3077 3078 3334 3333
4421 2d4visco 0 3317 3573 3574 3318
4422 2d4visco 0 3078 3079 3335 3334
4423 2d4visco 0 3318 3574 3575 3319
4424 2d4visco 0 3079 3080 3336 3335
4425 2d4visco 0 3319 3575 3576 3320
4426 2d4visco 0 3080 3081 3337 3336
4427 2d4visco 0 3320 3576 3577 3321
4428 2d4visco 0 3081 3082 3338 3337
4429 2d4visco 0 3321 3577 3578 3322
4430 2d4visco 0 3082 3083 3339 3338
4431 2d4visco 0 3322 3578 3579 3323
4432 2d4visco 0 3083 3084 3340 3339
4433 2d4visco 0 3323 3579 3580 3324
4434 2d4visco 0 3084 3085 3341 3340
4435 2d4visco 0 3324 3580 3581 3325
4436 2d4visco 0 3085 3086 3342 3341
4437 2d4visco 0 3325 3581 3582 3326
4438 2d4visco 0 3086 3087 3343 3342
4439 2d4visco 0 3326 3582 3583 3327
4440 2d4visco 0 3328 3329 3585 3584
4441 2d4visco 0 3568 3824 3825 3569
4442 2d4visco 0 3329 3330 3586 3585
4443 2d4visco 0 3569 3825 3826 3570
4444 2d4visco 0 3330 3331 3587 3586
4445 2d4visco 0 3570 3826 3827 3571
4446 2d4visco 0 3331 3332 3588 3587
4447 2d4visco 0 3571 3827 3828 3572
4448 2d4visco 0 3332 3333 3589 3588
4449 2d4visco 0 3572 3828 3829 3573
4450 2d4visco 0 3333 3334 3590 3589
4451 2d4visco 0 3573 3829 3830 3574
4452 2d4visco 0 3334 3335 3591 3590
4453 2d4visco 0 3574 3830 3831 3575
4454 2d4visco 0 3335 3336 3592 3591
4455 2d4visco 0 3575 3831 3832 3576
4456 2d4visco 0 3336 3337 3593 3592
4457 2d4visco 0 3576 3832 3833 3577
4458 2d4visco 0 3337 3338 3594 3593
4459 2d4visco 0 3577 3833 3834 3578
4460 2d4visco 0 3338 3339 3595 3594
4461 2d4visco 0 3578 3834 3835 3579
4462 2d4visco 0 3339 3340 3596 3595
4463 2d4visco 0 3579 3835 3836 3580
4464 2d4visco 0 3340 3341 3597 3596
4465 2d4visco 0 3580 3836 3837 3581
4466 2d4visco 0 3341 3342 3598 3597
4467 2d4visco 0 3581 3837 3838 3582
4468 2d4visco 0 3342 3343 3599 3598
4469 2d4visco 0 3582 3838 3839 3583
4470 2d4visco 0 3584 3585 3841 3840
4471 2d4visco 0 3824 4080 4081 3825
4472 2d4visco 0 3585 3586 3842 3841
4473 2d4visco 0 3825 4081 4082 3826
4474 2d4visco 0 3586 3587 3843 3842
4475 2d4visco 0 3826 4082 4083 3827
4476 2d4visco 0 3587 3588 3844 3843
4477 2d4visco 0 3827 4083 4084 3828
4478 2d4visco 0 3588 3589 3845 3844
4479 2d4visco 0 3828 4084 4085 3829
4480 2d4visco 0 3589 3590 3846 3845
4481 2d4visco 0 3829 4085 4086 3830
4482 2d4visco 0 3590 3591 3847 3846
4483 2d4visco 0 3830 4086 4087 3831
4484 2d4visco 0 3591 3592 3848 3847
4485 2d4visco 0 3831 4087 4088 3832
4486 2d4visco 0 3592 3593 3849 3848
4487 2d4visco 0 3832 4088 4089 3833
4488 2d4visco 0 3593 3594 3850 3849
4489 2d4visco 0 3833 4089 4090 3834
4490 2d4visco 0 3594 3595 3851 3850
4491 2d4visco 0 3834 4090 4091 3835
4492 2d4visco 0 3595 3596 3852 3851
4493 2d4visco 0 3835 4091 4092 3836
4494 2d4visco 0 3596 3597 3853 3852
4495 2d4visco 0 3836 4092 4093 3837
4496 2d4visco 0 3597 3598 3854 3853
4497 2d4visco 0 3837 4093 4094 3838
4498 2d4visco 0 3598 3599 3855 3854
4499 2d4visco 0 3838 4094 4095 3839
0 vs_vp_rho 1000.0 2500.0 2100.0
