20660 5 2 -3 375.000 375.000 375.000
0 -375.000000 -375.000000 0.000000
1 -300.000000 -375.000000 0.000000
2 -225.000000 -375.000000 0.000000
3 -150.000000 -375.000000 0.000000
4 -75.000000 -375.000000 0.000000
5 0.000000 -375.000000 0.000000
6 0.000000 -375.000000 0.000000
7 0.000000 -375.000000 0.000000
8 0.000000 -375.000000 0.000000
9 0.000000 -375.000000 0.000000
10 0.000000 -375.000000 0.000000
11 0.000000 -375.000000 0.000000
12 0.000000 -375.000000 0.000000
13 0.000000 -375.000000 0.000000
14 0.000000 -375.000000 0.000000
15 0.000000 -375.000000 0.000000
16 0.000000 -375.000000 0.000000
17 0.000000 -375.000000 0.000000
18 0.000000 -375.000000 0.000000
19 0.000000 -375.000000 0.000000
20 0.000000 -375.000000 0.000000
21 0.000000 -375.000000 0.000000
22 0.000000 -375.000000 0.000000
23 0.000000 -375.000000 0.000000
24 0.000000 -375.000000 0.000000
25 0.000000 -375.000000 0.000000
26 0.000000 -375.000000 0.000000
27 0.000000 -375.000000 0.000000
28 0.000000 -375.000000 0.000000
29 0.000000 -375.000000 0.000000
30 0.000000 -375.000000 0.000000
31 0.000000 -375.000000 0.000000
32 0.000000 -375.000000 0.000000
33 0.000000 -375.000000 0.000000
34 0.000000 -375.000000 0.000000
35 0.000000 -375.000000 0.000000
36 0.000000 -375.000000 0.000000
37 75.000000 -375.000000 0.000000
38 150.000000 -375.000000 0.000000
39 225.000000 -375.000000 0.000000
40 300.000000 -375.000000 0.000000
41 375.000000 -375.000000 0.000000
42 -375.000000 -300.000000 0.000000
43 -300.000000 -300.000000 0.000000
44 -225.000000 -300.000000 0.000000
45 -150.000000 -300.000000 0.000000
46 -75.000000 -300.000000 0.000000
47 0.000000 -300.000000 0.000000
48 0.000000 -300.000000 0.000000
49 0.000000 -300.000000 0.000000
50 0.000000 -300.000000 0.000000
51 0.000000 -300.000000 0.000000
52 0.000000 -300.000000 0.000000
53 0.000000 -300.000000 0.000000
54 0.000000 -300.000000 0.000000
55 0.000000 -300.000000 0.000000
56 0.000000 -300.000000 0.000000
57 0.000000 -300.000000 0.000000
58 0.000000 -300.000000 0.000000
59 0.000000 -300.000000 0.000000
60 0.000000 -300.000000 0.000000
61 0.000000 -300.000000 0.000000
62 0.000000 -300.000000 0.000000
63 0.000000 -300.000000 0.000000
64 0.000000 -300.000000 0.000000
65 0.000000 -300.000000 0.000000
66 0.000000 -300.000000 0.000000
67 0.000000 -300.000000 0.000000
68 0.000000 -300.000000 0.000000
69 0.000000 -300.000000 0.000000
70 0.000000 -300.000000 0.000000
71 0.000000 -300.000000 0.000000
72 0.000000 -300.000000 0.000000
73 0.000000 -300.000000 0.000000
74 0.000000 -300.000000 0.000000
75 0.000000 -300.000000 0.000000
76 0.000000 -300.000000 0.000000
77 0.000000 -300.000000 0.000000
78 0.000000 -300.000000 0.000000
79 75.000000 -300.000000 0.000000
80 150.000000 -300.000000 0.000000
81 225.000000 -300.000000 0.000000
82 300.000000 -300.000000 0.000000
83 375.000000 -300.000000 0.000000
84 -375.000000 -225.000000 0.000000
85 -300.000000 -225.000000 0.000000
86 -225.000000 -225.000000 0.000000
87 -150.000000 -225.000000 0.000000
88 -75.000000 -225.000000 0.000000
89 0.000000 -225.000000 0.000000
90 0.000000 -225.000000 0.000000
91 0.000000 -225.000000 0.000000
92 0.000000 -225.000000 0.000000
93 0.000000 -225.000000 0.000000
94 0.000000 -225.000000 0.000000
95 0.000000 -225.000000 0.000000
96 0.000000 -225.000000 0.000000
97 0.000000 -225.000000 0.000000
98 0.000000 -225.000000 0.000000
99 0.000000 -225.000000 0.000000
100 0.000000 -225.000000 0.000000
101 0.000000 -225.000000 0.000000
102 0.000000 -225.000000 0.000000
103 0.000000 -225.000000 0.000000
104 0.000000 -225.000000 0.000000
105 0.000000 -225.000000 0.000000
106 0.000000 -225.000000 0.000000
107 0.000000 -225.000000 0.000000
108 0.000000 -225.000000 0.000000
109 0.000000 -225.000000 0.000000
110 0.000000 -225.000000 0.000000
111 0.000000 -225.000000 0.000000
112 0.000000 -225.000000 0.000000
113 0.000000 -225.000000 0.000000
114 0.000000 -225.000000 0.000000
115 0.000000 -225.000000 0.000000
116 0.000000 -225.000000 0.000000
117 0.000000 -225.000000 0.000000
118 0.000000 -225.000000 0.000000
119 0.000000 -225.000000 0.000000
120 0.000000 -225.000000 0.000000
121 75.000000 -225.000000 0.000000
122 150.000000 -225.000000 0.000000
123 225.000000 -225.000000 0.000000
124 300.000000 -225.000000 0.000000
125 375.000000 -225.000000 0.000000
126 -375.000000 -150.000000 0.000000
127 -300.000000 -150.000000 0.000000
128 -225.000000 -150.000000 0.000000
129 -150.000000 -150.000000 0.000000
130 -75.000000 -150.000000 0.000000
131 0.000000 -150.000000 0.000000
132 0.000000 -150.000000 0.000000
133 0.000000 -150.000000 0.000000
134 0.000000 -150.000000 0.000000
135 0.000000 -150.000000 0.000000
136 0.000000 -150.000000 0.000000
137 0.000000 -150.000000 0.000000
138 0.000000 -150.000000 0.000000
139 0.000000 -150.000000 0.000000
140 0.000000 -150.000000 0.000000
141 0.000000 -150.000000 0.000000
142 0.000000 -150.000000 0.000000
143 0.000000 -150.000000 0.000000
144 0.000000 -150.000000 0.000000
145 0.000000 -150.000000 0.000000
146 0.000000 -150.000000 0.000000
147 0.000000 -150.000000 0.000000
148 0.000000 -150.000000 0.000000
149 0.000000 -150.000000 0.000000
150 0.000000 -150.000000 0.000000
151 0.000000 -150.000000 0.000000
152 0.000000 -150.000000 0.000000
153 0.000000 -150.000000 0.000000
154 0.000000 -150.000000 0.000000
155 0.000000 -150.000000 0.000000
156 0.000000 -150.000000 0.000000
157 0.000000 -150.000000 0.000000
158 0.000000 -150.000000 0.000000
159 0.000000 -150.000000 0.000000
160 0.000000 -150.000000 0.000000
161 0.000000 -150.000000 0.000000
162 0.000000 -150.000000 0.000000
163 75.000000 -150.000000 0.000000
164 150.000000 -150.000000 0.000000
165 225.000000 -150.000000 0.000000
166 300.000000 -150.000000 0.000000
167 375.000000 -150.000000 0.000000
168 -375.000000 -75.000000 0.000000
169 -300.000000 -75.000000 0.000000
170 -225.000000 -75.000000 0.000000
171 -150.000000 -75.000000 0.000000
172 -75.000000 -75.000000 0.000000
173 0.000000 -75.000000 0.000000
174 0.000000 -75.000000 0.000000
175 0.000000 -75.000000 0.000000
176 0.000000 -75.000000 0.000000
177 0.000000 -75.000000 0.000000
178 0.000000 -75.000000 0.000000
179 0.000000 -75.000000 0.000000
180 0.000000 -75.000000 0.000000
181 0.000000 -75.000000 0.000000
182 0.000000 -75.000000 0.000000
183 0.000000 -75.000000 0.000000
184 0.000000 -75.000000 0.000000
185 0.000000 -75.000000 0.000000
186 0.000000 -75.000000 0.000000
187 0.000000 -75.000000 0.000000
188 0.000000 -75.000000 0.000000
189 0.000000 -75.000000 0.000000
190 0.000000 -75.000000 0.000000
191 0.000000 -75.000000 0.000000
192 0.000000 -75.000000 0.000000
193 0.000000 -75.000000 0.000000
194 0.000000 -75.000000 0.000000
195 0.000000 -75.000000 0.000000
196 0.000000 -75.000000 0.000000
197 0.000000 -75.000000 0.000000
198 0.000000 -75.000000 0.000000
199 0.000000 -75.000000 0.000000
200 0.000000 -75.000000 0.000000
201 0.000000 -75.000000 0.000000
202 0.000000 -75.000000 0.000000
203 0.000000 -75.000000 0.000000
204 0.000000 -75.000000 0.000000
205 75.000000 -75.000000 0.000000
206 150.000000 -75.000000 0.000000
207 225.000000 -75.000000 0.000000
208 300.000000 -75.000000 0.000000
209 375.000000 -75.000000 0.000000
210 -375.000000 0.000000 0.000000
211 -300.000000 0.000000 0.000000
212 -225.000000 0.000000 0.000000
213 -150.000000 0.000000 0.000000
214 -75.000000 0.000000 0.000000
247 75.000000 0.000000 0.000000
248 150.000000 0.000000 0.000000
249 225.000000 0.000000 0.000000
250 300.000000 0.000000 0.000000
251 375.000000 0.000000 0.000000
252 -375.000000 0.000000 0.000000
253 -300.000000 0.000000 0.000000
254 -225.000000 0.000000 0.000000
255 -150.000000 0.000000 0.000000
256 -75.000000 0.000000 0.000000
289 75.000000 0.000000 0.000000
290 150.000000 0.000000 0.000000
291 225.000000 0.000000 0.000000
292 300.000000 0.000000 0.000000
293 375.000000 0.000000 0.000000
294 -375.000000 0.000000 0.000000
295 -300.000000 0.000000 0.000000
296 -225.000000 0.000000 0.000000
297 -150.000000 0.000000 0.000000
298 -75.000000 0.000000 0.000000
331 75.000000 0.000000 0.000000
332 150.000000 0.000000 0.000000
333 225.000000 0.000000 0.000000
334 300.000000 0.000000 0.000000
335 375.000000 0.000000 0.000000
336 -375.000000 0.000000 0.000000
337 -300.000000 0.000000 0.000000
338 -225.000000 0.000000 0.000000
339 -150.000000 0.000000 0.000000
340 -75.000000 0.000000 0.000000
373 75.000000 0.000000 0.000000
374 150.000000 0.000000 0.000000
375 225.000000 0.000000 0.000000
376 300.000000 0.000000 0.000000
377 375.000000 0.000000 0.000000
378 -375.000000 0.000000 0.000000
379 -300.000000 0.000000 0.000000
380 -225.000000 0.000000 0.000000
381 -150.000000 0.000000 0.000000
382 -75.000000 0.000000 0.000000
415 75.000000 0.000000 0.000000
416 150.000000 0.000000 0.000000
417 225.000000 0.000000 0.000000
418 300.000000 0.000000 0.000000
419 375.000000 0.000000 0.000000
420 -375.000000 0.000000 0.000000
421 -300.000000 0.000000 0.000000
422 -225.000000 0.000000 0.000000
423 -150.000000 0.000000 0.000000
424 -75.000000 0.000000 0.000000
457 75.000000 0.000000 0.000000
458 150.000000 0.000000 0.000000
459 225.000000 0.000000 0.000000
460 300.000000 0.000000 0.000000
461 375.000000 0.000000 0.000000
462 -375.000000 0.000000 0.000000
463 -300.000000 0.000000 0.000000
464 -225.000000 0.000000 0.000000
465 -150.000000 0.000000 0.000000
466 -75.000000 0.000000 0.000000
499 75.000000 0.000000 0.000000
500 150.000000 0.000000 0.000000
501 225.000000 0.000000 0.000000
502 300.000000 0.000000 0.000000
503 375.000000 0.000000 0.000000
504 -375.000000 0.000000 0.000000
505 -300.000000 0.000000 0.000000
506 -225.000000 0.000000 0.000000
507 -150.000000 0.000000 0.000000
508 -75.000000 0.000000 0.000000
541 75.000000 0.000000 0.000000
542 150.000000 0.000000 0.000000
543 225.000000 0.000000 0.000000
544 300.000000 0.000000 0.000000
545 375.000000 0.000000 0.000000
546 -375.000000 0.000000 0.000000
547 -300.000000 0.000000 0.000000
548 -225.000000 0.000000 0.000000
549 -150.000000 0.000000 0.000000
550 -75.000000 0.000000 0.000000
583 75.000000 0.000000 0.000000
584 150.000000 0.000000 0.000000
585 225.000000 0.000000 0.000000
586 300.000000 0.000000 0.000000
587 375.000000 0.000000 0.000000
588 -375.000000 0.000000 0.000000
589 -300.000000 0.000000 0.000000
590 -225.000000 0.000000 0.000000
591 -150.000000 0.000000 0.000000
592 -75.000000 0.000000 0.000000
625 75.000000 0.000000 0.000000
626 150.000000 0.000000 0.000000
627 225.000000 0.000000 0.000000
628 300.000000 0.000000 0.000000
629 375.000000 0.000000 0.000000
630 -375.000000 0.000000 0.000000
631 -300.000000 0.000000 0.000000
632 -225.000000 0.000000 0.000000
633 -150.000000 0.000000 0.000000
634 -75.000000 0.000000 0.000000
667 75.000000 0.000000 0.000000
668 150.000000 0.000000 0.000000
669 225.000000 0.000000 0.000000
670 300.000000 0.000000 0.000000
671 375.000000 0.000000 0.000000
672 -375.000000 0.000000 0.000000
673 -300.000000 0.000000 0.000000
674 -225.000000 0.000000 0.000000
675 -150.000000 0.000000 0.000000
676 -75.000000 0.000000 0.000000
709 75.000000 0.000000 0.000000
710 150.000000 0.000000 0.000000
711 225.000000 0.000000 0.000000
712 300.000000 0.000000 0.000000
713 375.000000 0.000000 0.000000
714 -375.000000 0.000000 0.000000
715 -300.000000 0.000000 0.000000
716 -225.000000 0.000000 0.000000
717 -150.000000 0.000000 0.000000
718 -75.000000 0.000000 0.000000
751 75.000000 0.000000 0.000000
752 150.000000 0.000000 0.000000
753 225.000000 0.000000 0.000000
754 300.000000 0.000000 0.000000
755 375.000000 0.000000 0.000000
756 -375.000000 0.000000 0.000000
757 -300.000000 0.000000 0.000000
758 -225.000000 0.000000 0.000000
759 -150.000000 0.000000 0.000000
760 -75.000000 0.000000 0.000000
793 75.000000 0.000000 0.000000
794 150.000000 0.000000 0.000000
795 225.000000 0.000000 0.000000
796 300.000000 0.000000 0.000000
797 375.000000 0.000000 0.000000
798 -375.000000 0.000000 0.000000
799 -300.000000 0.000000 0.000000
800 -225.000000 0.000000 0.000000
801 -150.000000 0.000000 0.000000
802 -75.000000 0.000000 0.000000
835 75.000000 0.000000 0.000000
836 150.000000 0.000000 0.000000
837 225.000000 0.000000 0.000000
838 300.000000 0.000000 0.000000
839 375.000000 0.000000 0.000000
840 -375.000000 0.000000 0.000000
841 -300.000000 0.000000 0.000000
842 -225.000000 0.000000 0.000000
843 -150.000000 0.000000 0.000000
844 -75.000000 0.000000 0.000000
877 75.000000 0.000000 0.000000
878 150.000000 0.000000 0.000000
879 225.000000 0.000000 0.000000
880 300.000000 0.000000 0.000000
881 375.000000 0.000000 0.000000
882 -375.000000 0.000000 0.000000
883 -300.000000 0.000000 0.000000
884 -225.000000 0.000000 0.000000
885 -150.000000 0.000000 0.000000
886 -75.000000 0.000000 0.000000
919 75.000000 0.000000 0.000000
920 150.000000 0.000000 0.000000
921 225.000000 0.000000 0.000000
922 300.000000 0.000000 0.000000
923 375.000000 0.000000 0.000000
924 -375.000000 0.000000 0.000000
925 -300.000000 0.000000 0.000000
926 -225.000000 0.000000 0.000000
927 -150.000000 0.000000 0.000000
928 -75.000000 0.000000 0.000000
961 75.000000 0.000000 0.000000
962 150.000000 0.000000 0.000000
963 225.000000 0.000000 0.000000
964 300.000000 0.000000 0.000000
965 375.000000 0.000000 0.000000
966 -375.000000 0.000000 0.000000
967 -300.000000 0.000000 0.000000
968 -225.000000 0.000000 0.000000
969 -150.000000 0.000000 0.000000
970 -75.000000 0.000000 0.000000
1003 75.000000 0.000000 0.000000
1004 150.000000 0.000000 0.000000
1005 225.000000 0.000000 0.000000
1006 300.000000 0.000000 0.000000
1007 375.000000 0.000000 0.000000
1008 -375.000000 0.000000 0.000000
1009 -300.000000 0.000000 0.000000
1010 -225.000000 0.000000 0.000000
1011 -150.000000 0.000000 0.000000
1012 -75.000000 0.000000 0.000000
1045 75.000000 0.000000 0.000000
1046 150.000000 0.000000 0.000000
1047 225.000000 0.000000 0.000000
1048 300.000000 0.000000 0.000000
1049 375.000000 0.000000 0.000000
1050 -375.000000 0.000000 0.000000
1051 -300.000000 0.000000 0.000000
1052 -225.000000 0.000000 0.000000
1053 -150.000000 0.000000 0.000000
1054 -75.000000 0.000000 0.000000
1087 75.000000 0.000000 0.000000
1088 150.000000 0.000000 0.000000
1089 225.000000 0.000000 0.000000
1090 300.000000 0.000000 0.000000
1091 375.000000 0.000000 0.000000
1092 -375.000000 0.000000 0.000000
1093 -300.000000 0.000000 0.000000
1094 -225.000000 0.000000 0.000000
1095 -150.000000 0.000000 0.000000
1096 -75.000000 0.000000 0.000000
1129 75.000000 0.000000 0.000000
1130 150.000000 0.000000 0.000000
1131 225.000000 0.000000 0.000000
1132 300.000000 0.000000 0.000000
1133 375.000000 0.000000 0.000000
1134 -375.000000 0.000000 0.000000
1135 -300.000000 0.000000 0.000000
1136 -225.000000 0.000000 0.000000
1137 -150.000000 0.000000 0.000000
1138 -75.000000 0.000000 0.000000
1171 75.000000 0.000000 0.000000
1172 150.000000 0.000000 0.000000
1173 225.000000 0.000000 0.000000
1174 300.000000 0.000000 0.000000
1175 375.000000 0.000000 0.000000
1176 -375.000000 0.000000 0.000000
1177 -300.000000 0.000000 0.000000
1178 -225.000000 0.000000 0.000000
1179 -150.000000 0.000000 0.000000
1180 -75.000000 0.000000 0.000000
1213 75.000000 0.000000 0.000000
1214 150.000000 0.000000 0.000000
1215 225.000000 0.000000 0.000000
1216 300.000000 0.000000 0.000000
1217 375.000000 0.000000 0.000000
1218 -375.000000 0.000000 0.000000
1219 -300.000000 0.000000 0.000000
1220 -225.000000 0.000000 0.000000
1221 -150.000000 0.000000 0.000000
1222 -75.000000 0.000000 0.000000
1255 75.000000 0.000000 0.000000
1256 150.000000 0.000000 0.000000
1257 225.000000 0.000000 0.000000
1258 300.000000 0.000000 0.000000
1259 375.000000 0.000000 0.000000
1260 -375.000000 0.000000 0.000000
1261 -300.000000 0.000000 0.000000
1262 -225.000000 0.000000 0.000000
1263 -150.000000 0.000000 0.000000
1264 -75.000000 0.000000 0.000000
1297 75.000000 0.000000 0.000000
1298 150.000000 0.000000 0.000000
1299 225.000000 0.000000 0.000000
1300 300.000000 0.000000 0.000000
1301 375.000000 0.000000 0.000000
1302 -375.000000 0.000000 0.000000
1303 -300.000000 0.000000 0.000000
1304 -225.000000 0.000000 0.000000
1305 -150.000000 0.000000 0.000000
1306 -75.000000 0.000000 0.000000
1339 75.000000 0.000000 0.000000
1340 150.000000 0.000000 0.000000
1341 225.000000 0.000000 0.000000
1342 300.000000 0.000000 0.000000
1343 375.000000 0.000000 0.000000
1344 -375.000000 0.000000 0.000000
1345 -300.000000 0.000000 0.000000
1346 -225.000000 0.000000 0.000000
1347 -150.000000 0.000000 0.000000
1348 -75.000000 0.000000 0.000000
1381 75.000000 0.000000 0.000000
1382 150.000000 0.000000 0.000000
1383 225.000000 0.000000 0.000000
1384 300.000000 0.000000 0.000000
1385 375.000000 0.000000 0.000000
1386 -375.000000 0.000000 0.000000
1387 -300.000000 0.000000 0.000000
1388 -225.000000 0.000000 0.000000
1389 -150.000000 0.000000 0.000000
1390 -75.000000 0.000000 0.000000
1423 75.000000 0.000000 0.000000
1424 150.000000 0.000000 0.000000
1425 225.000000 0.000000 0.000000
1426 300.000000 0.000000 0.000000
1427 375.000000 0.000000 0.000000
1428 -375.000000 0.000000 0.000000
1429 -300.000000 0.000000 0.000000
1430 -225.000000 0.000000 0.000000
1431 -150.000000 0.000000 0.000000
1432 -75.000000 0.000000 0.000000
1465 75.000000 0.000000 0.000000
1466 150.000000 0.000000 0.000000
1467 225.000000 0.000000 0.000000
1468 300.000000 0.000000 0.000000
1469 375.000000 0.000000 0.000000
1470 -375.000000 0.000000 0.000000
1471 -300.000000 0.000000 0.000000
1472 -225.000000 0.000000 0.000000
1473 -150.000000 0.000000 0.000000
1474 -75.000000 0.000000 0.000000
1507 75.000000 0.000000 0.000000
1508 150.000000 0.000000 0.000000
1509 225.000000 0.000000 0.000000
1510 300.000000 0.000000 0.000000
1511 375.000000 0.000000 0.000000
1512 -375.000000 0.000000 0.000000
1513 -300.000000 0.000000 0.000000
1514 -225.000000 0.000000 0.000000
1515 -150.000000 0.000000 0.000000
1516 -75.000000 0.000000 0.000000
1549 75.000000 0.000000 0.000000
1550 150.000000 0.000000 0.000000
1551 225.000000 0.000000 0.000000
1552 300.000000 0.000000 0.000000
1553 375.000000 0.000000 0.000000
1554 -375.000000 75.000000 0.000000
1555 -300.000000 75.000000 0.000000
1556 -225.000000 75.000000 0.000000
1557 -150.000000 75.000000 0.000000
1558 -75.000000 75.000000 0.000000
1559 0.000000 75.000000 0.000000
1560 0.000000 75.000000 0.000000
1561 0.000000 75.000000 0.000000
1562 0.000000 75.000000 0.000000
1563 0.000000 75.000000 0.000000
1564 0.000000 75.000000 0.000000
1565 0.000000 75.000000 0.000000
1566 0.000000 75.000000 0.000000
1567 0.000000 75.000000 0.000000
1568 0.000000 75.000000 0.000000
1569 0.000000 75.000000 0.000000
1570 0.000000 75.000000 0.000000
1571 0.000000 75.000000 0.000000
1572 0.000000 75.000000 0.000000
1573 0.000000 75.000000 0.000000
1574 0.000000 75.000000 0.000000
1575 0.000000 75.000000 0.000000
1576 0.000000 75.000000 0.000000
1577 0.000000 75.000000 0.000000
1578 0.000000 75.000000 0.000000
1579 0.000000 75.000000 0.000000
1580 0.000000 75.000000 0.000000
1581 0.000000 75.000000 0.000000
1582 0.000000 75.000000 0.000000
1583 0.000000 75.000000 0.000000
1584 0.000000 75.000000 0.000000
1585 0.000000 75.000000 0.000000
1586 0.000000 75.000000 0.000000
1587 0.000000 75.000000 0.000000
1588 0.000000 75.000000 0.000000
1589 0.000000 75.000000 0.000000
1590 0.000000 75.000000 0.000000
1591 75.000000 75.000000 0.000000
1592 150.000000 75.000000 0.000000
1593 225.000000 75.000000 0.000000
1594 300.000000 75.000000 0.000000
1595 375.000000 75.000000 0.000000
1596 -375.000000 150.000000 0.000000
1597 -300.000000 150.000000 0.000000
1598 -225.000000 150.000000 0.000000
1599 -150.000000 150.000000 0.000000
1600 -75.000000 150.000000 0.000000
1601 0.000000 150.000000 0.000000
1602 0.000000 150.000000 0.000000
1603 0.000000 150.000000 0.000000
1604 0.000000 150.000000 0.000000
1605 0.000000 150.000000 0.000000
1606 0.000000 150.000000 0.000000
1607 0.000000 150.000000 0.000000
1608 0.000000 150.000000 0.000000
1609 0.000000 150.000000 0.000000
1610 0.000000 150.000000 0.000000
1611 0.000000 150.000000 0.000000
1612 0.000000 150.000000 0.000000
1613 0.000000 150.000000 0.000000
1614 0.000000 150.000000 0.000000
1615 0.000000 150.000000 0.000000
1616 0.000000 150.000000 0.000000
1617 0.000000 150.000000 0.000000
1618 0.000000 150.000000 0.000000
1619 0.000000 150.000000 0.000000
1620 0.000000 150.000000 0.000000
1621 0.000000 150.000000 0.000000
1622 0.000000 150.000000 0.000000
1623 0.000000 150.000000 0.000000
1624 0.000000 150.000000 0.000000
1625 0.000000 150.000000 0.000000
1626 0.000000 150.000000 0.000000
1627 0.000000 150.000000 0.000000
1628 0.000000 150.000000 0.000000
1629 0.000000 150.000000 0.000000
1630 0.000000 150.000000 0.000000
1631 0.000000 150.000000 0.000000
1632 0.000000 150.000000 0.000000
1633 75.000000 150.000000 0.000000
1634 150.000000 150.000000 0.000000
1635 225.000000 150.000000 0.000000
1636 300.000000 150.000000 0.000000
1637 375.000000 150.000000 0.000000
1638 -375.000000 225.000000 0.000000
1639 -300.000000 225.000000 0.000000
1640 -225.000000 225.000000 0.000000
1641 -150.000000 225.000000 0.000000
1642 -75.000000 225.000000 0.000000
1643 0.000000 225.000000 0.000000
1644 0.000000 225.000000 0.000000
1645 0.000000 225.000000 0.000000
1646 0.000000 225.000000 0.000000
1647 0.000000 225.000000 0.000000
1648 0.000000 225.000000 0.000000
1649 0.000000 225.000000 0.000000
1650 0.000000 225.000000 0.000000
1651 0.000000 225.000000 0.000000
1652 0.000000 225.000000 0.000000
1653 0.000000 225.000000 0.000000
1654 0.000000 225.000000 0.000000
1655 0.000000 225.000000 0.000000
1656 0.000000 225.000000 0.000000
1657 0.000000 225.000000 0.000000
1658 0.000000 225.000000 0.000000
1659 0.000000 225.000000 0.000000
1660 0.000000 225.000000 0.000000
1661 0.000000 225.000000 0.000000
1662 0.000000 225.000000 0.000000
1663 0.000000 225.000000 0.000000
1664 0.000000 225.000000 0.000000
1665 0.000000 225.000000 0.000000
1666 0.000000 225.000000 0.000000
1667 0.000000 225.000000 0.000000
1668 0.000000 225.000000 0.000000
1669 0.000000 225.000000 0.000000
1670 0.000000 225.000000 0.000000
1671 0.000000 225.000000 0.000000
1672 0.000000 225.000000 0.000000
1673 0.000000 225.000000 0.000000
1674 0.000000 225.000000 0.000000
1675 75.000000 225.000000 0.000000
1676 150.000000 225.000000 0.000000
1677 225.000000 225.000000 0.000000
1678 300.000000 225.000000 0.000000
1679 375.000000 225.000000 0.000000
1680 -375.000000 300.000000 0.000000
1681 -300.000000 300.000000 0.000000
1682 -225.000000 300.000000 0.000000
1683 -150.000000 300.000000 0.000000
1684 -75.000000 300.000000 0.000000
1685 0.000000 300.000000 0.000000
1686 0.000000 300.000000 0.000000
1687 0.000000 300.000000 0.000000
1688 0.000000 300.000000 0.000000
1689 0.000000 300.000000 0.000000
1690 0.000000 300.000000 0.000000
1691 0.000000 300.000000 0.000000
1692 0.000000 300.000000 0.000000
1693 0.000000 300.000000 0.000000
1694 0.000000 300.000000 0.000000
1695 0.000000 300.000000 0.000000
1696 0.000000 300.000000 0.000000
1697 0.000000 300.000000 0.000000
1698 0.000000 300.000000 0.000000
1699 0.000000 300.000000 0.000000
1700 0.000000 300.000000 0.000000
1701 0.000000 300.000000 0.000000
1702 0.000000 300.000000 0.000000
1703 0.000000 300.000000 0.000000
1704 0.000000 300.000000 0.000000
1705 0.000000 300.000000 0.000000
1706 0.000000 300.000000 0.000000
1707 0.000000 300.000000 0.000000
1708 0.000000 300.000000 0.000000
1709 0.000000 300.000000 0.000000
1710 0.000000 300.000000 0.000000
1711 0.000000 300.000000 0.000000
1712 0.000000 300.000000 0.000000
1713 0.000000 300.000000 0.000000
1714 0.000000 300.000000 0.000000
1715 0.000000 300.000000 0.000000
1716 0.000000 300.000000 0.000000
1717 75.000000 300.000000 0.000000
1718 150.000000 300.000000 0.000000
1719 225.000000 300.000000 0.000000
1720 300.000000 300.000000 0.000000
1721 375.000000 300.000000 0.000000
1722 -375.000000 375.000000 0.000000
1723 -300.000000 375.000000 0.000000
1724 -225.000000 375.000000 0.000000
1725 -150.000000 375.000000 0.000000
1726 -75.000000 375.000000 0.000000
1727 0.000000 375.000000 0.000000
1728 0.000000 375.000000 0.000000
1729 0.000000 375.000000 0.000000
1730 0.000000 375.000000 0.000000
1731 0.000000 375.000000 0.000000
1732 0.000000 375.000000 0.000000
1733 0.000000 375.000000 0.000000
1734 0.000000 375.000000 0.000000
1735 0.000000 375.000000 0.000000
1736 0.000000 375.000000 0.000000
1737 0.000000 375.000000 0.000000
1738 0.000000 375.000000 0.000000
1739 0.000000 375.000000 0.000000
1740 0.000000 375.000000 0.000000
1741 0.000000 375.000000 0.000000
1742 0.000000 375.000000 0.000000
1743 0.000000 375.000000 0.000000
1744 0.000000 375.000000 0.000000
1745 0.000000 375.000000 0.000000
1746 0.000000 375.000000 0.000000
1747 0.000000 375.000000 0.000000
1748 0.000000 375.000000 0.000000
1749 0.000000 375.000000 0.000000
1750 0.000000 375.000000 0.000000
1751 0.000000 375.000000 0.000000
1752 0.000000 375.000000 0.000000
1753 0.000000 375.000000 0.000000
1754 0.000000 375.000000 0.000000
1755 0.000000 375.000000 0.000000
1756 0.000000 375.000000 0.000000
1757 0.000000 375.000000 0.000000
1758 0.000000 375.000000 0.000000
1759 75.000000 375.000000 0.000000
1760 150.000000 375.000000 0.000000
1761 225.000000 375.000000 0.000000
1762 300.000000 375.000000 0.000000
1763 375.000000 375.000000 0.000000
1764 -375.000000 -375.000000 0.000000
1765 -300.000000 -375.000000 0.000000
1766 -225.000000 -375.000000 0.000000
1767 -150.000000 -375.000000 0.000000
1768 -75.000000 -375.000000 0.000000
1769 0.000000 -375.000000 0.000000
1770 0.000000 -375.000000 0.000000
1771 0.000000 -375.000000 0.000000
1772 0.000000 -375.000000 0.000000
1773 0.000000 -375.000000 0.000000
1774 0.000000 -375.000000 0.000000
1775 0.000000 -375.000000 0.000000
1776 0.000000 -375.000000 0.000000
1777 0.000000 -375.000000 0.000000
1778 0.000000 -375.000000 0.000000
1779 0.000000 -375.000000 0.000000
1780 0.000000 -375.000000 0.000000
1781 0.000000 -375.000000 0.000000
1782 0.000000 -375.000000 0.000000
1783 0.000000 -375.000000 0.000000
1784 0.000000 -375.000000 0.000000
1785 0.000000 -375.000000 0.000000
1786 0.000000 -375.000000 0.000000
1787 0.000000 -375.000000 0.000000
1788 0.000000 -375.000000 0.000000
1789 0.000000 -375.000000 0.000000
1790 0.000000 -375.000000 0.000000
1791 0.000000 -375.000000 0.000000
1792 0.000000 -375.000000 0.000000
1793 0.000000 -375.000000 0.000000
1794 0.000000 -375.000000 0.000000
1795 0.000000 -375.000000 0.000000
1796 0.000000 -375.000000 0.000000
1797 0.000000 -375.000000 0.000000
1798 0.000000 -375.000000 0.000000
1799 0.000000 -375.000000 0.000000
1800 0.000000 -375.000000 0.000000
1801 75.000000 -375.000000 0.000000
1802 150.000000 -375.000000 0.000000
1803 225.000000 -375.000000 0.000000
1804 300.000000 -375.000000 0.000000
1805 375.000000 -375.000000 0.000000
1806 -375.000000 -300.000000 0.000000
1807 -300.000000 -300.000000 0.000000
1808 -225.000000 -300.000000 0.000000
1809 -150.000000 -300.000000 0.000000
1810 -75.000000 -300.000000 0.000000
1811 0.000000 -300.000000 0.000000
1812 0.000000 -300.000000 0.000000
1813 0.000000 -300.000000 0.000000
1814 0.000000 -300.000000 0.000000
1815 0.000000 -300.000000 0.000000
1816 0.000000 -300.000000 0.000000
1817 0.000000 -300.000000 0.000000
1818 0.000000 -300.000000 0.000000
1819 0.000000 -300.000000 0.000000
1820 0.000000 -300.000000 0.000000
1821 0.000000 -300.000000 0.000000
1822 0.000000 -300.000000 0.000000
1823 0.000000 -300.000000 0.000000
1824 0.000000 -300.000000 0.000000
1825 0.000000 -300.000000 0.000000
1826 0.000000 -300.000000 0.000000
1827 0.000000 -300.000000 0.000000
1828 0.000000 -300.000000 0.000000
1829 0.000000 -300.000000 0.000000
1830 0.000000 -300.000000 0.000000
1831 0.000000 -300.000000 0.000000
1832 0.000000 -300.000000 0.000000
1833 0.000000 -300.000000 0.000000
1834 0.000000 -300.000000 0.000000
1835 0.000000 -300.000000 0.000000
1836 0.000000 -300.000000 0.000000
1837 0.000000 -300.000000 0.000000
1838 0.000000 -300.000000 0.000000
1839 0.000000 -300.000000 0.000000
1840 0.000000 -300.000000 0.000000
1841 0.000000 -300.000000 0.000000
1842 0.000000 -300.000000 0.000000
1843 75.000000 -300.000000 0.000000
1844 150.000000 -300.000000 0.000000
1845 225.000000 -300.000000 0.000000
1846 300.000000 -300.000000 0.000000
1847 375.000000 -300.000000 0.000000
1848 -375.000000 -225.000000 0.000000
1849 -300.000000 -225.000000 0.000000
1850 -225.000000 -225.000000 0.000000
1851 -150.000000 -225.000000 0.000000
1852 -75.000000 -225.000000 0.000000
1853 0.000000 -225.000000 0.000000
1854 0.000000 -225.000000 0.000000
1855 0.000000 -225.000000 0.000000
1856 0.000000 -225.000000 0.000000
1857 0.000000 -225.000000 0.000000
1858 0.000000 -225.000000 0.000000
1859 0.000000 -225.000000 0.000000
1860 0.000000 -225.000000 0.000000
1861 0.000000 -225.000000 0.000000
1862 0.000000 -225.000000 0.000000
1863 0.000000 -225.000000 0.000000
1864 0.000000 -225.000000 0.000000
1865 0.000000 -225.000000 0.000000
1866 0.000000 -225.000000 0.000000
1867 0.000000 -225.000000 0.000000
1868 0.000000 -225.000000 0.000000
1869 0.000000 -225.000000 0.000000
1870 0.000000 -225.000000 0.000000
1871 0.000000 -225.000000 0.000000
1872 0.000000 -225.000000 0.000000
1873 0.000000 -225.000000 0.000000
1874 0.000000 -225.000000 0.000000
1875 0.000000 -225.000000 0.000000
1876 0.000000 -225.000000 0.000000
1877 0.000000 -225.000000 0.000000
1878 0.000000 -225.000000 0.000000
1879 0.000000 -225.000000 0.000000
1880 0.000000 -225.000000 0.000000
1881 0.000000 -225.000000 0.000000
1882 0.000000 -225.000000 0.000000
1883 0.000000 -225.000000 0.000000
1884 0.000000 -225.000000 0.000000
1885 75.000000 -225.000000 0.000000
1886 150.000000 -225.000000 0.000000
1887 225.000000 -225.000000 0.000000
1888 300.000000 -225.000000 0.000000
1889 375.000000 -225.000000 0.000000
1890 -375.000000 -150.000000 0.000000
1891 -300.000000 -150.000000 0.000000
1892 -225.000000 -150.000000 0.000000
1893 -150.000000 -150.000000 0.000000
1894 -75.000000 -150.000000 0.000000
1895 0.000000 -150.000000 0.000000
1896 0.000000 -150.000000 0.000000
1897 0.000000 -150.000000 0.000000
1898 0.000000 -150.000000 0.000000
1899 0.000000 -150.000000 0.000000
1900 0.000000 -150.000000 0.000000
1901 0.000000 -150.000000 0.000000
1902 0.000000 -150.000000 0.000000
1903 0.000000 -150.000000 0.000000
1904 0.000000 -150.000000 0.000000
1905 0.000000 -150.000000 0.000000
1906 0.000000 -150.000000 0.000000
1907 0.000000 -150.000000 0.000000
1908 0.000000 -150.000000 0.000000
1909 0.000000 -150.000000 0.000000
1910 0.000000 -150.000000 0.000000
1911 0.000000 -150.000000 0.000000
1912 0.000000 -150.000000 0.000000
1913 0.000000 -150.000000 0.000000
1914 0.000000 -150.000000 0.000000
1915 0.000000 -150.000000 0.000000
1916 0.000000 -150.000000 0.000000
1917 0.000000 -150.000000 0.000000
1918 0.000000 -150.000000 0.000000
1919 0.000000 -150.000000 0.000000
1920 0.000000 -150.000000 0.000000
1921 0.000000 -150.000000 0.000000
1922 0.000000 -150.000000 0.000000
1923 0.000000 -150.000000 0.000000
1924 0.000000 -150.000000 0.000000
1925 0.000000 -150.000000 0.000000
1926 0.000000 -150.000000 0.000000
1927 75.000000 -150.000000 0.000000
1928 150.000000 -150.000000 0.000000
1929 225.000000 -150.000000 0.000000
1930 300.000000 -150.000000 0.000000
1931 375.000000 -150.000000 0.000000
1932 -375.000000 -75.000000 0.000000
1933 -300.000000 -75.000000 0.000000
1934 -225.000000 -75.000000 0.000000
1935 -150.000000 -75.000000 0.000000
1936 -75.000000 -75.000000 0.000000
1937 0.000000 -75.000000 0.000000
1938 0.000000 -75.000000 0.000000
1939 0.000000 -75.000000 0.000000
1940 0.000000 -75.000000 0.000000
1941 0.000000 -75.000000 0.000000
1942 0.000000 -75.000000 0.000000
1943 0.000000 -75.000000 0.000000
1944 0.000000 -75.000000 0.000000
1945 0.000000 -75.000000 0.000000
1946 0.000000 -75.000000 0.000000
1947 0.000000 -75.000000 0.000000
1948 0.000000 -75.000000 0.000000
1949 0.000000 -75.000000 0.000000
1950 0.000000 -75.000000 0.000000
1951 0.000000 -75.000000 0.000000
1952 0.000000 -75.000000 0.000000
1953 0.000000 -75.000000 0.000000
1954 0.000000 -75.000000 0.000000
1955 0.000000 -75.000000 0.000000
1956 0.000000 -75.000000 0.000000
1957 0.000000 -75.000000 0.000000
1958 0.000000 -75.000000 0.000000
1959 0.000000 -75.000000 0.000000
1960 0.000000 -75.000000 0.000000
1961 0.000000 -75.000000 0.000000
1962 0.000000 -75.000000 0.000000
1963 0.000000 -75.000000 0.000000
1964 0.000000 -75.000000 0.000000
1965 0.000000 -75.000000 0.000000
1966 0.000000 -75.000000 0.000000
1967 0.000000 -75.000000 0.000000
1968 0.000000 -75.000000 0.000000
1969 75.000000 -75.000000 0.000000
1970 150.000000 -75.000000 0.000000
1971 225.000000 -75.000000 0.000000
1972 300.000000 -75.000000 0.000000
1973 375.000000 -75.000000 0.000000
1974 -375.000000 0.000000 0.000000
1975 -300.000000 0.000000 0.000000
1976 -225.000000 0.000000 0.000000
1977 -150.000000 0.000000 0.000000
1978 -75.000000 0.000000 0.000000
2011 75.000000 0.000000 0.000000
2012 150.000000 0.000000 0.000000
2013 225.000000 0.000000 0.000000
2014 300.000000 0.000000 0.000000
2015 375.000000 0.000000 0.000000
2016 -375.000000 0.000000 0.000000
2017 -300.000000 0.000000 0.000000
2018 -225.000000 0.000000 0.000000
2019 -150.000000 0.000000 0.000000
2020 -75.000000 0.000000 0.000000
2053 75.000000 0.000000 0.000000
2054 150.000000 0.000000 0.000000
2055 225.000000 0.000000 0.000000
2056 300.000000 0.000000 0.000000
2057 375.000000 0.000000 0.000000
2058 -375.000000 0.000000 0.000000
2059 -300.000000 0.000000 0.000000
2060 -225.000000 0.000000 0.000000
2061 -150.000000 0.000000 0.000000
2062 -75.000000 0.000000 0.000000
2095 75.000000 0.000000 0.000000
2096 150.000000 0.000000 0.000000
2097 225.000000 0.000000 0.000000
2098 300.000000 0.000000 0.000000
2099 375.000000 0.000000 0.000000
2100 -375.000000 0.000000 0.000000
2101 -300.000000 0.000000 0.000000
2102 -225.000000 0.000000 0.000000
2103 -150.000000 0.000000 0.000000
2104 -75.000000 0.000000 0.000000
2137 75.000000 0.000000 0.000000
2138 150.000000 0.000000 0.000000
2139 225.000000 0.000000 0.000000
2140 300.000000 0.000000 0.000000
2141 375.000000 0.000000 0.000000
2142 -375.000000 0.000000 0.000000
2143 -300.000000 0.000000 0.000000
2144 -225.000000 0.000000 0.000000
2145 -150.000000 0.000000 0.000000
2146 -75.000000 0.000000 0.000000
2179 75.000000 0.000000 0.000000
2180 150.000000 0.000000 0.000000
2181 225.000000 0.000000 0.000000
2182 300.000000 0.000000 0.000000
2183 375.000000 0.000000 0.000000
2184 -375.000000 0.000000 0.000000
2185 -300.000000 0.000000 0.000000
2186 -225.000000 0.000000 0.000000
2187 -150.000000 0.000000 0.000000
2188 -75.000000 0.000000 0.000000
2221 75.000000 0.000000 0.000000
2222 150.000000 0.000000 0.000000
2223 225.000000 0.000000 0.000000
2224 300.000000 0.000000 0.000000
2225 375.000000 0.000000 0.000000
2226 -375.000000 0.000000 0.000000
2227 -300.000000 0.000000 0.000000
2228 -225.000000 0.000000 0.000000
2229 -150.000000 0.000000 0.000000
2230 -75.000000 0.000000 0.000000
2263 75.000000 0.000000 0.000000
2264 150.000000 0.000000 0.000000
2265 225.000000 0.000000 0.000000
2266 300.000000 0.000000 0.000000
2267 375.000000 0.000000 0.000000
2268 -375.000000 0.000000 0.000000
2269 -300.000000 0.000000 0.000000
2270 -225.000000 0.000000 0.000000
2271 -150.000000 0.000000 0.000000
2272 -75.000000 0.000000 0.000000
2305 75.000000 0.000000 0.000000
2306 150.000000 0.000000 0.000000
2307 225.000000 0.000000 0.000000
2308 300.000000 0.000000 0.000000
2309 375.000000 0.000000 0.000000
2310 -375.000000 0.000000 0.000000
2311 -300.000000 0.000000 0.000000
2312 -225.000000 0.000000 0.000000
2313 -150.000000 0.000000 0.000000
2314 -75.000000 0.000000 0.000000
2347 75.000000 0.000000 0.000000
2348 150.000000 0.000000 0.000000
2349 225.000000 0.000000 0.000000
2350 300.000000 0.000000 0.000000
2351 375.000000 0.000000 0.000000
2352 -375.000000 0.000000 0.000000
2353 -300.000000 0.000000 0.000000
2354 -225.000000 0.000000 0.000000
2355 -150.000000 0.000000 0.000000
2356 -75.000000 0.000000 0.000000
2389 75.000000 0.000000 0.000000
2390 150.000000 0.000000 0.000000
2391 225.000000 0.000000 0.000000
2392 300.000000 0.000000 0.000000
2393 375.000000 0.000000 0.000000
2394 -375.000000 0.000000 0.000000
2395 -300.000000 0.000000 0.000000
2396 -225.000000 0.000000 0.000000
2397 -150.000000 0.000000 0.000000
2398 -75.000000 0.000000 0.000000
2431 75.000000 0.000000 0.000000
2432 150.000000 0.000000 0.000000
2433 225.000000 0.000000 0.000000
2434 300.000000 0.000000 0.000000
2435 375.000000 0.000000 0.000000
2436 -375.000000 0.000000 0.000000
2437 -300.000000 0.000000 0.000000
2438 -225.000000 0.000000 0.000000
2439 -150.000000 0.000000 0.000000
2440 -75.000000 0.000000 0.000000
2473 75.000000 0.000000 0.000000
2474 150.000000 0.000000 0.000000
2475 225.000000 0.000000 0.000000
2476 300.000000 0.000000 0.000000
2477 375.000000 0.000000 0.000000
2478 -375.000000 0.000000 0.000000
2479 -300.000000 0.000000 0.000000
2480 -225.000000 0.000000 0.000000
2481 -150.000000 0.000000 0.000000
2482 -75.000000 0.000000 0.000000
2515 75.000000 0.000000 0.000000
2516 150.000000 0.000000 0.000000
2517 225.000000 0.000000 0.000000
2518 300.000000 0.000000 0.000000
2519 375.000000 0.000000 0.000000
2520 -375.000000 0.000000 0.000000
2521 -300.000000 0.000000 0.000000
2522 -225.000000 0.000000 0.000000
2523 -150.000000 0.000000 0.000000
2524 -75.000000 0.000000 0.000000
2557 75.000000 0.000000 0.000000
2558 150.000000 0.000000 0.000000
2559 225.000000 0.000000 0.000000
2560 300.000000 0.000000 0.000000
2561 375.000000 0.000000 0.000000
2562 -375.000000 0.000000 0.000000
2563 -300.000000 0.000000 0.000000
2564 -225.000000 0.000000 0.000000
2565 -150.000000 0.000000 0.000000
2566 -75.000000 0.000000 0.000000
2599 75.000000 0.000000 0.000000
2600 150.000000 0.000000 0.000000
2601 225.000000 0.000000 0.000000
2602 300.000000 0.000000 0.000000
2603 375.000000 0.000000 0.000000
2604 -375.000000 0.000000 0.000000
2605 -300.000000 0.000000 0.000000
2606 -225.000000 0.000000 0.000000
2607 -150.000000 0.000000 0.000000
2608 -75.000000 0.000000 0.000000
2641 75.000000 0.000000 0.000000
2642 150.000000 0.000000 0.000000
2643 225.000000 0.000000 0.000000
2644 300.000000 0.000000 0.000000
2645 375.000000 0.000000 0.000000
2646 -375.000000 0.000000 0.000000
2647 -300.000000 0.000000 0.000000
2648 -225.000000 0.000000 0.000000
2649 -150.000000 0.000000 0.000000
2650 -75.000000 0.000000 0.000000
2683 75.000000 0.000000 0.000000
2684 150.000000 0.000000 0.000000
2685 225.000000 0.000000 0.000000
2686 300.000000 0.000000 0.000000
2687 375.000000 0.000000 0.000000
2688 -375.000000 0.000000 0.000000
2689 -300.000000 0.000000 0.000000
2690 -225.000000 0.000000 0.000000
2691 -150.000000 0.000000 0.000000
2692 -75.000000 0.000000 0.000000
2725 75.000000 0.000000 0.000000
2726 150.000000 0.000000 0.000000
2727 225.000000 0.000000 0.000000
2728 300.000000 0.000000 0.000000
2729 375.000000 0.000000 0.000000
2730 -375.000000 0.000000 0.000000
2731 -300.000000 0.000000 0.000000
2732 -225.000000 0.000000 0.000000
2733 -150.000000 0.000000 0.000000
2734 -75.000000 0.000000 0.000000
2767 75.000000 0.000000 0.000000
2768 150.000000 0.000000 0.000000
2769 225.000000 0.000000 0.000000
2770 300.000000 0.000000 0.000000
2771 375.000000 0.000000 0.000000
2772 -375.000000 0.000000 0.000000
2773 -300.000000 0.000000 0.000000
2774 -225.000000 0.000000 0.000000
2775 -150.000000 0.000000 0.000000
2776 -75.000000 0.000000 0.000000
2809 75.000000 0.000000 0.000000
2810 150.000000 0.000000 0.000000
2811 225.000000 0.000000 0.000000
2812 300.000000 0.000000 0.000000
2813 375.000000 0.000000 0.000000
2814 -375.000000 0.000000 0.000000
2815 -300.000000 0.000000 0.000000
2816 -225.000000 0.000000 0.000000
2817 -150.000000 0.000000 0.000000
2818 -75.000000 0.000000 0.000000
2851 75.000000 0.000000 0.000000
2852 150.000000 0.000000 0.000000
2853 225.000000 0.000000 0.000000
2854 300.000000 0.000000 0.000000
2855 375.000000 0.000000 0.000000
2856 -375.000000 0.000000 0.000000
2857 -300.000000 0.000000 0.000000
2858 -225.000000 0.000000 0.000000
2859 -150.000000 0.000000 0.000000
2860 -75.000000 0.000000 0.000000
2893 75.000000 0.000000 0.000000
2894 150.000000 0.000000 0.000000
2895 225.000000 0.000000 0.000000
2896 300.000000 0.000000 0.000000
2897 375.000000 0.000000 0.000000
2898 -375.000000 0.000000 0.000000
2899 -300.000000 0.000000 0.000000
2900 -225.000000 0.000000 0.000000
2901 -150.000000 0.000000 0.000000
2902 -75.000000 0.000000 0.000000
2935 75.000000 0.000000 0.000000
2936 150.000000 0.000000 0.000000
2937 225.000000 0.000000 0.000000
2938 300.000000 0.000000 0.000000
2939 375.000000 0.000000 0.000000
2940 -375.000000 0.000000 0.000000
2941 -300.000000 0.000000 0.000000
2942 -225.000000 0.000000 0.000000
2943 -150.000000 0.000000 0.000000
2944 -75.000000 0.000000 0.000000
2977 75.000000 0.000000 0.000000
2978 150.000000 0.000000 0.000000
2979 225.000000 0.000000 0.000000
2980 300.000000 0.000000 0.000000
2981 375.000000 0.000000 0.000000
2982 -375.000000 0.000000 0.000000
2983 -300.000000 0.000000 0.000000
2984 -225.000000 0.000000 0.000000
2985 -150.000000 0.000000 0.000000
2986 -75.000000 0.000000 0.000000
3019 75.000000 0.000000 0.000000
3020 150.000000 0.000000 0.000000
3021 225.000000 0.000000 0.000000
3022 300.000000 0.000000 0.000000
3023 375.000000 0.000000 0.000000
3024 -375.000000 0.000000 0.000000
3025 -300.000000 0.000000 0.000000
3026 -225.000000 0.000000 0.000000
3027 -150.000000 0.000000 0.000000
3028 -75.000000 0.000000 0.000000
3061 75.000000 0.000000 0.000000
3062 150.000000 0.000000 0.000000
3063 225.000000 0.000000 0.000000
3064 300.000000 0.000000 0.000000
3065 375.000000 0.000000 0.000000
3066 -375.000000 0.000000 0.000000
3067 -300.000000 0.000000 0.000000
3068 -225.000000 0.000000 0.000000
3069 -150.000000 0.000000 0.000000
3070 -75.000000 0.000000 0.000000
3103 75.000000 0.000000 0.000000
3104 150.000000 0.000000 0.000000
3105 225.000000 0.000000 0.000000
3106 300.000000 0.000000 0.000000
3107 375.000000 0.000000 0.000000
3108 -375.000000 0.000000 0.000000
3109 -300.000000 0.000000 0.000000
3110 -225.000000 0.000000 0.000000
3111 -150.000000 0.000000 0.000000
3112 -75.000000 0.000000 0.000000
3145 75.000000 0.000000 0.000000
3146 150.000000 0.000000 0.000000
3147 225.000000 0.000000 0.000000
3148 300.000000 0.000000 0.000000
3149 375.000000 0.000000 0.000000
3150 -375.000000 0.000000 0.000000
3151 -300.000000 0.000000 0.000000
3152 -225.000000 0.000000 0.000000
3153 -150.000000 0.000000 0.000000
3154 -75.000000 0.000000 0.000000
3187 75.000000 0.000000 0.000000
3188 150.000000 0.000000 0.000000
3189 225.000000 0.000000 0.000000
3190 300.000000 0.000000 0.000000
3191 375.000000 0.000000 0.000000
3192 -375.000000 0.000000 0.000000
3193 -300.000000 0.000000 0.000000
3194 -225.000000 0.000000 0.000000
3195 -150.000000 0.000000 0.000000
3196 -75.000000 0.000000 0.000000
3229 75.000000 0.000000 0.000000
3230 150.000000 0.000000 0.000000
3231 225.000000 0.000000 0.000000
3232 300.000000 0.000000 0.000000
3233 375.000000 0.000000 0.000000
3234 -375.000000 0.000000 0.000000
3235 -300.000000 0.000000 0.000000
3236 -225.000000 0.000000 0.000000
3237 -150.000000 0.000000 0.000000
3238 -75.000000 0.000000 0.000000
3271 75.000000 0.000000 0.000000
3272 150.000000 0.000000 0.000000
3273 225.000000 0.000000 0.000000
3274 300.000000 0.000000 0.000000
3275 375.000000 0.000000 0.000000
3276 -375.000000 0.000000 0.000000
3277 -300.000000 0.000000 0.000000
3278 -225.000000 0.000000 0.000000
3279 -150.000000 0.000000 0.000000
3280 -75.000000 0.000000 0.000000
3313 75.000000 0.000000 0.000000
3314 150.000000 0.000000 0.000000
3315 225.000000 0.000000 0.000000
3316 300.000000 0.000000 0.000000
3317 375.000000 0.000000 0.000000
3318 -375.000000 75.000000 0.000000
3319 -300.000000 75.000000 0.000000
3320 -225.000000 75.000000 0.000000
3321 -150.000000 75.000000 0.000000
3322 -75.000000 75.000000 0.000000
3323 0.000000 75.000000 0.000000
3324 0.000000 75.000000 0.000000
3325 0.000000 75.000000 0.000000
3326 0.000000 75.000000 0.000000
3327 0.000000 75.000000 0.000000
3328 0.000000 75.000000 0.000000
3329 0.000000 75.000000 0.000000
3330 0.000000 75.000000 0.000000
3331 0.000000 75.000000 0.000000
3332 0.000000 75.000000 0.000000
3333 0.000000 75.000000 0.000000
3334 0.000000 75.000000 0.000000
3335 0.000000 75.000000 0.000000
3336 0.000000 75.000000 0.000000
3337 0.000000 75.000000 0.000000
3338 0.000000 75.000000 0.000000
3339 0.000000 75.000000 0.000000
3340 0.000000 75.000000 0.000000
3341 0.000000 75.000000 0.000000
3342 0.000000 75.000000 0.000000
3343 0.000000 75.000000 0.000000
3344 0.000000 75.000000 0.000000
3345 0.000000 75.000000 0.000000
3346 0.000000 75.000000 0.000000
3347 0.000000 75.000000 0.000000
3348 0.000000 75.000000 0.000000
3349 0.000000 75.000000 0.000000
3350 0.000000 75.000000 0.000000
3351 0.000000 75.000000 0.000000
3352 0.000000 75.000000 0.000000
3353 0.000000 75.000000 0.000000
3354 0.000000 75.000000 0.000000
3355 75.000000 75.000000 0.000000
3356 150.000000 75.000000 0.000000
3357 225.000000 75.000000 0.000000
3358 300.000000 75.000000 0.000000
3359 375.000000 75.000000 0.000000
3360 -375.000000 150.000000 0.000000
3361 -300.000000 150.000000 0.000000
3362 -225.000000 150.000000 0.000000
3363 -150.000000 150.000000 0.000000
3364 -75.000000 150.000000 0.000000
3365 0.000000 150.000000 0.000000
3366 0.000000 150.000000 0.000000
3367 0.000000 150.000000 0.000000
3368 0.000000 150.000000 0.000000
3369 0.000000 150.000000 0.000000
3370 0.000000 150.000000 0.000000
3371 0.000000 150.000000 0.000000
3372 0.000000 150.000000 0.000000
3373 0.000000 150.000000 0.000000
3374 0.000000 150.000000 0.000000
3375 0.000000 150.000000 0.000000
3376 0.000000 150.000000 0.000000
3377 0.000000 150.000000 0.000000
3378 0.000000 150.000000 0.000000
3379 0.000000 150.000000 0.000000
3380 0.000000 150.000000 0.000000
3381 0.000000 150.000000 0.000000
3382 0.000000 150.000000 0.000000
3383 0.000000 150.000000 0.000000
3384 0.000000 150.000000 0.000000
3385 0.000000 150.000000 0.000000
3386 0.000000 150.000000 0.000000
3387 0.000000 150.000000 0.000000
3388 0.000000 150.000000 0.000000
3389 0.000000 150.000000 0.000000
3390 0.000000 150.000000 0.000000
3391 0.000000 150.000000 0.000000
3392 0.000000 150.000000 0.000000
3393 0.000000 150.000000 0.000000
3394 0.000000 150.000000 0.000000
3395 0.000000 150.000000 0.000000
3396 0.000000 150.000000 0.000000
3397 75.000000 150.000000 0.000000
3398 150.000000 150.000000 0.000000
3399 225.000000 150.000000 0.000000
3400 300.000000 150.000000 0.000000
3401 375.000000 150.000000 0.000000
3402 -375.000000 225.000000 0.000000
3403 -300.000000 225.000000 0.000000
3404 -225.000000 225.000000 0.000000
3405 -150.000000 225.000000 0.000000
3406 -75.000000 225.000000 0.000000
3407 0.000000 225.000000 0.000000
3408 0.000000 225.000000 0.000000
3409 0.000000 225.000000 0.000000
3410 0.000000 225.000000 0.000000
3411 0.000000 225.000000 0.000000
3412 0.000000 225.000000 0.000000
3413 0.000000 225.000000 0.000000
3414 0.000000 225.000000 0.000000
3415 0.000000 225.000000 0.000000
3416 0.000000 225.000000 0.000000
3417 0.000000 225.000000 0.000000
3418 0.000000 225.000000 0.000000
3419 0.000000 225.000000 0.000000
3420 0.000000 225.000000 0.000000
3421 0.000000 225.000000 0.000000
3422 0.000000 225.000000 0.000000
3423 0.000000 225.000000 0.000000
3424 0.000000 225.000000 0.000000
3425 0.000000 225.000000 0.000000
3426 0.000000 225.000000 0.000000
3427 0.000000 225.000000 0.000000
3428 0.000000 225.000000 0.000000
3429 0.000000 225.000000 0.000000
3430 0.000000 225.000000 0.000000
3431 0.000000 225.000000 0.000000
3432 0.000000 225.000000 0.000000
3433 0.000000 225.000000 0.000000
3434 0.000000 225.000000 0.000000
3435 0.000000 225.000000 0.000000
3436 0.000000 225.000000 0.000000
3437 0.000000 225.000000 0.000000
3438 0.000000 225.000000 0.000000
3439 75.000000 225.000000 0.000000
3440 150.000000 225.000000 0.000000
3441 225.000000 225.000000 0.000000
3442 300.000000 225.000000 0.000000
3443 375.000000 225.000000 0.000000
3444 -375.000000 300.000000 0.000000
3445 -300.000000 300.000000 0.000000
3446 -225.000000 300.000000 0.000000
3447 -150.000000 300.000000 0.000000
3448 -75.000000 300.000000 0.000000
3449 0.000000 300.000000 0.000000
3450 0.000000 300.000000 0.000000
3451 0.000000 300.000000 0.000000
3452 0.000000 300.000000 0.000000
3453 0.000000 300.000000 0.000000
3454 0.000000 300.000000 0.000000
3455 0.000000 300.000000 0.000000
3456 0.000000 300.000000 0.000000
3457 0.000000 300.000000 0.000000
3458 0.000000 300.000000 0.000000
3459 0.000000 300.000000 0.000000
3460 0.000000 300.000000 0.000000
3461 0.000000 300.000000 0.000000
3462 0.000000 300.000000 0.000000
3463 0.000000 300.000000 0.000000
3464 0.000000 300.000000 0.000000
3465 0.000000 300.000000 0.000000
3466 0.000000 300.000000 0.000000
3467 0.000000 300.000000 0.000000
3468 0.000000 300.000000 0.000000
3469 0.000000 300.000000 0.000000
3470 0.000000 300.000000 0.000000
3471 0.000000 300.000000 0.000000
3472 0.000000 300.000000 0.000000
3473 0.000000 300.000000 0.000000
3474 0.000000 300.000000 0.000000
3475 0.000000 300.000000 0.000000
3476 0.000000 300.000000 0.000000
3477 0.000000 300.000000 0.000000
3478 0.000000 300.000000 0.000000
3479 0.000000 300.000000 0.000000
3480 0.000000 300.000000 0.000000
3481 75.000000 300.000000 0.000000
3482 150.000000 300.000000 0.000000
3483 225.000000 300.000000 0.000000
3484 300.000000 300.000000 0.000000
3485 375.000000 300.000000 0.000000
3486 -375.000000 375.000000 0.000000
3487 -300.000000 375.000000 0.000000
3488 -225.000000 375.000000 0.000000
3489 -150.000000 375.000000 0.000000
3490 -75.000000 375.000000 0.000000
3491 0.000000 375.000000 0.000000
3492 0.000000 375.000000 0.000000
3493 0.000000 375.000000 0.000000
3494 0.000000 375.000000 0.000000
3495 0.000000 375.000000 0.000000
3496 0.000000 375.000000 0.000000
3497 0.000000 375.000000 0.000000
3498 0.000000 375.000000 0.000000
3499 0.000000 375.000000 0.000000
3500 0.000000 375.000000 0.000000
3501 0.000000 375.000000 0.000000
3502 0.000000 375.000000 0.000000
3503 0.000000 375.000000 0.000000
3504 0.000000 375.000000 0.000000
3505 0.000000 375.000000 0.000000
3506 0.000000 375.000000 0.000000
3507 0.000000 375.000000 0.000000
3508 0.000000 375.000000 0.000000
3509 0.000000 375.000000 0.000000
3510 0.000000 375.000000 0.000000
3511 0.000000 375.000000 0.000000
3512 0.000000 375.000000 0.000000
3513 0.000000 375.000000 0.000000
3514 0.000000 375.000000 0.000000
3515 0.000000 375.000000 0.000000
3516 0.000000 375.000000 0.000000
3517 0.000000 375.000000 0.000000
3518 0.000000 375.000000 0.000000
3519 0.000000 375.000000 0.000000
3520 0.000000 375.000000 0.000000
3521 0.000000 375.000000 0.000000
3522 0.000000 375.000000 0.000000
3523 75.000000 375.000000 0.000000
3524 150.000000 375.000000 0.000000
3525 225.000000 375.000000 0.000000
3526 300.000000 375.000000 0.000000
3527 375.000000 375.000000 0.000000
3528 -375.000000 -375.000000 0.000000
3529 -300.000000 -375.000000 0.000000
3530 -225.000000 -375.000000 0.000000
3531 -150.000000 -375.000000 0.000000
3532 -75.000000 -375.000000 0.000000
3533 0.000000 -375.000000 0.000000
3534 0.000000 -375.000000 0.000000
3535 0.000000 -375.000000 0.000000
3536 0.000000 -375.000000 0.000000
3537 0.000000 -375.000000 0.000000
3538 0.000000 -375.000000 0.000000
3539 0.000000 -375.000000 0.000000
3540 0.000000 -375.000000 0.000000
3541 0.000000 -375.000000 0.000000
3542 0.000000 -375.000000 0.000000
3543 0.000000 -375.000000 0.000000
3544 0.000000 -375.000000 0.000000
3545 0.000000 -375.000000 0.000000
3546 0.000000 -375.000000 0.000000
3547 0.000000 -375.000000 0.000000
3548 0.000000 -375.000000 0.000000
3549 0.000000 -375.000000 0.000000
3550 0.000000 -375.000000 0.000000
3551 0.000000 -375.000000 0.000000
3552 0.000000 -375.000000 0.000000
3553 0.000000 -375.000000 0.000000
3554 0.000000 -375.000000 0.000000
3555 0.000000 -375.000000 0.000000
3556 0.000000 -375.000000 0.000000
3557 0.000000 -375.000000 0.000000
3558 0.000000 -375.000000 0.000000
3559 0.000000 -375.000000 0.000000
3560 0.000000 -375.000000 0.000000
3561 0.000000 -375.000000 0.000000
3562 0.000000 -375.000000 0.000000
3563 0.000000 -375.000000 0.000000
3564 0.000000 -375.000000 0.000000
3565 75.000000 -375.000000 0.000000
3566 150.000000 -375.000000 0.000000
3567 225.000000 -375.000000 0.000000
3568 300.000000 -375.000000 0.000000
3569 375.000000 -375.000000 0.000000
3570 -375.000000 -300.000000 0.000000
3571 -300.000000 -300.000000 0.000000
3572 -225.000000 -300.000000 0.000000
3573 -150.000000 -300.000000 0.000000
3574 -75.000000 -300.000000 0.000000
3575 0.000000 -300.000000 0.000000
3576 0.000000 -300.000000 0.000000
3577 0.000000 -300.000000 0.000000
3578 0.000000 -300.000000 0.000000
3579 0.000000 -300.000000 0.000000
3580 0.000000 -300.000000 0.000000
3581 0.000000 -300.000000 0.000000
3582 0.000000 -300.000000 0.000000
3583 0.000000 -300.000000 0.000000
3584 0.000000 -300.000000 0.000000
3585 0.000000 -300.000000 0.000000
3586 0.000000 -300.000000 0.000000
3587 0.000000 -300.000000 0.000000
3588 0.000000 -300.000000 0.000000
3589 0.000000 -300.000000 0.000000
3590 0.000000 -300.000000 0.000000
3591 0.000000 -300.000000 0.000000
3592 0.000000 -300.000000 0.000000
3593 0.000000 -300.000000 0.000000
3594 0.000000 -300.000000 0.000000
3595 0.000000 -300.000000 0.000000
3596 0.000000 -300.000000 0.000000
3597 0.000000 -300.000000 0.000000
3598 0.000000 -300.000000 0.000000
3599 0.000000 -300.000000 0.000000
3600 0.000000 -300.000000 0.000000
3601 0.000000 -300.000000 0.000000
3602 0.000000 -300.000000 0.000000
3603 0.000000 -300.000000 0.000000
3604 0.000000 -300.000000 0.000000
3605 0.000000 -300.000000 0.000000
3606 0.000000 -300.000000 0.000000
3607 75.000000 -300.000000 0.000000
3608 150.000000 -300.000000 0.000000
3609 225.000000 -300.000000 0.000000
3610 300.000000 -300.000000 0.000000
3611 375.000000 -300.000000 0.000000
3612 -375.000000 -225.000000 0.000000
3613 -300.000000 -225.000000 0.000000
3614 -225.000000 -225.000000 0.000000
3615 -150.000000 -225.000000 0.000000
3616 -75.000000 -225.000000 0.000000
3617 0.000000 -225.000000 0.000000
3618 0.000000 -225.000000 0.000000
3619 0.000000 -225.000000 0.000000
3620 0.000000 -225.000000 0.000000
3621 0.000000 -225.000000 0.000000
3622 0.000000 -225.000000 0.000000
3623 0.000000 -225.000000 0.000000
3624 0.000000 -225.000000 0.000000
3625 0.000000 -225.000000 0.000000
3626 0.000000 -225.000000 0.000000
3627 0.000000 -225.000000 0.000000
3628 0.000000 -225.000000 0.000000
3629 0.000000 -225.000000 0.000000
3630 0.000000 -225.000000 0.000000
3631 0.000000 -225.000000 0.000000
3632 0.000000 -225.000000 0.000000
3633 0.000000 -225.000000 0.000000
3634 0.000000 -225.000000 0.000000
3635 0.000000 -225.000000 0.000000
3636 0.000000 -225.000000 0.000000
3637 0.000000 -225.000000 0.000000
3638 0.000000 -225.000000 0.000000
3639 0.000000 -225.000000 0.000000
3640 0.000000 -225.000000 0.000000
3641 0.000000 -225.000000 0.000000
3642 0.000000 -225.000000 0.000000
3643 0.000000 -225.000000 0.000000
3644 0.000000 -225.000000 0.000000
3645 0.000000 -225.000000 0.000000
3646 0.000000 -225.000000 0.000000
3647 0.000000 -225.000000 0.000000
3648 0.000000 -225.000000 0.000000
3649 75.000000 -225.000000 0.000000
3650 150.000000 -225.000000 0.000000
3651 225.000000 -225.000000 0.000000
3652 300.000000 -225.000000 0.000000
3653 375.000000 -225.000000 0.000000
3654 -375.000000 -150.000000 0.000000
3655 -300.000000 -150.000000 0.000000
3656 -225.000000 -150.000000 0.000000
3657 -150.000000 -150.000000 0.000000
3658 -75.000000 -150.000000 0.000000
3659 0.000000 -150.000000 0.000000
3660 0.000000 -150.000000 0.000000
3661 0.000000 -150.000000 0.000000
3662 0.000000 -150.000000 0.000000
3663 0.000000 -150.000000 0.000000
3664 0.000000 -150.000000 0.000000
3665 0.000000 -150.000000 0.000000
3666 0.000000 -150.000000 0.000000
3667 0.000000 -150.000000 0.000000
3668 0.000000 -150.000000 0.000000
3669 0.000000 -150.000000 0.000000
3670 0.000000 -150.000000 0.000000
3671 0.000000 -150.000000 0.000000
3672 0.000000 -150.000000 0.000000
3673 0.000000 -150.000000 0.000000
3674 0.000000 -150.000000 0.000000
3675 0.000000 -150.000000 0.000000
3676 0.000000 -150.000000 0.000000
3677 0.000000 -150.000000 0.000000
3678 0.000000 -150.000000 0.000000
3679 0.000000 -150.000000 0.000000
3680 0.000000 -150.000000 0.000000
3681 0.000000 -150.000000 0.000000
3682 0.000000 -150.000000 0.000000
3683 0.000000 -150.000000 0.000000
3684 0.000000 -150.000000 0.000000
3685 0.000000 -150.000000 0.000000
3686 0.000000 -150.000000 0.000000
3687 0.000000 -150.000000 0.000000
3688 0.000000 -150.000000 0.000000
3689 0.000000 -150.000000 0.000000
3690 0.000000 -150.000000 0.000000
3691 75.000000 -150.000000 0.000000
3692 150.000000 -150.000000 0.000000
3693 225.000000 -150.000000 0.000000
3694 300.000000 -150.000000 0.000000
3695 375.000000 -150.000000 0.000000
3696 -375.000000 -75.000000 0.000000
3697 -300.000000 -75.000000 0.000000
3698 -225.000000 -75.000000 0.000000
3699 -150.000000 -75.000000 0.000000
3700 -75.000000 -75.000000 0.000000
3701 0.000000 -75.000000 0.000000
3702 0.000000 -75.000000 0.000000
3703 0.000000 -75.000000 0.000000
3704 0.000000 -75.000000 0.000000
3705 0.000000 -75.000000 0.000000
3706 0.000000 -75.000000 0.000000
3707 0.000000 -75.000000 0.000000
3708 0.000000 -75.000000 0.000000
3709 0.000000 -75.000000 0.000000
3710 0.000000 -75.000000 0.000000
3711 0.000000 -75.000000 0.000000
3712 0.000000 -75.000000 0.000000
3713 0.000000 -75.000000 0.000000
3714 0.000000 -75.000000 0.000000
3715 0.000000 -75.000000 0.000000
3716 0.000000 -75.000000 0.000000
3717 0.000000 -75.000000 0.000000
3718 0.000000 -75.000000 0.000000
3719 0.000000 -75.000000 0.000000
3720 0.000000 -75.000000 0.000000
3721 0.000000 -75.000000 0.000000
3722 0.000000 -75.000000 0.000000
3723 0.000000 -75.000000 0.000000
3724 0.000000 -75.000000 0.000000
3725 0.000000 -75.000000 0.000000
3726 0.000000 -75.000000 0.000000
3727 0.000000 -75.000000 0.000000
3728 0.000000 -75.000000 0.000000
3729 0.000000 -75.000000 0.000000
3730 0.000000 -75.000000 0.000000
3731 0.000000 -75.000000 0.000000
3732 0.000000 -75.000000 0.000000
3733 75.000000 -75.000000 0.000000
3734 150.000000 -75.000000 0.000000
3735 225.000000 -75.000000 0.000000
3736 300.000000 -75.000000 0.000000
3737 375.000000 -75.000000 0.000000
3738 -375.000000 0.000000 0.000000
3739 -300.000000 0.000000 0.000000
3740 -225.000000 0.000000 0.000000
3741 -150.000000 0.000000 0.000000
3742 -75.000000 0.000000 0.000000
3775 75.000000 0.000000 0.000000
3776 150.000000 0.000000 0.000000
3777 225.000000 0.000000 0.000000
3778 300.000000 0.000000 0.000000
3779 375.000000 0.000000 0.000000
3780 -375.000000 0.000000 0.000000
3781 -300.000000 0.000000 0.000000
3782 -225.000000 0.000000 0.000000
3783 -150.000000 0.000000 0.000000
3784 -75.000000 0.000000 0.000000
3817 75.000000 0.000000 0.000000
3818 150.000000 0.000000 0.000000
3819 225.000000 0.000000 0.000000
3820 300.000000 0.000000 0.000000
3821 375.000000 0.000000 0.000000
3822 -375.000000 0.000000 0.000000
3823 -300.000000 0.000000 0.000000
3824 -225.000000 0.000000 0.000000
3825 -150.000000 0.000000 0.000000
3826 -75.000000 0.000000 0.000000
3859 75.000000 0.000000 0.000000
3860 150.000000 0.000000 0.000000
3861 225.000000 0.000000 0.000000
3862 300.000000 0.000000 0.000000
3863 375.000000 0.000000 0.000000
3864 -375.000000 0.000000 0.000000
3865 -300.000000 0.000000 0.000000
3866 -225.000000 0.000000 0.000000
3867 -150.000000 0.000000 0.000000
3868 -75.000000 0.000000 0.000000
3901 75.000000 0.000000 0.000000
3902 150.000000 0.000000 0.000000
3903 225.000000 0.000000 0.000000
3904 300.000000 0.000000 0.000000
3905 375.000000 0.000000 0.000000
3906 -375.000000 0.000000 0.000000
3907 -300.000000 0.000000 0.000000
3908 -225.000000 0.000000 0.000000
3909 -150.000000 0.000000 0.000000
3910 -75.000000 0.000000 0.000000
3943 75.000000 0.000000 0.000000
3944 150.000000 0.000000 0.000000
3945 225.000000 0.000000 0.000000
3946 300.000000 0.000000 0.000000
3947 375.000000 0.000000 0.000000
3948 -375.000000 0.000000 0.000000
3949 -300.000000 0.000000 0.000000
3950 -225.000000 0.000000 0.000000
3951 -150.000000 0.000000 0.000000
3952 -75.000000 0.000000 0.000000
3985 75.000000 0.000000 0.000000
3986 150.000000 0.000000 0.000000
3987 225.000000 0.000000 0.000000
3988 300.000000 0.000000 0.000000
3989 375.000000 0.000000 0.000000
3990 -375.000000 0.000000 0.000000
3991 -300.000000 0.000000 0.000000
3992 -225.000000 0.000000 0.000000
3993 -150.000000 0.000000 0.000000
3994 -75.000000 0.000000 0.000000
4027 75.000000 0.000000 0.000000
4028 150.000000 0.000000 0.000000
4029 225.000000 0.000000 0.000000
4030 300.000000 0.000000 0.000000
4031 375.000000 0.000000 0.000000
4032 -375.000000 0.000000 0.000000
4033 -300.000000 0.000000 0.000000
4034 -225.000000 0.000000 0.000000
4035 -150.000000 0.000000 0.000000
4036 -75.000000 0.000000 0.000000
4069 75.000000 0.000000 0.000000
4070 150.000000 0.000000 0.000000
4071 225.000000 0.000000 0.000000
4072 300.000000 0.000000 0.000000
4073 375.000000 0.000000 0.000000
4074 -375.000000 0.000000 0.000000
4075 -300.000000 0.000000 0.000000
4076 -225.000000 0.000000 0.000000
4077 -150.000000 0.000000 0.000000
4078 -75.000000 0.000000 0.000000
4111 75.000000 0.000000 0.000000
4112 150.000000 0.000000 0.000000
4113 225.000000 0.000000 0.000000
4114 300.000000 0.000000 0.000000
4115 375.000000 0.000000 0.000000
4116 -375.000000 0.000000 0.000000
4117 -300.000000 0.000000 0.000000
4118 -225.000000 0.000000 0.000000
4119 -150.000000 0.000000 0.000000
4120 -75.000000 0.000000 0.000000
4153 75.000000 0.000000 0.000000
4154 150.000000 0.000000 0.000000
4155 225.000000 0.000000 0.000000
4156 300.000000 0.000000 0.000000
4157 375.000000 0.000000 0.000000
4158 -375.000000 0.000000 0.000000
4159 -300.000000 0.000000 0.000000
4160 -225.000000 0.000000 0.000000
4161 -150.000000 0.000000 0.000000
4162 -75.000000 0.000000 0.000000
4195 75.000000 0.000000 0.000000
4196 150.000000 0.000000 0.000000
4197 225.000000 0.000000 0.000000
4198 300.000000 0.000000 0.000000
4199 375.000000 0.000000 0.000000
4200 -375.000000 0.000000 0.000000
4201 -300.000000 0.000000 0.000000
4202 -225.000000 0.000000 0.000000
4203 -150.000000 0.000000 0.000000
4204 -75.000000 0.000000 0.000000
4237 75.000000 0.000000 0.000000
4238 150.000000 0.000000 0.000000
4239 225.000000 0.000000 0.000000
4240 300.000000 0.000000 0.000000
4241 375.000000 0.000000 0.000000
4242 -375.000000 0.000000 0.000000
4243 -300.000000 0.000000 0.000000
4244 -225.000000 0.000000 0.000000
4245 -150.000000 0.000000 0.000000
4246 -75.000000 0.000000 0.000000
4279 75.000000 0.000000 0.000000
4280 150.000000 0.000000 0.000000
4281 225.000000 0.000000 0.000000
4282 300.000000 0.000000 0.000000
4283 375.000000 0.000000 0.000000
4284 -375.000000 0.000000 0.000000
4285 -300.000000 0.000000 0.000000
4286 -225.000000 0.000000 0.000000
4287 -150.000000 0.000000 0.000000
4288 -75.000000 0.000000 0.000000
4321 75.000000 0.000000 0.000000
4322 150.000000 0.000000 0.000000
4323 225.000000 0.000000 0.000000
4324 300.000000 0.000000 0.000000
4325 375.000000 0.000000 0.000000
4326 -375.000000 0.000000 0.000000
4327 -300.000000 0.000000 0.000000
4328 -225.000000 0.000000 0.000000
4329 -150.000000 0.000000 0.000000
4330 -75.000000 0.000000 0.000000
4363 75.000000 0.000000 0.000000
4364 150.000000 0.000000 0.000000
4365 225.000000 0.000000 0.000000
4366 300.000000 0.000000 0.000000
4367 375.000000 0.000000 0.000000
4368 -375.000000 0.000000 0.000000
4369 -300.000000 0.000000 0.000000
4370 -225.000000 0.000000 0.000000
4371 -150.000000 0.000000 0.000000
4372 -75.000000 0.000000 0.000000
4405 75.000000 0.000000 0.000000
4406 150.000000 0.000000 0.000000
4407 225.000000 0.000000 0.000000
4408 300.000000 0.000000 0.000000
4409 375.000000 0.000000 0.000000
4410 -375.000000 0.000000 0.000000
4411 -300.000000 0.000000 0.000000
4412 -225.000000 0.000000 0.000000
4413 -150.000000 0.000000 0.000000
4414 -75.000000 0.000000 0.000000
4447 75.000000 0.000000 0.000000
4448 150.000000 0.000000 0.000000
4449 225.000000 0.000000 0.000000
4450 300.000000 0.000000 0.000000
4451 375.000000 0.000000 0.000000
4452 -375.000000 0.000000 0.000000
4453 -300.000000 0.000000 0.000000
4454 -225.000000 0.000000 0.000000
4455 -150.000000 0.000000 0.000000
4456 -75.000000 0.000000 0.000000
4489 75.000000 0.000000 0.000000
4490 150.000000 0.000000 0.000000
4491 225.000000 0.000000 0.000000
4492 300.000000 0.000000 0.000000
4493 375.000000 0.000000 0.000000
4494 -375.000000 0.000000 0.000000
4495 -300.000000 0.000000 0.000000
4496 -225.000000 0.000000 0.000000
4497 -150.000000 0.000000 0.000000
4498 -75.000000 0.000000 0.000000
4531 75.000000 0.000000 0.000000
4532 150.000000 0.000000 0.000000
4533 225.000000 0.000000 0.000000
4534 300.000000 0.000000 0.000000
4535 375.000000 0.000000 0.000000
4536 -375.000000 0.000000 0.000000
4537 -300.000000 0.000000 0.000000
4538 -225.000000 0.000000 0.000000
4539 -150.000000 0.000000 0.000000
4540 -75.000000 0.000000 0.000000
4573 75.000000 0.000000 0.000000
4574 150.000000 0.000000 0.000000
4575 225.000000 0.000000 0.000000
4576 300.000000 0.000000 0.000000
4577 375.000000 0.000000 0.000000
4578 -375.000000 0.000000 0.000000
4579 -300.000000 0.000000 0.000000
4580 -225.000000 0.000000 0.000000
4581 -150.000000 0.000000 0.000000
4582 -75.000000 0.000000 0.000000
4615 75.000000 0.000000 0.000000
4616 150.000000 0.000000 0.000000
4617 225.000000 0.000000 0.000000
4618 300.000000 0.000000 0.000000
4619 375.000000 0.000000 0.000000
4620 -375.000000 0.000000 0.000000
4621 -300.000000 0.000000 0.000000
4622 -225.000000 0.000000 0.000000
4623 -150.000000 0.000000 0.000000
4624 -75.000000 0.000000 0.000000
4657 75.000000 0.000000 0.000000
4658 150.000000 0.000000 0.000000
4659 225.000000 0.000000 0.000000
4660 300.000000 0.000000 0.000000
4661 375.000000 0.000000 0.000000
4662 -375.000000 0.000000 0.000000
4663 -300.000000 0.000000 0.000000
4664 -225.000000 0.000000 0.000000
4665 -150.000000 0.000000 0.000000
4666 -75.000000 0.000000 0.000000
4699 75.000000 0.000000 0.000000
4700 150.000000 0.000000 0.000000
4701 225.000000 0.000000 0.000000
4702 300.000000 0.000000 0.000000
4703 375.000000 0.000000 0.000000
4704 -375.000000 0.000000 0.000000
4705 -300.000000 0.000000 0.000000
4706 -225.000000 0.000000 0.000000
4707 -150.000000 0.000000 0.000000
4708 -75.000000 0.000000 0.000000
4741 75.000000 0.000000 0.000000
4742 150.000000 0.000000 0.000000
4743 225.000000 0.000000 0.000000
4744 300.000000 0.000000 0.000000
4745 375.000000 0.000000 0.000000
4746 -375.000000 0.000000 0.000000
4747 -300.000000 0.000000 0.000000
4748 -225.000000 0.000000 0.000000
4749 -150.000000 0.000000 0.000000
4750 -75.000000 0.000000 0.000000
4783 75.000000 0.000000 0.000000
4784 150.000000 0.000000 0.000000
4785 225.000000 0.000000 0.000000
4786 300.000000 0.000000 0.000000
4787 375.000000 0.000000 0.000000
4788 -375.000000 0.000000 0.000000
4789 -300.000000 0.000000 0.000000
4790 -225.000000 0.000000 0.000000
4791 -150.000000 0.000000 0.000000
4792 -75.000000 0.000000 0.000000
4825 75.000000 0.000000 0.000000
4826 150.000000 0.000000 0.000000
4827 225.000000 0.000000 0.000000
4828 300.000000 0.000000 0.000000
4829 375.000000 0.000000 0.000000
4830 -375.000000 0.000000 0.000000
4831 -300.000000 0.000000 0.000000
4832 -225.000000 0.000000 0.000000
4833 -150.000000 0.000000 0.000000
4834 -75.000000 0.000000 0.000000
4867 75.000000 0.000000 0.000000
4868 150.000000 0.000000 0.000000
4869 225.000000 0.000000 0.000000
4870 300.000000 0.000000 0.000000
4871 375.000000 0.000000 0.000000
4872 -375.000000 0.000000 0.000000
4873 -300.000000 0.000000 0.000000
4874 -225.000000 0.000000 0.000000
4875 -150.000000 0.000000 0.000000
4876 -75.000000 0.000000 0.000000
4909 75.000000 0.000000 0.000000
4910 150.000000 0.000000 0.000000
4911 225.000000 0.000000 0.000000
4912 300.000000 0.000000 0.000000
4913 375.000000 0.000000 0.000000
4914 -375.000000 0.000000 0.000000
4915 -300.000000 0.000000 0.000000
4916 -225.000000 0.000000 0.000000
4917 -150.000000 0.000000 0.000000
4918 -75.000000 0.000000 0.000000
4951 75.000000 0.000000 0.000000
4952 150.000000 0.000000 0.000000
4953 225.000000 0.000000 0.000000
4954 300.000000 0.000000 0.000000
4955 375.000000 0.000000 0.000000
4956 -375.000000 0.000000 0.000000
4957 -300.000000 0.000000 0.000000
4958 -225.000000 0.000000 0.000000
4959 -150.000000 0.000000 0.000000
4960 -75.000000 0.000000 0.000000
4993 75.000000 0.000000 0.000000
4994 150.000000 0.000000 0.000000
4995 225.000000 0.000000 0.000000
4996 300.000000 0.000000 0.000000
4997 375.000000 0.000000 0.000000
4998 -375.000000 0.000000 0.000000
4999 -300.000000 0.000000 0.000000
5000 -225.000000 0.000000 0.000000
5001 -150.000000 0.000000 0.000000
5002 -75.000000 0.000000 0.000000
5035 75.000000 0.000000 0.000000
5036 150.000000 0.000000 0.000000
5037 225.000000 0.000000 0.000000
5038 300.000000 0.000000 0.000000
5039 375.000000 0.000000 0.000000
5040 -375.000000 0.000000 0.000000
5041 -300.000000 0.000000 0.000000
5042 -225.000000 0.000000 0.000000
5043 -150.000000 0.000000 0.000000
5044 -75.000000 0.000000 0.000000
5077 75.000000 0.000000 0.000000
5078 150.000000 0.000000 0.000000
5079 225.000000 0.000000 0.000000
5080 300.000000 0.000000 0.000000
5081 375.000000 0.000000 0.000000
5082 -375.000000 75.000000 0.000000
5083 -300.000000 75.000000 0.000000
5084 -225.000000 75.000000 0.000000
5085 -150.000000 75.000000 0.000000
5086 -75.000000 75.000000 0.000000
5087 0.000000 75.000000 0.000000
5088 0.000000 75.000000 0.000000
5089 0.000000 75.000000 0.000000
5090 0.000000 75.000000 0.000000
5091 0.000000 75.000000 0.000000
5092 0.000000 75.000000 0.000000
5093 0.000000 75.000000 0.000000
5094 0.000000 75.000000 0.000000
5095 0.000000 75.000000 0.000000
5096 0.000000 75.000000 0.000000
5097 0.000000 75.000000 0.000000
5098 0.000000 75.000000 0.000000
5099 0.000000 75.000000 0.000000
5100 0.000000 75.000000 0.000000
5101 0.000000 75.000000 0.000000
5102 0.000000 75.000000 0.000000
5103 0.000000 75.000000 0.000000
5104 0.000000 75.000000 0.000000
5105 0.000000 75.000000 0.000000
5106 0.000000 75.000000 0.000000
5107 0.000000 75.000000 0.000000
5108 0.000000 75.000000 0.000000
5109 0.000000 75.000000 0.000000
5110 0.000000 75.000000 0.000000
5111 0.000000 75.000000 0.000000
5112 0.000000 75.000000 0.000000
5113 0.000000 75.000000 0.000000
5114 0.000000 75.000000 0.000000
5115 0.000000 75.000000 0.000000
5116 0.000000 75.000000 0.000000
5117 0.000000 75.000000 0.000000
5118 0.000000 75.000000 0.000000
5119 75.000000 75.000000 0.000000
5120 150.000000 75.000000 0.000000
5121 225.000000 75.000000 0.000000
5122 300.000000 75.000000 0.000000
5123 375.000000 75.000000 0.000000
5124 -375.000000 150.000000 0.000000
5125 -300.000000 150.000000 0.000000
5126 -225.000000 150.000000 0.000000
5127 -150.000000 150.000000 0.000000
5128 -75.000000 150.000000 0.000000
5129 0.000000 150.000000 0.000000
5130 0.000000 150.000000 0.000000
5131 0.000000 150.000000 0.000000
5132 0.000000 150.000000 0.000000
5133 0.000000 150.000000 0.000000
5134 0.000000 150.000000 0.000000
5135 0.000000 150.000000 0.000000
5136 0.000000 150.000000 0.000000
5137 0.000000 150.000000 0.000000
5138 0.000000 150.000000 0.000000
5139 0.000000 150.000000 0.000000
5140 0.000000 150.000000 0.000000
5141 0.000000 150.000000 0.000000
5142 0.000000 150.000000 0.000000
5143 0.000000 150.000000 0.000000
5144 0.000000 150.000000 0.000000
5145 0.000000 150.000000 0.000000
5146 0.000000 150.000000 0.000000
5147 0.000000 150.000000 0.000000
5148 0.000000 150.000000 0.000000
5149 0.000000 150.000000 0.000000
5150 0.000000 150.000000 0.000000
5151 0.000000 150.000000 0.000000
5152 0.000000 150.000000 0.000000
5153 0.000000 150.000000 0.000000
5154 0.000000 150.000000 0.000000
5155 0.000000 150.000000 0.000000
5156 0.000000 150.000000 0.000000
5157 0.000000 150.000000 0.000000
5158 0.000000 150.000000 0.000000
5159 0.000000 150.000000 0.000000
5160 0.000000 150.000000 0.000000
5161 75.000000 150.000000 0.000000
5162 150.000000 150.000000 0.000000
5163 225.000000 150.000000 0.000000
5164 300.000000 150.000000 0.000000
5165 375.000000 150.000000 0.000000
5166 -375.000000 225.000000 0.000000
5167 -300.000000 225.000000 0.000000
5168 -225.000000 225.000000 0.000000
5169 -150.000000 225.000000 0.000000
5170 -75.000000 225.000000 0.000000
5171 0.000000 225.000000 0.000000
5172 0.000000 225.000000 0.000000
5173 0.000000 225.000000 0.000000
5174 0.000000 225.000000 0.000000
5175 0.000000 225.000000 0.000000
5176 0.000000 225.000000 0.000000
5177 0.000000 225.000000 0.000000
5178 0.000000 225.000000 0.000000
5179 0.000000 225.000000 0.000000
5180 0.000000 225.000000 0.000000
5181 0.000000 225.000000 0.000000
5182 0.000000 225.000000 0.000000
5183 0.000000 225.000000 0.000000
5184 0.000000 225.000000 0.000000
5185 0.000000 225.000000 0.000000
5186 0.000000 225.000000 0.000000
5187 0.000000 225.000000 0.000000
5188 0.000000 225.000000 0.000000
5189 0.000000 225.000000 0.000000
5190 0.000000 225.000000 0.000000
5191 0.000000 225.000000 0.000000
5192 0.000000 225.000000 0.000000
5193 0.000000 225.000000 0.000000
5194 0.000000 225.000000 0.000000
5195 0.000000 225.000000 0.000000
5196 0.000000 225.000000 0.000000
5197 0.000000 225.000000 0.000000
5198 0.000000 225.000000 0.000000
5199 0.000000 225.000000 0.000000
5200 0.000000 225.000000 0.000000
5201 0.000000 225.000000 0.000000
5202 0.000000 225.000000 0.000000
5203 75.000000 225.000000 0.000000
5204 150.000000 225.000000 0.000000
5205 225.000000 225.000000 0.000000
5206 300.000000 225.000000 0.000000
5207 375.000000 225.000000 0.000000
5208 -375.000000 300.000000 0.000000
5209 -300.000000 300.000000 0.000000
5210 -225.000000 300.000000 0.000000
5211 -150.000000 300.000000 0.000000
5212 -75.000000 300.000000 0.000000
5213 0.000000 300.000000 0.000000
5214 0.000000 300.000000 0.000000
5215 0.000000 300.000000 0.000000
5216 0.000000 300.000000 0.000000
5217 0.000000 300.000000 0.000000
5218 0.000000 300.000000 0.000000
5219 0.000000 300.000000 0.000000
5220 0.000000 300.000000 0.000000
5221 0.000000 300.000000 0.000000
5222 0.000000 300.000000 0.000000
5223 0.000000 300.000000 0.000000
5224 0.000000 300.000000 0.000000
5225 0.000000 300.000000 0.000000
5226 0.000000 300.000000 0.000000
5227 0.000000 300.000000 0.000000
5228 0.000000 300.000000 0.000000
5229 0.000000 300.000000 0.000000
5230 0.000000 300.000000 0.000000
5231 0.000000 300.000000 0.000000
5232 0.000000 300.000000 0.000000
5233 0.000000 300.000000 0.000000
5234 0.000000 300.000000 0.000000
5235 0.000000 300.000000 0.000000
5236 0.000000 300.000000 0.000000
5237 0.000000 300.000000 0.000000
5238 0.000000 300.000000 0.000000
5239 0.000000 300.000000 0.000000
5240 0.000000 300.000000 0.000000
5241 0.000000 300.000000 0.000000
5242 0.000000 300.000000 0.000000
5243 0.000000 300.000000 0.000000
5244 0.000000 300.000000 0.000000
5245 75.000000 300.000000 0.000000
5246 150.000000 300.000000 0.000000
5247 225.000000 300.000000 0.000000
5248 300.000000 300.000000 0.000000
5249 375.000000 300.000000 0.000000
5250 -375.000000 375.000000 0.000000
5251 -300.000000 375.000000 0.000000
5252 -225.000000 375.000000 0.000000
5253 -150.000000 375.000000 0.000000
5254 -75.000000 375.000000 0.000000
5255 0.000000 375.000000 0.000000
5256 0.000000 375.000000 0.000000
5257 0.000000 375.000000 0.000000
5258 0.000000 375.000000 0.000000
5259 0.000000 375.000000 0.000000
5260 0.000000 375.000000 0.000000
5261 0.000000 375.000000 0.000000
5262 0.000000 375.000000 0.000000
5263 0.000000 375.000000 0.000000
5264 0.000000 375.000000 0.000000
5265 0.000000 375.000000 0.000000
5266 0.000000 375.000000 0.000000
5267 0.000000 375.000000 0.000000
5268 0.000000 375.000000 0.000000
5269 0.000000 375.000000 0.000000
5270 0.000000 375.000000 0.000000
5271 0.000000 375.000000 0.000000
5272 0.000000 375.000000 0.000000
5273 0.000000 375.000000 0.000000
5274 0.000000 375.000000 0.000000
5275 0.000000 375.000000 0.000000
5276 0.000000 375.000000 0.000000
5277 0.000000 375.000000 0.000000
5278 0.000000 375.000000 0.000000
5279 0.000000 375.000000 0.000000
5280 0.000000 375.000000 0.000000
5281 0.000000 375.000000 0.000000
5282 0.000000 375.000000 0.000000
5283 0.000000 375.000000 0.000000
5284 0.000000 375.000000 0.000000
5285 0.000000 375.000000 0.000000
5286 0.000000 375.000000 0.000000
5287 75.000000 375.000000 0.000000
5288 150.000000 375.000000 0.000000
5289 225.000000 375.000000 0.000000
5290 300.000000 375.000000 0.000000
5291 375.000000 375.000000 0.000000
5292 -375.000000 -375.000000 0.000000
5293 -300.000000 -375.000000 0.000000
5294 -225.000000 -375.000000 0.000000
5295 -150.000000 -375.000000 0.000000
5296 -75.000000 -375.000000 0.000000
5297 0.000000 -375.000000 0.000000
5298 0.000000 -375.000000 0.000000
5299 0.000000 -375.000000 0.000000
5300 0.000000 -375.000000 0.000000
5301 0.000000 -375.000000 0.000000
5302 0.000000 -375.000000 0.000000
5303 0.000000 -375.000000 0.000000
5304 0.000000 -375.000000 0.000000
5305 0.000000 -375.000000 0.000000
5306 0.000000 -375.000000 0.000000
5307 0.000000 -375.000000 0.000000
5308 0.000000 -375.000000 0.000000
5309 0.000000 -375.000000 0.000000
5310 0.000000 -375.000000 0.000000
5311 0.000000 -375.000000 0.000000
5312 0.000000 -375.000000 0.000000
5313 0.000000 -375.000000 0.000000
5314 0.000000 -375.000000 0.000000
5315 0.000000 -375.000000 0.000000
5316 0.000000 -375.000000 0.000000
5317 0.000000 -375.000000 0.000000
5318 0.000000 -375.000000 0.000000
5319 0.000000 -375.000000 0.000000
5320 0.000000 -375.000000 0.000000
5321 0.000000 -375.000000 0.000000
5322 0.000000 -375.000000 0.000000
5323 0.000000 -375.000000 0.000000
5324 0.000000 -375.000000 0.000000
5325 0.000000 -375.000000 0.000000
5326 0.000000 -375.000000 0.000000
5327 0.000000 -375.000000 0.000000
5328 0.000000 -375.000000 0.000000
5329 75.000000 -375.000000 0.000000
5330 150.000000 -375.000000 0.000000
5331 225.000000 -375.000000 0.000000
5332 300.000000 -375.000000 0.000000
5333 375.000000 -375.000000 0.000000
5334 -375.000000 -300.000000 0.000000
5335 -300.000000 -300.000000 0.000000
5336 -225.000000 -300.000000 0.000000
5337 -150.000000 -300.000000 0.000000
5338 -75.000000 -300.000000 0.000000
5339 0.000000 -300.000000 0.000000
5340 0.000000 -300.000000 0.000000
5341 0.000000 -300.000000 0.000000
5342 0.000000 -300.000000 0.000000
5343 0.000000 -300.000000 0.000000
5344 0.000000 -300.000000 0.000000
5345 0.000000 -300.000000 0.000000
5346 0.000000 -300.000000 0.000000
5347 0.000000 -300.000000 0.000000
5348 0.000000 -300.000000 0.000000
5349 0.000000 -300.000000 0.000000
5350 0.000000 -300.000000 0.000000
5351 0.000000 -300.000000 0.000000
5352 0.000000 -300.000000 0.000000
5353 0.000000 -300.000000 0.000000
5354 0.000000 -300.000000 0.000000
5355 0.000000 -300.000000 0.000000
5356 0.000000 -300.000000 0.000000
5357 0.000000 -300.000000 0.000000
5358 0.000000 -300.000000 0.000000
5359 0.000000 -300.000000 0.000000
5360 0.000000 -300.000000 0.000000
5361 0.000000 -300.000000 0.000000
5362 0.000000 -300.000000 0.000000
5363 0.000000 -300.000000 0.000000
5364 0.000000 -300.000000 0.000000
5365 0.000000 -300.000000 0.000000
5366 0.000000 -300.000000 0.000000
5367 0.000000 -300.000000 0.000000
5368 0.000000 -300.000000 0.000000
5369 0.000000 -300.000000 0.000000
5370 0.000000 -300.000000 0.000000
5371 75.000000 -300.000000 0.000000
5372 150.000000 -300.000000 0.000000
5373 225.000000 -300.000000 0.000000
5374 300.000000 -300.000000 0.000000
5375 375.000000 -300.000000 0.000000
5376 -375.000000 -225.000000 0.000000
5377 -300.000000 -225.000000 0.000000
5378 -225.000000 -225.000000 0.000000
5379 -150.000000 -225.000000 0.000000
5380 -75.000000 -225.000000 0.000000
5381 0.000000 -225.000000 0.000000
5382 0.000000 -225.000000 0.000000
5383 0.000000 -225.000000 0.000000
5384 0.000000 -225.000000 0.000000
5385 0.000000 -225.000000 0.000000
5386 0.000000 -225.000000 0.000000
5387 0.000000 -225.000000 0.000000
5388 0.000000 -225.000000 0.000000
5389 0.000000 -225.000000 0.000000
5390 0.000000 -225.000000 0.000000
5391 0.000000 -225.000000 0.000000
5392 0.000000 -225.000000 0.000000
5393 0.000000 -225.000000 0.000000
5394 0.000000 -225.000000 0.000000
5395 0.000000 -225.000000 0.000000
5396 0.000000 -225.000000 0.000000
5397 0.000000 -225.000000 0.000000
5398 0.000000 -225.000000 0.000000
5399 0.000000 -225.000000 0.000000
5400 0.000000 -225.000000 0.000000
5401 0.000000 -225.000000 0.000000
5402 0.000000 -225.000000 0.000000
5403 0.000000 -225.000000 0.000000
5404 0.000000 -225.000000 0.000000
5405 0.000000 -225.000000 0.000000
5406 0.000000 -225.000000 0.000000
5407 0.000000 -225.000000 0.000000
5408 0.000000 -225.000000 0.000000
5409 0.000000 -225.000000 0.000000
5410 0.000000 -225.000000 0.000000
5411 0.000000 -225.000000 0.000000
5412 0.000000 -225.000000 0.000000
5413 75.000000 -225.000000 0.000000
5414 150.000000 -225.000000 0.000000
5415 225.000000 -225.000000 0.000000
5416 300.000000 -225.000000 0.000000
5417 375.000000 -225.000000 0.000000
5418 -375.000000 -150.000000 0.000000
5419 -300.000000 -150.000000 0.000000
5420 -225.000000 -150.000000 0.000000
5421 -150.000000 -150.000000 0.000000
5422 -75.000000 -150.000000 0.000000
5423 0.000000 -150.000000 0.000000
5424 0.000000 -150.000000 0.000000
5425 0.000000 -150.000000 0.000000
5426 0.000000 -150.000000 0.000000
5427 0.000000 -150.000000 0.000000
5428 0.000000 -150.000000 0.000000
5429 0.000000 -150.000000 0.000000
5430 0.000000 -150.000000 0.000000
5431 0.000000 -150.000000 0.000000
5432 0.000000 -150.000000 0.000000
5433 0.000000 -150.000000 0.000000
5434 0.000000 -150.000000 0.000000
5435 0.000000 -150.000000 0.000000
5436 0.000000 -150.000000 0.000000
5437 0.000000 -150.000000 0.000000
5438 0.000000 -150.000000 0.000000
5439 0.000000 -150.000000 0.000000
5440 0.000000 -150.000000 0.000000
5441 0.000000 -150.000000 0.000000
5442 0.000000 -150.000000 0.000000
5443 0.000000 -150.000000 0.000000
5444 0.000000 -150.000000 0.000000
5445 0.000000 -150.000000 0.000000
5446 0.000000 -150.000000 0.000000
5447 0.000000 -150.000000 0.000000
5448 0.000000 -150.000000 0.000000
5449 0.000000 -150.000000 0.000000
5450 0.000000 -150.000000 0.000000
5451 0.000000 -150.000000 0.000000
5452 0.000000 -150.000000 0.000000
5453 0.000000 -150.000000 0.000000
5454 0.000000 -150.000000 0.000000
5455 75.000000 -150.000000 0.000000
5456 150.000000 -150.000000 0.000000
5457 225.000000 -150.000000 0.000000
5458 300.000000 -150.000000 0.000000
5459 375.000000 -150.000000 0.000000
5460 -375.000000 -75.000000 0.000000
5461 -300.000000 -75.000000 0.000000
5462 -225.000000 -75.000000 0.000000
5463 -150.000000 -75.000000 0.000000
5464 -75.000000 -75.000000 0.000000
5465 0.000000 -75.000000 0.000000
5466 0.000000 -75.000000 0.000000
5467 0.000000 -75.000000 0.000000
5468 0.000000 -75.000000 0.000000
5469 0.000000 -75.000000 0.000000
5470 0.000000 -75.000000 0.000000
5471 0.000000 -75.000000 0.000000
5472 0.000000 -75.000000 0.000000
5473 0.000000 -75.000000 0.000000
5474 0.000000 -75.000000 0.000000
5475 0.000000 -75.000000 0.000000
5476 0.000000 -75.000000 0.000000
5477 0.000000 -75.000000 0.000000
5478 0.000000 -75.000000 0.000000
5479 0.000000 -75.000000 0.000000
5480 0.000000 -75.000000 0.000000
5481 0.000000 -75.000000 0.000000
5482 0.000000 -75.000000 0.000000
5483 0.000000 -75.000000 0.000000
5484 0.000000 -75.000000 0.000000
5485 0.000000 -75.000000 0.000000
5486 0.000000 -75.000000 0.000000
5487 0.000000 -75.000000 0.000000
5488 0.000000 -75.000000 0.000000
5489 0.000000 -75.000000 0.000000
5490 0.000000 -75.000000 0.000000
5491 0.000000 -75.000000 0.000000
5492 0.000000 -75.000000 0.000000
5493 0.000000 -75.000000 0.000000
5494 0.000000 -75.000000 0.000000
5495 0.000000 -75.000000 0.000000
5496 0.000000 -75.000000 0.000000
5497 75.000000 -75.000000 0.000000
5498 150.000000 -75.000000 0.000000
5499 225.000000 -75.000000 0.000000
5500 300.000000 -75.000000 0.000000
5501 375.000000 -75.000000 0.000000
5502 -375.000000 0.000000 0.000000
5503 -300.000000 0.000000 0.000000
5504 -225.000000 0.000000 0.000000
5505 -150.000000 0.000000 0.000000
5506 -75.000000 0.000000 0.000000
5539 75.000000 0.000000 0.000000
5540 150.000000 0.000000 0.000000
5541 225.000000 0.000000 0.000000
5542 300.000000 0.000000 0.000000
5543 375.000000 0.000000 0.000000
5544 -375.000000 0.000000 0.000000
5545 -300.000000 0.000000 0.000000
5546 -225.000000 0.000000 0.000000
5547 -150.000000 0.000000 0.000000
5548 -75.000000 0.000000 0.000000
5581 75.000000 0.000000 0.000000
5582 150.000000 0.000000 0.000000
5583 225.000000 0.000000 0.000000
5584 300.000000 0.000000 0.000000
5585 375.000000 0.000000 0.000000
5586 -375.000000 0.000000 0.000000
5587 -300.000000 0.000000 0.000000
5588 -225.000000 0.000000 0.000000
5589 -150.000000 0.000000 0.000000
5590 -75.000000 0.000000 0.000000
5623 75.000000 0.000000 0.000000
5624 150.000000 0.000000 0.000000
5625 225.000000 0.000000 0.000000
5626 300.000000 0.000000 0.000000
5627 375.000000 0.000000 0.000000
5628 -375.000000 0.000000 0.000000
5629 -300.000000 0.000000 0.000000
5630 -225.000000 0.000000 0.000000
5631 -150.000000 0.000000 0.000000
5632 -75.000000 0.000000 0.000000
5665 75.000000 0.000000 0.000000
5666 150.000000 0.000000 0.000000
5667 225.000000 0.000000 0.000000
5668 300.000000 0.000000 0.000000
5669 375.000000 0.000000 0.000000
5670 -375.000000 0.000000 0.000000
5671 -300.000000 0.000000 0.000000
5672 -225.000000 0.000000 0.000000
5673 -150.000000 0.000000 0.000000
5674 -75.000000 0.000000 0.000000
5707 75.000000 0.000000 0.000000
5708 150.000000 0.000000 0.000000
5709 225.000000 0.000000 0.000000
5710 300.000000 0.000000 0.000000
5711 375.000000 0.000000 0.000000
5712 -375.000000 0.000000 0.000000
5713 -300.000000 0.000000 0.000000
5714 -225.000000 0.000000 0.000000
5715 -150.000000 0.000000 0.000000
5716 -75.000000 0.000000 0.000000
5749 75.000000 0.000000 0.000000
5750 150.000000 0.000000 0.000000
5751 225.000000 0.000000 0.000000
5752 300.000000 0.000000 0.000000
5753 375.000000 0.000000 0.000000
5754 -375.000000 0.000000 0.000000
5755 -300.000000 0.000000 0.000000
5756 -225.000000 0.000000 0.000000
5757 -150.000000 0.000000 0.000000
5758 -75.000000 0.000000 0.000000
5791 75.000000 0.000000 0.000000
5792 150.000000 0.000000 0.000000
5793 225.000000 0.000000 0.000000
5794 300.000000 0.000000 0.000000
5795 375.000000 0.000000 0.000000
5796 -375.000000 0.000000 0.000000
5797 -300.000000 0.000000 0.000000
5798 -225.000000 0.000000 0.000000
5799 -150.000000 0.000000 0.000000
5800 -75.000000 0.000000 0.000000
5833 75.000000 0.000000 0.000000
5834 150.000000 0.000000 0.000000
5835 225.000000 0.000000 0.000000
5836 300.000000 0.000000 0.000000
5837 375.000000 0.000000 0.000000
5838 -375.000000 0.000000 0.000000
5839 -300.000000 0.000000 0.000000
5840 -225.000000 0.000000 0.000000
5841 -150.000000 0.000000 0.000000
5842 -75.000000 0.000000 0.000000
5875 75.000000 0.000000 0.000000
5876 150.000000 0.000000 0.000000
5877 225.000000 0.000000 0.000000
5878 300.000000 0.000000 0.000000
5879 375.000000 0.000000 0.000000
5880 -375.000000 0.000000 0.000000
5881 -300.000000 0.000000 0.000000
5882 -225.000000 0.000000 0.000000
5883 -150.000000 0.000000 0.000000
5884 -75.000000 0.000000 0.000000
5917 75.000000 0.000000 0.000000
5918 150.000000 0.000000 0.000000
5919 225.000000 0.000000 0.000000
5920 300.000000 0.000000 0.000000
5921 375.000000 0.000000 0.000000
5922 -375.000000 0.000000 0.000000
5923 -300.000000 0.000000 0.000000
5924 -225.000000 0.000000 0.000000
5925 -150.000000 0.000000 0.000000
5926 -75.000000 0.000000 0.000000
5959 75.000000 0.000000 0.000000
5960 150.000000 0.000000 0.000000
5961 225.000000 0.000000 0.000000
5962 300.000000 0.000000 0.000000
5963 375.000000 0.000000 0.000000
5964 -375.000000 0.000000 0.000000
5965 -300.000000 0.000000 0.000000
5966 -225.000000 0.000000 0.000000
5967 -150.000000 0.000000 0.000000
5968 -75.000000 0.000000 0.000000
6001 75.000000 0.000000 0.000000
6002 150.000000 0.000000 0.000000
6003 225.000000 0.000000 0.000000
6004 300.000000 0.000000 0.000000
6005 375.000000 0.000000 0.000000
6006 -375.000000 0.000000 0.000000
6007 -300.000000 0.000000 0.000000
6008 -225.000000 0.000000 0.000000
6009 -150.000000 0.000000 0.000000
6010 -75.000000 0.000000 0.000000
6043 75.000000 0.000000 0.000000
6044 150.000000 0.000000 0.000000
6045 225.000000 0.000000 0.000000
6046 300.000000 0.000000 0.000000
6047 375.000000 0.000000 0.000000
6048 -375.000000 0.000000 0.000000
6049 -300.000000 0.000000 0.000000
6050 -225.000000 0.000000 0.000000
6051 -150.000000 0.000000 0.000000
6052 -75.000000 0.000000 0.000000
6085 75.000000 0.000000 0.000000
6086 150.000000 0.000000 0.000000
6087 225.000000 0.000000 0.000000
6088 300.000000 0.000000 0.000000
6089 375.000000 0.000000 0.000000
6090 -375.000000 0.000000 0.000000
6091 -300.000000 0.000000 0.000000
6092 -225.000000 0.000000 0.000000
6093 -150.000000 0.000000 0.000000
6094 -75.000000 0.000000 0.000000
6127 75.000000 0.000000 0.000000
6128 150.000000 0.000000 0.000000
6129 225.000000 0.000000 0.000000
6130 300.000000 0.000000 0.000000
6131 375.000000 0.000000 0.000000
6132 -375.000000 0.000000 0.000000
6133 -300.000000 0.000000 0.000000
6134 -225.000000 0.000000 0.000000
6135 -150.000000 0.000000 0.000000
6136 -75.000000 0.000000 0.000000
6169 75.000000 0.000000 0.000000
6170 150.000000 0.000000 0.000000
6171 225.000000 0.000000 0.000000
6172 300.000000 0.000000 0.000000
6173 375.000000 0.000000 0.000000
6174 -375.000000 0.000000 0.000000
6175 -300.000000 0.000000 0.000000
6176 -225.000000 0.000000 0.000000
6177 -150.000000 0.000000 0.000000
6178 -75.000000 0.000000 0.000000
6211 75.000000 0.000000 0.000000
6212 150.000000 0.000000 0.000000
6213 225.000000 0.000000 0.000000
6214 300.000000 0.000000 0.000000
6215 375.000000 0.000000 0.000000
6216 -375.000000 0.000000 0.000000
6217 -300.000000 0.000000 0.000000
6218 -225.000000 0.000000 0.000000
6219 -150.000000 0.000000 0.000000
6220 -75.000000 0.000000 0.000000
6253 75.000000 0.000000 0.000000
6254 150.000000 0.000000 0.000000
6255 225.000000 0.000000 0.000000
6256 300.000000 0.000000 0.000000
6257 375.000000 0.000000 0.000000
6258 -375.000000 0.000000 0.000000
6259 -300.000000 0.000000 0.000000
6260 -225.000000 0.000000 0.000000
6261 -150.000000 0.000000 0.000000
6262 -75.000000 0.000000 0.000000
6295 75.000000 0.000000 0.000000
6296 150.000000 0.000000 0.000000
6297 225.000000 0.000000 0.000000
6298 300.000000 0.000000 0.000000
6299 375.000000 0.000000 0.000000
6300 -375.000000 0.000000 0.000000
6301 -300.000000 0.000000 0.000000
6302 -225.000000 0.000000 0.000000
6303 -150.000000 0.000000 0.000000
6304 -75.000000 0.000000 0.000000
6337 75.000000 0.000000 0.000000
6338 150.000000 0.000000 0.000000
6339 225.000000 0.000000 0.000000
6340 300.000000 0.000000 0.000000
6341 375.000000 0.000000 0.000000
6342 -375.000000 0.000000 0.000000
6343 -300.000000 0.000000 0.000000
6344 -225.000000 0.000000 0.000000
6345 -150.000000 0.000000 0.000000
6346 -75.000000 0.000000 0.000000
6379 75.000000 0.000000 0.000000
6380 150.000000 0.000000 0.000000
6381 225.000000 0.000000 0.000000
6382 300.000000 0.000000 0.000000
6383 375.000000 0.000000 0.000000
6384 -375.000000 0.000000 0.000000
6385 -300.000000 0.000000 0.000000
6386 -225.000000 0.000000 0.000000
6387 -150.000000 0.000000 0.000000
6388 -75.000000 0.000000 0.000000
6421 75.000000 0.000000 0.000000
6422 150.000000 0.000000 0.000000
6423 225.000000 0.000000 0.000000
6424 300.000000 0.000000 0.000000
6425 375.000000 0.000000 0.000000
6426 -375.000000 0.000000 0.000000
6427 -300.000000 0.000000 0.000000
6428 -225.000000 0.000000 0.000000
6429 -150.000000 0.000000 0.000000
6430 -75.000000 0.000000 0.000000
6463 75.000000 0.000000 0.000000
6464 150.000000 0.000000 0.000000
6465 225.000000 0.000000 0.000000
6466 300.000000 0.000000 0.000000
6467 375.000000 0.000000 0.000000
6468 -375.000000 0.000000 0.000000
6469 -300.000000 0.000000 0.000000
6470 -225.000000 0.000000 0.000000
6471 -150.000000 0.000000 0.000000
6472 -75.000000 0.000000 0.000000
6505 75.000000 0.000000 0.000000
6506 150.000000 0.000000 0.000000
6507 225.000000 0.000000 0.000000
6508 300.000000 0.000000 0.000000
6509 375.000000 0.000000 0.000000
6510 -375.000000 0.000000 0.000000
6511 -300.000000 0.000000 0.000000
6512 -225.000000 0.000000 0.000000
6513 -150.000000 0.000000 0.000000
6514 -75.000000 0.000000 0.000000
6547 75.000000 0.000000 0.000000
6548 150.000000 0.000000 0.000000
6549 225.000000 0.000000 0.000000
6550 300.000000 0.000000 0.000000
6551 375.000000 0.000000 0.000000
6552 -375.000000 0.000000 0.000000
6553 -300.000000 0.000000 0.000000
6554 -225.000000 0.000000 0.000000
6555 -150.000000 0.000000 0.000000
6556 -75.000000 0.000000 0.000000
6589 75.000000 0.000000 0.000000
6590 150.000000 0.000000 0.000000
6591 225.000000 0.000000 0.000000
6592 300.000000 0.000000 0.000000
6593 375.000000 0.000000 0.000000
6594 -375.000000 0.000000 0.000000
6595 -300.000000 0.000000 0.000000
6596 -225.000000 0.000000 0.000000
6597 -150.000000 0.000000 0.000000
6598 -75.000000 0.000000 0.000000
6631 75.000000 0.000000 0.000000
6632 150.000000 0.000000 0.000000
6633 225.000000 0.000000 0.000000
6634 300.000000 0.000000 0.000000
6635 375.000000 0.000000 0.000000
6636 -375.000000 0.000000 0.000000
6637 -300.000000 0.000000 0.000000
6638 -225.000000 0.000000 0.000000
6639 -150.000000 0.000000 0.000000
6640 -75.000000 0.000000 0.000000
6673 75.000000 0.000000 0.000000
6674 150.000000 0.000000 0.000000
6675 225.000000 0.000000 0.000000
6676 300.000000 0.000000 0.000000
6677 375.000000 0.000000 0.000000
6678 -375.000000 0.000000 0.000000
6679 -300.000000 0.000000 0.000000
6680 -225.000000 0.000000 0.000000
6681 -150.000000 0.000000 0.000000
6682 -75.000000 0.000000 0.000000
6715 75.000000 0.000000 0.000000
6716 150.000000 0.000000 0.000000
6717 225.000000 0.000000 0.000000
6718 300.000000 0.000000 0.000000
6719 375.000000 0.000000 0.000000
6720 -375.000000 0.000000 0.000000
6721 -300.000000 0.000000 0.000000
6722 -225.000000 0.000000 0.000000
6723 -150.000000 0.000000 0.000000
6724 -75.000000 0.000000 0.000000
6757 75.000000 0.000000 0.000000
6758 150.000000 0.000000 0.000000
6759 225.000000 0.000000 0.000000
6760 300.000000 0.000000 0.000000
6761 375.000000 0.000000 0.000000
6762 -375.000000 0.000000 0.000000
6763 -300.000000 0.000000 0.000000
6764 -225.000000 0.000000 0.000000
6765 -150.000000 0.000000 0.000000
6766 -75.000000 0.000000 0.000000
6799 75.000000 0.000000 0.000000
6800 150.000000 0.000000 0.000000
6801 225.000000 0.000000 0.000000
6802 300.000000 0.000000 0.000000
6803 375.000000 0.000000 0.000000
6804 -375.000000 0.000000 0.000000
6805 -300.000000 0.000000 0.000000
6806 -225.000000 0.000000 0.000000
6807 -150.000000 0.000000 0.000000
6808 -75.000000 0.000000 0.000000
6841 75.000000 0.000000 0.000000
6842 150.000000 0.000000 0.000000
6843 225.000000 0.000000 0.000000
6844 300.000000 0.000000 0.000000
6845 375.000000 0.000000 0.000000
6846 -375.000000 75.000000 0.000000
6847 -300.000000 75.000000 0.000000
6848 -225.000000 75.000000 0.000000
6849 -150.000000 75.000000 0.000000
6850 -75.000000 75.000000 0.000000
6851 0.000000 75.000000 0.000000
6852 0.000000 75.000000 0.000000
6853 0.000000 75.000000 0.000000
6854 0.000000 75.000000 0.000000
6855 0.000000 75.000000 0.000000
6856 0.000000 75.000000 0.000000
6857 0.000000 75.000000 0.000000
6858 0.000000 75.000000 0.000000
6859 0.000000 75.000000 0.000000
6860 0.000000 75.000000 0.000000
6861 0.000000 75.000000 0.000000
6862 0.000000 75.000000 0.000000
6863 0.000000 75.000000 0.000000
6864 0.000000 75.000000 0.000000
6865 0.000000 75.000000 0.000000
6866 0.000000 75.000000 0.000000
6867 0.000000 75.000000 0.000000
6868 0.000000 75.000000 0.000000
6869 0.000000 75.000000 0.000000
6870 0.000000 75.000000 0.000000
6871 0.000000 75.000000 0.000000
6872 0.000000 75.000000 0.000000
6873 0.000000 75.000000 0.000000
6874 0.000000 75.000000 0.000000
6875 0.000000 75.000000 0.000000
6876 0.000000 75.000000 0.000000
6877 0.000000 75.000000 0.000000
6878 0.000000 75.000000 0.000000
6879 0.000000 75.000000 0.000000
6880 0.000000 75.000000 0.000000
6881 0.000000 75.000000 0.000000
6882 0.000000 75.000000 0.000000
6883 75.000000 75.000000 0.000000
6884 150.000000 75.000000 0.000000
6885 225.000000 75.000000 0.000000
6886 300.000000 75.000000 0.000000
6887 375.000000 75.000000 0.000000
6888 -375.000000 150.000000 0.000000
6889 -300.000000 150.000000 0.000000
6890 -225.000000 150.000000 0.000000
6891 -150.000000 150.000000 0.000000
6892 -75.000000 150.000000 0.000000
6893 0.000000 150.000000 0.000000
6894 0.000000 150.000000 0.000000
6895 0.000000 150.000000 0.000000
6896 0.000000 150.000000 0.000000
6897 0.000000 150.000000 0.000000
6898 0.000000 150.000000 0.000000
6899 0.000000 150.000000 0.000000
6900 0.000000 150.000000 0.000000
6901 0.000000 150.000000 0.000000
6902 0.000000 150.000000 0.000000
6903 0.000000 150.000000 0.000000
6904 0.000000 150.000000 0.000000
6905 0.000000 150.000000 0.000000
6906 0.000000 150.000000 0.000000
6907 0.000000 150.000000 0.000000
6908 0.000000 150.000000 0.000000
6909 0.000000 150.000000 0.000000
6910 0.000000 150.000000 0.000000
6911 0.000000 150.000000 0.000000
6912 0.000000 150.000000 0.000000
6913 0.000000 150.000000 0.000000
6914 0.000000 150.000000 0.000000
6915 0.000000 150.000000 0.000000
6916 0.000000 150.000000 0.000000
6917 0.000000 150.000000 0.000000
6918 0.000000 150.000000 0.000000
6919 0.000000 150.000000 0.000000
6920 0.000000 150.000000 0.000000
6921 0.000000 150.000000 0.000000
6922 0.000000 150.000000 0.000000
6923 0.000000 150.000000 0.000000
6924 0.000000 150.000000 0.000000
6925 75.000000 150.000000 0.000000
6926 150.000000 150.000000 0.000000
6927 225.000000 150.000000 0.000000
6928 300.000000 150.000000 0.000000
6929 375.000000 150.000000 0.000000
6930 -375.000000 225.000000 0.000000
6931 -300.000000 225.000000 0.000000
6932 -225.000000 225.000000 0.000000
6933 -150.000000 225.000000 0.000000
6934 -75.000000 225.000000 0.000000
6935 0.000000 225.000000 0.000000
6936 0.000000 225.000000 0.000000
6937 0.000000 225.000000 0.000000
6938 0.000000 225.000000 0.000000
6939 0.000000 225.000000 0.000000
6940 0.000000 225.000000 0.000000
6941 0.000000 225.000000 0.000000
6942 0.000000 225.000000 0.000000
6943 0.000000 225.000000 0.000000
6944 0.000000 225.000000 0.000000
6945 0.000000 225.000000 0.000000
6946 0.000000 225.000000 0.000000
6947 0.000000 225.000000 0.000000
6948 0.000000 225.000000 0.000000
6949 0.000000 225.000000 0.000000
6950 0.000000 225.000000 0.000000
6951 0.000000 225.000000 0.000000
6952 0.000000 225.000000 0.000000
6953 0.000000 225.000000 0.000000
6954 0.000000 225.000000 0.000000
6955 0.000000 225.000000 0.000000
6956 0.000000 225.000000 0.000000
6957 0.000000 225.000000 0.000000
6958 0.000000 225.000000 0.000000
6959 0.000000 225.000000 0.000000
6960 0.000000 225.000000 0.000000
6961 0.000000 225.000000 0.000000
6962 0.000000 225.000000 0.000000
6963 0.000000 225.000000 0.000000
6964 0.000000 225.000000 0.000000
6965 0.000000 225.000000 0.000000
6966 0.000000 225.000000 0.000000
6967 75.000000 225.000000 0.000000
6968 150.000000 225.000000 0.000000
6969 225.000000 225.000000 0.000000
6970 300.000000 225.000000 0.000000
6971 375.000000 225.000000 0.000000
6972 -375.000000 300.000000 0.000000
6973 -300.000000 300.000000 0.000000
6974 -225.000000 300.000000 0.000000
6975 -150.000000 300.000000 0.000000
6976 -75.000000 300.000000 0.000000
6977 0.000000 300.000000 0.000000
6978 0.000000 300.000000 0.000000
6979 0.000000 300.000000 0.000000
6980 0.000000 300.000000 0.000000
6981 0.000000 300.000000 0.000000
6982 0.000000 300.000000 0.000000
6983 0.000000 300.000000 0.000000
6984 0.000000 300.000000 0.000000
6985 0.000000 300.000000 0.000000
6986 0.000000 300.000000 0.000000
6987 0.000000 300.000000 0.000000
6988 0.000000 300.000000 0.000000
6989 0.000000 300.000000 0.000000
6990 0.000000 300.000000 0.000000
6991 0.000000 300.000000 0.000000
6992 0.000000 300.000000 0.000000
6993 0.000000 300.000000 0.000000
6994 0.000000 300.000000 0.000000
6995 0.000000 300.000000 0.000000
6996 0.000000 300.000000 0.000000
6997 0.000000 300.000000 0.000000
6998 0.000000 300.000000 0.000000
6999 0.000000 300.000000 0.000000
7000 0.000000 300.000000 0.000000
7001 0.000000 300.000000 0.000000
7002 0.000000 300.000000 0.000000
7003 0.000000 300.000000 0.000000
7004 0.000000 300.000000 0.000000
7005 0.000000 300.000000 0.000000
7006 0.000000 300.000000 0.000000
7007 0.000000 300.000000 0.000000
7008 0.000000 300.000000 0.000000
7009 75.000000 300.000000 0.000000
7010 150.000000 300.000000 0.000000
7011 225.000000 300.000000 0.000000
7012 300.000000 300.000000 0.000000
7013 375.000000 300.000000 0.000000
7014 -375.000000 375.000000 0.000000
7015 -300.000000 375.000000 0.000000
7016 -225.000000 375.000000 0.000000
7017 -150.000000 375.000000 0.000000
7018 -75.000000 375.000000 0.000000
7019 0.000000 375.000000 0.000000
7020 0.000000 375.000000 0.000000
7021 0.000000 375.000000 0.000000
7022 0.000000 375.000000 0.000000
7023 0.000000 375.000000 0.000000
7024 0.000000 375.000000 0.000000
7025 0.000000 375.000000 0.000000
7026 0.000000 375.000000 0.000000
7027 0.000000 375.000000 0.000000
7028 0.000000 375.000000 0.000000
7029 0.000000 375.000000 0.000000
7030 0.000000 375.000000 0.000000
7031 0.000000 375.000000 0.000000
7032 0.000000 375.000000 0.000000
7033 0.000000 375.000000 0.000000
7034 0.000000 375.000000 0.000000
7035 0.000000 375.000000 0.000000
7036 0.000000 375.000000 0.000000
7037 0.000000 375.000000 0.000000
7038 0.000000 375.000000 0.000000
7039 0.000000 375.000000 0.000000
7040 0.000000 375.000000 0.000000
7041 0.000000 375.000000 0.000000
7042 0.000000 375.000000 0.000000
7043 0.000000 375.000000 0.000000
7044 0.000000 375.000000 0.000000
7045 0.000000 375.000000 0.000000
7046 0.000000 375.000000 0.000000
7047 0.000000 375.000000 0.000000
7048 0.000000 375.000000 0.000000
7049 0.000000 375.000000 0.000000
7050 0.000000 375.000000 0.000000
7051 75.000000 375.000000 0.000000
7052 150.000000 375.000000 0.000000
7053 225.000000 375.000000 0.000000
7054 300.000000 375.000000 0.000000
7055 375.000000 375.000000 0.000000
7056 -375.000000 -375.000000 0.000000
7057 -300.000000 -375.000000 0.000000
7058 -225.000000 -375.000000 0.000000
7059 -150.000000 -375.000000 0.000000
7060 -75.000000 -375.000000 0.000000
7061 0.000000 -375.000000 0.000000
7062 0.000000 -375.000000 0.000000
7063 0.000000 -375.000000 0.000000
7064 0.000000 -375.000000 0.000000
7065 0.000000 -375.000000 0.000000
7066 0.000000 -375.000000 0.000000
7067 0.000000 -375.000000 0.000000
7068 0.000000 -375.000000 0.000000
7069 0.000000 -375.000000 0.000000
7070 0.000000 -375.000000 0.000000
7071 0.000000 -375.000000 0.000000
7072 0.000000 -375.000000 0.000000
7073 0.000000 -375.000000 0.000000
7074 0.000000 -375.000000 0.000000
7075 0.000000 -375.000000 0.000000
7076 0.000000 -375.000000 0.000000
7077 0.000000 -375.000000 0.000000
7078 0.000000 -375.000000 0.000000
7079 0.000000 -375.000000 0.000000
7080 0.000000 -375.000000 0.000000
7081 0.000000 -375.000000 0.000000
7082 0.000000 -375.000000 0.000000
7083 0.000000 -375.000000 0.000000
7084 0.000000 -375.000000 0.000000
7085 0.000000 -375.000000 0.000000
7086 0.000000 -375.000000 0.000000
7087 0.000000 -375.000000 0.000000
7088 0.000000 -375.000000 0.000000
7089 0.000000 -375.000000 0.000000
7090 0.000000 -375.000000 0.000000
7091 0.000000 -375.000000 0.000000
7092 0.000000 -375.000000 0.000000
7093 75.000000 -375.000000 0.000000
7094 150.000000 -375.000000 0.000000
7095 225.000000 -375.000000 0.000000
7096 300.000000 -375.000000 0.000000
7097 375.000000 -375.000000 0.000000
7098 -375.000000 -300.000000 0.000000
7099 -300.000000 -300.000000 0.000000
7100 -225.000000 -300.000000 0.000000
7101 -150.000000 -300.000000 0.000000
7102 -75.000000 -300.000000 0.000000
7103 0.000000 -300.000000 0.000000
7104 0.000000 -300.000000 0.000000
7105 0.000000 -300.000000 0.000000
7106 0.000000 -300.000000 0.000000
7107 0.000000 -300.000000 0.000000
7108 0.000000 -300.000000 0.000000
7109 0.000000 -300.000000 0.000000
7110 0.000000 -300.000000 0.000000
7111 0.000000 -300.000000 0.000000
7112 0.000000 -300.000000 0.000000
7113 0.000000 -300.000000 0.000000
7114 0.000000 -300.000000 0.000000
7115 0.000000 -300.000000 0.000000
7116 0.000000 -300.000000 0.000000
7117 0.000000 -300.000000 0.000000
7118 0.000000 -300.000000 0.000000
7119 0.000000 -300.000000 0.000000
7120 0.000000 -300.000000 0.000000
7121 0.000000 -300.000000 0.000000
7122 0.000000 -300.000000 0.000000
7123 0.000000 -300.000000 0.000000
7124 0.000000 -300.000000 0.000000
7125 0.000000 -300.000000 0.000000
7126 0.000000 -300.000000 0.000000
7127 0.000000 -300.000000 0.000000
7128 0.000000 -300.000000 0.000000
7129 0.000000 -300.000000 0.000000
7130 0.000000 -300.000000 0.000000
7131 0.000000 -300.000000 0.000000
7132 0.000000 -300.000000 0.000000
7133 0.000000 -300.000000 0.000000
7134 0.000000 -300.000000 0.000000
7135 75.000000 -300.000000 0.000000
7136 150.000000 -300.000000 0.000000
7137 225.000000 -300.000000 0.000000
7138 300.000000 -300.000000 0.000000
7139 375.000000 -300.000000 0.000000
7140 -375.000000 -225.000000 0.000000
7141 -300.000000 -225.000000 0.000000
7142 -225.000000 -225.000000 0.000000
7143 -150.000000 -225.000000 0.000000
7144 -75.000000 -225.000000 0.000000
7145 0.000000 -225.000000 0.000000
7146 0.000000 -225.000000 0.000000
7147 0.000000 -225.000000 0.000000
7148 0.000000 -225.000000 0.000000
7149 0.000000 -225.000000 0.000000
7150 0.000000 -225.000000 0.000000
7151 0.000000 -225.000000 0.000000
7152 0.000000 -225.000000 0.000000
7153 0.000000 -225.000000 0.000000
7154 0.000000 -225.000000 0.000000
7155 0.000000 -225.000000 0.000000
7156 0.000000 -225.000000 0.000000
7157 0.000000 -225.000000 0.000000
7158 0.000000 -225.000000 0.000000
7159 0.000000 -225.000000 0.000000
7160 0.000000 -225.000000 0.000000
7161 0.000000 -225.000000 0.000000
7162 0.000000 -225.000000 0.000000
7163 0.000000 -225.000000 0.000000
7164 0.000000 -225.000000 0.000000
7165 0.000000 -225.000000 0.000000
7166 0.000000 -225.000000 0.000000
7167 0.000000 -225.000000 0.000000
7168 0.000000 -225.000000 0.000000
7169 0.000000 -225.000000 0.000000
7170 0.000000 -225.000000 0.000000
7171 0.000000 -225.000000 0.000000
7172 0.000000 -225.000000 0.000000
7173 0.000000 -225.000000 0.000000
7174 0.000000 -225.000000 0.000000
7175 0.000000 -225.000000 0.000000
7176 0.000000 -225.000000 0.000000
7177 75.000000 -225.000000 0.000000
7178 150.000000 -225.000000 0.000000
7179 225.000000 -225.000000 0.000000
7180 300.000000 -225.000000 0.000000
7181 375.000000 -225.000000 0.000000
7182 -375.000000 -150.000000 0.000000
7183 -300.000000 -150.000000 0.000000
7184 -225.000000 -150.000000 0.000000
7185 -150.000000 -150.000000 0.000000
7186 -75.000000 -150.000000 0.000000
7187 0.000000 -150.000000 0.000000
7188 0.000000 -150.000000 0.000000
7189 0.000000 -150.000000 0.000000
7190 0.000000 -150.000000 0.000000
7191 0.000000 -150.000000 0.000000
7192 0.000000 -150.000000 0.000000
7193 0.000000 -150.000000 0.000000
7194 0.000000 -150.000000 0.000000
7195 0.000000 -150.000000 0.000000
7196 0.000000 -150.000000 0.000000
7197 0.000000 -150.000000 0.000000
7198 0.000000 -150.000000 0.000000
7199 0.000000 -150.000000 0.000000
7200 0.000000 -150.000000 0.000000
7201 0.000000 -150.000000 0.000000
7202 0.000000 -150.000000 0.000000
7203 0.000000 -150.000000 0.000000
7204 0.000000 -150.000000 0.000000
7205 0.000000 -150.000000 0.000000
7206 0.000000 -150.000000 0.000000
7207 0.000000 -150.000000 0.000000
7208 0.000000 -150.000000 0.000000
7209 0.000000 -150.000000 0.000000
7210 0.000000 -150.000000 0.000000
7211 0.000000 -150.000000 0.000000
7212 0.000000 -150.000000 0.000000
7213 0.000000 -150.000000 0.000000
7214 0.000000 -150.000000 0.000000
7215 0.000000 -150.000000 0.000000
7216 0.000000 -150.000000 0.000000
7217 0.000000 -150.000000 0.000000
7218 0.000000 -150.000000 0.000000
7219 75.000000 -150.000000 0.000000
7220 150.000000 -150.000000 0.000000
7221 225.000000 -150.000000 0.000000
7222 300.000000 -150.000000 0.000000
7223 375.000000 -150.000000 0.000000
7224 -375.000000 -75.000000 0.000000
7225 -300.000000 -75.000000 0.000000
7226 -225.000000 -75.000000 0.000000
7227 -150.000000 -75.000000 0.000000
7228 -75.000000 -75.000000 0.000000
7229 0.000000 -75.000000 0.000000
7230 0.000000 -75.000000 0.000000
7231 0.000000 -75.000000 0.000000
7232 0.000000 -75.000000 0.000000
7233 0.000000 -75.000000 0.000000
7234 0.000000 -75.000000 0.000000
7235 0.000000 -75.000000 0.000000
7236 0.000000 -75.000000 0.000000
7237 0.000000 -75.000000 0.000000
7238 0.000000 -75.000000 0.000000
7239 0.000000 -75.000000 0.000000
7240 0.000000 -75.000000 0.000000
7241 0.000000 -75.000000 0.000000
7242 0.000000 -75.000000 0.000000
7243 0.000000 -75.000000 0.000000
7244 0.000000 -75.000000 0.000000
7245 0.000000 -75.000000 0.000000
7246 0.000000 -75.000000 0.000000
7247 0.000000 -75.000000 0.000000
7248 0.000000 -75.000000 0.000000
7249 0.000000 -75.000000 0.000000
7250 0.000000 -75.000000 0.000000
7251 0.000000 -75.000000 0.000000
7252 0.000000 -75.000000 0.000000
7253 0.000000 -75.000000 0.000000
7254 0.000000 -75.000000 0.000000
7255 0.000000 -75.000000 0.000000
7256 0.000000 -75.000000 0.000000
7257 0.000000 -75.000000 0.000000
7258 0.000000 -75.000000 0.000000
7259 0.000000 -75.000000 0.000000
7260 0.000000 -75.000000 0.000000
7261 75.000000 -75.000000 0.000000
7262 150.000000 -75.000000 0.000000
7263 225.000000 -75.000000 0.000000
7264 300.000000 -75.000000 0.000000
7265 375.000000 -75.000000 0.000000
7266 -375.000000 0.000000 0.000000
7267 -300.000000 0.000000 0.000000
7268 -225.000000 0.000000 0.000000
7269 -150.000000 0.000000 0.000000
7270 -75.000000 0.000000 0.000000
7303 75.000000 0.000000 0.000000
7304 150.000000 0.000000 0.000000
7305 225.000000 0.000000 0.000000
7306 300.000000 0.000000 0.000000
7307 375.000000 0.000000 0.000000
7308 -375.000000 0.000000 0.000000
7309 -300.000000 0.000000 0.000000
7310 -225.000000 0.000000 0.000000
7311 -150.000000 0.000000 0.000000
7312 -75.000000 0.000000 0.000000
7345 75.000000 0.000000 0.000000
7346 150.000000 0.000000 0.000000
7347 225.000000 0.000000 0.000000
7348 300.000000 0.000000 0.000000
7349 375.000000 0.000000 0.000000
7350 -375.000000 0.000000 0.000000
7351 -300.000000 0.000000 0.000000
7352 -225.000000 0.000000 0.000000
7353 -150.000000 0.000000 0.000000
7354 -75.000000 0.000000 0.000000
7387 75.000000 0.000000 0.000000
7388 150.000000 0.000000 0.000000
7389 225.000000 0.000000 0.000000
7390 300.000000 0.000000 0.000000
7391 375.000000 0.000000 0.000000
7392 -375.000000 0.000000 0.000000
7393 -300.000000 0.000000 0.000000
7394 -225.000000 0.000000 0.000000
7395 -150.000000 0.000000 0.000000
7396 -75.000000 0.000000 0.000000
7429 75.000000 0.000000 0.000000
7430 150.000000 0.000000 0.000000
7431 225.000000 0.000000 0.000000
7432 300.000000 0.000000 0.000000
7433 375.000000 0.000000 0.000000
7434 -375.000000 0.000000 0.000000
7435 -300.000000 0.000000 0.000000
7436 -225.000000 0.000000 0.000000
7437 -150.000000 0.000000 0.000000
7438 -75.000000 0.000000 0.000000
7471 75.000000 0.000000 0.000000
7472 150.000000 0.000000 0.000000
7473 225.000000 0.000000 0.000000
7474 300.000000 0.000000 0.000000
7475 375.000000 0.000000 0.000000
7476 -375.000000 0.000000 0.000000
7477 -300.000000 0.000000 0.000000
7478 -225.000000 0.000000 0.000000
7479 -150.000000 0.000000 0.000000
7480 -75.000000 0.000000 0.000000
7513 75.000000 0.000000 0.000000
7514 150.000000 0.000000 0.000000
7515 225.000000 0.000000 0.000000
7516 300.000000 0.000000 0.000000
7517 375.000000 0.000000 0.000000
7518 -375.000000 0.000000 0.000000
7519 -300.000000 0.000000 0.000000
7520 -225.000000 0.000000 0.000000
7521 -150.000000 0.000000 0.000000
7522 -75.000000 0.000000 0.000000
7555 75.000000 0.000000 0.000000
7556 150.000000 0.000000 0.000000
7557 225.000000 0.000000 0.000000
7558 300.000000 0.000000 0.000000
7559 375.000000 0.000000 0.000000
7560 -375.000000 0.000000 0.000000
7561 -300.000000 0.000000 0.000000
7562 -225.000000 0.000000 0.000000
7563 -150.000000 0.000000 0.000000
7564 -75.000000 0.000000 0.000000
7597 75.000000 0.000000 0.000000
7598 150.000000 0.000000 0.000000
7599 225.000000 0.000000 0.000000
7600 300.000000 0.000000 0.000000
7601 375.000000 0.000000 0.000000
7602 -375.000000 0.000000 0.000000
7603 -300.000000 0.000000 0.000000
7604 -225.000000 0.000000 0.000000
7605 -150.000000 0.000000 0.000000
7606 -75.000000 0.000000 0.000000
7639 75.000000 0.000000 0.000000
7640 150.000000 0.000000 0.000000
7641 225.000000 0.000000 0.000000
7642 300.000000 0.000000 0.000000
7643 375.000000 0.000000 0.000000
7644 -375.000000 0.000000 0.000000
7645 -300.000000 0.000000 0.000000
7646 -225.000000 0.000000 0.000000
7647 -150.000000 0.000000 0.000000
7648 -75.000000 0.000000 0.000000
7681 75.000000 0.000000 0.000000
7682 150.000000 0.000000 0.000000
7683 225.000000 0.000000 0.000000
7684 300.000000 0.000000 0.000000
7685 375.000000 0.000000 0.000000
7686 -375.000000 0.000000 0.000000
7687 -300.000000 0.000000 0.000000
7688 -225.000000 0.000000 0.000000
7689 -150.000000 0.000000 0.000000
7690 -75.000000 0.000000 0.000000
7723 75.000000 0.000000 0.000000
7724 150.000000 0.000000 0.000000
7725 225.000000 0.000000 0.000000
7726 300.000000 0.000000 0.000000
7727 375.000000 0.000000 0.000000
7728 -375.000000 0.000000 0.000000
7729 -300.000000 0.000000 0.000000
7730 -225.000000 0.000000 0.000000
7731 -150.000000 0.000000 0.000000
7732 -75.000000 0.000000 0.000000
7765 75.000000 0.000000 0.000000
7766 150.000000 0.000000 0.000000
7767 225.000000 0.000000 0.000000
7768 300.000000 0.000000 0.000000
7769 375.000000 0.000000 0.000000
7770 -375.000000 0.000000 0.000000
7771 -300.000000 0.000000 0.000000
7772 -225.000000 0.000000 0.000000
7773 -150.000000 0.000000 0.000000
7774 -75.000000 0.000000 0.000000
7807 75.000000 0.000000 0.000000
7808 150.000000 0.000000 0.000000
7809 225.000000 0.000000 0.000000
7810 300.000000 0.000000 0.000000
7811 375.000000 0.000000 0.000000
7812 -375.000000 0.000000 0.000000
7813 -300.000000 0.000000 0.000000
7814 -225.000000 0.000000 0.000000
7815 -150.000000 0.000000 0.000000
7816 -75.000000 0.000000 0.000000
7849 75.000000 0.000000 0.000000
7850 150.000000 0.000000 0.000000
7851 225.000000 0.000000 0.000000
7852 300.000000 0.000000 0.000000
7853 375.000000 0.000000 0.000000
7854 -375.000000 0.000000 0.000000
7855 -300.000000 0.000000 0.000000
7856 -225.000000 0.000000 0.000000
7857 -150.000000 0.000000 0.000000
7858 -75.000000 0.000000 0.000000
7891 75.000000 0.000000 0.000000
7892 150.000000 0.000000 0.000000
7893 225.000000 0.000000 0.000000
7894 300.000000 0.000000 0.000000
7895 375.000000 0.000000 0.000000
7896 -375.000000 0.000000 0.000000
7897 -300.000000 0.000000 0.000000
7898 -225.000000 0.000000 0.000000
7899 -150.000000 0.000000 0.000000
7900 -75.000000 0.000000 0.000000
7933 75.000000 0.000000 0.000000
7934 150.000000 0.000000 0.000000
7935 225.000000 0.000000 0.000000
7936 300.000000 0.000000 0.000000
7937 375.000000 0.000000 0.000000
7938 -375.000000 0.000000 0.000000
7939 -300.000000 0.000000 0.000000
7940 -225.000000 0.000000 0.000000
7941 -150.000000 0.000000 0.000000
7942 -75.000000 0.000000 0.000000
7975 75.000000 0.000000 0.000000
7976 150.000000 0.000000 0.000000
7977 225.000000 0.000000 0.000000
7978 300.000000 0.000000 0.000000
7979 375.000000 0.000000 0.000000
7980 -375.000000 0.000000 0.000000
7981 -300.000000 0.000000 0.000000
7982 -225.000000 0.000000 0.000000
7983 -150.000000 0.000000 0.000000
7984 -75.000000 0.000000 0.000000
8017 75.000000 0.000000 0.000000
8018 150.000000 0.000000 0.000000
8019 225.000000 0.000000 0.000000
8020 300.000000 0.000000 0.000000
8021 375.000000 0.000000 0.000000
8022 -375.000000 0.000000 0.000000
8023 -300.000000 0.000000 0.000000
8024 -225.000000 0.000000 0.000000
8025 -150.000000 0.000000 0.000000
8026 -75.000000 0.000000 0.000000
8059 75.000000 0.000000 0.000000
8060 150.000000 0.000000 0.000000
8061 225.000000 0.000000 0.000000
8062 300.000000 0.000000 0.000000
8063 375.000000 0.000000 0.000000
8064 -375.000000 0.000000 0.000000
8065 -300.000000 0.000000 0.000000
8066 -225.000000 0.000000 0.000000
8067 -150.000000 0.000000 0.000000
8068 -75.000000 0.000000 0.000000
8101 75.000000 0.000000 0.000000
8102 150.000000 0.000000 0.000000
8103 225.000000 0.000000 0.000000
8104 300.000000 0.000000 0.000000
8105 375.000000 0.000000 0.000000
8106 -375.000000 0.000000 0.000000
8107 -300.000000 0.000000 0.000000
8108 -225.000000 0.000000 0.000000
8109 -150.000000 0.000000 0.000000
8110 -75.000000 0.000000 0.000000
8143 75.000000 0.000000 0.000000
8144 150.000000 0.000000 0.000000
8145 225.000000 0.000000 0.000000
8146 300.000000 0.000000 0.000000
8147 375.000000 0.000000 0.000000
8148 -375.000000 0.000000 0.000000
8149 -300.000000 0.000000 0.000000
8150 -225.000000 0.000000 0.000000
8151 -150.000000 0.000000 0.000000
8152 -75.000000 0.000000 0.000000
8185 75.000000 0.000000 0.000000
8186 150.000000 0.000000 0.000000
8187 225.000000 0.000000 0.000000
8188 300.000000 0.000000 0.000000
8189 375.000000 0.000000 0.000000
8190 -375.000000 0.000000 0.000000
8191 -300.000000 0.000000 0.000000
8192 -225.000000 0.000000 0.000000
8193 -150.000000 0.000000 0.000000
8194 -75.000000 0.000000 0.000000
8227 75.000000 0.000000 0.000000
8228 150.000000 0.000000 0.000000
8229 225.000000 0.000000 0.000000
8230 300.000000 0.000000 0.000000
8231 375.000000 0.000000 0.000000
8232 -375.000000 0.000000 0.000000
8233 -300.000000 0.000000 0.000000
8234 -225.000000 0.000000 0.000000
8235 -150.000000 0.000000 0.000000
8236 -75.000000 0.000000 0.000000
8269 75.000000 0.000000 0.000000
8270 150.000000 0.000000 0.000000
8271 225.000000 0.000000 0.000000
8272 300.000000 0.000000 0.000000
8273 375.000000 0.000000 0.000000
8274 -375.000000 0.000000 0.000000
8275 -300.000000 0.000000 0.000000
8276 -225.000000 0.000000 0.000000
8277 -150.000000 0.000000 0.000000
8278 -75.000000 0.000000 0.000000
8311 75.000000 0.000000 0.000000
8312 150.000000 0.000000 0.000000
8313 225.000000 0.000000 0.000000
8314 300.000000 0.000000 0.000000
8315 375.000000 0.000000 0.000000
8316 -375.000000 0.000000 0.000000
8317 -300.000000 0.000000 0.000000
8318 -225.000000 0.000000 0.000000
8319 -150.000000 0.000000 0.000000
8320 -75.000000 0.000000 0.000000
8353 75.000000 0.000000 0.000000
8354 150.000000 0.000000 0.000000
8355 225.000000 0.000000 0.000000
8356 300.000000 0.000000 0.000000
8357 375.000000 0.000000 0.000000
8358 -375.000000 0.000000 0.000000
8359 -300.000000 0.000000 0.000000
8360 -225.000000 0.000000 0.000000
8361 -150.000000 0.000000 0.000000
8362 -75.000000 0.000000 0.000000
8395 75.000000 0.000000 0.000000
8396 150.000000 0.000000 0.000000
8397 225.000000 0.000000 0.000000
8398 300.000000 0.000000 0.000000
8399 375.000000 0.000000 0.000000
8400 -375.000000 0.000000 0.000000
8401 -300.000000 0.000000 0.000000
8402 -225.000000 0.000000 0.000000
8403 -150.000000 0.000000 0.000000
8404 -75.000000 0.000000 0.000000
8437 75.000000 0.000000 0.000000
8438 150.000000 0.000000 0.000000
8439 225.000000 0.000000 0.000000
8440 300.000000 0.000000 0.000000
8441 375.000000 0.000000 0.000000
8442 -375.000000 0.000000 0.000000
8443 -300.000000 0.000000 0.000000
8444 -225.000000 0.000000 0.000000
8445 -150.000000 0.000000 0.000000
8446 -75.000000 0.000000 0.000000
8479 75.000000 0.000000 0.000000
8480 150.000000 0.000000 0.000000
8481 225.000000 0.000000 0.000000
8482 300.000000 0.000000 0.000000
8483 375.000000 0.000000 0.000000
8484 -375.000000 0.000000 0.000000
8485 -300.000000 0.000000 0.000000
8486 -225.000000 0.000000 0.000000
8487 -150.000000 0.000000 0.000000
8488 -75.000000 0.000000 0.000000
8521 75.000000 0.000000 0.000000
8522 150.000000 0.000000 0.000000
8523 225.000000 0.000000 0.000000
8524 300.000000 0.000000 0.000000
8525 375.000000 0.000000 0.000000
8526 -375.000000 0.000000 0.000000
8527 -300.000000 0.000000 0.000000
8528 -225.000000 0.000000 0.000000
8529 -150.000000 0.000000 0.000000
8530 -75.000000 0.000000 0.000000
8563 75.000000 0.000000 0.000000
8564 150.000000 0.000000 0.000000
8565 225.000000 0.000000 0.000000
8566 300.000000 0.000000 0.000000
8567 375.000000 0.000000 0.000000
8568 -375.000000 0.000000 0.000000
8569 -300.000000 0.000000 0.000000
8570 -225.000000 0.000000 0.000000
8571 -150.000000 0.000000 0.000000
8572 -75.000000 0.000000 0.000000
8605 75.000000 0.000000 0.000000
8606 150.000000 0.000000 0.000000
8607 225.000000 0.000000 0.000000
8608 300.000000 0.000000 0.000000
8609 375.000000 0.000000 0.000000
8610 -375.000000 75.000000 0.000000
8611 -300.000000 75.000000 0.000000
8612 -225.000000 75.000000 0.000000
8613 -150.000000 75.000000 0.000000
8614 -75.000000 75.000000 0.000000
8615 0.000000 75.000000 0.000000
8616 0.000000 75.000000 0.000000
8617 0.000000 75.000000 0.000000
8618 0.000000 75.000000 0.000000
8619 0.000000 75.000000 0.000000
8620 0.000000 75.000000 0.000000
8621 0.000000 75.000000 0.000000
8622 0.000000 75.000000 0.000000
8623 0.000000 75.000000 0.000000
8624 0.000000 75.000000 0.000000
8625 0.000000 75.000000 0.000000
8626 0.000000 75.000000 0.000000
8627 0.000000 75.000000 0.000000
8628 0.000000 75.000000 0.000000
8629 0.000000 75.000000 0.000000
8630 0.000000 75.000000 0.000000
8631 0.000000 75.000000 0.000000
8632 0.000000 75.000000 0.000000
8633 0.000000 75.000000 0.000000
8634 0.000000 75.000000 0.000000
8635 0.000000 75.000000 0.000000
8636 0.000000 75.000000 0.000000
8637 0.000000 75.000000 0.000000
8638 0.000000 75.000000 0.000000
8639 0.000000 75.000000 0.000000
8640 0.000000 75.000000 0.000000
8641 0.000000 75.000000 0.000000
8642 0.000000 75.000000 0.000000
8643 0.000000 75.000000 0.000000
8644 0.000000 75.000000 0.000000
8645 0.000000 75.000000 0.000000
8646 0.000000 75.000000 0.000000
8647 75.000000 75.000000 0.000000
8648 150.000000 75.000000 0.000000
8649 225.000000 75.000000 0.000000
8650 300.000000 75.000000 0.000000
8651 375.000000 75.000000 0.000000
8652 -375.000000 150.000000 0.000000
8653 -300.000000 150.000000 0.000000
8654 -225.000000 150.000000 0.000000
8655 -150.000000 150.000000 0.000000
8656 -75.000000 150.000000 0.000000
8657 0.000000 150.000000 0.000000
8658 0.000000 150.000000 0.000000
8659 0.000000 150.000000 0.000000
8660 0.000000 150.000000 0.000000
8661 0.000000 150.000000 0.000000
8662 0.000000 150.000000 0.000000
8663 0.000000 150.000000 0.000000
8664 0.000000 150.000000 0.000000
8665 0.000000 150.000000 0.000000
8666 0.000000 150.000000 0.000000
8667 0.000000 150.000000 0.000000
8668 0.000000 150.000000 0.000000
8669 0.000000 150.000000 0.000000
8670 0.000000 150.000000 0.000000
8671 0.000000 150.000000 0.000000
8672 0.000000 150.000000 0.000000
8673 0.000000 150.000000 0.000000
8674 0.000000 150.000000 0.000000
8675 0.000000 150.000000 0.000000
8676 0.000000 150.000000 0.000000
8677 0.000000 150.000000 0.000000
8678 0.000000 150.000000 0.000000
8679 0.000000 150.000000 0.000000
8680 0.000000 150.000000 0.000000
8681 0.000000 150.000000 0.000000
8682 0.000000 150.000000 0.000000
8683 0.000000 150.000000 0.000000
8684 0.000000 150.000000 0.000000
8685 0.000000 150.000000 0.000000
8686 0.000000 150.000000 0.000000
8687 0.000000 150.000000 0.000000
8688 0.000000 150.000000 0.000000
8689 75.000000 150.000000 0.000000
8690 150.000000 150.000000 0.000000
8691 225.000000 150.000000 0.000000
8692 300.000000 150.000000 0.000000
8693 375.000000 150.000000 0.000000
8694 -375.000000 225.000000 0.000000
8695 -300.000000 225.000000 0.000000
8696 -225.000000 225.000000 0.000000
8697 -150.000000 225.000000 0.000000
8698 -75.000000 225.000000 0.000000
8699 0.000000 225.000000 0.000000
8700 0.000000 225.000000 0.000000
8701 0.000000 225.000000 0.000000
8702 0.000000 225.000000 0.000000
8703 0.000000 225.000000 0.000000
8704 0.000000 225.000000 0.000000
8705 0.000000 225.000000 0.000000
8706 0.000000 225.000000 0.000000
8707 0.000000 225.000000 0.000000
8708 0.000000 225.000000 0.000000
8709 0.000000 225.000000 0.000000
8710 0.000000 225.000000 0.000000
8711 0.000000 225.000000 0.000000
8712 0.000000 225.000000 0.000000
8713 0.000000 225.000000 0.000000
8714 0.000000 225.000000 0.000000
8715 0.000000 225.000000 0.000000
8716 0.000000 225.000000 0.000000
8717 0.000000 225.000000 0.000000
8718 0.000000 225.000000 0.000000
8719 0.000000 225.000000 0.000000
8720 0.000000 225.000000 0.000000
8721 0.000000 225.000000 0.000000
8722 0.000000 225.000000 0.000000
8723 0.000000 225.000000 0.000000
8724 0.000000 225.000000 0.000000
8725 0.000000 225.000000 0.000000
8726 0.000000 225.000000 0.000000
8727 0.000000 225.000000 0.000000
8728 0.000000 225.000000 0.000000
8729 0.000000 225.000000 0.000000
8730 0.000000 225.000000 0.000000
8731 75.000000 225.000000 0.000000
8732 150.000000 225.000000 0.000000
8733 225.000000 225.000000 0.000000
8734 300.000000 225.000000 0.000000
8735 375.000000 225.000000 0.000000
8736 -375.000000 300.000000 0.000000
8737 -300.000000 300.000000 0.000000
8738 -225.000000 300.000000 0.000000
8739 -150.000000 300.000000 0.000000
8740 -75.000000 300.000000 0.000000
8741 0.000000 300.000000 0.000000
8742 0.000000 300.000000 0.000000
8743 0.000000 300.000000 0.000000
8744 0.000000 300.000000 0.000000
8745 0.000000 300.000000 0.000000
8746 0.000000 300.000000 0.000000
8747 0.000000 300.000000 0.000000
8748 0.000000 300.000000 0.000000
8749 0.000000 300.000000 0.000000
8750 0.000000 300.000000 0.000000
8751 0.000000 300.000000 0.000000
8752 0.000000 300.000000 0.000000
8753 0.000000 300.000000 0.000000
8754 0.000000 300.000000 0.000000
8755 0.000000 300.000000 0.000000
8756 0.000000 300.000000 0.000000
8757 0.000000 300.000000 0.000000
8758 0.000000 300.000000 0.000000
8759 0.000000 300.000000 0.000000
8760 0.000000 300.000000 0.000000
8761 0.000000 300.000000 0.000000
8762 0.000000 300.000000 0.000000
8763 0.000000 300.000000 0.000000
8764 0.000000 300.000000 0.000000
8765 0.000000 300.000000 0.000000
8766 0.000000 300.000000 0.000000
8767 0.000000 300.000000 0.000000
8768 0.000000 300.000000 0.000000
8769 0.000000 300.000000 0.000000
8770 0.000000 300.000000 0.000000
8771 0.000000 300.000000 0.000000
8772 0.000000 300.000000 0.000000
8773 75.000000 300.000000 0.000000
8774 150.000000 300.000000 0.000000
8775 225.000000 300.000000 0.000000
8776 300.000000 300.000000 0.000000
8777 375.000000 300.000000 0.000000
8778 -375.000000 375.000000 0.000000
8779 -300.000000 375.000000 0.000000
8780 -225.000000 375.000000 0.000000
8781 -150.000000 375.000000 0.000000
8782 -75.000000 375.000000 0.000000
8783 0.000000 375.000000 0.000000
8784 0.000000 375.000000 0.000000
8785 0.000000 375.000000 0.000000
8786 0.000000 375.000000 0.000000
8787 0.000000 375.000000 0.000000
8788 0.000000 375.000000 0.000000
8789 0.000000 375.000000 0.000000
8790 0.000000 375.000000 0.000000
8791 0.000000 375.000000 0.000000
8792 0.000000 375.000000 0.000000
8793 0.000000 375.000000 0.000000
8794 0.000000 375.000000 0.000000
8795 0.000000 375.000000 0.000000
8796 0.000000 375.000000 0.000000
8797 0.000000 375.000000 0.000000
8798 0.000000 375.000000 0.000000
8799 0.000000 375.000000 0.000000
8800 0.000000 375.000000 0.000000
8801 0.000000 375.000000 0.000000
8802 0.000000 375.000000 0.000000
8803 0.000000 375.000000 0.000000
8804 0.000000 375.000000 0.000000
8805 0.000000 375.000000 0.000000
8806 0.000000 375.000000 0.000000
8807 0.000000 375.000000 0.000000
8808 0.000000 375.000000 0.000000
8809 0.000000 375.000000 0.000000
8810 0.000000 375.000000 0.000000
8811 0.000000 375.000000 0.000000
8812 0.000000 375.000000 0.000000
8813 0.000000 375.000000 0.000000
8814 0.000000 375.000000 0.000000
8815 75.000000 375.000000 0.000000
8816 150.000000 375.000000 0.000000
8817 225.000000 375.000000 0.000000
8818 300.000000 375.000000 0.000000
8819 375.000000 375.000000 0.000000
8820 -375.000000 -375.000000 0.000000
8821 -300.000000 -375.000000 0.000000
8822 -225.000000 -375.000000 0.000000
8823 -150.000000 -375.000000 0.000000
8824 -75.000000 -375.000000 0.000000
8825 0.000000 -375.000000 0.000000
8826 0.000000 -375.000000 0.000000
8827 0.000000 -375.000000 0.000000
8828 0.000000 -375.000000 0.000000
8829 0.000000 -375.000000 0.000000
8830 0.000000 -375.000000 0.000000
8831 0.000000 -375.000000 0.000000
8832 0.000000 -375.000000 0.000000
8833 0.000000 -375.000000 0.000000
8834 0.000000 -375.000000 0.000000
8835 0.000000 -375.000000 0.000000
8836 0.000000 -375.000000 0.000000
8837 0.000000 -375.000000 0.000000
8838 0.000000 -375.000000 0.000000
8839 0.000000 -375.000000 0.000000
8840 0.000000 -375.000000 0.000000
8841 0.000000 -375.000000 0.000000
8842 0.000000 -375.000000 0.000000
8843 0.000000 -375.000000 0.000000
8844 0.000000 -375.000000 0.000000
8845 0.000000 -375.000000 0.000000
8846 0.000000 -375.000000 0.000000
8847 0.000000 -375.000000 0.000000
8848 0.000000 -375.000000 0.000000
8849 0.000000 -375.000000 0.000000
8850 0.000000 -375.000000 0.000000
8851 0.000000 -375.000000 0.000000
8852 0.000000 -375.000000 0.000000
8853 0.000000 -375.000000 0.000000
8854 0.000000 -375.000000 0.000000
8855 0.000000 -375.000000 0.000000
8856 0.000000 -375.000000 0.000000
8857 75.000000 -375.000000 0.000000
8858 150.000000 -375.000000 0.000000
8859 225.000000 -375.000000 0.000000
8860 300.000000 -375.000000 0.000000
8861 375.000000 -375.000000 0.000000
8862 -375.000000 -300.000000 0.000000
8863 -300.000000 -300.000000 0.000000
8864 -225.000000 -300.000000 0.000000
8865 -150.000000 -300.000000 0.000000
8866 -75.000000 -300.000000 0.000000
8867 0.000000 -300.000000 0.000000
8868 0.000000 -300.000000 0.000000
8869 0.000000 -300.000000 0.000000
8870 0.000000 -300.000000 0.000000
8871 0.000000 -300.000000 0.000000
8872 0.000000 -300.000000 0.000000
8873 0.000000 -300.000000 0.000000
8874 0.000000 -300.000000 0.000000
8875 0.000000 -300.000000 0.000000
8876 0.000000 -300.000000 0.000000
8877 0.000000 -300.000000 0.000000
8878 0.000000 -300.000000 0.000000
8879 0.000000 -300.000000 0.000000
8880 0.000000 -300.000000 0.000000
8881 0.000000 -300.000000 0.000000
8882 0.000000 -300.000000 0.000000
8883 0.000000 -300.000000 0.000000
8884 0.000000 -300.000000 0.000000
8885 0.000000 -300.000000 0.000000
8886 0.000000 -300.000000 0.000000
8887 0.000000 -300.000000 0.000000
8888 0.000000 -300.000000 0.000000
8889 0.000000 -300.000000 0.000000
8890 0.000000 -300.000000 0.000000
8891 0.000000 -300.000000 0.000000
8892 0.000000 -300.000000 0.000000
8893 0.000000 -300.000000 0.000000
8894 0.000000 -300.000000 0.000000
8895 0.000000 -300.000000 0.000000
8896 0.000000 -300.000000 0.000000
8897 0.000000 -300.000000 0.000000
8898 0.000000 -300.000000 0.000000
8899 75.000000 -300.000000 0.000000
8900 150.000000 -300.000000 0.000000
8901 225.000000 -300.000000 0.000000
8902 300.000000 -300.000000 0.000000
8903 375.000000 -300.000000 0.000000
8904 -375.000000 -225.000000 0.000000
8905 -300.000000 -225.000000 0.000000
8906 -225.000000 -225.000000 0.000000
8907 -150.000000 -225.000000 0.000000
8908 -75.000000 -225.000000 0.000000
8909 0.000000 -225.000000 0.000000
8910 0.000000 -225.000000 0.000000
8911 0.000000 -225.000000 0.000000
8912 0.000000 -225.000000 0.000000
8913 0.000000 -225.000000 0.000000
8914 0.000000 -225.000000 0.000000
8915 0.000000 -225.000000 0.000000
8916 0.000000 -225.000000 0.000000
8917 0.000000 -225.000000 0.000000
8918 0.000000 -225.000000 0.000000
8919 0.000000 -225.000000 0.000000
8920 0.000000 -225.000000 0.000000
8921 0.000000 -225.000000 0.000000
8922 0.000000 -225.000000 0.000000
8923 0.000000 -225.000000 0.000000
8924 0.000000 -225.000000 0.000000
8925 0.000000 -225.000000 0.000000
8926 0.000000 -225.000000 0.000000
8927 0.000000 -225.000000 0.000000
8928 0.000000 -225.000000 0.000000
8929 0.000000 -225.000000 0.000000
8930 0.000000 -225.000000 0.000000
8931 0.000000 -225.000000 0.000000
8932 0.000000 -225.000000 0.000000
8933 0.000000 -225.000000 0.000000
8934 0.000000 -225.000000 0.000000
8935 0.000000 -225.000000 0.000000
8936 0.000000 -225.000000 0.000000
8937 0.000000 -225.000000 0.000000
8938 0.000000 -225.000000 0.000000
8939 0.000000 -225.000000 0.000000
8940 0.000000 -225.000000 0.000000
8941 75.000000 -225.000000 0.000000
8942 150.000000 -225.000000 0.000000
8943 225.000000 -225.000000 0.000000
8944 300.000000 -225.000000 0.000000
8945 375.000000 -225.000000 0.000000
8946 -375.000000 -150.000000 0.000000
8947 -300.000000 -150.000000 0.000000
8948 -225.000000 -150.000000 0.000000
8949 -150.000000 -150.000000 0.000000
8950 -75.000000 -150.000000 0.000000
8951 0.000000 -150.000000 0.000000
8952 0.000000 -150.000000 0.000000
8953 0.000000 -150.000000 0.000000
8954 0.000000 -150.000000 0.000000
8955 0.000000 -150.000000 0.000000
8956 0.000000 -150.000000 0.000000
8957 0.000000 -150.000000 0.000000
8958 0.000000 -150.000000 0.000000
8959 0.000000 -150.000000 0.000000
8960 0.000000 -150.000000 0.000000
8961 0.000000 -150.000000 0.000000
8962 0.000000 -150.000000 0.000000
8963 0.000000 -150.000000 0.000000
8964 0.000000 -150.000000 0.000000
8965 0.000000 -150.000000 0.000000
8966 0.000000 -150.000000 0.000000
8967 0.000000 -150.000000 0.000000
8968 0.000000 -150.000000 0.000000
8969 0.000000 -150.000000 0.000000
8970 0.000000 -150.000000 0.000000
8971 0.000000 -150.000000 0.000000
8972 0.000000 -150.000000 0.000000
8973 0.000000 -150.000000 0.000000
8974 0.000000 -150.000000 0.000000
8975 0.000000 -150.000000 0.000000
8976 0.000000 -150.000000 0.000000
8977 0.000000 -150.000000 0.000000
8978 0.000000 -150.000000 0.000000
8979 0.000000 -150.000000 0.000000
8980 0.000000 -150.000000 0.000000
8981 0.000000 -150.000000 0.000000
8982 0.000000 -150.000000 0.000000
8983 75.000000 -150.000000 0.000000
8984 150.000000 -150.000000 0.000000
8985 225.000000 -150.000000 0.000000
8986 300.000000 -150.000000 0.000000
8987 375.000000 -150.000000 0.000000
8988 -375.000000 -75.000000 0.000000
8989 -300.000000 -75.000000 0.000000
8990 -225.000000 -75.000000 0.000000
8991 -150.000000 -75.000000 0.000000
8992 -75.000000 -75.000000 0.000000
8993 0.000000 -75.000000 0.000000
8994 0.000000 -75.000000 0.000000
8995 0.000000 -75.000000 0.000000
8996 0.000000 -75.000000 0.000000
8997 0.000000 -75.000000 0.000000
8998 0.000000 -75.000000 0.000000
8999 0.000000 -75.000000 0.000000
9000 0.000000 -75.000000 0.000000
9001 0.000000 -75.000000 0.000000
9002 0.000000 -75.000000 0.000000
9003 0.000000 -75.000000 0.000000
9004 0.000000 -75.000000 0.000000
9005 0.000000 -75.000000 0.000000
9006 0.000000 -75.000000 0.000000
9007 0.000000 -75.000000 0.000000
9008 0.000000 -75.000000 0.000000
9009 0.000000 -75.000000 0.000000
9010 0.000000 -75.000000 0.000000
9011 0.000000 -75.000000 0.000000
9012 0.000000 -75.000000 0.000000
9013 0.000000 -75.000000 0.000000
9014 0.000000 -75.000000 0.000000
9015 0.000000 -75.000000 0.000000
9016 0.000000 -75.000000 0.000000
9017 0.000000 -75.000000 0.000000
9018 0.000000 -75.000000 0.000000
9019 0.000000 -75.000000 0.000000
9020 0.000000 -75.000000 0.000000
9021 0.000000 -75.000000 0.000000
9022 0.000000 -75.000000 0.000000
9023 0.000000 -75.000000 0.000000
9024 0.000000 -75.000000 0.000000
9025 75.000000 -75.000000 0.000000
9026 150.000000 -75.000000 0.000000
9027 225.000000 -75.000000 0.000000
9028 300.000000 -75.000000 0.000000
9029 375.000000 -75.000000 0.000000
9030 -375.000000 0.000000 0.000000
9031 -300.000000 0.000000 0.000000
9032 -225.000000 0.000000 0.000000
9033 -150.000000 0.000000 0.000000
9034 -75.000000 0.000000 0.000000
9067 75.000000 0.000000 0.000000
9068 150.000000 0.000000 0.000000
9069 225.000000 0.000000 0.000000
9070 300.000000 0.000000 0.000000
9071 375.000000 0.000000 0.000000
9072 -375.000000 0.000000 0.000000
9073 -300.000000 0.000000 0.000000
9074 -225.000000 0.000000 0.000000
9075 -150.000000 0.000000 0.000000
9076 -75.000000 0.000000 0.000000
9109 75.000000 0.000000 0.000000
9110 150.000000 0.000000 0.000000
9111 225.000000 0.000000 0.000000
9112 300.000000 0.000000 0.000000
9113 375.000000 0.000000 0.000000
9114 -375.000000 0.000000 0.000000
9115 -300.000000 0.000000 0.000000
9116 -225.000000 0.000000 0.000000
9117 -150.000000 0.000000 0.000000
9118 -75.000000 0.000000 0.000000
9151 75.000000 0.000000 0.000000
9152 150.000000 0.000000 0.000000
9153 225.000000 0.000000 0.000000
9154 300.000000 0.000000 0.000000
9155 375.000000 0.000000 0.000000
9156 -375.000000 0.000000 0.000000
9157 -300.000000 0.000000 0.000000
9158 -225.000000 0.000000 0.000000
9159 -150.000000 0.000000 0.000000
9160 -75.000000 0.000000 0.000000
9193 75.000000 0.000000 0.000000
9194 150.000000 0.000000 0.000000
9195 225.000000 0.000000 0.000000
9196 300.000000 0.000000 0.000000
9197 375.000000 0.000000 0.000000
9198 -375.000000 0.000000 0.000000
9199 -300.000000 0.000000 0.000000
9200 -225.000000 0.000000 0.000000
9201 -150.000000 0.000000 0.000000
9202 -75.000000 0.000000 0.000000
9235 75.000000 0.000000 0.000000
9236 150.000000 0.000000 0.000000
9237 225.000000 0.000000 0.000000
9238 300.000000 0.000000 0.000000
9239 375.000000 0.000000 0.000000
9240 -375.000000 0.000000 0.000000
9241 -300.000000 0.000000 0.000000
9242 -225.000000 0.000000 0.000000
9243 -150.000000 0.000000 0.000000
9244 -75.000000 0.000000 0.000000
9277 75.000000 0.000000 0.000000
9278 150.000000 0.000000 0.000000
9279 225.000000 0.000000 0.000000
9280 300.000000 0.000000 0.000000
9281 375.000000 0.000000 0.000000
9282 -375.000000 0.000000 0.000000
9283 -300.000000 0.000000 0.000000
9284 -225.000000 0.000000 0.000000
9285 -150.000000 0.000000 0.000000
9286 -75.000000 0.000000 0.000000
9319 75.000000 0.000000 0.000000
9320 150.000000 0.000000 0.000000
9321 225.000000 0.000000 0.000000
9322 300.000000 0.000000 0.000000
9323 375.000000 0.000000 0.000000
9324 -375.000000 0.000000 0.000000
9325 -300.000000 0.000000 0.000000
9326 -225.000000 0.000000 0.000000
9327 -150.000000 0.000000 0.000000
9328 -75.000000 0.000000 0.000000
9361 75.000000 0.000000 0.000000
9362 150.000000 0.000000 0.000000
9363 225.000000 0.000000 0.000000
9364 300.000000 0.000000 0.000000
9365 375.000000 0.000000 0.000000
9366 -375.000000 0.000000 0.000000
9367 -300.000000 0.000000 0.000000
9368 -225.000000 0.000000 0.000000
9369 -150.000000 0.000000 0.000000
9370 -75.000000 0.000000 0.000000
9403 75.000000 0.000000 0.000000
9404 150.000000 0.000000 0.000000
9405 225.000000 0.000000 0.000000
9406 300.000000 0.000000 0.000000
9407 375.000000 0.000000 0.000000
9408 -375.000000 0.000000 0.000000
9409 -300.000000 0.000000 0.000000
9410 -225.000000 0.000000 0.000000
9411 -150.000000 0.000000 0.000000
9412 -75.000000 0.000000 0.000000
9445 75.000000 0.000000 0.000000
9446 150.000000 0.000000 0.000000
9447 225.000000 0.000000 0.000000
9448 300.000000 0.000000 0.000000
9449 375.000000 0.000000 0.000000
9450 -375.000000 0.000000 0.000000
9451 -300.000000 0.000000 0.000000
9452 -225.000000 0.000000 0.000000
9453 -150.000000 0.000000 0.000000
9454 -75.000000 0.000000 0.000000
9487 75.000000 0.000000 0.000000
9488 150.000000 0.000000 0.000000
9489 225.000000 0.000000 0.000000
9490 300.000000 0.000000 0.000000
9491 375.000000 0.000000 0.000000
9492 -375.000000 0.000000 0.000000
9493 -300.000000 0.000000 0.000000
9494 -225.000000 0.000000 0.000000
9495 -150.000000 0.000000 0.000000
9496 -75.000000 0.000000 0.000000
9529 75.000000 0.000000 0.000000
9530 150.000000 0.000000 0.000000
9531 225.000000 0.000000 0.000000
9532 300.000000 0.000000 0.000000
9533 375.000000 0.000000 0.000000
9534 -375.000000 0.000000 0.000000
9535 -300.000000 0.000000 0.000000
9536 -225.000000 0.000000 0.000000
9537 -150.000000 0.000000 0.000000
9538 -75.000000 0.000000 0.000000
9571 75.000000 0.000000 0.000000
9572 150.000000 0.000000 0.000000
9573 225.000000 0.000000 0.000000
9574 300.000000 0.000000 0.000000
9575 375.000000 0.000000 0.000000
9576 -375.000000 0.000000 0.000000
9577 -300.000000 0.000000 0.000000
9578 -225.000000 0.000000 0.000000
9579 -150.000000 0.000000 0.000000
9580 -75.000000 0.000000 0.000000
9613 75.000000 0.000000 0.000000
9614 150.000000 0.000000 0.000000
9615 225.000000 0.000000 0.000000
9616 300.000000 0.000000 0.000000
9617 375.000000 0.000000 0.000000
9618 -375.000000 0.000000 0.000000
9619 -300.000000 0.000000 0.000000
9620 -225.000000 0.000000 0.000000
9621 -150.000000 0.000000 0.000000
9622 -75.000000 0.000000 0.000000
9655 75.000000 0.000000 0.000000
9656 150.000000 0.000000 0.000000
9657 225.000000 0.000000 0.000000
9658 300.000000 0.000000 0.000000
9659 375.000000 0.000000 0.000000
9660 -375.000000 0.000000 0.000000
9661 -300.000000 0.000000 0.000000
9662 -225.000000 0.000000 0.000000
9663 -150.000000 0.000000 0.000000
9664 -75.000000 0.000000 0.000000
9697 75.000000 0.000000 0.000000
9698 150.000000 0.000000 0.000000
9699 225.000000 0.000000 0.000000
9700 300.000000 0.000000 0.000000
9701 375.000000 0.000000 0.000000
9702 -375.000000 0.000000 0.000000
9703 -300.000000 0.000000 0.000000
9704 -225.000000 0.000000 0.000000
9705 -150.000000 0.000000 0.000000
9706 -75.000000 0.000000 0.000000
9739 75.000000 0.000000 0.000000
9740 150.000000 0.000000 0.000000
9741 225.000000 0.000000 0.000000
9742 300.000000 0.000000 0.000000
9743 375.000000 0.000000 0.000000
9744 -375.000000 0.000000 0.000000
9745 -300.000000 0.000000 0.000000
9746 -225.000000 0.000000 0.000000
9747 -150.000000 0.000000 0.000000
9748 -75.000000 0.000000 0.000000
9781 75.000000 0.000000 0.000000
9782 150.000000 0.000000 0.000000
9783 225.000000 0.000000 0.000000
9784 300.000000 0.000000 0.000000
9785 375.000000 0.000000 0.000000
9786 -375.000000 0.000000 0.000000
9787 -300.000000 0.000000 0.000000
9788 -225.000000 0.000000 0.000000
9789 -150.000000 0.000000 0.000000
9790 -75.000000 0.000000 0.000000
9823 75.000000 0.000000 0.000000
9824 150.000000 0.000000 0.000000
9825 225.000000 0.000000 0.000000
9826 300.000000 0.000000 0.000000
9827 375.000000 0.000000 0.000000
9828 -375.000000 0.000000 0.000000
9829 -300.000000 0.000000 0.000000
9830 -225.000000 0.000000 0.000000
9831 -150.000000 0.000000 0.000000
9832 -75.000000 0.000000 0.000000
9865 75.000000 0.000000 0.000000
9866 150.000000 0.000000 0.000000
9867 225.000000 0.000000 0.000000
9868 300.000000 0.000000 0.000000
9869 375.000000 0.000000 0.000000
9870 -375.000000 0.000000 0.000000
9871 -300.000000 0.000000 0.000000
9872 -225.000000 0.000000 0.000000
9873 -150.000000 0.000000 0.000000
9874 -75.000000 0.000000 0.000000
9907 75.000000 0.000000 0.000000
9908 150.000000 0.000000 0.000000
9909 225.000000 0.000000 0.000000
9910 300.000000 0.000000 0.000000
9911 375.000000 0.000000 0.000000
9912 -375.000000 0.000000 0.000000
9913 -300.000000 0.000000 0.000000
9914 -225.000000 0.000000 0.000000
9915 -150.000000 0.000000 0.000000
9916 -75.000000 0.000000 0.000000
9949 75.000000 0.000000 0.000000
9950 150.000000 0.000000 0.000000
9951 225.000000 0.000000 0.000000
9952 300.000000 0.000000 0.000000
9953 375.000000 0.000000 0.000000
9954 -375.000000 0.000000 0.000000
9955 -300.000000 0.000000 0.000000
9956 -225.000000 0.000000 0.000000
9957 -150.000000 0.000000 0.000000
9958 -75.000000 0.000000 0.000000
9991 75.000000 0.000000 0.000000
9992 150.000000 0.000000 0.000000
9993 225.000000 0.000000 0.000000
9994 300.000000 0.000000 0.000000
9995 375.000000 0.000000 0.000000
9996 -375.000000 0.000000 0.000000
9997 -300.000000 0.000000 0.000000
9998 -225.000000 0.000000 0.000000
9999 -150.000000 0.000000 0.000000
10000 -75.000000 0.000000 0.000000
10033 75.000000 0.000000 0.000000
10034 150.000000 0.000000 0.000000
10035 225.000000 0.000000 0.000000
10036 300.000000 0.000000 0.000000
10037 375.000000 0.000000 0.000000
10038 -375.000000 0.000000 0.000000
10039 -300.000000 0.000000 0.000000
10040 -225.000000 0.000000 0.000000
10041 -150.000000 0.000000 0.000000
10042 -75.000000 0.000000 0.000000
10075 75.000000 0.000000 0.000000
10076 150.000000 0.000000 0.000000
10077 225.000000 0.000000 0.000000
10078 300.000000 0.000000 0.000000
10079 375.000000 0.000000 0.000000
10080 -375.000000 0.000000 0.000000
10081 -300.000000 0.000000 0.000000
10082 -225.000000 0.000000 0.000000
10083 -150.000000 0.000000 0.000000
10084 -75.000000 0.000000 0.000000
10117 75.000000 0.000000 0.000000
10118 150.000000 0.000000 0.000000
10119 225.000000 0.000000 0.000000
10120 300.000000 0.000000 0.000000
10121 375.000000 0.000000 0.000000
10122 -375.000000 0.000000 0.000000
10123 -300.000000 0.000000 0.000000
10124 -225.000000 0.000000 0.000000
10125 -150.000000 0.000000 0.000000
10126 -75.000000 0.000000 0.000000
10159 75.000000 0.000000 0.000000
10160 150.000000 0.000000 0.000000
10161 225.000000 0.000000 0.000000
10162 300.000000 0.000000 0.000000
10163 375.000000 0.000000 0.000000
10164 -375.000000 0.000000 0.000000
10165 -300.000000 0.000000 0.000000
10166 -225.000000 0.000000 0.000000
10167 -150.000000 0.000000 0.000000
10168 -75.000000 0.000000 0.000000
10201 75.000000 0.000000 0.000000
10202 150.000000 0.000000 0.000000
10203 225.000000 0.000000 0.000000
10204 300.000000 0.000000 0.000000
10205 375.000000 0.000000 0.000000
10206 -375.000000 0.000000 0.000000
10207 -300.000000 0.000000 0.000000
10208 -225.000000 0.000000 0.000000
10209 -150.000000 0.000000 0.000000
10210 -75.000000 0.000000 0.000000
10243 75.000000 0.000000 0.000000
10244 150.000000 0.000000 0.000000
10245 225.000000 0.000000 0.000000
10246 300.000000 0.000000 0.000000
10247 375.000000 0.000000 0.000000
10248 -375.000000 0.000000 0.000000
10249 -300.000000 0.000000 0.000000
10250 -225.000000 0.000000 0.000000
10251 -150.000000 0.000000 0.000000
10252 -75.000000 0.000000 0.000000
10285 75.000000 0.000000 0.000000
10286 150.000000 0.000000 0.000000
10287 225.000000 0.000000 0.000000
10288 300.000000 0.000000 0.000000
10289 375.000000 0.000000 0.000000
10290 -375.000000 0.000000 0.000000
10291 -300.000000 0.000000 0.000000
10292 -225.000000 0.000000 0.000000
10293 -150.000000 0.000000 0.000000
10294 -75.000000 0.000000 0.000000
10327 75.000000 0.000000 0.000000
10328 150.000000 0.000000 0.000000
10329 225.000000 0.000000 0.000000
10330 300.000000 0.000000 0.000000
10331 375.000000 0.000000 0.000000
10332 -375.000000 0.000000 0.000000
10333 -300.000000 0.000000 0.000000
10334 -225.000000 0.000000 0.000000
10335 -150.000000 0.000000 0.000000
10336 -75.000000 0.000000 0.000000
10369 75.000000 0.000000 0.000000
10370 150.000000 0.000000 0.000000
10371 225.000000 0.000000 0.000000
10372 300.000000 0.000000 0.000000
10373 375.000000 0.000000 0.000000
10374 -375.000000 75.000000 0.000000
10375 -300.000000 75.000000 0.000000
10376 -225.000000 75.000000 0.000000
10377 -150.000000 75.000000 0.000000
10378 -75.000000 75.000000 0.000000
10379 0.000000 75.000000 0.000000
10380 0.000000 75.000000 0.000000
10381 0.000000 75.000000 0.000000
10382 0.000000 75.000000 0.000000
10383 0.000000 75.000000 0.000000
10384 0.000000 75.000000 0.000000
10385 0.000000 75.000000 0.000000
10386 0.000000 75.000000 0.000000
10387 0.000000 75.000000 0.000000
10388 0.000000 75.000000 0.000000
10389 0.000000 75.000000 0.000000
10390 0.000000 75.000000 0.000000
10391 0.000000 75.000000 0.000000
10392 0.000000 75.000000 0.000000
10393 0.000000 75.000000 0.000000
10394 0.000000 75.000000 0.000000
10395 0.000000 75.000000 0.000000
10396 0.000000 75.000000 0.000000
10397 0.000000 75.000000 0.000000
10398 0.000000 75.000000 0.000000
10399 0.000000 75.000000 0.000000
10400 0.000000 75.000000 0.000000
10401 0.000000 75.000000 0.000000
10402 0.000000 75.000000 0.000000
10403 0.000000 75.000000 0.000000
10404 0.000000 75.000000 0.000000
10405 0.000000 75.000000 0.000000
10406 0.000000 75.000000 0.000000
10407 0.000000 75.000000 0.000000
10408 0.000000 75.000000 0.000000
10409 0.000000 75.000000 0.000000
10410 0.000000 75.000000 0.000000
10411 75.000000 75.000000 0.000000
10412 150.000000 75.000000 0.000000
10413 225.000000 75.000000 0.000000
10414 300.000000 75.000000 0.000000
10415 375.000000 75.000000 0.000000
10416 -375.000000 150.000000 0.000000
10417 -300.000000 150.000000 0.000000
10418 -225.000000 150.000000 0.000000
10419 -150.000000 150.000000 0.000000
10420 -75.000000 150.000000 0.000000
10421 0.000000 150.000000 0.000000
10422 0.000000 150.000000 0.000000
10423 0.000000 150.000000 0.000000
10424 0.000000 150.000000 0.000000
10425 0.000000 150.000000 0.000000
10426 0.000000 150.000000 0.000000
10427 0.000000 150.000000 0.000000
10428 0.000000 150.000000 0.000000
10429 0.000000 150.000000 0.000000
10430 0.000000 150.000000 0.000000
10431 0.000000 150.000000 0.000000
10432 0.000000 150.000000 0.000000
10433 0.000000 150.000000 0.000000
10434 0.000000 150.000000 0.000000
10435 0.000000 150.000000 0.000000
10436 0.000000 150.000000 0.000000
10437 0.000000 150.000000 0.000000
10438 0.000000 150.000000 0.000000
10439 0.000000 150.000000 0.000000
10440 0.000000 150.000000 0.000000
10441 0.000000 150.000000 0.000000
10442 0.000000 150.000000 0.000000
10443 0.000000 150.000000 0.000000
10444 0.000000 150.000000 0.000000
10445 0.000000 150.000000 0.000000
10446 0.000000 150.000000 0.000000
10447 0.000000 150.000000 0.000000
10448 0.000000 150.000000 0.000000
10449 0.000000 150.000000 0.000000
10450 0.000000 150.000000 0.000000
10451 0.000000 150.000000 0.000000
10452 0.000000 150.000000 0.000000
10453 75.000000 150.000000 0.000000
10454 150.000000 150.000000 0.000000
10455 225.000000 150.000000 0.000000
10456 300.000000 150.000000 0.000000
10457 375.000000 150.000000 0.000000
10458 -375.000000 225.000000 0.000000
10459 -300.000000 225.000000 0.000000
10460 -225.000000 225.000000 0.000000
10461 -150.000000 225.000000 0.000000
10462 -75.000000 225.000000 0.000000
10463 0.000000 225.000000 0.000000
10464 0.000000 225.000000 0.000000
10465 0.000000 225.000000 0.000000
10466 0.000000 225.000000 0.000000
10467 0.000000 225.000000 0.000000
10468 0.000000 225.000000 0.000000
10469 0.000000 225.000000 0.000000
10470 0.000000 225.000000 0.000000
10471 0.000000 225.000000 0.000000
10472 0.000000 225.000000 0.000000
10473 0.000000 225.000000 0.000000
10474 0.000000 225.000000 0.000000
10475 0.000000 225.000000 0.000000
10476 0.000000 225.000000 0.000000
10477 0.000000 225.000000 0.000000
10478 0.000000 225.000000 0.000000
10479 0.000000 225.000000 0.000000
10480 0.000000 225.000000 0.000000
10481 0.000000 225.000000 0.000000
10482 0.000000 225.000000 0.000000
10483 0.000000 225.000000 0.000000
10484 0.000000 225.000000 0.000000
10485 0.000000 225.000000 0.000000
10486 0.000000 225.000000 0.000000
10487 0.000000 225.000000 0.000000
10488 0.000000 225.000000 0.000000
10489 0.000000 225.000000 0.000000
10490 0.000000 225.000000 0.000000
10491 0.000000 225.000000 0.000000
10492 0.000000 225.000000 0.000000
10493 0.000000 225.000000 0.000000
10494 0.000000 225.000000 0.000000
10495 75.000000 225.000000 0.000000
10496 150.000000 225.000000 0.000000
10497 225.000000 225.000000 0.000000
10498 300.000000 225.000000 0.000000
10499 375.000000 225.000000 0.000000
10500 -375.000000 300.000000 0.000000
10501 -300.000000 300.000000 0.000000
10502 -225.000000 300.000000 0.000000
10503 -150.000000 300.000000 0.000000
10504 -75.000000 300.000000 0.000000
10505 0.000000 300.000000 0.000000
10506 0.000000 300.000000 0.000000
10507 0.000000 300.000000 0.000000
10508 0.000000 300.000000 0.000000
10509 0.000000 300.000000 0.000000
10510 0.000000 300.000000 0.000000
10511 0.000000 300.000000 0.000000
10512 0.000000 300.000000 0.000000
10513 0.000000 300.000000 0.000000
10514 0.000000 300.000000 0.000000
10515 0.000000 300.000000 0.000000
10516 0.000000 300.000000 0.000000
10517 0.000000 300.000000 0.000000
10518 0.000000 300.000000 0.000000
10519 0.000000 300.000000 0.000000
10520 0.000000 300.000000 0.000000
10521 0.000000 300.000000 0.000000
10522 0.000000 300.000000 0.000000
10523 0.000000 300.000000 0.000000
10524 0.000000 300.000000 0.000000
10525 0.000000 300.000000 0.000000
10526 0.000000 300.000000 0.000000
10527 0.000000 300.000000 0.000000
10528 0.000000 300.000000 0.000000
10529 0.000000 300.000000 0.000000
10530 0.000000 300.000000 0.000000
10531 0.000000 300.000000 0.000000
10532 0.000000 300.000000 0.000000
10533 0.000000 300.000000 0.000000
10534 0.000000 300.000000 0.000000
10535 0.000000 300.000000 0.000000
10536 0.000000 300.000000 0.000000
10537 75.000000 300.000000 0.000000
10538 150.000000 300.000000 0.000000
10539 225.000000 300.000000 0.000000
10540 300.000000 300.000000 0.000000
10541 375.000000 300.000000 0.000000
10542 -375.000000 375.000000 0.000000
10543 -300.000000 375.000000 0.000000
10544 -225.000000 375.000000 0.000000
10545 -150.000000 375.000000 0.000000
10546 -75.000000 375.000000 0.000000
10547 0.000000 375.000000 0.000000
10548 0.000000 375.000000 0.000000
10549 0.000000 375.000000 0.000000
10550 0.000000 375.000000 0.000000
10551 0.000000 375.000000 0.000000
10552 0.000000 375.000000 0.000000
10553 0.000000 375.000000 0.000000
10554 0.000000 375.000000 0.000000
10555 0.000000 375.000000 0.000000
10556 0.000000 375.000000 0.000000
10557 0.000000 375.000000 0.000000
10558 0.000000 375.000000 0.000000
10559 0.000000 375.000000 0.000000
10560 0.000000 375.000000 0.000000
10561 0.000000 375.000000 0.000000
10562 0.000000 375.000000 0.000000
10563 0.000000 375.000000 0.000000
10564 0.000000 375.000000 0.000000
10565 0.000000 375.000000 0.000000
10566 0.000000 375.000000 0.000000
10567 0.000000 375.000000 0.000000
10568 0.000000 375.000000 0.000000
10569 0.000000 375.000000 0.000000
10570 0.000000 375.000000 0.000000
10571 0.000000 375.000000 0.000000
10572 0.000000 375.000000 0.000000
10573 0.000000 375.000000 0.000000
10574 0.000000 375.000000 0.000000
10575 0.000000 375.000000 0.000000
10576 0.000000 375.000000 0.000000
10577 0.000000 375.000000 0.000000
10578 0.000000 375.000000 0.000000
10579 75.000000 375.000000 0.000000
10580 150.000000 375.000000 0.000000
10581 225.000000 375.000000 0.000000
10582 300.000000 375.000000 0.000000
10583 375.000000 375.000000 0.000000
10584 -375.000000 -375.000000 0.000000
10585 -300.000000 -375.000000 0.000000
10586 -225.000000 -375.000000 0.000000
10587 -150.000000 -375.000000 0.000000
10588 -75.000000 -375.000000 0.000000
10589 0.000000 -375.000000 0.000000
10590 0.000000 -375.000000 0.000000
10591 0.000000 -375.000000 0.000000
10592 0.000000 -375.000000 0.000000
10593 0.000000 -375.000000 0.000000
10594 0.000000 -375.000000 0.000000
10595 0.000000 -375.000000 0.000000
10596 0.000000 -375.000000 0.000000
10597 0.000000 -375.000000 0.000000
10598 0.000000 -375.000000 0.000000
10599 0.000000 -375.000000 0.000000
10600 0.000000 -375.000000 0.000000
10601 0.000000 -375.000000 0.000000
10602 0.000000 -375.000000 0.000000
10603 0.000000 -375.000000 0.000000
10604 0.000000 -375.000000 0.000000
10605 0.000000 -375.000000 0.000000
10606 0.000000 -375.000000 0.000000
10607 0.000000 -375.000000 0.000000
10608 0.000000 -375.000000 0.000000
10609 0.000000 -375.000000 0.000000
10610 0.000000 -375.000000 0.000000
10611 0.000000 -375.000000 0.000000
10612 0.000000 -375.000000 0.000000
10613 0.000000 -375.000000 0.000000
10614 0.000000 -375.000000 0.000000
10615 0.000000 -375.000000 0.000000
10616 0.000000 -375.000000 0.000000
10617 0.000000 -375.000000 0.000000
10618 0.000000 -375.000000 0.000000
10619 0.000000 -375.000000 0.000000
10620 0.000000 -375.000000 0.000000
10621 75.000000 -375.000000 0.000000
10622 150.000000 -375.000000 0.000000
10623 225.000000 -375.000000 0.000000
10624 300.000000 -375.000000 0.000000
10625 375.000000 -375.000000 0.000000
10626 -375.000000 -300.000000 0.000000
10627 -300.000000 -300.000000 0.000000
10628 -225.000000 -300.000000 0.000000
10629 -150.000000 -300.000000 0.000000
10630 -75.000000 -300.000000 0.000000
10631 0.000000 -300.000000 0.000000
10632 0.000000 -300.000000 0.000000
10633 0.000000 -300.000000 0.000000
10634 0.000000 -300.000000 0.000000
10635 0.000000 -300.000000 0.000000
10636 0.000000 -300.000000 0.000000
10637 0.000000 -300.000000 0.000000
10638 0.000000 -300.000000 0.000000
10639 0.000000 -300.000000 0.000000
10640 0.000000 -300.000000 0.000000
10641 0.000000 -300.000000 0.000000
10642 0.000000 -300.000000 0.000000
10643 0.000000 -300.000000 0.000000
10644 0.000000 -300.000000 0.000000
10645 0.000000 -300.000000 0.000000
10646 0.000000 -300.000000 0.000000
10647 0.000000 -300.000000 0.000000
10648 0.000000 -300.000000 0.000000
10649 0.000000 -300.000000 0.000000
10650 0.000000 -300.000000 0.000000
10651 0.000000 -300.000000 0.000000
10652 0.000000 -300.000000 0.000000
10653 0.000000 -300.000000 0.000000
10654 0.000000 -300.000000 0.000000
10655 0.000000 -300.000000 0.000000
10656 0.000000 -300.000000 0.000000
10657 0.000000 -300.000000 0.000000
10658 0.000000 -300.000000 0.000000
10659 0.000000 -300.000000 0.000000
10660 0.000000 -300.000000 0.000000
10661 0.000000 -300.000000 0.000000
10662 0.000000 -300.000000 0.000000
10663 75.000000 -300.000000 0.000000
10664 150.000000 -300.000000 0.000000
10665 225.000000 -300.000000 0.000000
10666 300.000000 -300.000000 0.000000
10667 375.000000 -300.000000 0.000000
10668 -375.000000 -225.000000 0.000000
10669 -300.000000 -225.000000 0.000000
10670 -225.000000 -225.000000 0.000000
10671 -150.000000 -225.000000 0.000000
10672 -75.000000 -225.000000 0.000000
10673 0.000000 -225.000000 0.000000
10674 0.000000 -225.000000 0.000000
10675 0.000000 -225.000000 0.000000
10676 0.000000 -225.000000 0.000000
10677 0.000000 -225.000000 0.000000
10678 0.000000 -225.000000 0.000000
10679 0.000000 -225.000000 0.000000
10680 0.000000 -225.000000 0.000000
10681 0.000000 -225.000000 0.000000
10682 0.000000 -225.000000 0.000000
10683 0.000000 -225.000000 0.000000
10684 0.000000 -225.000000 0.000000
10685 0.000000 -225.000000 0.000000
10686 0.000000 -225.000000 0.000000
10687 0.000000 -225.000000 0.000000
10688 0.000000 -225.000000 0.000000
10689 0.000000 -225.000000 0.000000
10690 0.000000 -225.000000 0.000000
10691 0.000000 -225.000000 0.000000
10692 0.000000 -225.000000 0.000000
10693 0.000000 -225.000000 0.000000
10694 0.000000 -225.000000 0.000000
10695 0.000000 -225.000000 0.000000
10696 0.000000 -225.000000 0.000000
10697 0.000000 -225.000000 0.000000
10698 0.000000 -225.000000 0.000000
10699 0.000000 -225.000000 0.000000
10700 0.000000 -225.000000 0.000000
10701 0.000000 -225.000000 0.000000
10702 0.000000 -225.000000 0.000000
10703 0.000000 -225.000000 0.000000
10704 0.000000 -225.000000 0.000000
10705 75.000000 -225.000000 0.000000
10706 150.000000 -225.000000 0.000000
10707 225.000000 -225.000000 0.000000
10708 300.000000 -225.000000 0.000000
10709 375.000000 -225.000000 0.000000
10710 -375.000000 -150.000000 0.000000
10711 -300.000000 -150.000000 0.000000
10712 -225.000000 -150.000000 0.000000
10713 -150.000000 -150.000000 0.000000
10714 -75.000000 -150.000000 0.000000
10715 0.000000 -150.000000 0.000000
10716 0.000000 -150.000000 0.000000
10717 0.000000 -150.000000 0.000000
10718 0.000000 -150.000000 0.000000
10719 0.000000 -150.000000 0.000000
10720 0.000000 -150.000000 0.000000
10721 0.000000 -150.000000 0.000000
10722 0.000000 -150.000000 0.000000
10723 0.000000 -150.000000 0.000000
10724 0.000000 -150.000000 0.000000
10725 0.000000 -150.000000 0.000000
10726 0.000000 -150.000000 0.000000
10727 0.000000 -150.000000 0.000000
10728 0.000000 -150.000000 0.000000
10729 0.000000 -150.000000 0.000000
10730 0.000000 -150.000000 0.000000
10731 0.000000 -150.000000 0.000000
10732 0.000000 -150.000000 0.000000
10733 0.000000 -150.000000 0.000000
10734 0.000000 -150.000000 0.000000
10735 0.000000 -150.000000 0.000000
10736 0.000000 -150.000000 0.000000
10737 0.000000 -150.000000 0.000000
10738 0.000000 -150.000000 0.000000
10739 0.000000 -150.000000 0.000000
10740 0.000000 -150.000000 0.000000
10741 0.000000 -150.000000 0.000000
10742 0.000000 -150.000000 0.000000
10743 0.000000 -150.000000 0.000000
10744 0.000000 -150.000000 0.000000
10745 0.000000 -150.000000 0.000000
10746 0.000000 -150.000000 0.000000
10747 75.000000 -150.000000 0.000000
10748 150.000000 -150.000000 0.000000
10749 225.000000 -150.000000 0.000000
10750 300.000000 -150.000000 0.000000
10751 375.000000 -150.000000 0.000000
10752 -375.000000 -75.000000 0.000000
10753 -300.000000 -75.000000 0.000000
10754 -225.000000 -75.000000 0.000000
10755 -150.000000 -75.000000 0.000000
10756 -75.000000 -75.000000 0.000000
10757 0.000000 -75.000000 0.000000
10758 0.000000 -75.000000 0.000000
10759 0.000000 -75.000000 0.000000
10760 0.000000 -75.000000 0.000000
10761 0.000000 -75.000000 0.000000
10762 0.000000 -75.000000 0.000000
10763 0.000000 -75.000000 0.000000
10764 0.000000 -75.000000 0.000000
10765 0.000000 -75.000000 0.000000
10766 0.000000 -75.000000 0.000000
10767 0.000000 -75.000000 0.000000
10768 0.000000 -75.000000 0.000000
10769 0.000000 -75.000000 0.000000
10770 0.000000 -75.000000 0.000000
10771 0.000000 -75.000000 0.000000
10772 0.000000 -75.000000 0.000000
10773 0.000000 -75.000000 0.000000
10774 0.000000 -75.000000 0.000000
10775 0.000000 -75.000000 0.000000
10776 0.000000 -75.000000 0.000000
10777 0.000000 -75.000000 0.000000
10778 0.000000 -75.000000 0.000000
10779 0.000000 -75.000000 0.000000
10780 0.000000 -75.000000 0.000000
10781 0.000000 -75.000000 0.000000
10782 0.000000 -75.000000 0.000000
10783 0.000000 -75.000000 0.000000
10784 0.000000 -75.000000 0.000000
10785 0.000000 -75.000000 0.000000
10786 0.000000 -75.000000 0.000000
10787 0.000000 -75.000000 0.000000
10788 0.000000 -75.000000 0.000000
10789 75.000000 -75.000000 0.000000
10790 150.000000 -75.000000 0.000000
10791 225.000000 -75.000000 0.000000
10792 300.000000 -75.000000 0.000000
10793 375.000000 -75.000000 0.000000
10794 -375.000000 0.000000 0.000000
10795 -300.000000 0.000000 0.000000
10796 -225.000000 0.000000 0.000000
10797 -150.000000 0.000000 0.000000
10798 -75.000000 0.000000 0.000000
10831 75.000000 0.000000 0.000000
10832 150.000000 0.000000 0.000000
10833 225.000000 0.000000 0.000000
10834 300.000000 0.000000 0.000000
10835 375.000000 0.000000 0.000000
10836 -375.000000 0.000000 0.000000
10837 -300.000000 0.000000 0.000000
10838 -225.000000 0.000000 0.000000
10839 -150.000000 0.000000 0.000000
10840 -75.000000 0.000000 0.000000
10873 75.000000 0.000000 0.000000
10874 150.000000 0.000000 0.000000
10875 225.000000 0.000000 0.000000
10876 300.000000 0.000000 0.000000
10877 375.000000 0.000000 0.000000
10878 -375.000000 0.000000 0.000000
10879 -300.000000 0.000000 0.000000
10880 -225.000000 0.000000 0.000000
10881 -150.000000 0.000000 0.000000
10882 -75.000000 0.000000 0.000000
10915 75.000000 0.000000 0.000000
10916 150.000000 0.000000 0.000000
10917 225.000000 0.000000 0.000000
10918 300.000000 0.000000 0.000000
10919 375.000000 0.000000 0.000000
10920 -375.000000 0.000000 0.000000
10921 -300.000000 0.000000 0.000000
10922 -225.000000 0.000000 0.000000
10923 -150.000000 0.000000 0.000000
10924 -75.000000 0.000000 0.000000
10957 75.000000 0.000000 0.000000
10958 150.000000 0.000000 0.000000
10959 225.000000 0.000000 0.000000
10960 300.000000 0.000000 0.000000
10961 375.000000 0.000000 0.000000
10962 -375.000000 0.000000 0.000000
10963 -300.000000 0.000000 0.000000
10964 -225.000000 0.000000 0.000000
10965 -150.000000 0.000000 0.000000
10966 -75.000000 0.000000 0.000000
10999 75.000000 0.000000 0.000000
11000 150.000000 0.000000 0.000000
11001 225.000000 0.000000 0.000000
11002 300.000000 0.000000 0.000000
11003 375.000000 0.000000 0.000000
11004 -375.000000 0.000000 0.000000
11005 -300.000000 0.000000 0.000000
11006 -225.000000 0.000000 0.000000
11007 -150.000000 0.000000 0.000000
11008 -75.000000 0.000000 0.000000
11041 75.000000 0.000000 0.000000
11042 150.000000 0.000000 0.000000
11043 225.000000 0.000000 0.000000
11044 300.000000 0.000000 0.000000
11045 375.000000 0.000000 0.000000
11046 -375.000000 0.000000 0.000000
11047 -300.000000 0.000000 0.000000
11048 -225.000000 0.000000 0.000000
11049 -150.000000 0.000000 0.000000
11050 -75.000000 0.000000 0.000000
11083 75.000000 0.000000 0.000000
11084 150.000000 0.000000 0.000000
11085 225.000000 0.000000 0.000000
11086 300.000000 0.000000 0.000000
11087 375.000000 0.000000 0.000000
11088 -375.000000 0.000000 0.000000
11089 -300.000000 0.000000 0.000000
11090 -225.000000 0.000000 0.000000
11091 -150.000000 0.000000 0.000000
11092 -75.000000 0.000000 0.000000
11125 75.000000 0.000000 0.000000
11126 150.000000 0.000000 0.000000
11127 225.000000 0.000000 0.000000
11128 300.000000 0.000000 0.000000
11129 375.000000 0.000000 0.000000
11130 -375.000000 0.000000 0.000000
11131 -300.000000 0.000000 0.000000
11132 -225.000000 0.000000 0.000000
11133 -150.000000 0.000000 0.000000
11134 -75.000000 0.000000 0.000000
11167 75.000000 0.000000 0.000000
11168 150.000000 0.000000 0.000000
11169 225.000000 0.000000 0.000000
11170 300.000000 0.000000 0.000000
11171 375.000000 0.000000 0.000000
11172 -375.000000 0.000000 0.000000
11173 -300.000000 0.000000 0.000000
11174 -225.000000 0.000000 0.000000
11175 -150.000000 0.000000 0.000000
11176 -75.000000 0.000000 0.000000
11209 75.000000 0.000000 0.000000
11210 150.000000 0.000000 0.000000
11211 225.000000 0.000000 0.000000
11212 300.000000 0.000000 0.000000
11213 375.000000 0.000000 0.000000
11214 -375.000000 0.000000 0.000000
11215 -300.000000 0.000000 0.000000
11216 -225.000000 0.000000 0.000000
11217 -150.000000 0.000000 0.000000
11218 -75.000000 0.000000 0.000000
11251 75.000000 0.000000 0.000000
11252 150.000000 0.000000 0.000000
11253 225.000000 0.000000 0.000000
11254 300.000000 0.000000 0.000000
11255 375.000000 0.000000 0.000000
11256 -375.000000 0.000000 0.000000
11257 -300.000000 0.000000 0.000000
11258 -225.000000 0.000000 0.000000
11259 -150.000000 0.000000 0.000000
11260 -75.000000 0.000000 0.000000
11293 75.000000 0.000000 0.000000
11294 150.000000 0.000000 0.000000
11295 225.000000 0.000000 0.000000
11296 300.000000 0.000000 0.000000
11297 375.000000 0.000000 0.000000
11298 -375.000000 0.000000 0.000000
11299 -300.000000 0.000000 0.000000
11300 -225.000000 0.000000 0.000000
11301 -150.000000 0.000000 0.000000
11302 -75.000000 0.000000 0.000000
11335 75.000000 0.000000 0.000000
11336 150.000000 0.000000 0.000000
11337 225.000000 0.000000 0.000000
11338 300.000000 0.000000 0.000000
11339 375.000000 0.000000 0.000000
11340 -375.000000 0.000000 0.000000
11341 -300.000000 0.000000 0.000000
11342 -225.000000 0.000000 0.000000
11343 -150.000000 0.000000 0.000000
11344 -75.000000 0.000000 0.000000
11377 75.000000 0.000000 0.000000
11378 150.000000 0.000000 0.000000
11379 225.000000 0.000000 0.000000
11380 300.000000 0.000000 0.000000
11381 375.000000 0.000000 0.000000
11382 -375.000000 0.000000 0.000000
11383 -300.000000 0.000000 0.000000
11384 -225.000000 0.000000 0.000000
11385 -150.000000 0.000000 0.000000
11386 -75.000000 0.000000 0.000000
11419 75.000000 0.000000 0.000000
11420 150.000000 0.000000 0.000000
11421 225.000000 0.000000 0.000000
11422 300.000000 0.000000 0.000000
11423 375.000000 0.000000 0.000000
11424 -375.000000 0.000000 0.000000
11425 -300.000000 0.000000 0.000000
11426 -225.000000 0.000000 0.000000
11427 -150.000000 0.000000 0.000000
11428 -75.000000 0.000000 0.000000
11461 75.000000 0.000000 0.000000
11462 150.000000 0.000000 0.000000
11463 225.000000 0.000000 0.000000
11464 300.000000 0.000000 0.000000
11465 375.000000 0.000000 0.000000
11466 -375.000000 0.000000 0.000000
11467 -300.000000 0.000000 0.000000
11468 -225.000000 0.000000 0.000000
11469 -150.000000 0.000000 0.000000
11470 -75.000000 0.000000 0.000000
11503 75.000000 0.000000 0.000000
11504 150.000000 0.000000 0.000000
11505 225.000000 0.000000 0.000000
11506 300.000000 0.000000 0.000000
11507 375.000000 0.000000 0.000000
11508 -375.000000 0.000000 0.000000
11509 -300.000000 0.000000 0.000000
11510 -225.000000 0.000000 0.000000
11511 -150.000000 0.000000 0.000000
11512 -75.000000 0.000000 0.000000
11545 75.000000 0.000000 0.000000
11546 150.000000 0.000000 0.000000
11547 225.000000 0.000000 0.000000
11548 300.000000 0.000000 0.000000
11549 375.000000 0.000000 0.000000
11550 -375.000000 0.000000 0.000000
11551 -300.000000 0.000000 0.000000
11552 -225.000000 0.000000 0.000000
11553 -150.000000 0.000000 0.000000
11554 -75.000000 0.000000 0.000000
11587 75.000000 0.000000 0.000000
11588 150.000000 0.000000 0.000000
11589 225.000000 0.000000 0.000000
11590 300.000000 0.000000 0.000000
11591 375.000000 0.000000 0.000000
11592 -375.000000 0.000000 0.000000
11593 -300.000000 0.000000 0.000000
11594 -225.000000 0.000000 0.000000
11595 -150.000000 0.000000 0.000000
11596 -75.000000 0.000000 0.000000
11629 75.000000 0.000000 0.000000
11630 150.000000 0.000000 0.000000
11631 225.000000 0.000000 0.000000
11632 300.000000 0.000000 0.000000
11633 375.000000 0.000000 0.000000
11634 -375.000000 0.000000 0.000000
11635 -300.000000 0.000000 0.000000
11636 -225.000000 0.000000 0.000000
11637 -150.000000 0.000000 0.000000
11638 -75.000000 0.000000 0.000000
11671 75.000000 0.000000 0.000000
11672 150.000000 0.000000 0.000000
11673 225.000000 0.000000 0.000000
11674 300.000000 0.000000 0.000000
11675 375.000000 0.000000 0.000000
11676 -375.000000 0.000000 0.000000
11677 -300.000000 0.000000 0.000000
11678 -225.000000 0.000000 0.000000
11679 -150.000000 0.000000 0.000000
11680 -75.000000 0.000000 0.000000
11713 75.000000 0.000000 0.000000
11714 150.000000 0.000000 0.000000
11715 225.000000 0.000000 0.000000
11716 300.000000 0.000000 0.000000
11717 375.000000 0.000000 0.000000
11718 -375.000000 0.000000 0.000000
11719 -300.000000 0.000000 0.000000
11720 -225.000000 0.000000 0.000000
11721 -150.000000 0.000000 0.000000
11722 -75.000000 0.000000 0.000000
11755 75.000000 0.000000 0.000000
11756 150.000000 0.000000 0.000000
11757 225.000000 0.000000 0.000000
11758 300.000000 0.000000 0.000000
11759 375.000000 0.000000 0.000000
11760 -375.000000 0.000000 0.000000
11761 -300.000000 0.000000 0.000000
11762 -225.000000 0.000000 0.000000
11763 -150.000000 0.000000 0.000000
11764 -75.000000 0.000000 0.000000
11797 75.000000 0.000000 0.000000
11798 150.000000 0.000000 0.000000
11799 225.000000 0.000000 0.000000
11800 300.000000 0.000000 0.000000
11801 375.000000 0.000000 0.000000
11802 -375.000000 0.000000 0.000000
11803 -300.000000 0.000000 0.000000
11804 -225.000000 0.000000 0.000000
11805 -150.000000 0.000000 0.000000
11806 -75.000000 0.000000 0.000000
11839 75.000000 0.000000 0.000000
11840 150.000000 0.000000 0.000000
11841 225.000000 0.000000 0.000000
11842 300.000000 0.000000 0.000000
11843 375.000000 0.000000 0.000000
11844 -375.000000 0.000000 0.000000
11845 -300.000000 0.000000 0.000000
11846 -225.000000 0.000000 0.000000
11847 -150.000000 0.000000 0.000000
11848 -75.000000 0.000000 0.000000
11881 75.000000 0.000000 0.000000
11882 150.000000 0.000000 0.000000
11883 225.000000 0.000000 0.000000
11884 300.000000 0.000000 0.000000
11885 375.000000 0.000000 0.000000
11886 -375.000000 0.000000 0.000000
11887 -300.000000 0.000000 0.000000
11888 -225.000000 0.000000 0.000000
11889 -150.000000 0.000000 0.000000
11890 -75.000000 0.000000 0.000000
11923 75.000000 0.000000 0.000000
11924 150.000000 0.000000 0.000000
11925 225.000000 0.000000 0.000000
11926 300.000000 0.000000 0.000000
11927 375.000000 0.000000 0.000000
11928 -375.000000 0.000000 0.000000
11929 -300.000000 0.000000 0.000000
11930 -225.000000 0.000000 0.000000
11931 -150.000000 0.000000 0.000000
11932 -75.000000 0.000000 0.000000
11965 75.000000 0.000000 0.000000
11966 150.000000 0.000000 0.000000
11967 225.000000 0.000000 0.000000
11968 300.000000 0.000000 0.000000
11969 375.000000 0.000000 0.000000
11970 -375.000000 0.000000 0.000000
11971 -300.000000 0.000000 0.000000
11972 -225.000000 0.000000 0.000000
11973 -150.000000 0.000000 0.000000
11974 -75.000000 0.000000 0.000000
12007 75.000000 0.000000 0.000000
12008 150.000000 0.000000 0.000000
12009 225.000000 0.000000 0.000000
12010 300.000000 0.000000 0.000000
12011 375.000000 0.000000 0.000000
12012 -375.000000 0.000000 0.000000
12013 -300.000000 0.000000 0.000000
12014 -225.000000 0.000000 0.000000
12015 -150.000000 0.000000 0.000000
12016 -75.000000 0.000000 0.000000
12049 75.000000 0.000000 0.000000
12050 150.000000 0.000000 0.000000
12051 225.000000 0.000000 0.000000
12052 300.000000 0.000000 0.000000
12053 375.000000 0.000000 0.000000
12054 -375.000000 0.000000 0.000000
12055 -300.000000 0.000000 0.000000
12056 -225.000000 0.000000 0.000000
12057 -150.000000 0.000000 0.000000
12058 -75.000000 0.000000 0.000000
12091 75.000000 0.000000 0.000000
12092 150.000000 0.000000 0.000000
12093 225.000000 0.000000 0.000000
12094 300.000000 0.000000 0.000000
12095 375.000000 0.000000 0.000000
12096 -375.000000 0.000000 0.000000
12097 -300.000000 0.000000 0.000000
12098 -225.000000 0.000000 0.000000
12099 -150.000000 0.000000 0.000000
12100 -75.000000 0.000000 0.000000
12133 75.000000 0.000000 0.000000
12134 150.000000 0.000000 0.000000
12135 225.000000 0.000000 0.000000
12136 300.000000 0.000000 0.000000
12137 375.000000 0.000000 0.000000
12138 -375.000000 75.000000 0.000000
12139 -300.000000 75.000000 0.000000
12140 -225.000000 75.000000 0.000000
12141 -150.000000 75.000000 0.000000
12142 -75.000000 75.000000 0.000000
12143 0.000000 75.000000 0.000000
12144 0.000000 75.000000 0.000000
12145 0.000000 75.000000 0.000000
12146 0.000000 75.000000 0.000000
12147 0.000000 75.000000 0.000000
12148 0.000000 75.000000 0.000000
12149 0.000000 75.000000 0.000000
12150 0.000000 75.000000 0.000000
12151 0.000000 75.000000 0.000000
12152 0.000000 75.000000 0.000000
12153 0.000000 75.000000 0.000000
12154 0.000000 75.000000 0.000000
12155 0.000000 75.000000 0.000000
12156 0.000000 75.000000 0.000000
12157 0.000000 75.000000 0.000000
12158 0.000000 75.000000 0.000000
12159 0.000000 75.000000 0.000000
12160 0.000000 75.000000 0.000000
12161 0.000000 75.000000 0.000000
12162 0.000000 75.000000 0.000000
12163 0.000000 75.000000 0.000000
12164 0.000000 75.000000 0.000000
12165 0.000000 75.000000 0.000000
12166 0.000000 75.000000 0.000000
12167 0.000000 75.000000 0.000000
12168 0.000000 75.000000 0.000000
12169 0.000000 75.000000 0.000000
12170 0.000000 75.000000 0.000000
12171 0.000000 75.000000 0.000000
12172 0.000000 75.000000 0.000000
12173 0.000000 75.000000 0.000000
12174 0.000000 75.000000 0.000000
12175 75.000000 75.000000 0.000000
12176 150.000000 75.000000 0.000000
12177 225.000000 75.000000 0.000000
12178 300.000000 75.000000 0.000000
12179 375.000000 75.000000 0.000000
12180 -375.000000 150.000000 0.000000
12181 -300.000000 150.000000 0.000000
12182 -225.000000 150.000000 0.000000
12183 -150.000000 150.000000 0.000000
12184 -75.000000 150.000000 0.000000
12185 0.000000 150.000000 0.000000
12186 0.000000 150.000000 0.000000
12187 0.000000 150.000000 0.000000
12188 0.000000 150.000000 0.000000
12189 0.000000 150.000000 0.000000
12190 0.000000 150.000000 0.000000
12191 0.000000 150.000000 0.000000
12192 0.000000 150.000000 0.000000
12193 0.000000 150.000000 0.000000
12194 0.000000 150.000000 0.000000
12195 0.000000 150.000000 0.000000
12196 0.000000 150.000000 0.000000
12197 0.000000 150.000000 0.000000
12198 0.000000 150.000000 0.000000
12199 0.000000 150.000000 0.000000
12200 0.000000 150.000000 0.000000
12201 0.000000 150.000000 0.000000
12202 0.000000 150.000000 0.000000
12203 0.000000 150.000000 0.000000
12204 0.000000 150.000000 0.000000
12205 0.000000 150.000000 0.000000
12206 0.000000 150.000000 0.000000
12207 0.000000 150.000000 0.000000
12208 0.000000 150.000000 0.000000
12209 0.000000 150.000000 0.000000
12210 0.000000 150.000000 0.000000
12211 0.000000 150.000000 0.000000
12212 0.000000 150.000000 0.000000
12213 0.000000 150.000000 0.000000
12214 0.000000 150.000000 0.000000
12215 0.000000 150.000000 0.000000
12216 0.000000 150.000000 0.000000
12217 75.000000 150.000000 0.000000
12218 150.000000 150.000000 0.000000
12219 225.000000 150.000000 0.000000
12220 300.000000 150.000000 0.000000
12221 375.000000 150.000000 0.000000
12222 -375.000000 225.000000 0.000000
12223 -300.000000 225.000000 0.000000
12224 -225.000000 225.000000 0.000000
12225 -150.000000 225.000000 0.000000
12226 -75.000000 225.000000 0.000000
12227 0.000000 225.000000 0.000000
12228 0.000000 225.000000 0.000000
12229 0.000000 225.000000 0.000000
12230 0.000000 225.000000 0.000000
12231 0.000000 225.000000 0.000000
12232 0.000000 225.000000 0.000000
12233 0.000000 225.000000 0.000000
12234 0.000000 225.000000 0.000000
12235 0.000000 225.000000 0.000000
12236 0.000000 225.000000 0.000000
12237 0.000000 225.000000 0.000000
12238 0.000000 225.000000 0.000000
12239 0.000000 225.000000 0.000000
12240 0.000000 225.000000 0.000000
12241 0.000000 225.000000 0.000000
12242 0.000000 225.000000 0.000000
12243 0.000000 225.000000 0.000000
12244 0.000000 225.000000 0.000000
12245 0.000000 225.000000 0.000000
12246 0.000000 225.000000 0.000000
12247 0.000000 225.000000 0.000000
12248 0.000000 225.000000 0.000000
12249 0.000000 225.000000 0.000000
12250 0.000000 225.000000 0.000000
12251 0.000000 225.000000 0.000000
12252 0.000000 225.000000 0.000000
12253 0.000000 225.000000 0.000000
12254 0.000000 225.000000 0.000000
12255 0.000000 225.000000 0.000000
12256 0.000000 225.000000 0.000000
12257 0.000000 225.000000 0.000000
12258 0.000000 225.000000 0.000000
12259 75.000000 225.000000 0.000000
12260 150.000000 225.000000 0.000000
12261 225.000000 225.000000 0.000000
12262 300.000000 225.000000 0.000000
12263 375.000000 225.000000 0.000000
12264 -375.000000 300.000000 0.000000
12265 -300.000000 300.000000 0.000000
12266 -225.000000 300.000000 0.000000
12267 -150.000000 300.000000 0.000000
12268 -75.000000 300.000000 0.000000
12269 0.000000 300.000000 0.000000
12270 0.000000 300.000000 0.000000
12271 0.000000 300.000000 0.000000
12272 0.000000 300.000000 0.000000
12273 0.000000 300.000000 0.000000
12274 0.000000 300.000000 0.000000
12275 0.000000 300.000000 0.000000
12276 0.000000 300.000000 0.000000
12277 0.000000 300.000000 0.000000
12278 0.000000 300.000000 0.000000
12279 0.000000 300.000000 0.000000
12280 0.000000 300.000000 0.000000
12281 0.000000 300.000000 0.000000
12282 0.000000 300.000000 0.000000
12283 0.000000 300.000000 0.000000
12284 0.000000 300.000000 0.000000
12285 0.000000 300.000000 0.000000
12286 0.000000 300.000000 0.000000
12287 0.000000 300.000000 0.000000
12288 0.000000 300.000000 0.000000
12289 0.000000 300.000000 0.000000
12290 0.000000 300.000000 0.000000
12291 0.000000 300.000000 0.000000
12292 0.000000 300.000000 0.000000
12293 0.000000 300.000000 0.000000
12294 0.000000 300.000000 0.000000
12295 0.000000 300.000000 0.000000
12296 0.000000 300.000000 0.000000
12297 0.000000 300.000000 0.000000
12298 0.000000 300.000000 0.000000
12299 0.000000 300.000000 0.000000
12300 0.000000 300.000000 0.000000
12301 75.000000 300.000000 0.000000
12302 150.000000 300.000000 0.000000
12303 225.000000 300.000000 0.000000
12304 300.000000 300.000000 0.000000
12305 375.000000 300.000000 0.000000
12306 -375.000000 375.000000 0.000000
12307 -300.000000 375.000000 0.000000
12308 -225.000000 375.000000 0.000000
12309 -150.000000 375.000000 0.000000
12310 -75.000000 375.000000 0.000000
12311 0.000000 375.000000 0.000000
12312 0.000000 375.000000 0.000000
12313 0.000000 375.000000 0.000000
12314 0.000000 375.000000 0.000000
12315 0.000000 375.000000 0.000000
12316 0.000000 375.000000 0.000000
12317 0.000000 375.000000 0.000000
12318 0.000000 375.000000 0.000000
12319 0.000000 375.000000 0.000000
12320 0.000000 375.000000 0.000000
12321 0.000000 375.000000 0.000000
12322 0.000000 375.000000 0.000000
12323 0.000000 375.000000 0.000000
12324 0.000000 375.000000 0.000000
12325 0.000000 375.000000 0.000000
12326 0.000000 375.000000 0.000000
12327 0.000000 375.000000 0.000000
12328 0.000000 375.000000 0.000000
12329 0.000000 375.000000 0.000000
12330 0.000000 375.000000 0.000000
12331 0.000000 375.000000 0.000000
12332 0.000000 375.000000 0.000000
12333 0.000000 375.000000 0.000000
12334 0.000000 375.000000 0.000000
12335 0.000000 375.000000 0.000000
12336 0.000000 375.000000 0.000000
12337 0.000000 375.000000 0.000000
12338 0.000000 375.000000 0.000000
12339 0.000000 375.000000 0.000000
12340 0.000000 375.000000 0.000000
12341 0.000000 375.000000 0.000000
12342 0.000000 375.000000 0.000000
12343 75.000000 375.000000 0.000000
12344 150.000000 375.000000 0.000000
12345 225.000000 375.000000 0.000000
12346 300.000000 375.000000 0.000000
12347 375.000000 375.000000 0.000000
12348 -375.000000 -375.000000 0.000000
12349 -300.000000 -375.000000 0.000000
12350 -225.000000 -375.000000 0.000000
12351 -150.000000 -375.000000 0.000000
12352 -75.000000 -375.000000 0.000000
12353 0.000000 -375.000000 0.000000
12354 0.000000 -375.000000 0.000000
12355 0.000000 -375.000000 0.000000
12356 0.000000 -375.000000 0.000000
12357 0.000000 -375.000000 0.000000
12358 0.000000 -375.000000 0.000000
12359 0.000000 -375.000000 0.000000
12360 0.000000 -375.000000 0.000000
12361 0.000000 -375.000000 0.000000
12362 0.000000 -375.000000 0.000000
12363 0.000000 -375.000000 0.000000
12364 0.000000 -375.000000 0.000000
12365 0.000000 -375.000000 0.000000
12366 0.000000 -375.000000 0.000000
12367 0.000000 -375.000000 0.000000
12368 0.000000 -375.000000 0.000000
12369 0.000000 -375.000000 0.000000
12370 0.000000 -375.000000 0.000000
12371 0.000000 -375.000000 0.000000
12372 0.000000 -375.000000 0.000000
12373 0.000000 -375.000000 0.000000
12374 0.000000 -375.000000 0.000000
12375 0.000000 -375.000000 0.000000
12376 0.000000 -375.000000 0.000000
12377 0.000000 -375.000000 0.000000
12378 0.000000 -375.000000 0.000000
12379 0.000000 -375.000000 0.000000
12380 0.000000 -375.000000 0.000000
12381 0.000000 -375.000000 0.000000
12382 0.000000 -375.000000 0.000000
12383 0.000000 -375.000000 0.000000
12384 0.000000 -375.000000 0.000000
12385 75.000000 -375.000000 0.000000
12386 150.000000 -375.000000 0.000000
12387 225.000000 -375.000000 0.000000
12388 300.000000 -375.000000 0.000000
12389 375.000000 -375.000000 0.000000
12390 -375.000000 -300.000000 0.000000
12391 -300.000000 -300.000000 0.000000
12392 -225.000000 -300.000000 0.000000
12393 -150.000000 -300.000000 0.000000
12394 -75.000000 -300.000000 0.000000
12395 0.000000 -300.000000 0.000000
12396 0.000000 -300.000000 0.000000
12397 0.000000 -300.000000 0.000000
12398 0.000000 -300.000000 0.000000
12399 0.000000 -300.000000 0.000000
12400 0.000000 -300.000000 0.000000
12401 0.000000 -300.000000 0.000000
12402 0.000000 -300.000000 0.000000
12403 0.000000 -300.000000 0.000000
12404 0.000000 -300.000000 0.000000
12405 0.000000 -300.000000 0.000000
12406 0.000000 -300.000000 0.000000
12407 0.000000 -300.000000 0.000000
12408 0.000000 -300.000000 0.000000
12409 0.000000 -300.000000 0.000000
12410 0.000000 -300.000000 0.000000
12411 0.000000 -300.000000 0.000000
12412 0.000000 -300.000000 0.000000
12413 0.000000 -300.000000 0.000000
12414 0.000000 -300.000000 0.000000
12415 0.000000 -300.000000 0.000000
12416 0.000000 -300.000000 0.000000
12417 0.000000 -300.000000 0.000000
12418 0.000000 -300.000000 0.000000
12419 0.000000 -300.000000 0.000000
12420 0.000000 -300.000000 0.000000
12421 0.000000 -300.000000 0.000000
12422 0.000000 -300.000000 0.000000
12423 0.000000 -300.000000 0.000000
12424 0.000000 -300.000000 0.000000
12425 0.000000 -300.000000 0.000000
12426 0.000000 -300.000000 0.000000
12427 75.000000 -300.000000 0.000000
12428 150.000000 -300.000000 0.000000
12429 225.000000 -300.000000 0.000000
12430 300.000000 -300.000000 0.000000
12431 375.000000 -300.000000 0.000000
12432 -375.000000 -225.000000 0.000000
12433 -300.000000 -225.000000 0.000000
12434 -225.000000 -225.000000 0.000000
12435 -150.000000 -225.000000 0.000000
12436 -75.000000 -225.000000 0.000000
12437 0.000000 -225.000000 0.000000
12438 0.000000 -225.000000 0.000000
12439 0.000000 -225.000000 0.000000
12440 0.000000 -225.000000 0.000000
12441 0.000000 -225.000000 0.000000
12442 0.000000 -225.000000 0.000000
12443 0.000000 -225.000000 0.000000
12444 0.000000 -225.000000 0.000000
12445 0.000000 -225.000000 0.000000
12446 0.000000 -225.000000 0.000000
12447 0.000000 -225.000000 0.000000
12448 0.000000 -225.000000 0.000000
12449 0.000000 -225.000000 0.000000
12450 0.000000 -225.000000 0.000000
12451 0.000000 -225.000000 0.000000
12452 0.000000 -225.000000 0.000000
12453 0.000000 -225.000000 0.000000
12454 0.000000 -225.000000 0.000000
12455 0.000000 -225.000000 0.000000
12456 0.000000 -225.000000 0.000000
12457 0.000000 -225.000000 0.000000
12458 0.000000 -225.000000 0.000000
12459 0.000000 -225.000000 0.000000
12460 0.000000 -225.000000 0.000000
12461 0.000000 -225.000000 0.000000
12462 0.000000 -225.000000 0.000000
12463 0.000000 -225.000000 0.000000
12464 0.000000 -225.000000 0.000000
12465 0.000000 -225.000000 0.000000
12466 0.000000 -225.000000 0.000000
12467 0.000000 -225.000000 0.000000
12468 0.000000 -225.000000 0.000000
12469 75.000000 -225.000000 0.000000
12470 150.000000 -225.000000 0.000000
12471 225.000000 -225.000000 0.000000
12472 300.000000 -225.000000 0.000000
12473 375.000000 -225.000000 0.000000
12474 -375.000000 -150.000000 0.000000
12475 -300.000000 -150.000000 0.000000
12476 -225.000000 -150.000000 0.000000
12477 -150.000000 -150.000000 0.000000
12478 -75.000000 -150.000000 0.000000
12479 0.000000 -150.000000 0.000000
12480 0.000000 -150.000000 0.000000
12481 0.000000 -150.000000 0.000000
12482 0.000000 -150.000000 0.000000
12483 0.000000 -150.000000 0.000000
12484 0.000000 -150.000000 0.000000
12485 0.000000 -150.000000 0.000000
12486 0.000000 -150.000000 0.000000
12487 0.000000 -150.000000 0.000000
12488 0.000000 -150.000000 0.000000
12489 0.000000 -150.000000 0.000000
12490 0.000000 -150.000000 0.000000
12491 0.000000 -150.000000 0.000000
12492 0.000000 -150.000000 0.000000
12493 0.000000 -150.000000 0.000000
12494 0.000000 -150.000000 0.000000
12495 0.000000 -150.000000 0.000000
12496 0.000000 -150.000000 0.000000
12497 0.000000 -150.000000 0.000000
12498 0.000000 -150.000000 0.000000
12499 0.000000 -150.000000 0.000000
12500 0.000000 -150.000000 0.000000
12501 0.000000 -150.000000 0.000000
12502 0.000000 -150.000000 0.000000
12503 0.000000 -150.000000 0.000000
12504 0.000000 -150.000000 0.000000
12505 0.000000 -150.000000 0.000000
12506 0.000000 -150.000000 0.000000
12507 0.000000 -150.000000 0.000000
12508 0.000000 -150.000000 0.000000
12509 0.000000 -150.000000 0.000000
12510 0.000000 -150.000000 0.000000
12511 75.000000 -150.000000 0.000000
12512 150.000000 -150.000000 0.000000
12513 225.000000 -150.000000 0.000000
12514 300.000000 -150.000000 0.000000
12515 375.000000 -150.000000 0.000000
12516 -375.000000 -75.000000 0.000000
12517 -300.000000 -75.000000 0.000000
12518 -225.000000 -75.000000 0.000000
12519 -150.000000 -75.000000 0.000000
12520 -75.000000 -75.000000 0.000000
12521 0.000000 -75.000000 0.000000
12522 0.000000 -75.000000 0.000000
12523 0.000000 -75.000000 0.000000
12524 0.000000 -75.000000 0.000000
12525 0.000000 -75.000000 0.000000
12526 0.000000 -75.000000 0.000000
12527 0.000000 -75.000000 0.000000
12528 0.000000 -75.000000 0.000000
12529 0.000000 -75.000000 0.000000
12530 0.000000 -75.000000 0.000000
12531 0.000000 -75.000000 0.000000
12532 0.000000 -75.000000 0.000000
12533 0.000000 -75.000000 0.000000
12534 0.000000 -75.000000 0.000000
12535 0.000000 -75.000000 0.000000
12536 0.000000 -75.000000 0.000000
12537 0.000000 -75.000000 0.000000
12538 0.000000 -75.000000 0.000000
12539 0.000000 -75.000000 0.000000
12540 0.000000 -75.000000 0.000000
12541 0.000000 -75.000000 0.000000
12542 0.000000 -75.000000 0.000000
12543 0.000000 -75.000000 0.000000
12544 0.000000 -75.000000 0.000000
12545 0.000000 -75.000000 0.000000
12546 0.000000 -75.000000 0.000000
12547 0.000000 -75.000000 0.000000
12548 0.000000 -75.000000 0.000000
12549 0.000000 -75.000000 0.000000
12550 0.000000 -75.000000 0.000000
12551 0.000000 -75.000000 0.000000
12552 0.000000 -75.000000 0.000000
12553 75.000000 -75.000000 0.000000
12554 150.000000 -75.000000 0.000000
12555 225.000000 -75.000000 0.000000
12556 300.000000 -75.000000 0.000000
12557 375.000000 -75.000000 0.000000
12558 -375.000000 0.000000 0.000000
12559 -300.000000 0.000000 0.000000
12560 -225.000000 0.000000 0.000000
12561 -150.000000 0.000000 0.000000
12562 -75.000000 0.000000 0.000000
12595 75.000000 0.000000 0.000000
12596 150.000000 0.000000 0.000000
12597 225.000000 0.000000 0.000000
12598 300.000000 0.000000 0.000000
12599 375.000000 0.000000 0.000000
12600 -375.000000 0.000000 0.000000
12601 -300.000000 0.000000 0.000000
12602 -225.000000 0.000000 0.000000
12603 -150.000000 0.000000 0.000000
12604 -75.000000 0.000000 0.000000
12637 75.000000 0.000000 0.000000
12638 150.000000 0.000000 0.000000
12639 225.000000 0.000000 0.000000
12640 300.000000 0.000000 0.000000
12641 375.000000 0.000000 0.000000
12642 -375.000000 0.000000 0.000000
12643 -300.000000 0.000000 0.000000
12644 -225.000000 0.000000 0.000000
12645 -150.000000 0.000000 0.000000
12646 -75.000000 0.000000 0.000000
12679 75.000000 0.000000 0.000000
12680 150.000000 0.000000 0.000000
12681 225.000000 0.000000 0.000000
12682 300.000000 0.000000 0.000000
12683 375.000000 0.000000 0.000000
12684 -375.000000 0.000000 0.000000
12685 -300.000000 0.000000 0.000000
12686 -225.000000 0.000000 0.000000
12687 -150.000000 0.000000 0.000000
12688 -75.000000 0.000000 0.000000
12721 75.000000 0.000000 0.000000
12722 150.000000 0.000000 0.000000
12723 225.000000 0.000000 0.000000
12724 300.000000 0.000000 0.000000
12725 375.000000 0.000000 0.000000
12726 -375.000000 0.000000 0.000000
12727 -300.000000 0.000000 0.000000
12728 -225.000000 0.000000 0.000000
12729 -150.000000 0.000000 0.000000
12730 -75.000000 0.000000 0.000000
12763 75.000000 0.000000 0.000000
12764 150.000000 0.000000 0.000000
12765 225.000000 0.000000 0.000000
12766 300.000000 0.000000 0.000000
12767 375.000000 0.000000 0.000000
12768 -375.000000 0.000000 0.000000
12769 -300.000000 0.000000 0.000000
12770 -225.000000 0.000000 0.000000
12771 -150.000000 0.000000 0.000000
12772 -75.000000 0.000000 0.000000
12805 75.000000 0.000000 0.000000
12806 150.000000 0.000000 0.000000
12807 225.000000 0.000000 0.000000
12808 300.000000 0.000000 0.000000
12809 375.000000 0.000000 0.000000
12810 -375.000000 0.000000 0.000000
12811 -300.000000 0.000000 0.000000
12812 -225.000000 0.000000 0.000000
12813 -150.000000 0.000000 0.000000
12814 -75.000000 0.000000 0.000000
12847 75.000000 0.000000 0.000000
12848 150.000000 0.000000 0.000000
12849 225.000000 0.000000 0.000000
12850 300.000000 0.000000 0.000000
12851 375.000000 0.000000 0.000000
12852 -375.000000 0.000000 0.000000
12853 -300.000000 0.000000 0.000000
12854 -225.000000 0.000000 0.000000
12855 -150.000000 0.000000 0.000000
12856 -75.000000 0.000000 0.000000
12889 75.000000 0.000000 0.000000
12890 150.000000 0.000000 0.000000
12891 225.000000 0.000000 0.000000
12892 300.000000 0.000000 0.000000
12893 375.000000 0.000000 0.000000
12894 -375.000000 0.000000 0.000000
12895 -300.000000 0.000000 0.000000
12896 -225.000000 0.000000 0.000000
12897 -150.000000 0.000000 0.000000
12898 -75.000000 0.000000 0.000000
12931 75.000000 0.000000 0.000000
12932 150.000000 0.000000 0.000000
12933 225.000000 0.000000 0.000000
12934 300.000000 0.000000 0.000000
12935 375.000000 0.000000 0.000000
12936 -375.000000 0.000000 0.000000
12937 -300.000000 0.000000 0.000000
12938 -225.000000 0.000000 0.000000
12939 -150.000000 0.000000 0.000000
12940 -75.000000 0.000000 0.000000
12973 75.000000 0.000000 0.000000
12974 150.000000 0.000000 0.000000
12975 225.000000 0.000000 0.000000
12976 300.000000 0.000000 0.000000
12977 375.000000 0.000000 0.000000
12978 -375.000000 0.000000 0.000000
12979 -300.000000 0.000000 0.000000
12980 -225.000000 0.000000 0.000000
12981 -150.000000 0.000000 0.000000
12982 -75.000000 0.000000 0.000000
13015 75.000000 0.000000 0.000000
13016 150.000000 0.000000 0.000000
13017 225.000000 0.000000 0.000000
13018 300.000000 0.000000 0.000000
13019 375.000000 0.000000 0.000000
13020 -375.000000 0.000000 0.000000
13021 -300.000000 0.000000 0.000000
13022 -225.000000 0.000000 0.000000
13023 -150.000000 0.000000 0.000000
13024 -75.000000 0.000000 0.000000
13057 75.000000 0.000000 0.000000
13058 150.000000 0.000000 0.000000
13059 225.000000 0.000000 0.000000
13060 300.000000 0.000000 0.000000
13061 375.000000 0.000000 0.000000
13062 -375.000000 0.000000 0.000000
13063 -300.000000 0.000000 0.000000
13064 -225.000000 0.000000 0.000000
13065 -150.000000 0.000000 0.000000
13066 -75.000000 0.000000 0.000000
13099 75.000000 0.000000 0.000000
13100 150.000000 0.000000 0.000000
13101 225.000000 0.000000 0.000000
13102 300.000000 0.000000 0.000000
13103 375.000000 0.000000 0.000000
13104 -375.000000 0.000000 0.000000
13105 -300.000000 0.000000 0.000000
13106 -225.000000 0.000000 0.000000
13107 -150.000000 0.000000 0.000000
13108 -75.000000 0.000000 0.000000
13141 75.000000 0.000000 0.000000
13142 150.000000 0.000000 0.000000
13143 225.000000 0.000000 0.000000
13144 300.000000 0.000000 0.000000
13145 375.000000 0.000000 0.000000
13146 -375.000000 0.000000 0.000000
13147 -300.000000 0.000000 0.000000
13148 -225.000000 0.000000 0.000000
13149 -150.000000 0.000000 0.000000
13150 -75.000000 0.000000 0.000000
13183 75.000000 0.000000 0.000000
13184 150.000000 0.000000 0.000000
13185 225.000000 0.000000 0.000000
13186 300.000000 0.000000 0.000000
13187 375.000000 0.000000 0.000000
13188 -375.000000 0.000000 0.000000
13189 -300.000000 0.000000 0.000000
13190 -225.000000 0.000000 0.000000
13191 -150.000000 0.000000 0.000000
13192 -75.000000 0.000000 0.000000
13225 75.000000 0.000000 0.000000
13226 150.000000 0.000000 0.000000
13227 225.000000 0.000000 0.000000
13228 300.000000 0.000000 0.000000
13229 375.000000 0.000000 0.000000
13230 -375.000000 0.000000 0.000000
13231 -300.000000 0.000000 0.000000
13232 -225.000000 0.000000 0.000000
13233 -150.000000 0.000000 0.000000
13234 -75.000000 0.000000 0.000000
13267 75.000000 0.000000 0.000000
13268 150.000000 0.000000 0.000000
13269 225.000000 0.000000 0.000000
13270 300.000000 0.000000 0.000000
13271 375.000000 0.000000 0.000000
13272 -375.000000 0.000000 0.000000
13273 -300.000000 0.000000 0.000000
13274 -225.000000 0.000000 0.000000
13275 -150.000000 0.000000 0.000000
13276 -75.000000 0.000000 0.000000
13309 75.000000 0.000000 0.000000
13310 150.000000 0.000000 0.000000
13311 225.000000 0.000000 0.000000
13312 300.000000 0.000000 0.000000
13313 375.000000 0.000000 0.000000
13314 -375.000000 0.000000 0.000000
13315 -300.000000 0.000000 0.000000
13316 -225.000000 0.000000 0.000000
13317 -150.000000 0.000000 0.000000
13318 -75.000000 0.000000 0.000000
13351 75.000000 0.000000 0.000000
13352 150.000000 0.000000 0.000000
13353 225.000000 0.000000 0.000000
13354 300.000000 0.000000 0.000000
13355 375.000000 0.000000 0.000000
13356 -375.000000 0.000000 0.000000
13357 -300.000000 0.000000 0.000000
13358 -225.000000 0.000000 0.000000
13359 -150.000000 0.000000 0.000000
13360 -75.000000 0.000000 0.000000
13393 75.000000 0.000000 0.000000
13394 150.000000 0.000000 0.000000
13395 225.000000 0.000000 0.000000
13396 300.000000 0.000000 0.000000
13397 375.000000 0.000000 0.000000
13398 -375.000000 0.000000 0.000000
13399 -300.000000 0.000000 0.000000
13400 -225.000000 0.000000 0.000000
13401 -150.000000 0.000000 0.000000
13402 -75.000000 0.000000 0.000000
13435 75.000000 0.000000 0.000000
13436 150.000000 0.000000 0.000000
13437 225.000000 0.000000 0.000000
13438 300.000000 0.000000 0.000000
13439 375.000000 0.000000 0.000000
13440 -375.000000 0.000000 0.000000
13441 -300.000000 0.000000 0.000000
13442 -225.000000 0.000000 0.000000
13443 -150.000000 0.000000 0.000000
13444 -75.000000 0.000000 0.000000
13477 75.000000 0.000000 0.000000
13478 150.000000 0.000000 0.000000
13479 225.000000 0.000000 0.000000
13480 300.000000 0.000000 0.000000
13481 375.000000 0.000000 0.000000
13482 -375.000000 0.000000 0.000000
13483 -300.000000 0.000000 0.000000
13484 -225.000000 0.000000 0.000000
13485 -150.000000 0.000000 0.000000
13486 -75.000000 0.000000 0.000000
13519 75.000000 0.000000 0.000000
13520 150.000000 0.000000 0.000000
13521 225.000000 0.000000 0.000000
13522 300.000000 0.000000 0.000000
13523 375.000000 0.000000 0.000000
13524 -375.000000 0.000000 0.000000
13525 -300.000000 0.000000 0.000000
13526 -225.000000 0.000000 0.000000
13527 -150.000000 0.000000 0.000000
13528 -75.000000 0.000000 0.000000
13561 75.000000 0.000000 0.000000
13562 150.000000 0.000000 0.000000
13563 225.000000 0.000000 0.000000
13564 300.000000 0.000000 0.000000
13565 375.000000 0.000000 0.000000
13566 -375.000000 0.000000 0.000000
13567 -300.000000 0.000000 0.000000
13568 -225.000000 0.000000 0.000000
13569 -150.000000 0.000000 0.000000
13570 -75.000000 0.000000 0.000000
13603 75.000000 0.000000 0.000000
13604 150.000000 0.000000 0.000000
13605 225.000000 0.000000 0.000000
13606 300.000000 0.000000 0.000000
13607 375.000000 0.000000 0.000000
13608 -375.000000 0.000000 0.000000
13609 -300.000000 0.000000 0.000000
13610 -225.000000 0.000000 0.000000
13611 -150.000000 0.000000 0.000000
13612 -75.000000 0.000000 0.000000
13645 75.000000 0.000000 0.000000
13646 150.000000 0.000000 0.000000
13647 225.000000 0.000000 0.000000
13648 300.000000 0.000000 0.000000
13649 375.000000 0.000000 0.000000
13650 -375.000000 0.000000 0.000000
13651 -300.000000 0.000000 0.000000
13652 -225.000000 0.000000 0.000000
13653 -150.000000 0.000000 0.000000
13654 -75.000000 0.000000 0.000000
13687 75.000000 0.000000 0.000000
13688 150.000000 0.000000 0.000000
13689 225.000000 0.000000 0.000000
13690 300.000000 0.000000 0.000000
13691 375.000000 0.000000 0.000000
13692 -375.000000 0.000000 0.000000
13693 -300.000000 0.000000 0.000000
13694 -225.000000 0.000000 0.000000
13695 -150.000000 0.000000 0.000000
13696 -75.000000 0.000000 0.000000
13729 75.000000 0.000000 0.000000
13730 150.000000 0.000000 0.000000
13731 225.000000 0.000000 0.000000
13732 300.000000 0.000000 0.000000
13733 375.000000 0.000000 0.000000
13734 -375.000000 0.000000 0.000000
13735 -300.000000 0.000000 0.000000
13736 -225.000000 0.000000 0.000000
13737 -150.000000 0.000000 0.000000
13738 -75.000000 0.000000 0.000000
13771 75.000000 0.000000 0.000000
13772 150.000000 0.000000 0.000000
13773 225.000000 0.000000 0.000000
13774 300.000000 0.000000 0.000000
13775 375.000000 0.000000 0.000000
13776 -375.000000 0.000000 0.000000
13777 -300.000000 0.000000 0.000000
13778 -225.000000 0.000000 0.000000
13779 -150.000000 0.000000 0.000000
13780 -75.000000 0.000000 0.000000
13813 75.000000 0.000000 0.000000
13814 150.000000 0.000000 0.000000
13815 225.000000 0.000000 0.000000
13816 300.000000 0.000000 0.000000
13817 375.000000 0.000000 0.000000
13818 -375.000000 0.000000 0.000000
13819 -300.000000 0.000000 0.000000
13820 -225.000000 0.000000 0.000000
13821 -150.000000 0.000000 0.000000
13822 -75.000000 0.000000 0.000000
13855 75.000000 0.000000 0.000000
13856 150.000000 0.000000 0.000000
13857 225.000000 0.000000 0.000000
13858 300.000000 0.000000 0.000000
13859 375.000000 0.000000 0.000000
13860 -375.000000 0.000000 0.000000
13861 -300.000000 0.000000 0.000000
13862 -225.000000 0.000000 0.000000
13863 -150.000000 0.000000 0.000000
13864 -75.000000 0.000000 0.000000
13897 75.000000 0.000000 0.000000
13898 150.000000 0.000000 0.000000
13899 225.000000 0.000000 0.000000
13900 300.000000 0.000000 0.000000
13901 375.000000 0.000000 0.000000
13902 -375.000000 75.000000 0.000000
13903 -300.000000 75.000000 0.000000
13904 -225.000000 75.000000 0.000000
13905 -150.000000 75.000000 0.000000
13906 -75.000000 75.000000 0.000000
13907 0.000000 75.000000 0.000000
13908 0.000000 75.000000 0.000000
13909 0.000000 75.000000 0.000000
13910 0.000000 75.000000 0.000000
13911 0.000000 75.000000 0.000000
13912 0.000000 75.000000 0.000000
13913 0.000000 75.000000 0.000000
13914 0.000000 75.000000 0.000000
13915 0.000000 75.000000 0.000000
13916 0.000000 75.000000 0.000000
13917 0.000000 75.000000 0.000000
13918 0.000000 75.000000 0.000000
13919 0.000000 75.000000 0.000000
13920 0.000000 75.000000 0.000000
13921 0.000000 75.000000 0.000000
13922 0.000000 75.000000 0.000000
13923 0.000000 75.000000 0.000000
13924 0.000000 75.000000 0.000000
13925 0.000000 75.000000 0.000000
13926 0.000000 75.000000 0.000000
13927 0.000000 75.000000 0.000000
13928 0.000000 75.000000 0.000000
13929 0.000000 75.000000 0.000000
13930 0.000000 75.000000 0.000000
13931 0.000000 75.000000 0.000000
13932 0.000000 75.000000 0.000000
13933 0.000000 75.000000 0.000000
13934 0.000000 75.000000 0.000000
13935 0.000000 75.000000 0.000000
13936 0.000000 75.000000 0.000000
13937 0.000000 75.000000 0.000000
13938 0.000000 75.000000 0.000000
13939 75.000000 75.000000 0.000000
13940 150.000000 75.000000 0.000000
13941 225.000000 75.000000 0.000000
13942 300.000000 75.000000 0.000000
13943 375.000000 75.000000 0.000000
13944 -375.000000 150.000000 0.000000
13945 -300.000000 150.000000 0.000000
13946 -225.000000 150.000000 0.000000
13947 -150.000000 150.000000 0.000000
13948 -75.000000 150.000000 0.000000
13949 0.000000 150.000000 0.000000
13950 0.000000 150.000000 0.000000
13951 0.000000 150.000000 0.000000
13952 0.000000 150.000000 0.000000
13953 0.000000 150.000000 0.000000
13954 0.000000 150.000000 0.000000
13955 0.000000 150.000000 0.000000
13956 0.000000 150.000000 0.000000
13957 0.000000 150.000000 0.000000
13958 0.000000 150.000000 0.000000
13959 0.000000 150.000000 0.000000
13960 0.000000 150.000000 0.000000
13961 0.000000 150.000000 0.000000
13962 0.000000 150.000000 0.000000
13963 0.000000 150.000000 0.000000
13964 0.000000 150.000000 0.000000
13965 0.000000 150.000000 0.000000
13966 0.000000 150.000000 0.000000
13967 0.000000 150.000000 0.000000
13968 0.000000 150.000000 0.000000
13969 0.000000 150.000000 0.000000
13970 0.000000 150.000000 0.000000
13971 0.000000 150.000000 0.000000
13972 0.000000 150.000000 0.000000
13973 0.000000 150.000000 0.000000
13974 0.000000 150.000000 0.000000
13975 0.000000 150.000000 0.000000
13976 0.000000 150.000000 0.000000
13977 0.000000 150.000000 0.000000
13978 0.000000 150.000000 0.000000
13979 0.000000 150.000000 0.000000
13980 0.000000 150.000000 0.000000
13981 75.000000 150.000000 0.000000
13982 150.000000 150.000000 0.000000
13983 225.000000 150.000000 0.000000
13984 300.000000 150.000000 0.000000
13985 375.000000 150.000000 0.000000
13986 -375.000000 225.000000 0.000000
13987 -300.000000 225.000000 0.000000
13988 -225.000000 225.000000 0.000000
13989 -150.000000 225.000000 0.000000
13990 -75.000000 225.000000 0.000000
13991 0.000000 225.000000 0.000000
13992 0.000000 225.000000 0.000000
13993 0.000000 225.000000 0.000000
13994 0.000000 225.000000 0.000000
13995 0.000000 225.000000 0.000000
13996 0.000000 225.000000 0.000000
13997 0.000000 225.000000 0.000000
13998 0.000000 225.000000 0.000000
13999 0.000000 225.000000 0.000000
14000 0.000000 225.000000 0.000000
14001 0.000000 225.000000 0.000000
14002 0.000000 225.000000 0.000000
14003 0.000000 225.000000 0.000000
14004 0.000000 225.000000 0.000000
14005 0.000000 225.000000 0.000000
14006 0.000000 225.000000 0.000000
14007 0.000000 225.000000 0.000000
14008 0.000000 225.000000 0.000000
14009 0.000000 225.000000 0.000000
14010 0.000000 225.000000 0.000000
14011 0.000000 225.000000 0.000000
14012 0.000000 225.000000 0.000000
14013 0.000000 225.000000 0.000000
14014 0.000000 225.000000 0.000000
14015 0.000000 225.000000 0.000000
14016 0.000000 225.000000 0.000000
14017 0.000000 225.000000 0.000000
14018 0.000000 225.000000 0.000000
14019 0.000000 225.000000 0.000000
14020 0.000000 225.000000 0.000000
14021 0.000000 225.000000 0.000000
14022 0.000000 225.000000 0.000000
14023 75.000000 225.000000 0.000000
14024 150.000000 225.000000 0.000000
14025 225.000000 225.000000 0.000000
14026 300.000000 225.000000 0.000000
14027 375.000000 225.000000 0.000000
14028 -375.000000 300.000000 0.000000
14029 -300.000000 300.000000 0.000000
14030 -225.000000 300.000000 0.000000
14031 -150.000000 300.000000 0.000000
14032 -75.000000 300.000000 0.000000
14033 0.000000 300.000000 0.000000
14034 0.000000 300.000000 0.000000
14035 0.000000 300.000000 0.000000
14036 0.000000 300.000000 0.000000
14037 0.000000 300.000000 0.000000
14038 0.000000 300.000000 0.000000
14039 0.000000 300.000000 0.000000
14040 0.000000 300.000000 0.000000
14041 0.000000 300.000000 0.000000
14042 0.000000 300.000000 0.000000
14043 0.000000 300.000000 0.000000
14044 0.000000 300.000000 0.000000
14045 0.000000 300.000000 0.000000
14046 0.000000 300.000000 0.000000
14047 0.000000 300.000000 0.000000
14048 0.000000 300.000000 0.000000
14049 0.000000 300.000000 0.000000
14050 0.000000 300.000000 0.000000
14051 0.000000 300.000000 0.000000
14052 0.000000 300.000000 0.000000
14053 0.000000 300.000000 0.000000
14054 0.000000 300.000000 0.000000
14055 0.000000 300.000000 0.000000
14056 0.000000 300.000000 0.000000
14057 0.000000 300.000000 0.000000
14058 0.000000 300.000000 0.000000
14059 0.000000 300.000000 0.000000
14060 0.000000 300.000000 0.000000
14061 0.000000 300.000000 0.000000
14062 0.000000 300.000000 0.000000
14063 0.000000 300.000000 0.000000
14064 0.000000 300.000000 0.000000
14065 75.000000 300.000000 0.000000
14066 150.000000 300.000000 0.000000
14067 225.000000 300.000000 0.000000
14068 300.000000 300.000000 0.000000
14069 375.000000 300.000000 0.000000
14070 -375.000000 375.000000 0.000000
14071 -300.000000 375.000000 0.000000
14072 -225.000000 375.000000 0.000000
14073 -150.000000 375.000000 0.000000
14074 -75.000000 375.000000 0.000000
14075 0.000000 375.000000 0.000000
14076 0.000000 375.000000 0.000000
14077 0.000000 375.000000 0.000000
14078 0.000000 375.000000 0.000000
14079 0.000000 375.000000 0.000000
14080 0.000000 375.000000 0.000000
14081 0.000000 375.000000 0.000000
14082 0.000000 375.000000 0.000000
14083 0.000000 375.000000 0.000000
14084 0.000000 375.000000 0.000000
14085 0.000000 375.000000 0.000000
14086 0.000000 375.000000 0.000000
14087 0.000000 375.000000 0.000000
14088 0.000000 375.000000 0.000000
14089 0.000000 375.000000 0.000000
14090 0.000000 375.000000 0.000000
14091 0.000000 375.000000 0.000000
14092 0.000000 375.000000 0.000000
14093 0.000000 375.000000 0.000000
14094 0.000000 375.000000 0.000000
14095 0.000000 375.000000 0.000000
14096 0.000000 375.000000 0.000000
14097 0.000000 375.000000 0.000000
14098 0.000000 375.000000 0.000000
14099 0.000000 375.000000 0.000000
14100 0.000000 375.000000 0.000000
14101 0.000000 375.000000 0.000000
14102 0.000000 375.000000 0.000000
14103 0.000000 375.000000 0.000000
14104 0.000000 375.000000 0.000000
14105 0.000000 375.000000 0.000000
14106 0.000000 375.000000 0.000000
14107 75.000000 375.000000 0.000000
14108 150.000000 375.000000 0.000000
14109 225.000000 375.000000 0.000000
14110 300.000000 375.000000 0.000000
14111 375.000000 375.000000 0.000000
14112 -375.000000 -375.000000 0.000000
14113 -300.000000 -375.000000 0.000000
14114 -225.000000 -375.000000 0.000000
14115 -150.000000 -375.000000 0.000000
14116 -75.000000 -375.000000 0.000000
14117 0.000000 -375.000000 0.000000
14118 0.000000 -375.000000 0.000000
14119 0.000000 -375.000000 0.000000
14120 0.000000 -375.000000 0.000000
14121 0.000000 -375.000000 0.000000
14122 0.000000 -375.000000 0.000000
14123 0.000000 -375.000000 0.000000
14124 0.000000 -375.000000 0.000000
14125 0.000000 -375.000000 0.000000
14126 0.000000 -375.000000 0.000000
14127 0.000000 -375.000000 0.000000
14128 0.000000 -375.000000 0.000000
14129 0.000000 -375.000000 0.000000
14130 0.000000 -375.000000 0.000000
14131 0.000000 -375.000000 0.000000
14132 0.000000 -375.000000 0.000000
14133 0.000000 -375.000000 0.000000
14134 0.000000 -375.000000 0.000000
14135 0.000000 -375.000000 0.000000
14136 0.000000 -375.000000 0.000000
14137 0.000000 -375.000000 0.000000
14138 0.000000 -375.000000 0.000000
14139 0.000000 -375.000000 0.000000
14140 0.000000 -375.000000 0.000000
14141 0.000000 -375.000000 0.000000
14142 0.000000 -375.000000 0.000000
14143 0.000000 -375.000000 0.000000
14144 0.000000 -375.000000 0.000000
14145 0.000000 -375.000000 0.000000
14146 0.000000 -375.000000 0.000000
14147 0.000000 -375.000000 0.000000
14148 0.000000 -375.000000 0.000000
14149 75.000000 -375.000000 0.000000
14150 150.000000 -375.000000 0.000000
14151 225.000000 -375.000000 0.000000
14152 300.000000 -375.000000 0.000000
14153 375.000000 -375.000000 0.000000
14154 -375.000000 -300.000000 0.000000
14155 -300.000000 -300.000000 0.000000
14156 -225.000000 -300.000000 0.000000
14157 -150.000000 -300.000000 0.000000
14158 -75.000000 -300.000000 0.000000
14159 0.000000 -300.000000 0.000000
14160 0.000000 -300.000000 0.000000
14161 0.000000 -300.000000 0.000000
14162 0.000000 -300.000000 0.000000
14163 0.000000 -300.000000 0.000000
14164 0.000000 -300.000000 0.000000
14165 0.000000 -300.000000 0.000000
14166 0.000000 -300.000000 0.000000
14167 0.000000 -300.000000 0.000000
14168 0.000000 -300.000000 0.000000
14169 0.000000 -300.000000 0.000000
14170 0.000000 -300.000000 0.000000
14171 0.000000 -300.000000 0.000000
14172 0.000000 -300.000000 0.000000
14173 0.000000 -300.000000 0.000000
14174 0.000000 -300.000000 0.000000
14175 0.000000 -300.000000 0.000000
14176 0.000000 -300.000000 0.000000
14177 0.000000 -300.000000 0.000000
14178 0.000000 -300.000000 0.000000
14179 0.000000 -300.000000 0.000000
14180 0.000000 -300.000000 0.000000
14181 0.000000 -300.000000 0.000000
14182 0.000000 -300.000000 0.000000
14183 0.000000 -300.000000 0.000000
14184 0.000000 -300.000000 0.000000
14185 0.000000 -300.000000 0.000000
14186 0.000000 -300.000000 0.000000
14187 0.000000 -300.000000 0.000000
14188 0.000000 -300.000000 0.000000
14189 0.000000 -300.000000 0.000000
14190 0.000000 -300.000000 0.000000
14191 75.000000 -300.000000 0.000000
14192 150.000000 -300.000000 0.000000
14193 225.000000 -300.000000 0.000000
14194 300.000000 -300.000000 0.000000
14195 375.000000 -300.000000 0.000000
14196 -375.000000 -225.000000 0.000000
14197 -300.000000 -225.000000 0.000000
14198 -225.000000 -225.000000 0.000000
14199 -150.000000 -225.000000 0.000000
14200 -75.000000 -225.000000 0.000000
14201 0.000000 -225.000000 0.000000
14202 0.000000 -225.000000 0.000000
14203 0.000000 -225.000000 0.000000
14204 0.000000 -225.000000 0.000000
14205 0.000000 -225.000000 0.000000
14206 0.000000 -225.000000 0.000000
14207 0.000000 -225.000000 0.000000
14208 0.000000 -225.000000 0.000000
14209 0.000000 -225.000000 0.000000
14210 0.000000 -225.000000 0.000000
14211 0.000000 -225.000000 0.000000
14212 0.000000 -225.000000 0.000000
14213 0.000000 -225.000000 0.000000
14214 0.000000 -225.000000 0.000000
14215 0.000000 -225.000000 0.000000
14216 0.000000 -225.000000 0.000000
14217 0.000000 -225.000000 0.000000
14218 0.000000 -225.000000 0.000000
14219 0.000000 -225.000000 0.000000
14220 0.000000 -225.000000 0.000000
14221 0.000000 -225.000000 0.000000
14222 0.000000 -225.000000 0.000000
14223 0.000000 -225.000000 0.000000
14224 0.000000 -225.000000 0.000000
14225 0.000000 -225.000000 0.000000
14226 0.000000 -225.000000 0.000000
14227 0.000000 -225.000000 0.000000
14228 0.000000 -225.000000 0.000000
14229 0.000000 -225.000000 0.000000
14230 0.000000 -225.000000 0.000000
14231 0.000000 -225.000000 0.000000
14232 0.000000 -225.000000 0.000000
14233 75.000000 -225.000000 0.000000
14234 150.000000 -225.000000 0.000000
14235 225.000000 -225.000000 0.000000
14236 300.000000 -225.000000 0.000000
14237 375.000000 -225.000000 0.000000
14238 -375.000000 -150.000000 0.000000
14239 -300.000000 -150.000000 0.000000
14240 -225.000000 -150.000000 0.000000
14241 -150.000000 -150.000000 0.000000
14242 -75.000000 -150.000000 0.000000
14243 0.000000 -150.000000 0.000000
14244 0.000000 -150.000000 0.000000
14245 0.000000 -150.000000 0.000000
14246 0.000000 -150.000000 0.000000
14247 0.000000 -150.000000 0.000000
14248 0.000000 -150.000000 0.000000
14249 0.000000 -150.000000 0.000000
14250 0.000000 -150.000000 0.000000
14251 0.000000 -150.000000 0.000000
14252 0.000000 -150.000000 0.000000
14253 0.000000 -150.000000 0.000000
14254 0.000000 -150.000000 0.000000
14255 0.000000 -150.000000 0.000000
14256 0.000000 -150.000000 0.000000
14257 0.000000 -150.000000 0.000000
14258 0.000000 -150.000000 0.000000
14259 0.000000 -150.000000 0.000000
14260 0.000000 -150.000000 0.000000
14261 0.000000 -150.000000 0.000000
14262 0.000000 -150.000000 0.000000
14263 0.000000 -150.000000 0.000000
14264 0.000000 -150.000000 0.000000
14265 0.000000 -150.000000 0.000000
14266 0.000000 -150.000000 0.000000
14267 0.000000 -150.000000 0.000000
14268 0.000000 -150.000000 0.000000
14269 0.000000 -150.000000 0.000000
14270 0.000000 -150.000000 0.000000
14271 0.000000 -150.000000 0.000000
14272 0.000000 -150.000000 0.000000
14273 0.000000 -150.000000 0.000000
14274 0.000000 -150.000000 0.000000
14275 75.000000 -150.000000 0.000000
14276 150.000000 -150.000000 0.000000
14277 225.000000 -150.000000 0.000000
14278 300.000000 -150.000000 0.000000
14279 375.000000 -150.000000 0.000000
14280 -375.000000 -75.000000 0.000000
14281 -300.000000 -75.000000 0.000000
14282 -225.000000 -75.000000 0.000000
14283 -150.000000 -75.000000 0.000000
14284 -75.000000 -75.000000 0.000000
14285 0.000000 -75.000000 0.000000
14286 0.000000 -75.000000 0.000000
14287 0.000000 -75.000000 0.000000
14288 0.000000 -75.000000 0.000000
14289 0.000000 -75.000000 0.000000
14290 0.000000 -75.000000 0.000000
14291 0.000000 -75.000000 0.000000
14292 0.000000 -75.000000 0.000000
14293 0.000000 -75.000000 0.000000
14294 0.000000 -75.000000 0.000000
14295 0.000000 -75.000000 0.000000
14296 0.000000 -75.000000 0.000000
14297 0.000000 -75.000000 0.000000
14298 0.000000 -75.000000 0.000000
14299 0.000000 -75.000000 0.000000
14300 0.000000 -75.000000 0.000000
14301 0.000000 -75.000000 0.000000
14302 0.000000 -75.000000 0.000000
14303 0.000000 -75.000000 0.000000
14304 0.000000 -75.000000 0.000000
14305 0.000000 -75.000000 0.000000
14306 0.000000 -75.000000 0.000000
14307 0.000000 -75.000000 0.000000
14308 0.000000 -75.000000 0.000000
14309 0.000000 -75.000000 0.000000
14310 0.000000 -75.000000 0.000000
14311 0.000000 -75.000000 0.000000
14312 0.000000 -75.000000 0.000000
14313 0.000000 -75.000000 0.000000
14314 0.000000 -75.000000 0.000000
14315 0.000000 -75.000000 0.000000
14316 0.000000 -75.000000 0.000000
14317 75.000000 -75.000000 0.000000
14318 150.000000 -75.000000 0.000000
14319 225.000000 -75.000000 0.000000
14320 300.000000 -75.000000 0.000000
14321 375.000000 -75.000000 0.000000
14322 -375.000000 0.000000 0.000000
14323 -300.000000 0.000000 0.000000
14324 -225.000000 0.000000 0.000000
14325 -150.000000 0.000000 0.000000
14326 -75.000000 0.000000 0.000000
14359 75.000000 0.000000 0.000000
14360 150.000000 0.000000 0.000000
14361 225.000000 0.000000 0.000000
14362 300.000000 0.000000 0.000000
14363 375.000000 0.000000 0.000000
14364 -375.000000 0.000000 0.000000
14365 -300.000000 0.000000 0.000000
14366 -225.000000 0.000000 0.000000
14367 -150.000000 0.000000 0.000000
14368 -75.000000 0.000000 0.000000
14401 75.000000 0.000000 0.000000
14402 150.000000 0.000000 0.000000
14403 225.000000 0.000000 0.000000
14404 300.000000 0.000000 0.000000
14405 375.000000 0.000000 0.000000
14406 -375.000000 0.000000 0.000000
14407 -300.000000 0.000000 0.000000
14408 -225.000000 0.000000 0.000000
14409 -150.000000 0.000000 0.000000
14410 -75.000000 0.000000 0.000000
14443 75.000000 0.000000 0.000000
14444 150.000000 0.000000 0.000000
14445 225.000000 0.000000 0.000000
14446 300.000000 0.000000 0.000000
14447 375.000000 0.000000 0.000000
14448 -375.000000 0.000000 0.000000
14449 -300.000000 0.000000 0.000000
14450 -225.000000 0.000000 0.000000
14451 -150.000000 0.000000 0.000000
14452 -75.000000 0.000000 0.000000
14485 75.000000 0.000000 0.000000
14486 150.000000 0.000000 0.000000
14487 225.000000 0.000000 0.000000
14488 300.000000 0.000000 0.000000
14489 375.000000 0.000000 0.000000
14490 -375.000000 0.000000 0.000000
14491 -300.000000 0.000000 0.000000
14492 -225.000000 0.000000 0.000000
14493 -150.000000 0.000000 0.000000
14494 -75.000000 0.000000 0.000000
14527 75.000000 0.000000 0.000000
14528 150.000000 0.000000 0.000000
14529 225.000000 0.000000 0.000000
14530 300.000000 0.000000 0.000000
14531 375.000000 0.000000 0.000000
14532 -375.000000 0.000000 0.000000
14533 -300.000000 0.000000 0.000000
14534 -225.000000 0.000000 0.000000
14535 -150.000000 0.000000 0.000000
14536 -75.000000 0.000000 0.000000
14569 75.000000 0.000000 0.000000
14570 150.000000 0.000000 0.000000
14571 225.000000 0.000000 0.000000
14572 300.000000 0.000000 0.000000
14573 375.000000 0.000000 0.000000
14574 -375.000000 0.000000 0.000000
14575 -300.000000 0.000000 0.000000
14576 -225.000000 0.000000 0.000000
14577 -150.000000 0.000000 0.000000
14578 -75.000000 0.000000 0.000000
14611 75.000000 0.000000 0.000000
14612 150.000000 0.000000 0.000000
14613 225.000000 0.000000 0.000000
14614 300.000000 0.000000 0.000000
14615 375.000000 0.000000 0.000000
14616 -375.000000 0.000000 0.000000
14617 -300.000000 0.000000 0.000000
14618 -225.000000 0.000000 0.000000
14619 -150.000000 0.000000 0.000000
14620 -75.000000 0.000000 0.000000
14653 75.000000 0.000000 0.000000
14654 150.000000 0.000000 0.000000
14655 225.000000 0.000000 0.000000
14656 300.000000 0.000000 0.000000
14657 375.000000 0.000000 0.000000
14658 -375.000000 0.000000 0.000000
14659 -300.000000 0.000000 0.000000
14660 -225.000000 0.000000 0.000000
14661 -150.000000 0.000000 0.000000
14662 -75.000000 0.000000 0.000000
14695 75.000000 0.000000 0.000000
14696 150.000000 0.000000 0.000000
14697 225.000000 0.000000 0.000000
14698 300.000000 0.000000 0.000000
14699 375.000000 0.000000 0.000000
14700 -375.000000 0.000000 0.000000
14701 -300.000000 0.000000 0.000000
14702 -225.000000 0.000000 0.000000
14703 -150.000000 0.000000 0.000000
14704 -75.000000 0.000000 0.000000
14737 75.000000 0.000000 0.000000
14738 150.000000 0.000000 0.000000
14739 225.000000 0.000000 0.000000
14740 300.000000 0.000000 0.000000
14741 375.000000 0.000000 0.000000
14742 -375.000000 0.000000 0.000000
14743 -300.000000 0.000000 0.000000
14744 -225.000000 0.000000 0.000000
14745 -150.000000 0.000000 0.000000
14746 -75.000000 0.000000 0.000000
14779 75.000000 0.000000 0.000000
14780 150.000000 0.000000 0.000000
14781 225.000000 0.000000 0.000000
14782 300.000000 0.000000 0.000000
14783 375.000000 0.000000 0.000000
14784 -375.000000 0.000000 0.000000
14785 -300.000000 0.000000 0.000000
14786 -225.000000 0.000000 0.000000
14787 -150.000000 0.000000 0.000000
14788 -75.000000 0.000000 0.000000
14821 75.000000 0.000000 0.000000
14822 150.000000 0.000000 0.000000
14823 225.000000 0.000000 0.000000
14824 300.000000 0.000000 0.000000
14825 375.000000 0.000000 0.000000
14826 -375.000000 0.000000 0.000000
14827 -300.000000 0.000000 0.000000
14828 -225.000000 0.000000 0.000000
14829 -150.000000 0.000000 0.000000
14830 -75.000000 0.000000 0.000000
14863 75.000000 0.000000 0.000000
14864 150.000000 0.000000 0.000000
14865 225.000000 0.000000 0.000000
14866 300.000000 0.000000 0.000000
14867 375.000000 0.000000 0.000000
14868 -375.000000 0.000000 0.000000
14869 -300.000000 0.000000 0.000000
14870 -225.000000 0.000000 0.000000
14871 -150.000000 0.000000 0.000000
14872 -75.000000 0.000000 0.000000
14905 75.000000 0.000000 0.000000
14906 150.000000 0.000000 0.000000
14907 225.000000 0.000000 0.000000
14908 300.000000 0.000000 0.000000
14909 375.000000 0.000000 0.000000
14910 -375.000000 0.000000 0.000000
14911 -300.000000 0.000000 0.000000
14912 -225.000000 0.000000 0.000000
14913 -150.000000 0.000000 0.000000
14914 -75.000000 0.000000 0.000000
14947 75.000000 0.000000 0.000000
14948 150.000000 0.000000 0.000000
14949 225.000000 0.000000 0.000000
14950 300.000000 0.000000 0.000000
14951 375.000000 0.000000 0.000000
14952 -375.000000 0.000000 0.000000
14953 -300.000000 0.000000 0.000000
14954 -225.000000 0.000000 0.000000
14955 -150.000000 0.000000 0.000000
14956 -75.000000 0.000000 0.000000
14989 75.000000 0.000000 0.000000
14990 150.000000 0.000000 0.000000
14991 225.000000 0.000000 0.000000
14992 300.000000 0.000000 0.000000
14993 375.000000 0.000000 0.000000
14994 -375.000000 0.000000 0.000000
14995 -300.000000 0.000000 0.000000
14996 -225.000000 0.000000 0.000000
14997 -150.000000 0.000000 0.000000
14998 -75.000000 0.000000 0.000000
15031 75.000000 0.000000 0.000000
15032 150.000000 0.000000 0.000000
15033 225.000000 0.000000 0.000000
15034 300.000000 0.000000 0.000000
15035 375.000000 0.000000 0.000000
15036 -375.000000 0.000000 0.000000
15037 -300.000000 0.000000 0.000000
15038 -225.000000 0.000000 0.000000
15039 -150.000000 0.000000 0.000000
15040 -75.000000 0.000000 0.000000
15073 75.000000 0.000000 0.000000
15074 150.000000 0.000000 0.000000
15075 225.000000 0.000000 0.000000
15076 300.000000 0.000000 0.000000
15077 375.000000 0.000000 0.000000
15078 -375.000000 0.000000 0.000000
15079 -300.000000 0.000000 0.000000
15080 -225.000000 0.000000 0.000000
15081 -150.000000 0.000000 0.000000
15082 -75.000000 0.000000 0.000000
15115 75.000000 0.000000 0.000000
15116 150.000000 0.000000 0.000000
15117 225.000000 0.000000 0.000000
15118 300.000000 0.000000 0.000000
15119 375.000000 0.000000 0.000000
15120 -375.000000 0.000000 0.000000
15121 -300.000000 0.000000 0.000000
15122 -225.000000 0.000000 0.000000
15123 -150.000000 0.000000 0.000000
15124 -75.000000 0.000000 0.000000
15157 75.000000 0.000000 0.000000
15158 150.000000 0.000000 0.000000
15159 225.000000 0.000000 0.000000
15160 300.000000 0.000000 0.000000
15161 375.000000 0.000000 0.000000
15162 -375.000000 0.000000 0.000000
15163 -300.000000 0.000000 0.000000
15164 -225.000000 0.000000 0.000000
15165 -150.000000 0.000000 0.000000
15166 -75.000000 0.000000 0.000000
15199 75.000000 0.000000 0.000000
15200 150.000000 0.000000 0.000000
15201 225.000000 0.000000 0.000000
15202 300.000000 0.000000 0.000000
15203 375.000000 0.000000 0.000000
15204 -375.000000 0.000000 0.000000
15205 -300.000000 0.000000 0.000000
15206 -225.000000 0.000000 0.000000
15207 -150.000000 0.000000 0.000000
15208 -75.000000 0.000000 0.000000
15241 75.000000 0.000000 0.000000
15242 150.000000 0.000000 0.000000
15243 225.000000 0.000000 0.000000
15244 300.000000 0.000000 0.000000
15245 375.000000 0.000000 0.000000
15246 -375.000000 0.000000 0.000000
15247 -300.000000 0.000000 0.000000
15248 -225.000000 0.000000 0.000000
15249 -150.000000 0.000000 0.000000
15250 -75.000000 0.000000 0.000000
15283 75.000000 0.000000 0.000000
15284 150.000000 0.000000 0.000000
15285 225.000000 0.000000 0.000000
15286 300.000000 0.000000 0.000000
15287 375.000000 0.000000 0.000000
15288 -375.000000 0.000000 0.000000
15289 -300.000000 0.000000 0.000000
15290 -225.000000 0.000000 0.000000
15291 -150.000000 0.000000 0.000000
15292 -75.000000 0.000000 0.000000
15325 75.000000 0.000000 0.000000
15326 150.000000 0.000000 0.000000
15327 225.000000 0.000000 0.000000
15328 300.000000 0.000000 0.000000
15329 375.000000 0.000000 0.000000
15330 -375.000000 0.000000 0.000000
15331 -300.000000 0.000000 0.000000
15332 -225.000000 0.000000 0.000000
15333 -150.000000 0.000000 0.000000
15334 -75.000000 0.000000 0.000000
15367 75.000000 0.000000 0.000000
15368 150.000000 0.000000 0.000000
15369 225.000000 0.000000 0.000000
15370 300.000000 0.000000 0.000000
15371 375.000000 0.000000 0.000000
15372 -375.000000 0.000000 0.000000
15373 -300.000000 0.000000 0.000000
15374 -225.000000 0.000000 0.000000
15375 -150.000000 0.000000 0.000000
15376 -75.000000 0.000000 0.000000
15409 75.000000 0.000000 0.000000
15410 150.000000 0.000000 0.000000
15411 225.000000 0.000000 0.000000
15412 300.000000 0.000000 0.000000
15413 375.000000 0.000000 0.000000
15414 -375.000000 0.000000 0.000000
15415 -300.000000 0.000000 0.000000
15416 -225.000000 0.000000 0.000000
15417 -150.000000 0.000000 0.000000
15418 -75.000000 0.000000 0.000000
15451 75.000000 0.000000 0.000000
15452 150.000000 0.000000 0.000000
15453 225.000000 0.000000 0.000000
15454 300.000000 0.000000 0.000000
15455 375.000000 0.000000 0.000000
15456 -375.000000 0.000000 0.000000
15457 -300.000000 0.000000 0.000000
15458 -225.000000 0.000000 0.000000
15459 -150.000000 0.000000 0.000000
15460 -75.000000 0.000000 0.000000
15493 75.000000 0.000000 0.000000
15494 150.000000 0.000000 0.000000
15495 225.000000 0.000000 0.000000
15496 300.000000 0.000000 0.000000
15497 375.000000 0.000000 0.000000
15498 -375.000000 0.000000 0.000000
15499 -300.000000 0.000000 0.000000
15500 -225.000000 0.000000 0.000000
15501 -150.000000 0.000000 0.000000
15502 -75.000000 0.000000 0.000000
15535 75.000000 0.000000 0.000000
15536 150.000000 0.000000 0.000000
15537 225.000000 0.000000 0.000000
15538 300.000000 0.000000 0.000000
15539 375.000000 0.000000 0.000000
15540 -375.000000 0.000000 0.000000
15541 -300.000000 0.000000 0.000000
15542 -225.000000 0.000000 0.000000
15543 -150.000000 0.000000 0.000000
15544 -75.000000 0.000000 0.000000
15577 75.000000 0.000000 0.000000
15578 150.000000 0.000000 0.000000
15579 225.000000 0.000000 0.000000
15580 300.000000 0.000000 0.000000
15581 375.000000 0.000000 0.000000
15582 -375.000000 0.000000 0.000000
15583 -300.000000 0.000000 0.000000
15584 -225.000000 0.000000 0.000000
15585 -150.000000 0.000000 0.000000
15586 -75.000000 0.000000 0.000000
15619 75.000000 0.000000 0.000000
15620 150.000000 0.000000 0.000000
15621 225.000000 0.000000 0.000000
15622 300.000000 0.000000 0.000000
15623 375.000000 0.000000 0.000000
15624 -375.000000 0.000000 0.000000
15625 -300.000000 0.000000 0.000000
15626 -225.000000 0.000000 0.000000
15627 -150.000000 0.000000 0.000000
15628 -75.000000 0.000000 0.000000
15661 75.000000 0.000000 0.000000
15662 150.000000 0.000000 0.000000
15663 225.000000 0.000000 0.000000
15664 300.000000 0.000000 0.000000
15665 375.000000 0.000000 0.000000
15666 -375.000000 75.000000 0.000000
15667 -300.000000 75.000000 0.000000
15668 -225.000000 75.000000 0.000000
15669 -150.000000 75.000000 0.000000
15670 -75.000000 75.000000 0.000000
15671 0.000000 75.000000 0.000000
15672 0.000000 75.000000 0.000000
15673 0.000000 75.000000 0.000000
15674 0.000000 75.000000 0.000000
15675 0.000000 75.000000 0.000000
15676 0.000000 75.000000 0.000000
15677 0.000000 75.000000 0.000000
15678 0.000000 75.000000 0.000000
15679 0.000000 75.000000 0.000000
15680 0.000000 75.000000 0.000000
15681 0.000000 75.000000 0.000000
15682 0.000000 75.000000 0.000000
15683 0.000000 75.000000 0.000000
15684 0.000000 75.000000 0.000000
15685 0.000000 75.000000 0.000000
15686 0.000000 75.000000 0.000000
15687 0.000000 75.000000 0.000000
15688 0.000000 75.000000 0.000000
15689 0.000000 75.000000 0.000000
15690 0.000000 75.000000 0.000000
15691 0.000000 75.000000 0.000000
15692 0.000000 75.000000 0.000000
15693 0.000000 75.000000 0.000000
15694 0.000000 75.000000 0.000000
15695 0.000000 75.000000 0.000000
15696 0.000000 75.000000 0.000000
15697 0.000000 75.000000 0.000000
15698 0.000000 75.000000 0.000000
15699 0.000000 75.000000 0.000000
15700 0.000000 75.000000 0.000000
15701 0.000000 75.000000 0.000000
15702 0.000000 75.000000 0.000000
15703 75.000000 75.000000 0.000000
15704 150.000000 75.000000 0.000000
15705 225.000000 75.000000 0.000000
15706 300.000000 75.000000 0.000000
15707 375.000000 75.000000 0.000000
15708 -375.000000 150.000000 0.000000
15709 -300.000000 150.000000 0.000000
15710 -225.000000 150.000000 0.000000
15711 -150.000000 150.000000 0.000000
15712 -75.000000 150.000000 0.000000
15713 0.000000 150.000000 0.000000
15714 0.000000 150.000000 0.000000
15715 0.000000 150.000000 0.000000
15716 0.000000 150.000000 0.000000
15717 0.000000 150.000000 0.000000
15718 0.000000 150.000000 0.000000
15719 0.000000 150.000000 0.000000
15720 0.000000 150.000000 0.000000
15721 0.000000 150.000000 0.000000
15722 0.000000 150.000000 0.000000
15723 0.000000 150.000000 0.000000
15724 0.000000 150.000000 0.000000
15725 0.000000 150.000000 0.000000
15726 0.000000 150.000000 0.000000
15727 0.000000 150.000000 0.000000
15728 0.000000 150.000000 0.000000
15729 0.000000 150.000000 0.000000
15730 0.000000 150.000000 0.000000
15731 0.000000 150.000000 0.000000
15732 0.000000 150.000000 0.000000
15733 0.000000 150.000000 0.000000
15734 0.000000 150.000000 0.000000
15735 0.000000 150.000000 0.000000
15736 0.000000 150.000000 0.000000
15737 0.000000 150.000000 0.000000
15738 0.000000 150.000000 0.000000
15739 0.000000 150.000000 0.000000
15740 0.000000 150.000000 0.000000
15741 0.000000 150.000000 0.000000
15742 0.000000 150.000000 0.000000
15743 0.000000 150.000000 0.000000
15744 0.000000 150.000000 0.000000
15745 75.000000 150.000000 0.000000
15746 150.000000 150.000000 0.000000
15747 225.000000 150.000000 0.000000
15748 300.000000 150.000000 0.000000
15749 375.000000 150.000000 0.000000
15750 -375.000000 225.000000 0.000000
15751 -300.000000 225.000000 0.000000
15752 -225.000000 225.000000 0.000000
15753 -150.000000 225.000000 0.000000
15754 -75.000000 225.000000 0.000000
15755 0.000000 225.000000 0.000000
15756 0.000000 225.000000 0.000000
15757 0.000000 225.000000 0.000000
15758 0.000000 225.000000 0.000000
15759 0.000000 225.000000 0.000000
15760 0.000000 225.000000 0.000000
15761 0.000000 225.000000 0.000000
15762 0.000000 225.000000 0.000000
15763 0.000000 225.000000 0.000000
15764 0.000000 225.000000 0.000000
15765 0.000000 225.000000 0.000000
15766 0.000000 225.000000 0.000000
15767 0.000000 225.000000 0.000000
15768 0.000000 225.000000 0.000000
15769 0.000000 225.000000 0.000000
15770 0.000000 225.000000 0.000000
15771 0.000000 225.000000 0.000000
15772 0.000000 225.000000 0.000000
15773 0.000000 225.000000 0.000000
15774 0.000000 225.000000 0.000000
15775 0.000000 225.000000 0.000000
15776 0.000000 225.000000 0.000000
15777 0.000000 225.000000 0.000000
15778 0.000000 225.000000 0.000000
15779 0.000000 225.000000 0.000000
15780 0.000000 225.000000 0.000000
15781 0.000000 225.000000 0.000000
15782 0.000000 225.000000 0.000000
15783 0.000000 225.000000 0.000000
15784 0.000000 225.000000 0.000000
15785 0.000000 225.000000 0.000000
15786 0.000000 225.000000 0.000000
15787 75.000000 225.000000 0.000000
15788 150.000000 225.000000 0.000000
15789 225.000000 225.000000 0.000000
15790 300.000000 225.000000 0.000000
15791 375.000000 225.000000 0.000000
15792 -375.000000 300.000000 0.000000
15793 -300.000000 300.000000 0.000000
15794 -225.000000 300.000000 0.000000
15795 -150.000000 300.000000 0.000000
15796 -75.000000 300.000000 0.000000
15797 0.000000 300.000000 0.000000
15798 0.000000 300.000000 0.000000
15799 0.000000 300.000000 0.000000
15800 0.000000 300.000000 0.000000
15801 0.000000 300.000000 0.000000
15802 0.000000 300.000000 0.000000
15803 0.000000 300.000000 0.000000
15804 0.000000 300.000000 0.000000
15805 0.000000 300.000000 0.000000
15806 0.000000 300.000000 0.000000
15807 0.000000 300.000000 0.000000
15808 0.000000 300.000000 0.000000
15809 0.000000 300.000000 0.000000
15810 0.000000 300.000000 0.000000
15811 0.000000 300.000000 0.000000
15812 0.000000 300.000000 0.000000
15813 0.000000 300.000000 0.000000
15814 0.000000 300.000000 0.000000
15815 0.000000 300.000000 0.000000
15816 0.000000 300.000000 0.000000
15817 0.000000 300.000000 0.000000
15818 0.000000 300.000000 0.000000
15819 0.000000 300.000000 0.000000
15820 0.000000 300.000000 0.000000
15821 0.000000 300.000000 0.000000
15822 0.000000 300.000000 0.000000
15823 0.000000 300.000000 0.000000
15824 0.000000 300.000000 0.000000
15825 0.000000 300.000000 0.000000
15826 0.000000 300.000000 0.000000
15827 0.000000 300.000000 0.000000
15828 0.000000 300.000000 0.000000
15829 75.000000 300.000000 0.000000
15830 150.000000 300.000000 0.000000
15831 225.000000 300.000000 0.000000
15832 300.000000 300.000000 0.000000
15833 375.000000 300.000000 0.000000
15834 -375.000000 375.000000 0.000000
15835 -300.000000 375.000000 0.000000
15836 -225.000000 375.000000 0.000000
15837 -150.000000 375.000000 0.000000
15838 -75.000000 375.000000 0.000000
15839 0.000000 375.000000 0.000000
15840 0.000000 375.000000 0.000000
15841 0.000000 375.000000 0.000000
15842 0.000000 375.000000 0.000000
15843 0.000000 375.000000 0.000000
15844 0.000000 375.000000 0.000000
15845 0.000000 375.000000 0.000000
15846 0.000000 375.000000 0.000000
15847 0.000000 375.000000 0.000000
15848 0.000000 375.000000 0.000000
15849 0.000000 375.000000 0.000000
15850 0.000000 375.000000 0.000000
15851 0.000000 375.000000 0.000000
15852 0.000000 375.000000 0.000000
15853 0.000000 375.000000 0.000000
15854 0.000000 375.000000 0.000000
15855 0.000000 375.000000 0.000000
15856 0.000000 375.000000 0.000000
15857 0.000000 375.000000 0.000000
15858 0.000000 375.000000 0.000000
15859 0.000000 375.000000 0.000000
15860 0.000000 375.000000 0.000000
15861 0.000000 375.000000 0.000000
15862 0.000000 375.000000 0.000000
15863 0.000000 375.000000 0.000000
15864 0.000000 375.000000 0.000000
15865 0.000000 375.000000 0.000000
15866 0.000000 375.000000 0.000000
15867 0.000000 375.000000 0.000000
15868 0.000000 375.000000 0.000000
15869 0.000000 375.000000 0.000000
15870 0.000000 375.000000 0.000000
15871 75.000000 375.000000 0.000000
15872 150.000000 375.000000 0.000000
15873 225.000000 375.000000 0.000000
15874 300.000000 375.000000 0.000000
15875 375.000000 375.000000 0.000000
15876 -375.000000 -375.000000 0.000000
15877 -300.000000 -375.000000 0.000000
15878 -225.000000 -375.000000 0.000000
15879 -150.000000 -375.000000 0.000000
15880 -75.000000 -375.000000 0.000000
15881 0.000000 -375.000000 0.000000
15882 0.000000 -375.000000 0.000000
15883 0.000000 -375.000000 0.000000
15884 0.000000 -375.000000 0.000000
15885 0.000000 -375.000000 0.000000
15886 0.000000 -375.000000 0.000000
15887 0.000000 -375.000000 0.000000
15888 0.000000 -375.000000 0.000000
15889 0.000000 -375.000000 0.000000
15890 0.000000 -375.000000 0.000000
15891 0.000000 -375.000000 0.000000
15892 0.000000 -375.000000 0.000000
15893 0.000000 -375.000000 0.000000
15894 0.000000 -375.000000 0.000000
15895 0.000000 -375.000000 0.000000
15896 0.000000 -375.000000 0.000000
15897 0.000000 -375.000000 0.000000
15898 0.000000 -375.000000 0.000000
15899 0.000000 -375.000000 0.000000
15900 0.000000 -375.000000 0.000000
15901 0.000000 -375.000000 0.000000
15902 0.000000 -375.000000 0.000000
15903 0.000000 -375.000000 0.000000
15904 0.000000 -375.000000 0.000000
15905 0.000000 -375.000000 0.000000
15906 0.000000 -375.000000 0.000000
15907 0.000000 -375.000000 0.000000
15908 0.000000 -375.000000 0.000000
15909 0.000000 -375.000000 0.000000
15910 0.000000 -375.000000 0.000000
15911 0.000000 -375.000000 0.000000
15912 0.000000 -375.000000 0.000000
15913 75.000000 -375.000000 0.000000
15914 150.000000 -375.000000 0.000000
15915 225.000000 -375.000000 0.000000
15916 300.000000 -375.000000 0.000000
15917 375.000000 -375.000000 0.000000
15918 -375.000000 -300.000000 0.000000
15919 -300.000000 -300.000000 0.000000
15920 -225.000000 -300.000000 0.000000
15921 -150.000000 -300.000000 0.000000
15922 -75.000000 -300.000000 0.000000
15923 0.000000 -300.000000 0.000000
15924 0.000000 -300.000000 0.000000
15925 0.000000 -300.000000 0.000000
15926 0.000000 -300.000000 0.000000
15927 0.000000 -300.000000 0.000000
15928 0.000000 -300.000000 0.000000
15929 0.000000 -300.000000 0.000000
15930 0.000000 -300.000000 0.000000
15931 0.000000 -300.000000 0.000000
15932 0.000000 -300.000000 0.000000
15933 0.000000 -300.000000 0.000000
15934 0.000000 -300.000000 0.000000
15935 0.000000 -300.000000 0.000000
15936 0.000000 -300.000000 0.000000
15937 0.000000 -300.000000 0.000000
15938 0.000000 -300.000000 0.000000
15939 0.000000 -300.000000 0.000000
15940 0.000000 -300.000000 0.000000
15941 0.000000 -300.000000 0.000000
15942 0.000000 -300.000000 0.000000
15943 0.000000 -300.000000 0.000000
15944 0.000000 -300.000000 0.000000
15945 0.000000 -300.000000 0.000000
15946 0.000000 -300.000000 0.000000
15947 0.000000 -300.000000 0.000000
15948 0.000000 -300.000000 0.000000
15949 0.000000 -300.000000 0.000000
15950 0.000000 -300.000000 0.000000
15951 0.000000 -300.000000 0.000000
15952 0.000000 -300.000000 0.000000
15953 0.000000 -300.000000 0.000000
15954 0.000000 -300.000000 0.000000
15955 75.000000 -300.000000 0.000000
15956 150.000000 -300.000000 0.000000
15957 225.000000 -300.000000 0.000000
15958 300.000000 -300.000000 0.000000
15959 375.000000 -300.000000 0.000000
15960 -375.000000 -225.000000 0.000000
15961 -300.000000 -225.000000 0.000000
15962 -225.000000 -225.000000 0.000000
15963 -150.000000 -225.000000 0.000000
15964 -75.000000 -225.000000 0.000000
15965 0.000000 -225.000000 0.000000
15966 0.000000 -225.000000 0.000000
15967 0.000000 -225.000000 0.000000
15968 0.000000 -225.000000 0.000000
15969 0.000000 -225.000000 0.000000
15970 0.000000 -225.000000 0.000000
15971 0.000000 -225.000000 0.000000
15972 0.000000 -225.000000 0.000000
15973 0.000000 -225.000000 0.000000
15974 0.000000 -225.000000 0.000000
15975 0.000000 -225.000000 0.000000
15976 0.000000 -225.000000 0.000000
15977 0.000000 -225.000000 0.000000
15978 0.000000 -225.000000 0.000000
15979 0.000000 -225.000000 0.000000
15980 0.000000 -225.000000 0.000000
15981 0.000000 -225.000000 0.000000
15982 0.000000 -225.000000 0.000000
15983 0.000000 -225.000000 0.000000
15984 0.000000 -225.000000 0.000000
15985 0.000000 -225.000000 0.000000
15986 0.000000 -225.000000 0.000000
15987 0.000000 -225.000000 0.000000
15988 0.000000 -225.000000 0.000000
15989 0.000000 -225.000000 0.000000
15990 0.000000 -225.000000 0.000000
15991 0.000000 -225.000000 0.000000
15992 0.000000 -225.000000 0.000000
15993 0.000000 -225.000000 0.000000
15994 0.000000 -225.000000 0.000000
15995 0.000000 -225.000000 0.000000
15996 0.000000 -225.000000 0.000000
15997 75.000000 -225.000000 0.000000
15998 150.000000 -225.000000 0.000000
15999 225.000000 -225.000000 0.000000
16000 300.000000 -225.000000 0.000000
16001 375.000000 -225.000000 0.000000
16002 -375.000000 -150.000000 0.000000
16003 -300.000000 -150.000000 0.000000
16004 -225.000000 -150.000000 0.000000
16005 -150.000000 -150.000000 0.000000
16006 -75.000000 -150.000000 0.000000
16007 0.000000 -150.000000 0.000000
16008 0.000000 -150.000000 0.000000
16009 0.000000 -150.000000 0.000000
16010 0.000000 -150.000000 0.000000
16011 0.000000 -150.000000 0.000000
16012 0.000000 -150.000000 0.000000
16013 0.000000 -150.000000 0.000000
16014 0.000000 -150.000000 0.000000
16015 0.000000 -150.000000 0.000000
16016 0.000000 -150.000000 0.000000
16017 0.000000 -150.000000 0.000000
16018 0.000000 -150.000000 0.000000
16019 0.000000 -150.000000 0.000000
16020 0.000000 -150.000000 0.000000
16021 0.000000 -150.000000 0.000000
16022 0.000000 -150.000000 0.000000
16023 0.000000 -150.000000 0.000000
16024 0.000000 -150.000000 0.000000
16025 0.000000 -150.000000 0.000000
16026 0.000000 -150.000000 0.000000
16027 0.000000 -150.000000 0.000000
16028 0.000000 -150.000000 0.000000
16029 0.000000 -150.000000 0.000000
16030 0.000000 -150.000000 0.000000
16031 0.000000 -150.000000 0.000000
16032 0.000000 -150.000000 0.000000
16033 0.000000 -150.000000 0.000000
16034 0.000000 -150.000000 0.000000
16035 0.000000 -150.000000 0.000000
16036 0.000000 -150.000000 0.000000
16037 0.000000 -150.000000 0.000000
16038 0.000000 -150.000000 0.000000
16039 75.000000 -150.000000 0.000000
16040 150.000000 -150.000000 0.000000
16041 225.000000 -150.000000 0.000000
16042 300.000000 -150.000000 0.000000
16043 375.000000 -150.000000 0.000000
16044 -375.000000 -75.000000 0.000000
16045 -300.000000 -75.000000 0.000000
16046 -225.000000 -75.000000 0.000000
16047 -150.000000 -75.000000 0.000000
16048 -75.000000 -75.000000 0.000000
16049 0.000000 -75.000000 0.000000
16050 0.000000 -75.000000 0.000000
16051 0.000000 -75.000000 0.000000
16052 0.000000 -75.000000 0.000000
16053 0.000000 -75.000000 0.000000
16054 0.000000 -75.000000 0.000000
16055 0.000000 -75.000000 0.000000
16056 0.000000 -75.000000 0.000000
16057 0.000000 -75.000000 0.000000
16058 0.000000 -75.000000 0.000000
16059 0.000000 -75.000000 0.000000
16060 0.000000 -75.000000 0.000000
16061 0.000000 -75.000000 0.000000
16062 0.000000 -75.000000 0.000000
16063 0.000000 -75.000000 0.000000
16064 0.000000 -75.000000 0.000000
16065 0.000000 -75.000000 0.000000
16066 0.000000 -75.000000 0.000000
16067 0.000000 -75.000000 0.000000
16068 0.000000 -75.000000 0.000000
16069 0.000000 -75.000000 0.000000
16070 0.000000 -75.000000 0.000000
16071 0.000000 -75.000000 0.000000
16072 0.000000 -75.000000 0.000000
16073 0.000000 -75.000000 0.000000
16074 0.000000 -75.000000 0.000000
16075 0.000000 -75.000000 0.000000
16076 0.000000 -75.000000 0.000000
16077 0.000000 -75.000000 0.000000
16078 0.000000 -75.000000 0.000000
16079 0.000000 -75.000000 0.000000
16080 0.000000 -75.000000 0.000000
16081 75.000000 -75.000000 0.000000
16082 150.000000 -75.000000 0.000000
16083 225.000000 -75.000000 0.000000
16084 300.000000 -75.000000 0.000000
16085 375.000000 -75.000000 0.000000
16086 -375.000000 0.000000 0.000000
16087 -300.000000 0.000000 0.000000
16088 -225.000000 0.000000 0.000000
16089 -150.000000 0.000000 0.000000
16090 -75.000000 0.000000 0.000000
16123 75.000000 0.000000 0.000000
16124 150.000000 0.000000 0.000000
16125 225.000000 0.000000 0.000000
16126 300.000000 0.000000 0.000000
16127 375.000000 0.000000 0.000000
16128 -375.000000 0.000000 0.000000
16129 -300.000000 0.000000 0.000000
16130 -225.000000 0.000000 0.000000
16131 -150.000000 0.000000 0.000000
16132 -75.000000 0.000000 0.000000
16165 75.000000 0.000000 0.000000
16166 150.000000 0.000000 0.000000
16167 225.000000 0.000000 0.000000
16168 300.000000 0.000000 0.000000
16169 375.000000 0.000000 0.000000
16170 -375.000000 0.000000 0.000000
16171 -300.000000 0.000000 0.000000
16172 -225.000000 0.000000 0.000000
16173 -150.000000 0.000000 0.000000
16174 -75.000000 0.000000 0.000000
16207 75.000000 0.000000 0.000000
16208 150.000000 0.000000 0.000000
16209 225.000000 0.000000 0.000000
16210 300.000000 0.000000 0.000000
16211 375.000000 0.000000 0.000000
16212 -375.000000 0.000000 0.000000
16213 -300.000000 0.000000 0.000000
16214 -225.000000 0.000000 0.000000
16215 -150.000000 0.000000 0.000000
16216 -75.000000 0.000000 0.000000
16249 75.000000 0.000000 0.000000
16250 150.000000 0.000000 0.000000
16251 225.000000 0.000000 0.000000
16252 300.000000 0.000000 0.000000
16253 375.000000 0.000000 0.000000
16254 -375.000000 0.000000 0.000000
16255 -300.000000 0.000000 0.000000
16256 -225.000000 0.000000 0.000000
16257 -150.000000 0.000000 0.000000
16258 -75.000000 0.000000 0.000000
16291 75.000000 0.000000 0.000000
16292 150.000000 0.000000 0.000000
16293 225.000000 0.000000 0.000000
16294 300.000000 0.000000 0.000000
16295 375.000000 0.000000 0.000000
16296 -375.000000 0.000000 0.000000
16297 -300.000000 0.000000 0.000000
16298 -225.000000 0.000000 0.000000
16299 -150.000000 0.000000 0.000000
16300 -75.000000 0.000000 0.000000
16333 75.000000 0.000000 0.000000
16334 150.000000 0.000000 0.000000
16335 225.000000 0.000000 0.000000
16336 300.000000 0.000000 0.000000
16337 375.000000 0.000000 0.000000
16338 -375.000000 0.000000 0.000000
16339 -300.000000 0.000000 0.000000
16340 -225.000000 0.000000 0.000000
16341 -150.000000 0.000000 0.000000
16342 -75.000000 0.000000 0.000000
16375 75.000000 0.000000 0.000000
16376 150.000000 0.000000 0.000000
16377 225.000000 0.000000 0.000000
16378 300.000000 0.000000 0.000000
16379 375.000000 0.000000 0.000000
16380 -375.000000 0.000000 0.000000
16381 -300.000000 0.000000 0.000000
16382 -225.000000 0.000000 0.000000
16383 -150.000000 0.000000 0.000000
16384 -75.000000 0.000000 0.000000
16417 75.000000 0.000000 0.000000
16418 150.000000 0.000000 0.000000
16419 225.000000 0.000000 0.000000
16420 300.000000 0.000000 0.000000
16421 375.000000 0.000000 0.000000
16422 -375.000000 0.000000 0.000000
16423 -300.000000 0.000000 0.000000
16424 -225.000000 0.000000 0.000000
16425 -150.000000 0.000000 0.000000
16426 -75.000000 0.000000 0.000000
16459 75.000000 0.000000 0.000000
16460 150.000000 0.000000 0.000000
16461 225.000000 0.000000 0.000000
16462 300.000000 0.000000 0.000000
16463 375.000000 0.000000 0.000000
16464 -375.000000 0.000000 0.000000
16465 -300.000000 0.000000 0.000000
16466 -225.000000 0.000000 0.000000
16467 -150.000000 0.000000 0.000000
16468 -75.000000 0.000000 0.000000
16501 75.000000 0.000000 0.000000
16502 150.000000 0.000000 0.000000
16503 225.000000 0.000000 0.000000
16504 300.000000 0.000000 0.000000
16505 375.000000 0.000000 0.000000
16506 -375.000000 0.000000 0.000000
16507 -300.000000 0.000000 0.000000
16508 -225.000000 0.000000 0.000000
16509 -150.000000 0.000000 0.000000
16510 -75.000000 0.000000 0.000000
16543 75.000000 0.000000 0.000000
16544 150.000000 0.000000 0.000000
16545 225.000000 0.000000 0.000000
16546 300.000000 0.000000 0.000000
16547 375.000000 0.000000 0.000000
16548 -375.000000 0.000000 0.000000
16549 -300.000000 0.000000 0.000000
16550 -225.000000 0.000000 0.000000
16551 -150.000000 0.000000 0.000000
16552 -75.000000 0.000000 0.000000
16585 75.000000 0.000000 0.000000
16586 150.000000 0.000000 0.000000
16587 225.000000 0.000000 0.000000
16588 300.000000 0.000000 0.000000
16589 375.000000 0.000000 0.000000
16590 -375.000000 0.000000 0.000000
16591 -300.000000 0.000000 0.000000
16592 -225.000000 0.000000 0.000000
16593 -150.000000 0.000000 0.000000
16594 -75.000000 0.000000 0.000000
16627 75.000000 0.000000 0.000000
16628 150.000000 0.000000 0.000000
16629 225.000000 0.000000 0.000000
16630 300.000000 0.000000 0.000000
16631 375.000000 0.000000 0.000000
16632 -375.000000 0.000000 0.000000
16633 -300.000000 0.000000 0.000000
16634 -225.000000 0.000000 0.000000
16635 -150.000000 0.000000 0.000000
16636 -75.000000 0.000000 0.000000
16669 75.000000 0.000000 0.000000
16670 150.000000 0.000000 0.000000
16671 225.000000 0.000000 0.000000
16672 300.000000 0.000000 0.000000
16673 375.000000 0.000000 0.000000
16674 -375.000000 0.000000 0.000000
16675 -300.000000 0.000000 0.000000
16676 -225.000000 0.000000 0.000000
16677 -150.000000 0.000000 0.000000
16678 -75.000000 0.000000 0.000000
16711 75.000000 0.000000 0.000000
16712 150.000000 0.000000 0.000000
16713 225.000000 0.000000 0.000000
16714 300.000000 0.000000 0.000000
16715 375.000000 0.000000 0.000000
16716 -375.000000 0.000000 0.000000
16717 -300.000000 0.000000 0.000000
16718 -225.000000 0.000000 0.000000
16719 -150.000000 0.000000 0.000000
16720 -75.000000 0.000000 0.000000
16753 75.000000 0.000000 0.000000
16754 150.000000 0.000000 0.000000
16755 225.000000 0.000000 0.000000
16756 300.000000 0.000000 0.000000
16757 375.000000 0.000000 0.000000
16758 -375.000000 0.000000 0.000000
16759 -300.000000 0.000000 0.000000
16760 -225.000000 0.000000 0.000000
16761 -150.000000 0.000000 0.000000
16762 -75.000000 0.000000 0.000000
16795 75.000000 0.000000 0.000000
16796 150.000000 0.000000 0.000000
16797 225.000000 0.000000 0.000000
16798 300.000000 0.000000 0.000000
16799 375.000000 0.000000 0.000000
16800 -375.000000 0.000000 0.000000
16801 -300.000000 0.000000 0.000000
16802 -225.000000 0.000000 0.000000
16803 -150.000000 0.000000 0.000000
16804 -75.000000 0.000000 0.000000
16837 75.000000 0.000000 0.000000
16838 150.000000 0.000000 0.000000
16839 225.000000 0.000000 0.000000
16840 300.000000 0.000000 0.000000
16841 375.000000 0.000000 0.000000
16842 -375.000000 0.000000 0.000000
16843 -300.000000 0.000000 0.000000
16844 -225.000000 0.000000 0.000000
16845 -150.000000 0.000000 0.000000
16846 -75.000000 0.000000 0.000000
16879 75.000000 0.000000 0.000000
16880 150.000000 0.000000 0.000000
16881 225.000000 0.000000 0.000000
16882 300.000000 0.000000 0.000000
16883 375.000000 0.000000 0.000000
16884 -375.000000 0.000000 0.000000
16885 -300.000000 0.000000 0.000000
16886 -225.000000 0.000000 0.000000
16887 -150.000000 0.000000 0.000000
16888 -75.000000 0.000000 0.000000
16921 75.000000 0.000000 0.000000
16922 150.000000 0.000000 0.000000
16923 225.000000 0.000000 0.000000
16924 300.000000 0.000000 0.000000
16925 375.000000 0.000000 0.000000
16926 -375.000000 0.000000 0.000000
16927 -300.000000 0.000000 0.000000
16928 -225.000000 0.000000 0.000000
16929 -150.000000 0.000000 0.000000
16930 -75.000000 0.000000 0.000000
16963 75.000000 0.000000 0.000000
16964 150.000000 0.000000 0.000000
16965 225.000000 0.000000 0.000000
16966 300.000000 0.000000 0.000000
16967 375.000000 0.000000 0.000000
16968 -375.000000 0.000000 0.000000
16969 -300.000000 0.000000 0.000000
16970 -225.000000 0.000000 0.000000
16971 -150.000000 0.000000 0.000000
16972 -75.000000 0.000000 0.000000
17005 75.000000 0.000000 0.000000
17006 150.000000 0.000000 0.000000
17007 225.000000 0.000000 0.000000
17008 300.000000 0.000000 0.000000
17009 375.000000 0.000000 0.000000
17010 -375.000000 0.000000 0.000000
17011 -300.000000 0.000000 0.000000
17012 -225.000000 0.000000 0.000000
17013 -150.000000 0.000000 0.000000
17014 -75.000000 0.000000 0.000000
17047 75.000000 0.000000 0.000000
17048 150.000000 0.000000 0.000000
17049 225.000000 0.000000 0.000000
17050 300.000000 0.000000 0.000000
17051 375.000000 0.000000 0.000000
17052 -375.000000 0.000000 0.000000
17053 -300.000000 0.000000 0.000000
17054 -225.000000 0.000000 0.000000
17055 -150.000000 0.000000 0.000000
17056 -75.000000 0.000000 0.000000
17089 75.000000 0.000000 0.000000
17090 150.000000 0.000000 0.000000
17091 225.000000 0.000000 0.000000
17092 300.000000 0.000000 0.000000
17093 375.000000 0.000000 0.000000
17094 -375.000000 0.000000 0.000000
17095 -300.000000 0.000000 0.000000
17096 -225.000000 0.000000 0.000000
17097 -150.000000 0.000000 0.000000
17098 -75.000000 0.000000 0.000000
17131 75.000000 0.000000 0.000000
17132 150.000000 0.000000 0.000000
17133 225.000000 0.000000 0.000000
17134 300.000000 0.000000 0.000000
17135 375.000000 0.000000 0.000000
17136 -375.000000 0.000000 0.000000
17137 -300.000000 0.000000 0.000000
17138 -225.000000 0.000000 0.000000
17139 -150.000000 0.000000 0.000000
17140 -75.000000 0.000000 0.000000
17173 75.000000 0.000000 0.000000
17174 150.000000 0.000000 0.000000
17175 225.000000 0.000000 0.000000
17176 300.000000 0.000000 0.000000
17177 375.000000 0.000000 0.000000
17178 -375.000000 0.000000 0.000000
17179 -300.000000 0.000000 0.000000
17180 -225.000000 0.000000 0.000000
17181 -150.000000 0.000000 0.000000
17182 -75.000000 0.000000 0.000000
17215 75.000000 0.000000 0.000000
17216 150.000000 0.000000 0.000000
17217 225.000000 0.000000 0.000000
17218 300.000000 0.000000 0.000000
17219 375.000000 0.000000 0.000000
17220 -375.000000 0.000000 0.000000
17221 -300.000000 0.000000 0.000000
17222 -225.000000 0.000000 0.000000
17223 -150.000000 0.000000 0.000000
17224 -75.000000 0.000000 0.000000
17257 75.000000 0.000000 0.000000
17258 150.000000 0.000000 0.000000
17259 225.000000 0.000000 0.000000
17260 300.000000 0.000000 0.000000
17261 375.000000 0.000000 0.000000
17262 -375.000000 0.000000 0.000000
17263 -300.000000 0.000000 0.000000
17264 -225.000000 0.000000 0.000000
17265 -150.000000 0.000000 0.000000
17266 -75.000000 0.000000 0.000000
17299 75.000000 0.000000 0.000000
17300 150.000000 0.000000 0.000000
17301 225.000000 0.000000 0.000000
17302 300.000000 0.000000 0.000000
17303 375.000000 0.000000 0.000000
17304 -375.000000 0.000000 0.000000
17305 -300.000000 0.000000 0.000000
17306 -225.000000 0.000000 0.000000
17307 -150.000000 0.000000 0.000000
17308 -75.000000 0.000000 0.000000
17341 75.000000 0.000000 0.000000
17342 150.000000 0.000000 0.000000
17343 225.000000 0.000000 0.000000
17344 300.000000 0.000000 0.000000
17345 375.000000 0.000000 0.000000
17346 -375.000000 0.000000 0.000000
17347 -300.000000 0.000000 0.000000
17348 -225.000000 0.000000 0.000000
17349 -150.000000 0.000000 0.000000
17350 -75.000000 0.000000 0.000000
17383 75.000000 0.000000 0.000000
17384 150.000000 0.000000 0.000000
17385 225.000000 0.000000 0.000000
17386 300.000000 0.000000 0.000000
17387 375.000000 0.000000 0.000000
17388 -375.000000 0.000000 0.000000
17389 -300.000000 0.000000 0.000000
17390 -225.000000 0.000000 0.000000
17391 -150.000000 0.000000 0.000000
17392 -75.000000 0.000000 0.000000
17425 75.000000 0.000000 0.000000
17426 150.000000 0.000000 0.000000
17427 225.000000 0.000000 0.000000
17428 300.000000 0.000000 0.000000
17429 375.000000 0.000000 0.000000
17430 -375.000000 75.000000 0.000000
17431 -300.000000 75.000000 0.000000
17432 -225.000000 75.000000 0.000000
17433 -150.000000 75.000000 0.000000
17434 -75.000000 75.000000 0.000000
17435 0.000000 75.000000 0.000000
17436 0.000000 75.000000 0.000000
17437 0.000000 75.000000 0.000000
17438 0.000000 75.000000 0.000000
17439 0.000000 75.000000 0.000000
17440 0.000000 75.000000 0.000000
17441 0.000000 75.000000 0.000000
17442 0.000000 75.000000 0.000000
17443 0.000000 75.000000 0.000000
17444 0.000000 75.000000 0.000000
17445 0.000000 75.000000 0.000000
17446 0.000000 75.000000 0.000000
17447 0.000000 75.000000 0.000000
17448 0.000000 75.000000 0.000000
17449 0.000000 75.000000 0.000000
17450 0.000000 75.000000 0.000000
17451 0.000000 75.000000 0.000000
17452 0.000000 75.000000 0.000000
17453 0.000000 75.000000 0.000000
17454 0.000000 75.000000 0.000000
17455 0.000000 75.000000 0.000000
17456 0.000000 75.000000 0.000000
17457 0.000000 75.000000 0.000000
17458 0.000000 75.000000 0.000000
17459 0.000000 75.000000 0.000000
17460 0.000000 75.000000 0.000000
17461 0.000000 75.000000 0.000000
17462 0.000000 75.000000 0.000000
17463 0.000000 75.000000 0.000000
17464 0.000000 75.000000 0.000000
17465 0.000000 75.000000 0.000000
17466 0.000000 75.000000 0.000000
17467 75.000000 75.000000 0.000000
17468 150.000000 75.000000 0.000000
17469 225.000000 75.000000 0.000000
17470 300.000000 75.000000 0.000000
17471 375.000000 75.000000 0.000000
17472 -375.000000 150.000000 0.000000
17473 -300.000000 150.000000 0.000000
17474 -225.000000 150.000000 0.000000
17475 -150.000000 150.000000 0.000000
17476 -75.000000 150.000000 0.000000
17477 0.000000 150.000000 0.000000
17478 0.000000 150.000000 0.000000
17479 0.000000 150.000000 0.000000
17480 0.000000 150.000000 0.000000
17481 0.000000 150.000000 0.000000
17482 0.000000 150.000000 0.000000
17483 0.000000 150.000000 0.000000
17484 0.000000 150.000000 0.000000
17485 0.000000 150.000000 0.000000
17486 0.000000 150.000000 0.000000
17487 0.000000 150.000000 0.000000
17488 0.000000 150.000000 0.000000
17489 0.000000 150.000000 0.000000
17490 0.000000 150.000000 0.000000
17491 0.000000 150.000000 0.000000
17492 0.000000 150.000000 0.000000
17493 0.000000 150.000000 0.000000
17494 0.000000 150.000000 0.000000
17495 0.000000 150.000000 0.000000
17496 0.000000 150.000000 0.000000
17497 0.000000 150.000000 0.000000
17498 0.000000 150.000000 0.000000
17499 0.000000 150.000000 0.000000
17500 0.000000 150.000000 0.000000
17501 0.000000 150.000000 0.000000
17502 0.000000 150.000000 0.000000
17503 0.000000 150.000000 0.000000
17504 0.000000 150.000000 0.000000
17505 0.000000 150.000000 0.000000
17506 0.000000 150.000000 0.000000
17507 0.000000 150.000000 0.000000
17508 0.000000 150.000000 0.000000
17509 75.000000 150.000000 0.000000
17510 150.000000 150.000000 0.000000
17511 225.000000 150.000000 0.000000
17512 300.000000 150.000000 0.000000
17513 375.000000 150.000000 0.000000
17514 -375.000000 225.000000 0.000000
17515 -300.000000 225.000000 0.000000
17516 -225.000000 225.000000 0.000000
17517 -150.000000 225.000000 0.000000
17518 -75.000000 225.000000 0.000000
17519 0.000000 225.000000 0.000000
17520 0.000000 225.000000 0.000000
17521 0.000000 225.000000 0.000000
17522 0.000000 225.000000 0.000000
17523 0.000000 225.000000 0.000000
17524 0.000000 225.000000 0.000000
17525 0.000000 225.000000 0.000000
17526 0.000000 225.000000 0.000000
17527 0.000000 225.000000 0.000000
17528 0.000000 225.000000 0.000000
17529 0.000000 225.000000 0.000000
17530 0.000000 225.000000 0.000000
17531 0.000000 225.000000 0.000000
17532 0.000000 225.000000 0.000000
17533 0.000000 225.000000 0.000000
17534 0.000000 225.000000 0.000000
17535 0.000000 225.000000 0.000000
17536 0.000000 225.000000 0.000000
17537 0.000000 225.000000 0.000000
17538 0.000000 225.000000 0.000000
17539 0.000000 225.000000 0.000000
17540 0.000000 225.000000 0.000000
17541 0.000000 225.000000 0.000000
17542 0.000000 225.000000 0.000000
17543 0.000000 225.000000 0.000000
17544 0.000000 225.000000 0.000000
17545 0.000000 225.000000 0.000000
17546 0.000000 225.000000 0.000000
17547 0.000000 225.000000 0.000000
17548 0.000000 225.000000 0.000000
17549 0.000000 225.000000 0.000000
17550 0.000000 225.000000 0.000000
17551 75.000000 225.000000 0.000000
17552 150.000000 225.000000 0.000000
17553 225.000000 225.000000 0.000000
17554 300.000000 225.000000 0.000000
17555 375.000000 225.000000 0.000000
17556 -375.000000 300.000000 0.000000
17557 -300.000000 300.000000 0.000000
17558 -225.000000 300.000000 0.000000
17559 -150.000000 300.000000 0.000000
17560 -75.000000 300.000000 0.000000
17561 0.000000 300.000000 0.000000
17562 0.000000 300.000000 0.000000
17563 0.000000 300.000000 0.000000
17564 0.000000 300.000000 0.000000
17565 0.000000 300.000000 0.000000
17566 0.000000 300.000000 0.000000
17567 0.000000 300.000000 0.000000
17568 0.000000 300.000000 0.000000
17569 0.000000 300.000000 0.000000
17570 0.000000 300.000000 0.000000
17571 0.000000 300.000000 0.000000
17572 0.000000 300.000000 0.000000
17573 0.000000 300.000000 0.000000
17574 0.000000 300.000000 0.000000
17575 0.000000 300.000000 0.000000
17576 0.000000 300.000000 0.000000
17577 0.000000 300.000000 0.000000
17578 0.000000 300.000000 0.000000
17579 0.000000 300.000000 0.000000
17580 0.000000 300.000000 0.000000
17581 0.000000 300.000000 0.000000
17582 0.000000 300.000000 0.000000
17583 0.000000 300.000000 0.000000
17584 0.000000 300.000000 0.000000
17585 0.000000 300.000000 0.000000
17586 0.000000 300.000000 0.000000
17587 0.000000 300.000000 0.000000
17588 0.000000 300.000000 0.000000
17589 0.000000 300.000000 0.000000
17590 0.000000 300.000000 0.000000
17591 0.000000 300.000000 0.000000
17592 0.000000 300.000000 0.000000
17593 75.000000 300.000000 0.000000
17594 150.000000 300.000000 0.000000
17595 225.000000 300.000000 0.000000
17596 300.000000 300.000000 0.000000
17597 375.000000 300.000000 0.000000
17598 -375.000000 375.000000 0.000000
17599 -300.000000 375.000000 0.000000
17600 -225.000000 375.000000 0.000000
17601 -150.000000 375.000000 0.000000
17602 -75.000000 375.000000 0.000000
17603 0.000000 375.000000 0.000000
17604 0.000000 375.000000 0.000000
17605 0.000000 375.000000 0.000000
17606 0.000000 375.000000 0.000000
17607 0.000000 375.000000 0.000000
17608 0.000000 375.000000 0.000000
17609 0.000000 375.000000 0.000000
17610 0.000000 375.000000 0.000000
17611 0.000000 375.000000 0.000000
17612 0.000000 375.000000 0.000000
17613 0.000000 375.000000 0.000000
17614 0.000000 375.000000 0.000000
17615 0.000000 375.000000 0.000000
17616 0.000000 375.000000 0.000000
17617 0.000000 375.000000 0.000000
17618 0.000000 375.000000 0.000000
17619 0.000000 375.000000 0.000000
17620 0.000000 375.000000 0.000000
17621 0.000000 375.000000 0.000000
17622 0.000000 375.000000 0.000000
17623 0.000000 375.000000 0.000000
17624 0.000000 375.000000 0.000000
17625 0.000000 375.000000 0.000000
17626 0.000000 375.000000 0.000000
17627 0.000000 375.000000 0.000000
17628 0.000000 375.000000 0.000000
17629 0.000000 375.000000 0.000000
17630 0.000000 375.000000 0.000000
17631 0.000000 375.000000 0.000000
17632 0.000000 375.000000 0.000000
17633 0.000000 375.000000 0.000000
17634 0.000000 375.000000 0.000000
17635 75.000000 375.000000 0.000000
17636 150.000000 375.000000 0.000000
17637 225.000000 375.000000 0.000000
17638 300.000000 375.000000 0.000000
17639 375.000000 375.000000 0.000000
17640 -375.000000 -375.000000 0.000000
17641 -300.000000 -375.000000 0.000000
17642 -225.000000 -375.000000 0.000000
17643 -150.000000 -375.000000 0.000000
17644 -75.000000 -375.000000 0.000000
17645 0.000000 -375.000000 0.000000
17646 0.000000 -375.000000 0.000000
17647 0.000000 -375.000000 0.000000
17648 0.000000 -375.000000 0.000000
17649 0.000000 -375.000000 0.000000
17650 0.000000 -375.000000 0.000000
17651 0.000000 -375.000000 0.000000
17652 0.000000 -375.000000 0.000000
17653 0.000000 -375.000000 0.000000
17654 0.000000 -375.000000 0.000000
17655 0.000000 -375.000000 0.000000
17656 0.000000 -375.000000 0.000000
17657 0.000000 -375.000000 0.000000
17658 0.000000 -375.000000 0.000000
17659 0.000000 -375.000000 0.000000
17660 0.000000 -375.000000 0.000000
17661 0.000000 -375.000000 0.000000
17662 0.000000 -375.000000 0.000000
17663 0.000000 -375.000000 0.000000
17664 0.000000 -375.000000 0.000000
17665 0.000000 -375.000000 0.000000
17666 0.000000 -375.000000 0.000000
17667 0.000000 -375.000000 0.000000
17668 0.000000 -375.000000 0.000000
17669 0.000000 -375.000000 0.000000
17670 0.000000 -375.000000 0.000000
17671 0.000000 -375.000000 0.000000
17672 0.000000 -375.000000 0.000000
17673 0.000000 -375.000000 0.000000
17674 0.000000 -375.000000 0.000000
17675 0.000000 -375.000000 0.000000
17676 0.000000 -375.000000 0.000000
17677 75.000000 -375.000000 0.000000
17678 150.000000 -375.000000 0.000000
17679 225.000000 -375.000000 0.000000
17680 300.000000 -375.000000 0.000000
17681 375.000000 -375.000000 0.000000
17682 -375.000000 -300.000000 0.000000
17683 -300.000000 -300.000000 0.000000
17684 -225.000000 -300.000000 0.000000
17685 -150.000000 -300.000000 0.000000
17686 -75.000000 -300.000000 0.000000
17687 0.000000 -300.000000 0.000000
17688 0.000000 -300.000000 0.000000
17689 0.000000 -300.000000 0.000000
17690 0.000000 -300.000000 0.000000
17691 0.000000 -300.000000 0.000000
17692 0.000000 -300.000000 0.000000
17693 0.000000 -300.000000 0.000000
17694 0.000000 -300.000000 0.000000
17695 0.000000 -300.000000 0.000000
17696 0.000000 -300.000000 0.000000
17697 0.000000 -300.000000 0.000000
17698 0.000000 -300.000000 0.000000
17699 0.000000 -300.000000 0.000000
17700 0.000000 -300.000000 0.000000
17701 0.000000 -300.000000 0.000000
17702 0.000000 -300.000000 0.000000
17703 0.000000 -300.000000 0.000000
17704 0.000000 -300.000000 0.000000
17705 0.000000 -300.000000 0.000000
17706 0.000000 -300.000000 0.000000
17707 0.000000 -300.000000 0.000000
17708 0.000000 -300.000000 0.000000
17709 0.000000 -300.000000 0.000000
17710 0.000000 -300.000000 0.000000
17711 0.000000 -300.000000 0.000000
17712 0.000000 -300.000000 0.000000
17713 0.000000 -300.000000 0.000000
17714 0.000000 -300.000000 0.000000
17715 0.000000 -300.000000 0.000000
17716 0.000000 -300.000000 0.000000
17717 0.000000 -300.000000 0.000000
17718 0.000000 -300.000000 0.000000
17719 75.000000 -300.000000 0.000000
17720 150.000000 -300.000000 0.000000
17721 225.000000 -300.000000 0.000000
17722 300.000000 -300.000000 0.000000
17723 375.000000 -300.000000 0.000000
17724 -375.000000 -225.000000 0.000000
17725 -300.000000 -225.000000 0.000000
17726 -225.000000 -225.000000 0.000000
17727 -150.000000 -225.000000 0.000000
17728 -75.000000 -225.000000 0.000000
17729 0.000000 -225.000000 0.000000
17730 0.000000 -225.000000 0.000000
17731 0.000000 -225.000000 0.000000
17732 0.000000 -225.000000 0.000000
17733 0.000000 -225.000000 0.000000
17734 0.000000 -225.000000 0.000000
17735 0.000000 -225.000000 0.000000
17736 0.000000 -225.000000 0.000000
17737 0.000000 -225.000000 0.000000
17738 0.000000 -225.000000 0.000000
17739 0.000000 -225.000000 0.000000
17740 0.000000 -225.000000 0.000000
17741 0.000000 -225.000000 0.000000
17742 0.000000 -225.000000 0.000000
17743 0.000000 -225.000000 0.000000
17744 0.000000 -225.000000 0.000000
17745 0.000000 -225.000000 0.000000
17746 0.000000 -225.000000 0.000000
17747 0.000000 -225.000000 0.000000
17748 0.000000 -225.000000 0.000000
17749 0.000000 -225.000000 0.000000
17750 0.000000 -225.000000 0.000000
17751 0.000000 -225.000000 0.000000
17752 0.000000 -225.000000 0.000000
17753 0.000000 -225.000000 0.000000
17754 0.000000 -225.000000 0.000000
17755 0.000000 -225.000000 0.000000
17756 0.000000 -225.000000 0.000000
17757 0.000000 -225.000000 0.000000
17758 0.000000 -225.000000 0.000000
17759 0.000000 -225.000000 0.000000
17760 0.000000 -225.000000 0.000000
17761 75.000000 -225.000000 0.000000
17762 150.000000 -225.000000 0.000000
17763 225.000000 -225.000000 0.000000
17764 300.000000 -225.000000 0.000000
17765 375.000000 -225.000000 0.000000
17766 -375.000000 -150.000000 0.000000
17767 -300.000000 -150.000000 0.000000
17768 -225.000000 -150.000000 0.000000
17769 -150.000000 -150.000000 0.000000
17770 -75.000000 -150.000000 0.000000
17771 0.000000 -150.000000 0.000000
17772 0.000000 -150.000000 0.000000
17773 0.000000 -150.000000 0.000000
17774 0.000000 -150.000000 0.000000
17775 0.000000 -150.000000 0.000000
17776 0.000000 -150.000000 0.000000
17777 0.000000 -150.000000 0.000000
17778 0.000000 -150.000000 0.000000
17779 0.000000 -150.000000 0.000000
17780 0.000000 -150.000000 0.000000
17781 0.000000 -150.000000 0.000000
17782 0.000000 -150.000000 0.000000
17783 0.000000 -150.000000 0.000000
17784 0.000000 -150.000000 0.000000
17785 0.000000 -150.000000 0.000000
17786 0.000000 -150.000000 0.000000
17787 0.000000 -150.000000 0.000000
17788 0.000000 -150.000000 0.000000
17789 0.000000 -150.000000 0.000000
17790 0.000000 -150.000000 0.000000
17791 0.000000 -150.000000 0.000000
17792 0.000000 -150.000000 0.000000
17793 0.000000 -150.000000 0.000000
17794 0.000000 -150.000000 0.000000
17795 0.000000 -150.000000 0.000000
17796 0.000000 -150.000000 0.000000
17797 0.000000 -150.000000 0.000000
17798 0.000000 -150.000000 0.000000
17799 0.000000 -150.000000 0.000000
17800 0.000000 -150.000000 0.000000
17801 0.000000 -150.000000 0.000000
17802 0.000000 -150.000000 0.000000
17803 75.000000 -150.000000 0.000000
17804 150.000000 -150.000000 0.000000
17805 225.000000 -150.000000 0.000000
17806 300.000000 -150.000000 0.000000
17807 375.000000 -150.000000 0.000000
17808 -375.000000 -75.000000 0.000000
17809 -300.000000 -75.000000 0.000000
17810 -225.000000 -75.000000 0.000000
17811 -150.000000 -75.000000 0.000000
17812 -75.000000 -75.000000 0.000000
17813 0.000000 -75.000000 0.000000
17814 0.000000 -75.000000 0.000000
17815 0.000000 -75.000000 0.000000
17816 0.000000 -75.000000 0.000000
17817 0.000000 -75.000000 0.000000
17818 0.000000 -75.000000 0.000000
17819 0.000000 -75.000000 0.000000
17820 0.000000 -75.000000 0.000000
17821 0.000000 -75.000000 0.000000
17822 0.000000 -75.000000 0.000000
17823 0.000000 -75.000000 0.000000
17824 0.000000 -75.000000 0.000000
17825 0.000000 -75.000000 0.000000
17826 0.000000 -75.000000 0.000000
17827 0.000000 -75.000000 0.000000
17828 0.000000 -75.000000 0.000000
17829 0.000000 -75.000000 0.000000
17830 0.000000 -75.000000 0.000000
17831 0.000000 -75.000000 0.000000
17832 0.000000 -75.000000 0.000000
17833 0.000000 -75.000000 0.000000
17834 0.000000 -75.000000 0.000000
17835 0.000000 -75.000000 0.000000
17836 0.000000 -75.000000 0.000000
17837 0.000000 -75.000000 0.000000
17838 0.000000 -75.000000 0.000000
17839 0.000000 -75.000000 0.000000
17840 0.000000 -75.000000 0.000000
17841 0.000000 -75.000000 0.000000
17842 0.000000 -75.000000 0.000000
17843 0.000000 -75.000000 0.000000
17844 0.000000 -75.000000 0.000000
17845 75.000000 -75.000000 0.000000
17846 150.000000 -75.000000 0.000000
17847 225.000000 -75.000000 0.000000
17848 300.000000 -75.000000 0.000000
17849 375.000000 -75.000000 0.000000
17850 -375.000000 0.000000 0.000000
17851 -300.000000 0.000000 0.000000
17852 -225.000000 0.000000 0.000000
17853 -150.000000 0.000000 0.000000
17854 -75.000000 0.000000 0.000000
17887 75.000000 0.000000 0.000000
17888 150.000000 0.000000 0.000000
17889 225.000000 0.000000 0.000000
17890 300.000000 0.000000 0.000000
17891 375.000000 0.000000 0.000000
17892 -375.000000 0.000000 0.000000
17893 -300.000000 0.000000 0.000000
17894 -225.000000 0.000000 0.000000
17895 -150.000000 0.000000 0.000000
17896 -75.000000 0.000000 0.000000
17929 75.000000 0.000000 0.000000
17930 150.000000 0.000000 0.000000
17931 225.000000 0.000000 0.000000
17932 300.000000 0.000000 0.000000
17933 375.000000 0.000000 0.000000
17934 -375.000000 0.000000 0.000000
17935 -300.000000 0.000000 0.000000
17936 -225.000000 0.000000 0.000000
17937 -150.000000 0.000000 0.000000
17938 -75.000000 0.000000 0.000000
17971 75.000000 0.000000 0.000000
17972 150.000000 0.000000 0.000000
17973 225.000000 0.000000 0.000000
17974 300.000000 0.000000 0.000000
17975 375.000000 0.000000 0.000000
17976 -375.000000 0.000000 0.000000
17977 -300.000000 0.000000 0.000000
17978 -225.000000 0.000000 0.000000
17979 -150.000000 0.000000 0.000000
17980 -75.000000 0.000000 0.000000
18013 75.000000 0.000000 0.000000
18014 150.000000 0.000000 0.000000
18015 225.000000 0.000000 0.000000
18016 300.000000 0.000000 0.000000
18017 375.000000 0.000000 0.000000
18018 -375.000000 0.000000 0.000000
18019 -300.000000 0.000000 0.000000
18020 -225.000000 0.000000 0.000000
18021 -150.000000 0.000000 0.000000
18022 -75.000000 0.000000 0.000000
18055 75.000000 0.000000 0.000000
18056 150.000000 0.000000 0.000000
18057 225.000000 0.000000 0.000000
18058 300.000000 0.000000 0.000000
18059 375.000000 0.000000 0.000000
18060 -375.000000 0.000000 0.000000
18061 -300.000000 0.000000 0.000000
18062 -225.000000 0.000000 0.000000
18063 -150.000000 0.000000 0.000000
18064 -75.000000 0.000000 0.000000
18097 75.000000 0.000000 0.000000
18098 150.000000 0.000000 0.000000
18099 225.000000 0.000000 0.000000
18100 300.000000 0.000000 0.000000
18101 375.000000 0.000000 0.000000
18102 -375.000000 0.000000 0.000000
18103 -300.000000 0.000000 0.000000
18104 -225.000000 0.000000 0.000000
18105 -150.000000 0.000000 0.000000
18106 -75.000000 0.000000 0.000000
18139 75.000000 0.000000 0.000000
18140 150.000000 0.000000 0.000000
18141 225.000000 0.000000 0.000000
18142 300.000000 0.000000 0.000000
18143 375.000000 0.000000 0.000000
18144 -375.000000 0.000000 0.000000
18145 -300.000000 0.000000 0.000000
18146 -225.000000 0.000000 0.000000
18147 -150.000000 0.000000 0.000000
18148 -75.000000 0.000000 0.000000
18181 75.000000 0.000000 0.000000
18182 150.000000 0.000000 0.000000
18183 225.000000 0.000000 0.000000
18184 300.000000 0.000000 0.000000
18185 375.000000 0.000000 0.000000
18186 -375.000000 0.000000 0.000000
18187 -300.000000 0.000000 0.000000
18188 -225.000000 0.000000 0.000000
18189 -150.000000 0.000000 0.000000
18190 -75.000000 0.000000 0.000000
18223 75.000000 0.000000 0.000000
18224 150.000000 0.000000 0.000000
18225 225.000000 0.000000 0.000000
18226 300.000000 0.000000 0.000000
18227 375.000000 0.000000 0.000000
18228 -375.000000 0.000000 0.000000
18229 -300.000000 0.000000 0.000000
18230 -225.000000 0.000000 0.000000
18231 -150.000000 0.000000 0.000000
18232 -75.000000 0.000000 0.000000
18265 75.000000 0.000000 0.000000
18266 150.000000 0.000000 0.000000
18267 225.000000 0.000000 0.000000
18268 300.000000 0.000000 0.000000
18269 375.000000 0.000000 0.000000
18270 -375.000000 0.000000 0.000000
18271 -300.000000 0.000000 0.000000
18272 -225.000000 0.000000 0.000000
18273 -150.000000 0.000000 0.000000
18274 -75.000000 0.000000 0.000000
18307 75.000000 0.000000 0.000000
18308 150.000000 0.000000 0.000000
18309 225.000000 0.000000 0.000000
18310 300.000000 0.000000 0.000000
18311 375.000000 0.000000 0.000000
18312 -375.000000 0.000000 0.000000
18313 -300.000000 0.000000 0.000000
18314 -225.000000 0.000000 0.000000
18315 -150.000000 0.000000 0.000000
18316 -75.000000 0.000000 0.000000
18349 75.000000 0.000000 0.000000
18350 150.000000 0.000000 0.000000
18351 225.000000 0.000000 0.000000
18352 300.000000 0.000000 0.000000
18353 375.000000 0.000000 0.000000
18354 -375.000000 0.000000 0.000000
18355 -300.000000 0.000000 0.000000
18356 -225.000000 0.000000 0.000000
18357 -150.000000 0.000000 0.000000
18358 -75.000000 0.000000 0.000000
18391 75.000000 0.000000 0.000000
18392 150.000000 0.000000 0.000000
18393 225.000000 0.000000 0.000000
18394 300.000000 0.000000 0.000000
18395 375.000000 0.000000 0.000000
18396 -375.000000 0.000000 0.000000
18397 -300.000000 0.000000 0.000000
18398 -225.000000 0.000000 0.000000
18399 -150.000000 0.000000 0.000000
18400 -75.000000 0.000000 0.000000
18433 75.000000 0.000000 0.000000
18434 150.000000 0.000000 0.000000
18435 225.000000 0.000000 0.000000
18436 300.000000 0.000000 0.000000
18437 375.000000 0.000000 0.000000
18438 -375.000000 0.000000 0.000000
18439 -300.000000 0.000000 0.000000
18440 -225.000000 0.000000 0.000000
18441 -150.000000 0.000000 0.000000
18442 -75.000000 0.000000 0.000000
18475 75.000000 0.000000 0.000000
18476 150.000000 0.000000 0.000000
18477 225.000000 0.000000 0.000000
18478 300.000000 0.000000 0.000000
18479 375.000000 0.000000 0.000000
18480 -375.000000 0.000000 0.000000
18481 -300.000000 0.000000 0.000000
18482 -225.000000 0.000000 0.000000
18483 -150.000000 0.000000 0.000000
18484 -75.000000 0.000000 0.000000
18517 75.000000 0.000000 0.000000
18518 150.000000 0.000000 0.000000
18519 225.000000 0.000000 0.000000
18520 300.000000 0.000000 0.000000
18521 375.000000 0.000000 0.000000
18522 -375.000000 0.000000 0.000000
18523 -300.000000 0.000000 0.000000
18524 -225.000000 0.000000 0.000000
18525 -150.000000 0.000000 0.000000
18526 -75.000000 0.000000 0.000000
18559 75.000000 0.000000 0.000000
18560 150.000000 0.000000 0.000000
18561 225.000000 0.000000 0.000000
18562 300.000000 0.000000 0.000000
18563 375.000000 0.000000 0.000000
18564 -375.000000 0.000000 0.000000
18565 -300.000000 0.000000 0.000000
18566 -225.000000 0.000000 0.000000
18567 -150.000000 0.000000 0.000000
18568 -75.000000 0.000000 0.000000
18601 75.000000 0.000000 0.000000
18602 150.000000 0.000000 0.000000
18603 225.000000 0.000000 0.000000
18604 300.000000 0.000000 0.000000
18605 375.000000 0.000000 0.000000
18606 -375.000000 0.000000 0.000000
18607 -300.000000 0.000000 0.000000
18608 -225.000000 0.000000 0.000000
18609 -150.000000 0.000000 0.000000
18610 -75.000000 0.000000 0.000000
18643 75.000000 0.000000 0.000000
18644 150.000000 0.000000 0.000000
18645 225.000000 0.000000 0.000000
18646 300.000000 0.000000 0.000000
18647 375.000000 0.000000 0.000000
18648 -375.000000 0.000000 0.000000
18649 -300.000000 0.000000 0.000000
18650 -225.000000 0.000000 0.000000
18651 -150.000000 0.000000 0.000000
18652 -75.000000 0.000000 0.000000
18685 75.000000 0.000000 0.000000
18686 150.000000 0.000000 0.000000
18687 225.000000 0.000000 0.000000
18688 300.000000 0.000000 0.000000
18689 375.000000 0.000000 0.000000
18690 -375.000000 0.000000 0.000000
18691 -300.000000 0.000000 0.000000
18692 -225.000000 0.000000 0.000000
18693 -150.000000 0.000000 0.000000
18694 -75.000000 0.000000 0.000000
18727 75.000000 0.000000 0.000000
18728 150.000000 0.000000 0.000000
18729 225.000000 0.000000 0.000000
18730 300.000000 0.000000 0.000000
18731 375.000000 0.000000 0.000000
18732 -375.000000 0.000000 0.000000
18733 -300.000000 0.000000 0.000000
18734 -225.000000 0.000000 0.000000
18735 -150.000000 0.000000 0.000000
18736 -75.000000 0.000000 0.000000
18769 75.000000 0.000000 0.000000
18770 150.000000 0.000000 0.000000
18771 225.000000 0.000000 0.000000
18772 300.000000 0.000000 0.000000
18773 375.000000 0.000000 0.000000
18774 -375.000000 0.000000 0.000000
18775 -300.000000 0.000000 0.000000
18776 -225.000000 0.000000 0.000000
18777 -150.000000 0.000000 0.000000
18778 -75.000000 0.000000 0.000000
18811 75.000000 0.000000 0.000000
18812 150.000000 0.000000 0.000000
18813 225.000000 0.000000 0.000000
18814 300.000000 0.000000 0.000000
18815 375.000000 0.000000 0.000000
18816 -375.000000 0.000000 0.000000
18817 -300.000000 0.000000 0.000000
18818 -225.000000 0.000000 0.000000
18819 -150.000000 0.000000 0.000000
18820 -75.000000 0.000000 0.000000
18853 75.000000 0.000000 0.000000
18854 150.000000 0.000000 0.000000
18855 225.000000 0.000000 0.000000
18856 300.000000 0.000000 0.000000
18857 375.000000 0.000000 0.000000
18858 -375.000000 0.000000 0.000000
18859 -300.000000 0.000000 0.000000
18860 -225.000000 0.000000 0.000000
18861 -150.000000 0.000000 0.000000
18862 -75.000000 0.000000 0.000000
18895 75.000000 0.000000 0.000000
18896 150.000000 0.000000 0.000000
18897 225.000000 0.000000 0.000000
18898 300.000000 0.000000 0.000000
18899 375.000000 0.000000 0.000000
18900 -375.000000 0.000000 0.000000
18901 -300.000000 0.000000 0.000000
18902 -225.000000 0.000000 0.000000
18903 -150.000000 0.000000 0.000000
18904 -75.000000 0.000000 0.000000
18937 75.000000 0.000000 0.000000
18938 150.000000 0.000000 0.000000
18939 225.000000 0.000000 0.000000
18940 300.000000 0.000000 0.000000
18941 375.000000 0.000000 0.000000
18942 -375.000000 0.000000 0.000000
18943 -300.000000 0.000000 0.000000
18944 -225.000000 0.000000 0.000000
18945 -150.000000 0.000000 0.000000
18946 -75.000000 0.000000 0.000000
18979 75.000000 0.000000 0.000000
18980 150.000000 0.000000 0.000000
18981 225.000000 0.000000 0.000000
18982 300.000000 0.000000 0.000000
18983 375.000000 0.000000 0.000000
18984 -375.000000 0.000000 0.000000
18985 -300.000000 0.000000 0.000000
18986 -225.000000 0.000000 0.000000
18987 -150.000000 0.000000 0.000000
18988 -75.000000 0.000000 0.000000
19021 75.000000 0.000000 0.000000
19022 150.000000 0.000000 0.000000
19023 225.000000 0.000000 0.000000
19024 300.000000 0.000000 0.000000
19025 375.000000 0.000000 0.000000
19026 -375.000000 0.000000 0.000000
19027 -300.000000 0.000000 0.000000
19028 -225.000000 0.000000 0.000000
19029 -150.000000 0.000000 0.000000
19030 -75.000000 0.000000 0.000000
19063 75.000000 0.000000 0.000000
19064 150.000000 0.000000 0.000000
19065 225.000000 0.000000 0.000000
19066 300.000000 0.000000 0.000000
19067 375.000000 0.000000 0.000000
19068 -375.000000 0.000000 0.000000
19069 -300.000000 0.000000 0.000000
19070 -225.000000 0.000000 0.000000
19071 -150.000000 0.000000 0.000000
19072 -75.000000 0.000000 0.000000
19105 75.000000 0.000000 0.000000
19106 150.000000 0.000000 0.000000
19107 225.000000 0.000000 0.000000
19108 300.000000 0.000000 0.000000
19109 375.000000 0.000000 0.000000
19110 -375.000000 0.000000 0.000000
19111 -300.000000 0.000000 0.000000
19112 -225.000000 0.000000 0.000000
19113 -150.000000 0.000000 0.000000
19114 -75.000000 0.000000 0.000000
19147 75.000000 0.000000 0.000000
19148 150.000000 0.000000 0.000000
19149 225.000000 0.000000 0.000000
19150 300.000000 0.000000 0.000000
19151 375.000000 0.000000 0.000000
19152 -375.000000 0.000000 0.000000
19153 -300.000000 0.000000 0.000000
19154 -225.000000 0.000000 0.000000
19155 -150.000000 0.000000 0.000000
19156 -75.000000 0.000000 0.000000
19189 75.000000 0.000000 0.000000
19190 150.000000 0.000000 0.000000
19191 225.000000 0.000000 0.000000
19192 300.000000 0.000000 0.000000
19193 375.000000 0.000000 0.000000
19194 -375.000000 75.000000 0.000000
19195 -300.000000 75.000000 0.000000
19196 -225.000000 75.000000 0.000000
19197 -150.000000 75.000000 0.000000
19198 -75.000000 75.000000 0.000000
19199 0.000000 75.000000 0.000000
19200 0.000000 75.000000 0.000000
19201 0.000000 75.000000 0.000000
19202 0.000000 75.000000 0.000000
19203 0.000000 75.000000 0.000000
19204 0.000000 75.000000 0.000000
19205 0.000000 75.000000 0.000000
19206 0.000000 75.000000 0.000000
19207 0.000000 75.000000 0.000000
19208 0.000000 75.000000 0.000000
19209 0.000000 75.000000 0.000000
19210 0.000000 75.000000 0.000000
19211 0.000000 75.000000 0.000000
19212 0.000000 75.000000 0.000000
19213 0.000000 75.000000 0.000000
19214 0.000000 75.000000 0.000000
19215 0.000000 75.000000 0.000000
19216 0.000000 75.000000 0.000000
19217 0.000000 75.000000 0.000000
19218 0.000000 75.000000 0.000000
19219 0.000000 75.000000 0.000000
19220 0.000000 75.000000 0.000000
19221 0.000000 75.000000 0.000000
19222 0.000000 75.000000 0.000000
19223 0.000000 75.000000 0.000000
19224 0.000000 75.000000 0.000000
19225 0.000000 75.000000 0.000000
19226 0.000000 75.000000 0.000000
19227 0.000000 75.000000 0.000000
19228 0.000000 75.000000 0.000000
19229 0.000000 75.000000 0.000000
19230 0.000000 75.000000 0.000000
19231 75.000000 75.000000 0.000000
19232 150.000000 75.000000 0.000000
19233 225.000000 75.000000 0.000000
19234 300.000000 75.000000 0.000000
19235 375.000000 75.000000 0.000000
19236 -375.000000 150.000000 0.000000
19237 -300.000000 150.000000 0.000000
19238 -225.000000 150.000000 0.000000
19239 -150.000000 150.000000 0.000000
19240 -75.000000 150.000000 0.000000
19241 0.000000 150.000000 0.000000
19242 0.000000 150.000000 0.000000
19243 0.000000 150.000000 0.000000
19244 0.000000 150.000000 0.000000
19245 0.000000 150.000000 0.000000
19246 0.000000 150.000000 0.000000
19247 0.000000 150.000000 0.000000
19248 0.000000 150.000000 0.000000
19249 0.000000 150.000000 0.000000
19250 0.000000 150.000000 0.000000
19251 0.000000 150.000000 0.000000
19252 0.000000 150.000000 0.000000
19253 0.000000 150.000000 0.000000
19254 0.000000 150.000000 0.000000
19255 0.000000 150.000000 0.000000
19256 0.000000 150.000000 0.000000
19257 0.000000 150.000000 0.000000
19258 0.000000 150.000000 0.000000
19259 0.000000 150.000000 0.000000
19260 0.000000 150.000000 0.000000
19261 0.000000 150.000000 0.000000
19262 0.000000 150.000000 0.000000
19263 0.000000 150.000000 0.000000
19264 0.000000 150.000000 0.000000
19265 0.000000 150.000000 0.000000
19266 0.000000 150.000000 0.000000
19267 0.000000 150.000000 0.000000
19268 0.000000 150.000000 0.000000
19269 0.000000 150.000000 0.000000
19270 0.000000 150.000000 0.000000
19271 0.000000 150.000000 0.000000
19272 0.000000 150.000000 0.000000
19273 75.000000 150.000000 0.000000
19274 150.000000 150.000000 0.000000
19275 225.000000 150.000000 0.000000
19276 300.000000 150.000000 0.000000
19277 375.000000 150.000000 0.000000
19278 -375.000000 225.000000 0.000000
19279 -300.000000 225.000000 0.000000
19280 -225.000000 225.000000 0.000000
19281 -150.000000 225.000000 0.000000
19282 -75.000000 225.000000 0.000000
19283 0.000000 225.000000 0.000000
19284 0.000000 225.000000 0.000000
19285 0.000000 225.000000 0.000000
19286 0.000000 225.000000 0.000000
19287 0.000000 225.000000 0.000000
19288 0.000000 225.000000 0.000000
19289 0.000000 225.000000 0.000000
19290 0.000000 225.000000 0.000000
19291 0.000000 225.000000 0.000000
19292 0.000000 225.000000 0.000000
19293 0.000000 225.000000 0.000000
19294 0.000000 225.000000 0.000000
19295 0.000000 225.000000 0.000000
19296 0.000000 225.000000 0.000000
19297 0.000000 225.000000 0.000000
19298 0.000000 225.000000 0.000000
19299 0.000000 225.000000 0.000000
19300 0.000000 225.000000 0.000000
19301 0.000000 225.000000 0.000000
19302 0.000000 225.000000 0.000000
19303 0.000000 225.000000 0.000000
19304 0.000000 225.000000 0.000000
19305 0.000000 225.000000 0.000000
19306 0.000000 225.000000 0.000000
19307 0.000000 225.000000 0.000000
19308 0.000000 225.000000 0.000000
19309 0.000000 225.000000 0.000000
19310 0.000000 225.000000 0.000000
19311 0.000000 225.000000 0.000000
19312 0.000000 225.000000 0.000000
19313 0.000000 225.000000 0.000000
19314 0.000000 225.000000 0.000000
19315 75.000000 225.000000 0.000000
19316 150.000000 225.000000 0.000000
19317 225.000000 225.000000 0.000000
19318 300.000000 225.000000 0.000000
19319 375.000000 225.000000 0.000000
19320 -375.000000 300.000000 0.000000
19321 -300.000000 300.000000 0.000000
19322 -225.000000 300.000000 0.000000
19323 -150.000000 300.000000 0.000000
19324 -75.000000 300.000000 0.000000
19325 0.000000 300.000000 0.000000
19326 0.000000 300.000000 0.000000
19327 0.000000 300.000000 0.000000
19328 0.000000 300.000000 0.000000
19329 0.000000 300.000000 0.000000
19330 0.000000 300.000000 0.000000
19331 0.000000 300.000000 0.000000
19332 0.000000 300.000000 0.000000
19333 0.000000 300.000000 0.000000
19334 0.000000 300.000000 0.000000
19335 0.000000 300.000000 0.000000
19336 0.000000 300.000000 0.000000
19337 0.000000 300.000000 0.000000
19338 0.000000 300.000000 0.000000
19339 0.000000 300.000000 0.000000
19340 0.000000 300.000000 0.000000
19341 0.000000 300.000000 0.000000
19342 0.000000 300.000000 0.000000
19343 0.000000 300.000000 0.000000
19344 0.000000 300.000000 0.000000
19345 0.000000 300.000000 0.000000
19346 0.000000 300.000000 0.000000
19347 0.000000 300.000000 0.000000
19348 0.000000 300.000000 0.000000
19349 0.000000 300.000000 0.000000
19350 0.000000 300.000000 0.000000
19351 0.000000 300.000000 0.000000
19352 0.000000 300.000000 0.000000
19353 0.000000 300.000000 0.000000
19354 0.000000 300.000000 0.000000
19355 0.000000 300.000000 0.000000
19356 0.000000 300.000000 0.000000
19357 75.000000 300.000000 0.000000
19358 150.000000 300.000000 0.000000
19359 225.000000 300.000000 0.000000
19360 300.000000 300.000000 0.000000
19361 375.000000 300.000000 0.000000
19362 -375.000000 375.000000 0.000000
19363 -300.000000 375.000000 0.000000
19364 -225.000000 375.000000 0.000000
19365 -150.000000 375.000000 0.000000
19366 -75.000000 375.000000 0.000000
19367 0.000000 375.000000 0.000000
19368 0.000000 375.000000 0.000000
19369 0.000000 375.000000 0.000000
19370 0.000000 375.000000 0.000000
19371 0.000000 375.000000 0.000000
19372 0.000000 375.000000 0.000000
19373 0.000000 375.000000 0.000000
19374 0.000000 375.000000 0.000000
19375 0.000000 375.000000 0.000000
19376 0.000000 375.000000 0.000000
19377 0.000000 375.000000 0.000000
19378 0.000000 375.000000 0.000000
19379 0.000000 375.000000 0.000000
19380 0.000000 375.000000 0.000000
19381 0.000000 375.000000 0.000000
19382 0.000000 375.000000 0.000000
19383 0.000000 375.000000 0.000000
19384 0.000000 375.000000 0.000000
19385 0.000000 375.000000 0.000000
19386 0.000000 375.000000 0.000000
19387 0.000000 375.000000 0.000000
19388 0.000000 375.000000 0.000000
19389 0.000000 375.000000 0.000000
19390 0.000000 375.000000 0.000000
19391 0.000000 375.000000 0.000000
19392 0.000000 375.000000 0.000000
19393 0.000000 375.000000 0.000000
19394 0.000000 375.000000 0.000000
19395 0.000000 375.000000 0.000000
19396 0.000000 375.000000 0.000000
19397 0.000000 375.000000 0.000000
19398 0.000000 375.000000 0.000000
19399 75.000000 375.000000 0.000000
19400 150.000000 375.000000 0.000000
19401 225.000000 375.000000 0.000000
19402 300.000000 375.000000 0.000000
19403 375.000000 375.000000 0.000000
19404 -375.000000 -375.000000 0.000000
19405 -300.000000 -375.000000 0.000000
19406 -225.000000 -375.000000 0.000000
19407 -150.000000 -375.000000 0.000000
19408 -75.000000 -375.000000 0.000000
19409 0.000000 -375.000000 0.000000
19410 0.000000 -375.000000 0.000000
19411 0.000000 -375.000000 0.000000
19412 0.000000 -375.000000 0.000000
19413 0.000000 -375.000000 0.000000
19414 0.000000 -375.000000 0.000000
19415 0.000000 -375.000000 0.000000
19416 0.000000 -375.000000 0.000000
19417 0.000000 -375.000000 0.000000
19418 0.000000 -375.000000 0.000000
19419 0.000000 -375.000000 0.000000
19420 0.000000 -375.000000 0.000000
19421 0.000000 -375.000000 0.000000
19422 0.000000 -375.000000 0.000000
19423 0.000000 -375.000000 0.000000
19424 0.000000 -375.000000 0.000000
19425 0.000000 -375.000000 0.000000
19426 0.000000 -375.000000 0.000000
19427 0.000000 -375.000000 0.000000
19428 0.000000 -375.000000 0.000000
19429 0.000000 -375.000000 0.000000
19430 0.000000 -375.000000 0.000000
19431 0.000000 -375.000000 0.000000
19432 0.000000 -375.000000 0.000000
19433 0.000000 -375.000000 0.000000
19434 0.000000 -375.000000 0.000000
19435 0.000000 -375.000000 0.000000
19436 0.000000 -375.000000 0.000000
19437 0.000000 -375.000000 0.000000
19438 0.000000 -375.000000 0.000000
19439 0.000000 -375.000000 0.000000
19440 0.000000 -375.000000 0.000000
19441 75.000000 -375.000000 0.000000
19442 150.000000 -375.000000 0.000000
19443 225.000000 -375.000000 0.000000
19444 300.000000 -375.000000 0.000000
19445 375.000000 -375.000000 0.000000
19446 -375.000000 -300.000000 0.000000
19447 -300.000000 -300.000000 0.000000
19448 -225.000000 -300.000000 0.000000
19449 -150.000000 -300.000000 0.000000
19450 -75.000000 -300.000000 0.000000
19451 0.000000 -300.000000 0.000000
19452 0.000000 -300.000000 0.000000
19453 0.000000 -300.000000 0.000000
19454 0.000000 -300.000000 0.000000
19455 0.000000 -300.000000 0.000000
19456 0.000000 -300.000000 0.000000
19457 0.000000 -300.000000 0.000000
19458 0.000000 -300.000000 0.000000
19459 0.000000 -300.000000 0.000000
19460 0.000000 -300.000000 0.000000
19461 0.000000 -300.000000 0.000000
19462 0.000000 -300.000000 0.000000
19463 0.000000 -300.000000 0.000000
19464 0.000000 -300.000000 0.000000
19465 0.000000 -300.000000 0.000000
19466 0.000000 -300.000000 0.000000
19467 0.000000 -300.000000 0.000000
19468 0.000000 -300.000000 0.000000
19469 0.000000 -300.000000 0.000000
19470 0.000000 -300.000000 0.000000
19471 0.000000 -300.000000 0.000000
19472 0.000000 -300.000000 0.000000
19473 0.000000 -300.000000 0.000000
19474 0.000000 -300.000000 0.000000
19475 0.000000 -300.000000 0.000000
19476 0.000000 -300.000000 0.000000
19477 0.000000 -300.000000 0.000000
19478 0.000000 -300.000000 0.000000
19479 0.000000 -300.000000 0.000000
19480 0.000000 -300.000000 0.000000
19481 0.000000 -300.000000 0.000000
19482 0.000000 -300.000000 0.000000
19483 75.000000 -300.000000 0.000000
19484 150.000000 -300.000000 0.000000
19485 225.000000 -300.000000 0.000000
19486 300.000000 -300.000000 0.000000
19487 375.000000 -300.000000 0.000000
19488 -375.000000 -225.000000 0.000000
19489 -300.000000 -225.000000 0.000000
19490 -225.000000 -225.000000 0.000000
19491 -150.000000 -225.000000 0.000000
19492 -75.000000 -225.000000 0.000000
19493 0.000000 -225.000000 0.000000
19494 0.000000 -225.000000 0.000000
19495 0.000000 -225.000000 0.000000
19496 0.000000 -225.000000 0.000000
19497 0.000000 -225.000000 0.000000
19498 0.000000 -225.000000 0.000000
19499 0.000000 -225.000000 0.000000
19500 0.000000 -225.000000 0.000000
19501 0.000000 -225.000000 0.000000
19502 0.000000 -225.000000 0.000000
19503 0.000000 -225.000000 0.000000
19504 0.000000 -225.000000 0.000000
19505 0.000000 -225.000000 0.000000
19506 0.000000 -225.000000 0.000000
19507 0.000000 -225.000000 0.000000
19508 0.000000 -225.000000 0.000000
19509 0.000000 -225.000000 0.000000
19510 0.000000 -225.000000 0.000000
19511 0.000000 -225.000000 0.000000
19512 0.000000 -225.000000 0.000000
19513 0.000000 -225.000000 0.000000
19514 0.000000 -225.000000 0.000000
19515 0.000000 -225.000000 0.000000
19516 0.000000 -225.000000 0.000000
19517 0.000000 -225.000000 0.000000
19518 0.000000 -225.000000 0.000000
19519 0.000000 -225.000000 0.000000
19520 0.000000 -225.000000 0.000000
19521 0.000000 -225.000000 0.000000
19522 0.000000 -225.000000 0.000000
19523 0.000000 -225.000000 0.000000
19524 0.000000 -225.000000 0.000000
19525 75.000000 -225.000000 0.000000
19526 150.000000 -225.000000 0.000000
19527 225.000000 -225.000000 0.000000
19528 300.000000 -225.000000 0.000000
19529 375.000000 -225.000000 0.000000
19530 -375.000000 -150.000000 0.000000
19531 -300.000000 -150.000000 0.000000
19532 -225.000000 -150.000000 0.000000
19533 -150.000000 -150.000000 0.000000
19534 -75.000000 -150.000000 0.000000
19535 0.000000 -150.000000 0.000000
19536 0.000000 -150.000000 0.000000
19537 0.000000 -150.000000 0.000000
19538 0.000000 -150.000000 0.000000
19539 0.000000 -150.000000 0.000000
19540 0.000000 -150.000000 0.000000
19541 0.000000 -150.000000 0.000000
19542 0.000000 -150.000000 0.000000
19543 0.000000 -150.000000 0.000000
19544 0.000000 -150.000000 0.000000
19545 0.000000 -150.000000 0.000000
19546 0.000000 -150.000000 0.000000
19547 0.000000 -150.000000 0.000000
19548 0.000000 -150.000000 0.000000
19549 0.000000 -150.000000 0.000000
19550 0.000000 -150.000000 0.000000
19551 0.000000 -150.000000 0.000000
19552 0.000000 -150.000000 0.000000
19553 0.000000 -150.000000 0.000000
19554 0.000000 -150.000000 0.000000
19555 0.000000 -150.000000 0.000000
19556 0.000000 -150.000000 0.000000
19557 0.000000 -150.000000 0.000000
19558 0.000000 -150.000000 0.000000
19559 0.000000 -150.000000 0.000000
19560 0.000000 -150.000000 0.000000
19561 0.000000 -150.000000 0.000000
19562 0.000000 -150.000000 0.000000
19563 0.000000 -150.000000 0.000000
19564 0.000000 -150.000000 0.000000
19565 0.000000 -150.000000 0.000000
19566 0.000000 -150.000000 0.000000
19567 75.000000 -150.000000 0.000000
19568 150.000000 -150.000000 0.000000
19569 225.000000 -150.000000 0.000000
19570 300.000000 -150.000000 0.000000
19571 375.000000 -150.000000 0.000000
19572 -375.000000 -75.000000 0.000000
19573 -300.000000 -75.000000 0.000000
19574 -225.000000 -75.000000 0.000000
19575 -150.000000 -75.000000 0.000000
19576 -75.000000 -75.000000 0.000000
19577 0.000000 -75.000000 0.000000
19578 0.000000 -75.000000 0.000000
19579 0.000000 -75.000000 0.000000
19580 0.000000 -75.000000 0.000000
19581 0.000000 -75.000000 0.000000
19582 0.000000 -75.000000 0.000000
19583 0.000000 -75.000000 0.000000
19584 0.000000 -75.000000 0.000000
19585 0.000000 -75.000000 0.000000
19586 0.000000 -75.000000 0.000000
19587 0.000000 -75.000000 0.000000
19588 0.000000 -75.000000 0.000000
19589 0.000000 -75.000000 0.000000
19590 0.000000 -75.000000 0.000000
19591 0.000000 -75.000000 0.000000
19592 0.000000 -75.000000 0.000000
19593 0.000000 -75.000000 0.000000
19594 0.000000 -75.000000 0.000000
19595 0.000000 -75.000000 0.000000
19596 0.000000 -75.000000 0.000000
19597 0.000000 -75.000000 0.000000
19598 0.000000 -75.000000 0.000000
19599 0.000000 -75.000000 0.000000
19600 0.000000 -75.000000 0.000000
19601 0.000000 -75.000000 0.000000
19602 0.000000 -75.000000 0.000000
19603 0.000000 -75.000000 0.000000
19604 0.000000 -75.000000 0.000000
19605 0.000000 -75.000000 0.000000
19606 0.000000 -75.000000 0.000000
19607 0.000000 -75.000000 0.000000
19608 0.000000 -75.000000 0.000000
19609 75.000000 -75.000000 0.000000
19610 150.000000 -75.000000 0.000000
19611 225.000000 -75.000000 0.000000
19612 300.000000 -75.000000 0.000000
19613 375.000000 -75.000000 0.000000
19614 -375.000000 0.000000 0.000000
19615 -300.000000 0.000000 0.000000
19616 -225.000000 0.000000 0.000000
19617 -150.000000 0.000000 0.000000
19618 -75.000000 0.000000 0.000000
19651 75.000000 0.000000 0.000000
19652 150.000000 0.000000 0.000000
19653 225.000000 0.000000 0.000000
19654 300.000000 0.000000 0.000000
19655 375.000000 0.000000 0.000000
19656 -375.000000 0.000000 0.000000
19657 -300.000000 0.000000 0.000000
19658 -225.000000 0.000000 0.000000
19659 -150.000000 0.000000 0.000000
19660 -75.000000 0.000000 0.000000
19693 75.000000 0.000000 0.000000
19694 150.000000 0.000000 0.000000
19695 225.000000 0.000000 0.000000
19696 300.000000 0.000000 0.000000
19697 375.000000 0.000000 0.000000
19698 -375.000000 0.000000 0.000000
19699 -300.000000 0.000000 0.000000
19700 -225.000000 0.000000 0.000000
19701 -150.000000 0.000000 0.000000
19702 -75.000000 0.000000 0.000000
19735 75.000000 0.000000 0.000000
19736 150.000000 0.000000 0.000000
19737 225.000000 0.000000 0.000000
19738 300.000000 0.000000 0.000000
19739 375.000000 0.000000 0.000000
19740 -375.000000 0.000000 0.000000
19741 -300.000000 0.000000 0.000000
19742 -225.000000 0.000000 0.000000
19743 -150.000000 0.000000 0.000000
19744 -75.000000 0.000000 0.000000
19777 75.000000 0.000000 0.000000
19778 150.000000 0.000000 0.000000
19779 225.000000 0.000000 0.000000
19780 300.000000 0.000000 0.000000
19781 375.000000 0.000000 0.000000
19782 -375.000000 0.000000 0.000000
19783 -300.000000 0.000000 0.000000
19784 -225.000000 0.000000 0.000000
19785 -150.000000 0.000000 0.000000
19786 -75.000000 0.000000 0.000000
19819 75.000000 0.000000 0.000000
19820 150.000000 0.000000 0.000000
19821 225.000000 0.000000 0.000000
19822 300.000000 0.000000 0.000000
19823 375.000000 0.000000 0.000000
19824 -375.000000 0.000000 0.000000
19825 -300.000000 0.000000 0.000000
19826 -225.000000 0.000000 0.000000
19827 -150.000000 0.000000 0.000000
19828 -75.000000 0.000000 0.000000
19861 75.000000 0.000000 0.000000
19862 150.000000 0.000000 0.000000
19863 225.000000 0.000000 0.000000
19864 300.000000 0.000000 0.000000
19865 375.000000 0.000000 0.000000
19866 -375.000000 0.000000 0.000000
19867 -300.000000 0.000000 0.000000
19868 -225.000000 0.000000 0.000000
19869 -150.000000 0.000000 0.000000
19870 -75.000000 0.000000 0.000000
19903 75.000000 0.000000 0.000000
19904 150.000000 0.000000 0.000000
19905 225.000000 0.000000 0.000000
19906 300.000000 0.000000 0.000000
19907 375.000000 0.000000 0.000000
19908 -375.000000 0.000000 0.000000
19909 -300.000000 0.000000 0.000000
19910 -225.000000 0.000000 0.000000
19911 -150.000000 0.000000 0.000000
19912 -75.000000 0.000000 0.000000
19945 75.000000 0.000000 0.000000
19946 150.000000 0.000000 0.000000
19947 225.000000 0.000000 0.000000
19948 300.000000 0.000000 0.000000
19949 375.000000 0.000000 0.000000
19950 -375.000000 0.000000 0.000000
19951 -300.000000 0.000000 0.000000
19952 -225.000000 0.000000 0.000000
19953 -150.000000 0.000000 0.000000
19954 -75.000000 0.000000 0.000000
19987 75.000000 0.000000 0.000000
19988 150.000000 0.000000 0.000000
19989 225.000000 0.000000 0.000000
19990 300.000000 0.000000 0.000000
19991 375.000000 0.000000 0.000000
19992 -375.000000 0.000000 0.000000
19993 -300.000000 0.000000 0.000000
19994 -225.000000 0.000000 0.000000
19995 -150.000000 0.000000 0.000000
19996 -75.000000 0.000000 0.000000
20029 75.000000 0.000000 0.000000
20030 150.000000 0.000000 0.000000
20031 225.000000 0.000000 0.000000
20032 300.000000 0.000000 0.000000
20033 375.000000 0.000000 0.000000
20034 -375.000000 0.000000 0.000000
20035 -300.000000 0.000000 0.000000
20036 -225.000000 0.000000 0.000000
20037 -150.000000 0.000000 0.000000
20038 -75.000000 0.000000 0.000000
20071 75.000000 0.000000 0.000000
20072 150.000000 0.000000 0.000000
20073 225.000000 0.000000 0.000000
20074 300.000000 0.000000 0.000000
20075 375.000000 0.000000 0.000000
20076 -375.000000 0.000000 0.000000
20077 -300.000000 0.000000 0.000000
20078 -225.000000 0.000000 0.000000
20079 -150.000000 0.000000 0.000000
20080 -75.000000 0.000000 0.000000
20113 75.000000 0.000000 0.000000
20114 150.000000 0.000000 0.000000
20115 225.000000 0.000000 0.000000
20116 300.000000 0.000000 0.000000
20117 375.000000 0.000000 0.000000
20118 -375.000000 0.000000 0.000000
20119 -300.000000 0.000000 0.000000
20120 -225.000000 0.000000 0.000000
20121 -150.000000 0.000000 0.000000
20122 -75.000000 0.000000 0.000000
20155 75.000000 0.000000 0.000000
20156 150.000000 0.000000 0.000000
20157 225.000000 0.000000 0.000000
20158 300.000000 0.000000 0.000000
20159 375.000000 0.000000 0.000000
20160 -375.000000 0.000000 0.000000
20161 -300.000000 0.000000 0.000000
20162 -225.000000 0.000000 0.000000
20163 -150.000000 0.000000 0.000000
20164 -75.000000 0.000000 0.000000
20197 75.000000 0.000000 0.000000
20198 150.000000 0.000000 0.000000
20199 225.000000 0.000000 0.000000
20200 300.000000 0.000000 0.000000
20201 375.000000 0.000000 0.000000
20202 -375.000000 0.000000 0.000000
20203 -300.000000 0.000000 0.000000
20204 -225.000000 0.000000 0.000000
20205 -150.000000 0.000000 0.000000
20206 -75.000000 0.000000 0.000000
20239 75.000000 0.000000 0.000000
20240 150.000000 0.000000 0.000000
20241 225.000000 0.000000 0.000000
20242 300.000000 0.000000 0.000000
20243 375.000000 0.000000 0.000000
20244 -375.000000 0.000000 0.000000
20245 -300.000000 0.000000 0.000000
20246 -225.000000 0.000000 0.000000
20247 -150.000000 0.000000 0.000000
20248 -75.000000 0.000000 0.000000
20281 75.000000 0.000000 0.000000
20282 150.000000 0.000000 0.000000
20283 225.000000 0.000000 0.000000
20284 300.000000 0.000000 0.000000
20285 375.000000 0.000000 0.000000
20286 -375.000000 0.000000 0.000000
20287 -300.000000 0.000000 0.000000
20288 -225.000000 0.000000 0.000000
20289 -150.000000 0.000000 0.000000
20290 -75.000000 0.000000 0.000000
20323 75.000000 0.000000 0.000000
20324 150.000000 0.000000 0.000000
20325 225.000000 0.000000 0.000000
20326 300.000000 0.000000 0.000000
20327 375.000000 0.000000 0.000000
20328 -375.000000 0.000000 0.000000
20329 -300.000000 0.000000 0.000000
20330 -225.000000 0.000000 0.000000
20331 -150.000000 0.000000 0.000000
20332 -75.000000 0.000000 0.000000
20365 75.000000 0.000000 0.000000
20366 150.000000 0.000000 0.000000
20367 225.000000 0.000000 0.000000
20368 300.000000 0.000000 0.000000
20369 375.000000 0.000000 0.000000
20370 -375.000000 0.000000 0.000000
20371 -300.000000 0.000000 0.000000
20372 -225.000000 0.000000 0.000000
20373 -150.000000 0.000000 0.000000
20374 -75.000000 0.000000 0.000000
20407 75.000000 0.000000 0.000000
20408 150.000000 0.000000 0.000000
20409 225.000000 0.000000 0.000000
20410 300.000000 0.000000 0.000000
20411 375.000000 0.000000 0.000000
20412 -375.000000 0.000000 0.000000
20413 -300.000000 0.000000 0.000000
20414 -225.000000 0.000000 0.000000
20415 -150.000000 0.000000 0.000000
20416 -75.000000 0.000000 0.000000
20449 75.000000 0.000000 0.000000
20450 150.000000 0.000000 0.000000
20451 225.000000 0.000000 0.000000
20452 300.000000 0.000000 0.000000
20453 375.000000 0.000000 0.000000
20454 -375.000000 0.000000 0.000000
20455 -300.000000 0.000000 0.000000
20456 -225.000000 0.000000 0.000000
20457 -150.000000 0.000000 0.000000
20458 -75.000000 0.000000 0.000000
20491 75.000000 0.000000 0.000000
20492 150.000000 0.000000 0.000000
20493 225.000000 0.000000 0.000000
20494 300.000000 0.000000 0.000000
20495 375.000000 0.000000 0.000000
20496 -375.000000 0.000000 0.000000
20497 -300.000000 0.000000 0.000000
20498 -225.000000 0.000000 0.000000
20499 -150.000000 0.000000 0.000000
20500 -75.000000 0.000000 0.000000
20533 75.000000 0.000000 0.000000
20534 150.000000 0.000000 0.000000
20535 225.000000 0.000000 0.000000
20536 300.000000 0.000000 0.000000
20537 375.000000 0.000000 0.000000
20538 -375.000000 0.000000 0.000000
20539 -300.000000 0.000000 0.000000
20540 -225.000000 0.000000 0.000000
20541 -150.000000 0.000000 0.000000
20542 -75.000000 0.000000 0.000000
20575 75.000000 0.000000 0.000000
20576 150.000000 0.000000 0.000000
20577 225.000000 0.000000 0.000000
20578 300.000000 0.000000 0.000000
20579 375.000000 0.000000 0.000000
20580 -375.000000 0.000000 0.000000
20581 -300.000000 0.000000 0.000000
20582 -225.000000 0.000000 0.000000
20583 -150.000000 0.000000 0.000000
20584 -75.000000 0.000000 0.000000
20617 75.000000 0.000000 0.000000
20618 150.000000 0.000000 0.000000
20619 225.000000 0.000000 0.000000
20620 300.000000 0.000000 0.000000
20621 375.000000 0.000000 0.000000
20622 -375.000000 0.000000 0.000000
20623 -300.000000 0.000000 0.000000
20624 -225.000000 0.000000 0.000000
20625 -150.000000 0.000000 0.000000
20626 -75.000000 0.000000 0.000000
20659 75.000000 0.000000 0.000000
20660 150.000000 0.000000 0.000000
20661 225.000000 0.000000 0.000000
20662 300.000000 0.000000 0.000000
20663 375.000000 0.000000 0.000000
20664 -375.000000 0.000000 0.000000
20665 -300.000000 0.000000 0.000000
20666 -225.000000 0.000000 0.000000
20667 -150.000000 0.000000 0.000000
20668 -75.000000 0.000000 0.000000
20701 75.000000 0.000000 0.000000
20702 150.000000 0.000000 0.000000
20703 225.000000 0.000000 0.000000
20704 300.000000 0.000000 0.000000
20705 375.000000 0.000000 0.000000
20706 -375.000000 0.000000 0.000000
20707 -300.000000 0.000000 0.000000
20708 -225.000000 0.000000 0.000000
20709 -150.000000 0.000000 0.000000
20710 -75.000000 0.000000 0.000000
20743 75.000000 0.000000 0.000000
20744 150.000000 0.000000 0.000000
20745 225.000000 0.000000 0.000000
20746 300.000000 0.000000 0.000000
20747 375.000000 0.000000 0.000000
20748 -375.000000 0.000000 0.000000
20749 -300.000000 0.000000 0.000000
20750 -225.000000 0.000000 0.000000
20751 -150.000000 0.000000 0.000000
20752 -75.000000 0.000000 0.000000
20785 75.000000 0.000000 0.000000
20786 150.000000 0.000000 0.000000
20787 225.000000 0.000000 0.000000
20788 300.000000 0.000000 0.000000
20789 375.000000 0.000000 0.000000
20790 -375.000000 0.000000 0.000000
20791 -300.000000 0.000000 0.000000
20792 -225.000000 0.000000 0.000000
20793 -150.000000 0.000000 0.000000
20794 -75.000000 0.000000 0.000000
20827 75.000000 0.000000 0.000000
20828 150.000000 0.000000 0.000000
20829 225.000000 0.000000 0.000000
20830 300.000000 0.000000 0.000000
20831 375.000000 0.000000 0.000000
20832 -375.000000 0.000000 0.000000
20833 -300.000000 0.000000 0.000000
20834 -225.000000 0.000000 0.000000
20835 -150.000000 0.000000 0.000000
20836 -75.000000 0.000000 0.000000
20869 75.000000 0.000000 0.000000
20870 150.000000 0.000000 0.000000
20871 225.000000 0.000000 0.000000
20872 300.000000 0.000000 0.000000
20873 375.000000 0.000000 0.000000
20874 -375.000000 0.000000 0.000000
20875 -300.000000 0.000000 0.000000
20876 -225.000000 0.000000 0.000000
20877 -150.000000 0.000000 0.000000
20878 -75.000000 0.000000 0.000000
20911 75.000000 0.000000 0.000000
20912 150.000000 0.000000 0.000000
20913 225.000000 0.000000 0.000000
20914 300.000000 0.000000 0.000000
20915 375.000000 0.000000 0.000000
20916 -375.000000 0.000000 0.000000
20917 -300.000000 0.000000 0.000000
20918 -225.000000 0.000000 0.000000
20919 -150.000000 0.000000 0.000000
20920 -75.000000 0.000000 0.000000
20953 75.000000 0.000000 0.000000
20954 150.000000 0.000000 0.000000
20955 225.000000 0.000000 0.000000
20956 300.000000 0.000000 0.000000
20957 375.000000 0.000000 0.000000
20958 -375.000000 75.000000 0.000000
20959 -300.000000 75.000000 0.000000
20960 -225.000000 75.000000 0.000000
20961 -150.000000 75.000000 0.000000
20962 -75.000000 75.000000 0.000000
20963 0.000000 75.000000 0.000000
20964 0.000000 75.000000 0.000000
20965 0.000000 75.000000 0.000000
20966 0.000000 75.000000 0.000000
20967 0.000000 75.000000 0.000000
20968 0.000000 75.000000 0.000000
20969 0.000000 75.000000 0.000000
20970 0.000000 75.000000 0.000000
20971 0.000000 75.000000 0.000000
20972 0.000000 75.000000 0.000000
20973 0.000000 75.000000 0.000000
20974 0.000000 75.000000 0.000000
20975 0.000000 75.000000 0.000000
20976 0.000000 75.000000 0.000000
20977 0.000000 75.000000 0.000000
20978 0.000000 75.000000 0.000000
20979 0.000000 75.000000 0.000000
20980 0.000000 75.000000 0.000000
20981 0.000000 75.000000 0.000000
20982 0.000000 75.000000 0.000000
20983 0.000000 75.000000 0.000000
20984 0.000000 75.000000 0.000000
20985 0.000000 75.000000 0.000000
20986 0.000000 75.000000 0.000000
20987 0.000000 75.000000 0.000000
20988 0.000000 75.000000 0.000000
20989 0.000000 75.000000 0.000000
20990 0.000000 75.000000 0.000000
20991 0.000000 75.000000 0.000000
20992 0.000000 75.000000 0.000000
20993 0.000000 75.000000 0.000000
20994 0.000000 75.000000 0.000000
20995 75.000000 75.000000 0.000000
20996 150.000000 75.000000 0.000000
20997 225.000000 75.000000 0.000000
20998 300.000000 75.000000 0.000000
20999 375.000000 75.000000 0.000000
21000 -375.000000 150.000000 0.000000
21001 -300.000000 150.000000 0.000000
21002 -225.000000 150.000000 0.000000
21003 -150.000000 150.000000 0.000000
21004 -75.000000 150.000000 0.000000
21005 0.000000 150.000000 0.000000
21006 0.000000 150.000000 0.000000
21007 0.000000 150.000000 0.000000
21008 0.000000 150.000000 0.000000
21009 0.000000 150.000000 0.000000
21010 0.000000 150.000000 0.000000
21011 0.000000 150.000000 0.000000
21012 0.000000 150.000000 0.000000
21013 0.000000 150.000000 0.000000
21014 0.000000 150.000000 0.000000
21015 0.000000 150.000000 0.000000
21016 0.000000 150.000000 0.000000
21017 0.000000 150.000000 0.000000
21018 0.000000 150.000000 0.000000
21019 0.000000 150.000000 0.000000
21020 0.000000 150.000000 0.000000
21021 0.000000 150.000000 0.000000
21022 0.000000 150.000000 0.000000
21023 0.000000 150.000000 0.000000
21024 0.000000 150.000000 0.000000
21025 0.000000 150.000000 0.000000
21026 0.000000 150.000000 0.000000
21027 0.000000 150.000000 0.000000
21028 0.000000 150.000000 0.000000
21029 0.000000 150.000000 0.000000
21030 0.000000 150.000000 0.000000
21031 0.000000 150.000000 0.000000
21032 0.000000 150.000000 0.000000
21033 0.000000 150.000000 0.000000
21034 0.000000 150.000000 0.000000
21035 0.000000 150.000000 0.000000
21036 0.000000 150.000000 0.000000
21037 75.000000 150.000000 0.000000
21038 150.000000 150.000000 0.000000
21039 225.000000 150.000000 0.000000
21040 300.000000 150.000000 0.000000
21041 375.000000 150.000000 0.000000
21042 -375.000000 225.000000 0.000000
21043 -300.000000 225.000000 0.000000
21044 -225.000000 225.000000 0.000000
21045 -150.000000 225.000000 0.000000
21046 -75.000000 225.000000 0.000000
21047 0.000000 225.000000 0.000000
21048 0.000000 225.000000 0.000000
21049 0.000000 225.000000 0.000000
21050 0.000000 225.000000 0.000000
21051 0.000000 225.000000 0.000000
21052 0.000000 225.000000 0.000000
21053 0.000000 225.000000 0.000000
21054 0.000000 225.000000 0.000000
21055 0.000000 225.000000 0.000000
21056 0.000000 225.000000 0.000000
21057 0.000000 225.000000 0.000000
21058 0.000000 225.000000 0.000000
21059 0.000000 225.000000 0.000000
21060 0.000000 225.000000 0.000000
21061 0.000000 225.000000 0.000000
21062 0.000000 225.000000 0.000000
21063 0.000000 225.000000 0.000000
21064 0.000000 225.000000 0.000000
21065 0.000000 225.000000 0.000000
21066 0.000000 225.000000 0.000000
21067 0.000000 225.000000 0.000000
21068 0.000000 225.000000 0.000000
21069 0.000000 225.000000 0.000000
21070 0.000000 225.000000 0.000000
21071 0.000000 225.000000 0.000000
21072 0.000000 225.000000 0.000000
21073 0.000000 225.000000 0.000000
21074 0.000000 225.000000 0.000000
21075 0.000000 225.000000 0.000000
21076 0.000000 225.000000 0.000000
21077 0.000000 225.000000 0.000000
21078 0.000000 225.000000 0.000000
21079 75.000000 225.000000 0.000000
21080 150.000000 225.000000 0.000000
21081 225.000000 225.000000 0.000000
21082 300.000000 225.000000 0.000000
21083 375.000000 225.000000 0.000000
21084 -375.000000 300.000000 0.000000
21085 -300.000000 300.000000 0.000000
21086 -225.000000 300.000000 0.000000
21087 -150.000000 300.000000 0.000000
21088 -75.000000 300.000000 0.000000
21089 0.000000 300.000000 0.000000
21090 0.000000 300.000000 0.000000
21091 0.000000 300.000000 0.000000
21092 0.000000 300.000000 0.000000
21093 0.000000 300.000000 0.000000
21094 0.000000 300.000000 0.000000
21095 0.000000 300.000000 0.000000
21096 0.000000 300.000000 0.000000
21097 0.000000 300.000000 0.000000
21098 0.000000 300.000000 0.000000
21099 0.000000 300.000000 0.000000
21100 0.000000 300.000000 0.000000
21101 0.000000 300.000000 0.000000
21102 0.000000 300.000000 0.000000
21103 0.000000 300.000000 0.000000
21104 0.000000 300.000000 0.000000
21105 0.000000 300.000000 0.000000
21106 0.000000 300.000000 0.000000
21107 0.000000 300.000000 0.000000
21108 0.000000 300.000000 0.000000
21109 0.000000 300.000000 0.000000
21110 0.000000 300.000000 0.000000
21111 0.000000 300.000000 0.000000
21112 0.000000 300.000000 0.000000
21113 0.000000 300.000000 0.000000
21114 0.000000 300.000000 0.000000
21115 0.000000 300.000000 0.000000
21116 0.000000 300.000000 0.000000
21117 0.000000 300.000000 0.000000
21118 0.000000 300.000000 0.000000
21119 0.000000 300.000000 0.000000
21120 0.000000 300.000000 0.000000
21121 75.000000 300.000000 0.000000
21122 150.000000 300.000000 0.000000
21123 225.000000 300.000000 0.000000
21124 300.000000 300.000000 0.000000
21125 375.000000 300.000000 0.000000
21126 -375.000000 375.000000 0.000000
21127 -300.000000 375.000000 0.000000
21128 -225.000000 375.000000 0.000000
21129 -150.000000 375.000000 0.000000
21130 -75.000000 375.000000 0.000000
21131 0.000000 375.000000 0.000000
21132 0.000000 375.000000 0.000000
21133 0.000000 375.000000 0.000000
21134 0.000000 375.000000 0.000000
21135 0.000000 375.000000 0.000000
21136 0.000000 375.000000 0.000000
21137 0.000000 375.000000 0.000000
21138 0.000000 375.000000 0.000000
21139 0.000000 375.000000 0.000000
21140 0.000000 375.000000 0.000000
21141 0.000000 375.000000 0.000000
21142 0.000000 375.000000 0.000000
21143 0.000000 375.000000 0.000000
21144 0.000000 375.000000 0.000000
21145 0.000000 375.000000 0.000000
21146 0.000000 375.000000 0.000000
21147 0.000000 375.000000 0.000000
21148 0.000000 375.000000 0.000000
21149 0.000000 375.000000 0.000000
21150 0.000000 375.000000 0.000000
21151 0.000000 375.000000 0.000000
21152 0.000000 375.000000 0.000000
21153 0.000000 375.000000 0.000000
21154 0.000000 375.000000 0.000000
21155 0.000000 375.000000 0.000000
21156 0.000000 375.000000 0.000000
21157 0.000000 375.000000 0.000000
21158 0.000000 375.000000 0.000000
21159 0.000000 375.000000 0.000000
21160 0.000000 375.000000 0.000000
21161 0.000000 375.000000 0.000000
21162 0.000000 375.000000 0.000000
21163 75.000000 375.000000 0.000000
21164 150.000000 375.000000 0.000000
21165 225.000000 375.000000 0.000000
21166 300.000000 375.000000 0.000000
21167 375.000000 375.000000 0.000000
21168 -375.000000 -375.000000 0.000000
21169 -300.000000 -375.000000 0.000000
21170 -225.000000 -375.000000 0.000000
21171 -150.000000 -375.000000 0.000000
21172 -75.000000 -375.000000 0.000000
21173 0.000000 -375.000000 0.000000
21174 0.000000 -375.000000 0.000000
21175 0.000000 -375.000000 0.000000
21176 0.000000 -375.000000 0.000000
21177 0.000000 -375.000000 0.000000
21178 0.000000 -375.000000 0.000000
21179 0.000000 -375.000000 0.000000
21180 0.000000 -375.000000 0.000000
21181 0.000000 -375.000000 0.000000
21182 0.000000 -375.000000 0.000000
21183 0.000000 -375.000000 0.000000
21184 0.000000 -375.000000 0.000000
21185 0.000000 -375.000000 0.000000
21186 0.000000 -375.000000 0.000000
21187 0.000000 -375.000000 0.000000
21188 0.000000 -375.000000 0.000000
21189 0.000000 -375.000000 0.000000
21190 0.000000 -375.000000 0.000000
21191 0.000000 -375.000000 0.000000
21192 0.000000 -375.000000 0.000000
21193 0.000000 -375.000000 0.000000
21194 0.000000 -375.000000 0.000000
21195 0.000000 -375.000000 0.000000
21196 0.000000 -375.000000 0.000000
21197 0.000000 -375.000000 0.000000
21198 0.000000 -375.000000 0.000000
21199 0.000000 -375.000000 0.000000
21200 0.000000 -375.000000 0.000000
21201 0.000000 -375.000000 0.000000
21202 0.000000 -375.000000 0.000000
21203 0.000000 -375.000000 0.000000
21204 0.000000 -375.000000 0.000000
21205 75.000000 -375.000000 0.000000
21206 150.000000 -375.000000 0.000000
21207 225.000000 -375.000000 0.000000
21208 300.000000 -375.000000 0.000000
21209 375.000000 -375.000000 0.000000
21210 -375.000000 -300.000000 0.000000
21211 -300.000000 -300.000000 0.000000
21212 -225.000000 -300.000000 0.000000
21213 -150.000000 -300.000000 0.000000
21214 -75.000000 -300.000000 0.000000
21215 0.000000 -300.000000 0.000000
21216 0.000000 -300.000000 0.000000
21217 0.000000 -300.000000 0.000000
21218 0.000000 -300.000000 0.000000
21219 0.000000 -300.000000 0.000000
21220 0.000000 -300.000000 0.000000
21221 0.000000 -300.000000 0.000000
21222 0.000000 -300.000000 0.000000
21223 0.000000 -300.000000 0.000000
21224 0.000000 -300.000000 0.000000
21225 0.000000 -300.000000 0.000000
21226 0.000000 -300.000000 0.000000
21227 0.000000 -300.000000 0.000000
21228 0.000000 -300.000000 0.000000
21229 0.000000 -300.000000 0.000000
21230 0.000000 -300.000000 0.000000
21231 0.000000 -300.000000 0.000000
21232 0.000000 -300.000000 0.000000
21233 0.000000 -300.000000 0.000000
21234 0.000000 -300.000000 0.000000
21235 0.000000 -300.000000 0.000000
21236 0.000000 -300.000000 0.000000
21237 0.000000 -300.000000 0.000000
21238 0.000000 -300.000000 0.000000
21239 0.000000 -300.000000 0.000000
21240 0.000000 -300.000000 0.000000
21241 0.000000 -300.000000 0.000000
21242 0.000000 -300.000000 0.000000
21243 0.000000 -300.000000 0.000000
21244 0.000000 -300.000000 0.000000
21245 0.000000 -300.000000 0.000000
21246 0.000000 -300.000000 0.000000
21247 75.000000 -300.000000 0.000000
21248 150.000000 -300.000000 0.000000
21249 225.000000 -300.000000 0.000000
21250 300.000000 -300.000000 0.000000
21251 375.000000 -300.000000 0.000000
21252 -375.000000 -225.000000 0.000000
21253 -300.000000 -225.000000 0.000000
21254 -225.000000 -225.000000 0.000000
21255 -150.000000 -225.000000 0.000000
21256 -75.000000 -225.000000 0.000000
21257 0.000000 -225.000000 0.000000
21258 0.000000 -225.000000 0.000000
21259 0.000000 -225.000000 0.000000
21260 0.000000 -225.000000 0.000000
21261 0.000000 -225.000000 0.000000
21262 0.000000 -225.000000 0.000000
21263 0.000000 -225.000000 0.000000
21264 0.000000 -225.000000 0.000000
21265 0.000000 -225.000000 0.000000
21266 0.000000 -225.000000 0.000000
21267 0.000000 -225.000000 0.000000
21268 0.000000 -225.000000 0.000000
21269 0.000000 -225.000000 0.000000
21270 0.000000 -225.000000 0.000000
21271 0.000000 -225.000000 0.000000
21272 0.000000 -225.000000 0.000000
21273 0.000000 -225.000000 0.000000
21274 0.000000 -225.000000 0.000000
21275 0.000000 -225.000000 0.000000
21276 0.000000 -225.000000 0.000000
21277 0.000000 -225.000000 0.000000
21278 0.000000 -225.000000 0.000000
21279 0.000000 -225.000000 0.000000
21280 0.000000 -225.000000 0.000000
21281 0.000000 -225.000000 0.000000
21282 0.000000 -225.000000 0.000000
21283 0.000000 -225.000000 0.000000
21284 0.000000 -225.000000 0.000000
21285 0.000000 -225.000000 0.000000
21286 0.000000 -225.000000 0.000000
21287 0.000000 -225.000000 0.000000
21288 0.000000 -225.000000 0.000000
21289 75.000000 -225.000000 0.000000
21290 150.000000 -225.000000 0.000000
21291 225.000000 -225.000000 0.000000
21292 300.000000 -225.000000 0.000000
21293 375.000000 -225.000000 0.000000
21294 -375.000000 -150.000000 0.000000
21295 -300.000000 -150.000000 0.000000
21296 -225.000000 -150.000000 0.000000
21297 -150.000000 -150.000000 0.000000
21298 -75.000000 -150.000000 0.000000
21299 0.000000 -150.000000 0.000000
21300 0.000000 -150.000000 0.000000
21301 0.000000 -150.000000 0.000000
21302 0.000000 -150.000000 0.000000
21303 0.000000 -150.000000 0.000000
21304 0.000000 -150.000000 0.000000
21305 0.000000 -150.000000 0.000000
21306 0.000000 -150.000000 0.000000
21307 0.000000 -150.000000 0.000000
21308 0.000000 -150.000000 0.000000
21309 0.000000 -150.000000 0.000000
21310 0.000000 -150.000000 0.000000
21311 0.000000 -150.000000 0.000000
21312 0.000000 -150.000000 0.000000
21313 0.000000 -150.000000 0.000000
21314 0.000000 -150.000000 0.000000
21315 0.000000 -150.000000 0.000000
21316 0.000000 -150.000000 0.000000
21317 0.000000 -150.000000 0.000000
21318 0.000000 -150.000000 0.000000
21319 0.000000 -150.000000 0.000000
21320 0.000000 -150.000000 0.000000
21321 0.000000 -150.000000 0.000000
21322 0.000000 -150.000000 0.000000
21323 0.000000 -150.000000 0.000000
21324 0.000000 -150.000000 0.000000
21325 0.000000 -150.000000 0.000000
21326 0.000000 -150.000000 0.000000
21327 0.000000 -150.000000 0.000000
21328 0.000000 -150.000000 0.000000
21329 0.000000 -150.000000 0.000000
21330 0.000000 -150.000000 0.000000
21331 75.000000 -150.000000 0.000000
21332 150.000000 -150.000000 0.000000
21333 225.000000 -150.000000 0.000000
21334 300.000000 -150.000000 0.000000
21335 375.000000 -150.000000 0.000000
21336 -375.000000 -75.000000 0.000000
21337 -300.000000 -75.000000 0.000000
21338 -225.000000 -75.000000 0.000000
21339 -150.000000 -75.000000 0.000000
21340 -75.000000 -75.000000 0.000000
21341 0.000000 -75.000000 0.000000
21342 0.000000 -75.000000 0.000000
21343 0.000000 -75.000000 0.000000
21344 0.000000 -75.000000 0.000000
21345 0.000000 -75.000000 0.000000
21346 0.000000 -75.000000 0.000000
21347 0.000000 -75.000000 0.000000
21348 0.000000 -75.000000 0.000000
21349 0.000000 -75.000000 0.000000
21350 0.000000 -75.000000 0.000000
21351 0.000000 -75.000000 0.000000
21352 0.000000 -75.000000 0.000000
21353 0.000000 -75.000000 0.000000
21354 0.000000 -75.000000 0.000000
21355 0.000000 -75.000000 0.000000
21356 0.000000 -75.000000 0.000000
21357 0.000000 -75.000000 0.000000
21358 0.000000 -75.000000 0.000000
21359 0.000000 -75.000000 0.000000
21360 0.000000 -75.000000 0.000000
21361 0.000000 -75.000000 0.000000
21362 0.000000 -75.000000 0.000000
21363 0.000000 -75.000000 0.000000
21364 0.000000 -75.000000 0.000000
21365 0.000000 -75.000000 0.000000
21366 0.000000 -75.000000 0.000000
21367 0.000000 -75.000000 0.000000
21368 0.000000 -75.000000 0.000000
21369 0.000000 -75.000000 0.000000
21370 0.000000 -75.000000 0.000000
21371 0.000000 -75.000000 0.000000
21372 0.000000 -75.000000 0.000000
21373 75.000000 -75.000000 0.000000
21374 150.000000 -75.000000 0.000000
21375 225.000000 -75.000000 0.000000
21376 300.000000 -75.000000 0.000000
21377 375.000000 -75.000000 0.000000
21378 -375.000000 0.000000 0.000000
21379 -300.000000 0.000000 0.000000
21380 -225.000000 0.000000 0.000000
21381 -150.000000 0.000000 0.000000
21382 -75.000000 0.000000 0.000000
21415 75.000000 0.000000 0.000000
21416 150.000000 0.000000 0.000000
21417 225.000000 0.000000 0.000000
21418 300.000000 0.000000 0.000000
21419 375.000000 0.000000 0.000000
21420 -375.000000 0.000000 0.000000
21421 -300.000000 0.000000 0.000000
21422 -225.000000 0.000000 0.000000
21423 -150.000000 0.000000 0.000000
21424 -75.000000 0.000000 0.000000
21457 75.000000 0.000000 0.000000
21458 150.000000 0.000000 0.000000
21459 225.000000 0.000000 0.000000
21460 300.000000 0.000000 0.000000
21461 375.000000 0.000000 0.000000
21462 -375.000000 0.000000 0.000000
21463 -300.000000 0.000000 0.000000
21464 -225.000000 0.000000 0.000000
21465 -150.000000 0.000000 0.000000
21466 -75.000000 0.000000 0.000000
21499 75.000000 0.000000 0.000000
21500 150.000000 0.000000 0.000000
21501 225.000000 0.000000 0.000000
21502 300.000000 0.000000 0.000000
21503 375.000000 0.000000 0.000000
21504 -375.000000 0.000000 0.000000
21505 -300.000000 0.000000 0.000000
21506 -225.000000 0.000000 0.000000
21507 -150.000000 0.000000 0.000000
21508 -75.000000 0.000000 0.000000
21541 75.000000 0.000000 0.000000
21542 150.000000 0.000000 0.000000
21543 225.000000 0.000000 0.000000
21544 300.000000 0.000000 0.000000
21545 375.000000 0.000000 0.000000
21546 -375.000000 0.000000 0.000000
21547 -300.000000 0.000000 0.000000
21548 -225.000000 0.000000 0.000000
21549 -150.000000 0.000000 0.000000
21550 -75.000000 0.000000 0.000000
21583 75.000000 0.000000 0.000000
21584 150.000000 0.000000 0.000000
21585 225.000000 0.000000 0.000000
21586 300.000000 0.000000 0.000000
21587 375.000000 0.000000 0.000000
21588 -375.000000 0.000000 0.000000
21589 -300.000000 0.000000 0.000000
21590 -225.000000 0.000000 0.000000
21591 -150.000000 0.000000 0.000000
21592 -75.000000 0.000000 0.000000
21625 75.000000 0.000000 0.000000
21626 150.000000 0.000000 0.000000
21627 225.000000 0.000000 0.000000
21628 300.000000 0.000000 0.000000
21629 375.000000 0.000000 0.000000
21630 -375.000000 0.000000 0.000000
21631 -300.000000 0.000000 0.000000
21632 -225.000000 0.000000 0.000000
21633 -150.000000 0.000000 0.000000
21634 -75.000000 0.000000 0.000000
21667 75.000000 0.000000 0.000000
21668 150.000000 0.000000 0.000000
21669 225.000000 0.000000 0.000000
21670 300.000000 0.000000 0.000000
21671 375.000000 0.000000 0.000000
21672 -375.000000 0.000000 0.000000
21673 -300.000000 0.000000 0.000000
21674 -225.000000 0.000000 0.000000
21675 -150.000000 0.000000 0.000000
21676 -75.000000 0.000000 0.000000
21709 75.000000 0.000000 0.000000
21710 150.000000 0.000000 0.000000
21711 225.000000 0.000000 0.000000
21712 300.000000 0.000000 0.000000
21713 375.000000 0.000000 0.000000
21714 -375.000000 0.000000 0.000000
21715 -300.000000 0.000000 0.000000
21716 -225.000000 0.000000 0.000000
21717 -150.000000 0.000000 0.000000
21718 -75.000000 0.000000 0.000000
21751 75.000000 0.000000 0.000000
21752 150.000000 0.000000 0.000000
21753 225.000000 0.000000 0.000000
21754 300.000000 0.000000 0.000000
21755 375.000000 0.000000 0.000000
21756 -375.000000 0.000000 0.000000
21757 -300.000000 0.000000 0.000000
21758 -225.000000 0.000000 0.000000
21759 -150.000000 0.000000 0.000000
21760 -75.000000 0.000000 0.000000
21793 75.000000 0.000000 0.000000
21794 150.000000 0.000000 0.000000
21795 225.000000 0.000000 0.000000
21796 300.000000 0.000000 0.000000
21797 375.000000 0.000000 0.000000
21798 -375.000000 0.000000 0.000000
21799 -300.000000 0.000000 0.000000
21800 -225.000000 0.000000 0.000000
21801 -150.000000 0.000000 0.000000
21802 -75.000000 0.000000 0.000000
21835 75.000000 0.000000 0.000000
21836 150.000000 0.000000 0.000000
21837 225.000000 0.000000 0.000000
21838 300.000000 0.000000 0.000000
21839 375.000000 0.000000 0.000000
21840 -375.000000 0.000000 0.000000
21841 -300.000000 0.000000 0.000000
21842 -225.000000 0.000000 0.000000
21843 -150.000000 0.000000 0.000000
21844 -75.000000 0.000000 0.000000
21877 75.000000 0.000000 0.000000
21878 150.000000 0.000000 0.000000
21879 225.000000 0.000000 0.000000
21880 300.000000 0.000000 0.000000
21881 375.000000 0.000000 0.000000
21882 -375.000000 0.000000 0.000000
21883 -300.000000 0.000000 0.000000
21884 -225.000000 0.000000 0.000000
21885 -150.000000 0.000000 0.000000
21886 -75.000000 0.000000 0.000000
21919 75.000000 0.000000 0.000000
21920 150.000000 0.000000 0.000000
21921 225.000000 0.000000 0.000000
21922 300.000000 0.000000 0.000000
21923 375.000000 0.000000 0.000000
21924 -375.000000 0.000000 0.000000
21925 -300.000000 0.000000 0.000000
21926 -225.000000 0.000000 0.000000
21927 -150.000000 0.000000 0.000000
21928 -75.000000 0.000000 0.000000
21961 75.000000 0.000000 0.000000
21962 150.000000 0.000000 0.000000
21963 225.000000 0.000000 0.000000
21964 300.000000 0.000000 0.000000
21965 375.000000 0.000000 0.000000
21966 -375.000000 0.000000 0.000000
21967 -300.000000 0.000000 0.000000
21968 -225.000000 0.000000 0.000000
21969 -150.000000 0.000000 0.000000
21970 -75.000000 0.000000 0.000000
22003 75.000000 0.000000 0.000000
22004 150.000000 0.000000 0.000000
22005 225.000000 0.000000 0.000000
22006 300.000000 0.000000 0.000000
22007 375.000000 0.000000 0.000000
22008 -375.000000 0.000000 0.000000
22009 -300.000000 0.000000 0.000000
22010 -225.000000 0.000000 0.000000
22011 -150.000000 0.000000 0.000000
22012 -75.000000 0.000000 0.000000
22045 75.000000 0.000000 0.000000
22046 150.000000 0.000000 0.000000
22047 225.000000 0.000000 0.000000
22048 300.000000 0.000000 0.000000
22049 375.000000 0.000000 0.000000
22050 -375.000000 0.000000 0.000000
22051 -300.000000 0.000000 0.000000
22052 -225.000000 0.000000 0.000000
22053 -150.000000 0.000000 0.000000
22054 -75.000000 0.000000 0.000000
22087 75.000000 0.000000 0.000000
22088 150.000000 0.000000 0.000000
22089 225.000000 0.000000 0.000000
22090 300.000000 0.000000 0.000000
22091 375.000000 0.000000 0.000000
22092 -375.000000 0.000000 0.000000
22093 -300.000000 0.000000 0.000000
22094 -225.000000 0.000000 0.000000
22095 -150.000000 0.000000 0.000000
22096 -75.000000 0.000000 0.000000
22129 75.000000 0.000000 0.000000
22130 150.000000 0.000000 0.000000
22131 225.000000 0.000000 0.000000
22132 300.000000 0.000000 0.000000
22133 375.000000 0.000000 0.000000
22134 -375.000000 0.000000 0.000000
22135 -300.000000 0.000000 0.000000
22136 -225.000000 0.000000 0.000000
22137 -150.000000 0.000000 0.000000
22138 -75.000000 0.000000 0.000000
22171 75.000000 0.000000 0.000000
22172 150.000000 0.000000 0.000000
22173 225.000000 0.000000 0.000000
22174 300.000000 0.000000 0.000000
22175 375.000000 0.000000 0.000000
22176 -375.000000 0.000000 0.000000
22177 -300.000000 0.000000 0.000000
22178 -225.000000 0.000000 0.000000
22179 -150.000000 0.000000 0.000000
22180 -75.000000 0.000000 0.000000
22213 75.000000 0.000000 0.000000
22214 150.000000 0.000000 0.000000
22215 225.000000 0.000000 0.000000
22216 300.000000 0.000000 0.000000
22217 375.000000 0.000000 0.000000
22218 -375.000000 0.000000 0.000000
22219 -300.000000 0.000000 0.000000
22220 -225.000000 0.000000 0.000000
22221 -150.000000 0.000000 0.000000
22222 -75.000000 0.000000 0.000000
22255 75.000000 0.000000 0.000000
22256 150.000000 0.000000 0.000000
22257 225.000000 0.000000 0.000000
22258 300.000000 0.000000 0.000000
22259 375.000000 0.000000 0.000000
22260 -375.000000 0.000000 0.000000
22261 -300.000000 0.000000 0.000000
22262 -225.000000 0.000000 0.000000
22263 -150.000000 0.000000 0.000000
22264 -75.000000 0.000000 0.000000
22297 75.000000 0.000000 0.000000
22298 150.000000 0.000000 0.000000
22299 225.000000 0.000000 0.000000
22300 300.000000 0.000000 0.000000
22301 375.000000 0.000000 0.000000
22302 -375.000000 0.000000 0.000000
22303 -300.000000 0.000000 0.000000
22304 -225.000000 0.000000 0.000000
22305 -150.000000 0.000000 0.000000
22306 -75.000000 0.000000 0.000000
22339 75.000000 0.000000 0.000000
22340 150.000000 0.000000 0.000000
22341 225.000000 0.000000 0.000000
22342 300.000000 0.000000 0.000000
22343 375.000000 0.000000 0.000000
22344 -375.000000 0.000000 0.000000
22345 -300.000000 0.000000 0.000000
22346 -225.000000 0.000000 0.000000
22347 -150.000000 0.000000 0.000000
22348 -75.000000 0.000000 0.000000
22381 75.000000 0.000000 0.000000
22382 150.000000 0.000000 0.000000
22383 225.000000 0.000000 0.000000
22384 300.000000 0.000000 0.000000
22385 375.000000 0.000000 0.000000
22386 -375.000000 0.000000 0.000000
22387 -300.000000 0.000000 0.000000
22388 -225.000000 0.000000 0.000000
22389 -150.000000 0.000000 0.000000
22390 -75.000000 0.000000 0.000000
22423 75.000000 0.000000 0.000000
22424 150.000000 0.000000 0.000000
22425 225.000000 0.000000 0.000000
22426 300.000000 0.000000 0.000000
22427 375.000000 0.000000 0.000000
22428 -375.000000 0.000000 0.000000
22429 -300.000000 0.000000 0.000000
22430 -225.000000 0.000000 0.000000
22431 -150.000000 0.000000 0.000000
22432 -75.000000 0.000000 0.000000
22465 75.000000 0.000000 0.000000
22466 150.000000 0.000000 0.000000
22467 225.000000 0.000000 0.000000
22468 300.000000 0.000000 0.000000
22469 375.000000 0.000000 0.000000
22470 -375.000000 0.000000 0.000000
22471 -300.000000 0.000000 0.000000
22472 -225.000000 0.000000 0.000000
22473 -150.000000 0.000000 0.000000
22474 -75.000000 0.000000 0.000000
22507 75.000000 0.000000 0.000000
22508 150.000000 0.000000 0.000000
22509 225.000000 0.000000 0.000000
22510 300.000000 0.000000 0.000000
22511 375.000000 0.000000 0.000000
22512 -375.000000 0.000000 0.000000
22513 -300.000000 0.000000 0.000000
22514 -225.000000 0.000000 0.000000
22515 -150.000000 0.000000 0.000000
22516 -75.000000 0.000000 0.000000
22549 75.000000 0.000000 0.000000
22550 150.000000 0.000000 0.000000
22551 225.000000 0.000000 0.000000
22552 300.000000 0.000000 0.000000
22553 375.000000 0.000000 0.000000
22554 -375.000000 0.000000 0.000000
22555 -300.000000 0.000000 0.000000
22556 -225.000000 0.000000 0.000000
22557 -150.000000 0.000000 0.000000
22558 -75.000000 0.000000 0.000000
22591 75.000000 0.000000 0.000000
22592 150.000000 0.000000 0.000000
22593 225.000000 0.000000 0.000000
22594 300.000000 0.000000 0.000000
22595 375.000000 0.000000 0.000000
22596 -375.000000 0.000000 0.000000
22597 -300.000000 0.000000 0.000000
22598 -225.000000 0.000000 0.000000
22599 -150.000000 0.000000 0.000000
22600 -75.000000 0.000000 0.000000
22633 75.000000 0.000000 0.000000
22634 150.000000 0.000000 0.000000
22635 225.000000 0.000000 0.000000
22636 300.000000 0.000000 0.000000
22637 375.000000 0.000000 0.000000
22638 -375.000000 0.000000 0.000000
22639 -300.000000 0.000000 0.000000
22640 -225.000000 0.000000 0.000000
22641 -150.000000 0.000000 0.000000
22642 -75.000000 0.000000 0.000000
22675 75.000000 0.000000 0.000000
22676 150.000000 0.000000 0.000000
22677 225.000000 0.000000 0.000000
22678 300.000000 0.000000 0.000000
22679 375.000000 0.000000 0.000000
22680 -375.000000 0.000000 0.000000
22681 -300.000000 0.000000 0.000000
22682 -225.000000 0.000000 0.000000
22683 -150.000000 0.000000 0.000000
22684 -75.000000 0.000000 0.000000
22717 75.000000 0.000000 0.000000
22718 150.000000 0.000000 0.000000
22719 225.000000 0.000000 0.000000
22720 300.000000 0.000000 0.000000
22721 375.000000 0.000000 0.000000
22722 -375.000000 75.000000 0.000000
22723 -300.000000 75.000000 0.000000
22724 -225.000000 75.000000 0.000000
22725 -150.000000 75.000000 0.000000
22726 -75.000000 75.000000 0.000000
22727 0.000000 75.000000 0.000000
22728 0.000000 75.000000 0.000000
22729 0.000000 75.000000 0.000000
22730 0.000000 75.000000 0.000000
22731 0.000000 75.000000 0.000000
22732 0.000000 75.000000 0.000000
22733 0.000000 75.000000 0.000000
22734 0.000000 75.000000 0.000000
22735 0.000000 75.000000 0.000000
22736 0.000000 75.000000 0.000000
22737 0.000000 75.000000 0.000000
22738 0.000000 75.000000 0.000000
22739 0.000000 75.000000 0.000000
22740 0.000000 75.000000 0.000000
22741 0.000000 75.000000 0.000000
22742 0.000000 75.000000 0.000000
22743 0.000000 75.000000 0.000000
22744 0.000000 75.000000 0.000000
22745 0.000000 75.000000 0.000000
22746 0.000000 75.000000 0.000000
22747 0.000000 75.000000 0.000000
22748 0.000000 75.000000 0.000000
22749 0.000000 75.000000 0.000000
22750 0.000000 75.000000 0.000000
22751 0.000000 75.000000 0.000000
22752 0.000000 75.000000 0.000000
22753 0.000000 75.000000 0.000000
22754 0.000000 75.000000 0.000000
22755 0.000000 75.000000 0.000000
22756 0.000000 75.000000 0.000000
22757 0.000000 75.000000 0.000000
22758 0.000000 75.000000 0.000000
22759 75.000000 75.000000 0.000000
22760 150.000000 75.000000 0.000000
22761 225.000000 75.000000 0.000000
22762 300.000000 75.000000 0.000000
22763 375.000000 75.000000 0.000000
22764 -375.000000 150.000000 0.000000
22765 -300.000000 150.000000 0.000000
22766 -225.000000 150.000000 0.000000
22767 -150.000000 150.000000 0.000000
22768 -75.000000 150.000000 0.000000
22769 0.000000 150.000000 0.000000
22770 0.000000 150.000000 0.000000
22771 0.000000 150.000000 0.000000
22772 0.000000 150.000000 0.000000
22773 0.000000 150.000000 0.000000
22774 0.000000 150.000000 0.000000
22775 0.000000 150.000000 0.000000
22776 0.000000 150.000000 0.000000
22777 0.000000 150.000000 0.000000
22778 0.000000 150.000000 0.000000
22779 0.000000 150.000000 0.000000
22780 0.000000 150.000000 0.000000
22781 0.000000 150.000000 0.000000
22782 0.000000 150.000000 0.000000
22783 0.000000 150.000000 0.000000
22784 0.000000 150.000000 0.000000
22785 0.000000 150.000000 0.000000
22786 0.000000 150.000000 0.000000
22787 0.000000 150.000000 0.000000
22788 0.000000 150.000000 0.000000
22789 0.000000 150.000000 0.000000
22790 0.000000 150.000000 0.000000
22791 0.000000 150.000000 0.000000
22792 0.000000 150.000000 0.000000
22793 0.000000 150.000000 0.000000
22794 0.000000 150.000000 0.000000
22795 0.000000 150.000000 0.000000
22796 0.000000 150.000000 0.000000
22797 0.000000 150.000000 0.000000
22798 0.000000 150.000000 0.000000
22799 0.000000 150.000000 0.000000
22800 0.000000 150.000000 0.000000
22801 75.000000 150.000000 0.000000
22802 150.000000 150.000000 0.000000
22803 225.000000 150.000000 0.000000
22804 300.000000 150.000000 0.000000
22805 375.000000 150.000000 0.000000
22806 -375.000000 225.000000 0.000000
22807 -300.000000 225.000000 0.000000
22808 -225.000000 225.000000 0.000000
22809 -150.000000 225.000000 0.000000
22810 -75.000000 225.000000 0.000000
22811 0.000000 225.000000 0.000000
22812 0.000000 225.000000 0.000000
22813 0.000000 225.000000 0.000000
22814 0.000000 225.000000 0.000000
22815 0.000000 225.000000 0.000000
22816 0.000000 225.000000 0.000000
22817 0.000000 225.000000 0.000000
22818 0.000000 225.000000 0.000000
22819 0.000000 225.000000 0.000000
22820 0.000000 225.000000 0.000000
22821 0.000000 225.000000 0.000000
22822 0.000000 225.000000 0.000000
22823 0.000000 225.000000 0.000000
22824 0.000000 225.000000 0.000000
22825 0.000000 225.000000 0.000000
22826 0.000000 225.000000 0.000000
22827 0.000000 225.000000 0.000000
22828 0.000000 225.000000 0.000000
22829 0.000000 225.000000 0.000000
22830 0.000000 225.000000 0.000000
22831 0.000000 225.000000 0.000000
22832 0.000000 225.000000 0.000000
22833 0.000000 225.000000 0.000000
22834 0.000000 225.000000 0.000000
22835 0.000000 225.000000 0.000000
22836 0.000000 225.000000 0.000000
22837 0.000000 225.000000 0.000000
22838 0.000000 225.000000 0.000000
22839 0.000000 225.000000 0.000000
22840 0.000000 225.000000 0.000000
22841 0.000000 225.000000 0.000000
22842 0.000000 225.000000 0.000000
22843 75.000000 225.000000 0.000000
22844 150.000000 225.000000 0.000000
22845 225.000000 225.000000 0.000000
22846 300.000000 225.000000 0.000000
22847 375.000000 225.000000 0.000000
22848 -375.000000 300.000000 0.000000
22849 -300.000000 300.000000 0.000000
22850 -225.000000 300.000000 0.000000
22851 -150.000000 300.000000 0.000000
22852 -75.000000 300.000000 0.000000
22853 0.000000 300.000000 0.000000
22854 0.000000 300.000000 0.000000
22855 0.000000 300.000000 0.000000
22856 0.000000 300.000000 0.000000
22857 0.000000 300.000000 0.000000
22858 0.000000 300.000000 0.000000
22859 0.000000 300.000000 0.000000
22860 0.000000 300.000000 0.000000
22861 0.000000 300.000000 0.000000
22862 0.000000 300.000000 0.000000
22863 0.000000 300.000000 0.000000
22864 0.000000 300.000000 0.000000
22865 0.000000 300.000000 0.000000
22866 0.000000 300.000000 0.000000
22867 0.000000 300.000000 0.000000
22868 0.000000 300.000000 0.000000
22869 0.000000 300.000000 0.000000
22870 0.000000 300.000000 0.000000
22871 0.000000 300.000000 0.000000
22872 0.000000 300.000000 0.000000
22873 0.000000 300.000000 0.000000
22874 0.000000 300.000000 0.000000
22875 0.000000 300.000000 0.000000
22876 0.000000 300.000000 0.000000
22877 0.000000 300.000000 0.000000
22878 0.000000 300.000000 0.000000
22879 0.000000 300.000000 0.000000
22880 0.000000 300.000000 0.000000
22881 0.000000 300.000000 0.000000
22882 0.000000 300.000000 0.000000
22883 0.000000 300.000000 0.000000
22884 0.000000 300.000000 0.000000
22885 75.000000 300.000000 0.000000
22886 150.000000 300.000000 0.000000
22887 225.000000 300.000000 0.000000
22888 300.000000 300.000000 0.000000
22889 375.000000 300.000000 0.000000
22890 -375.000000 375.000000 0.000000
22891 -300.000000 375.000000 0.000000
22892 -225.000000 375.000000 0.000000
22893 -150.000000 375.000000 0.000000
22894 -75.000000 375.000000 0.000000
22895 0.000000 375.000000 0.000000
22896 0.000000 375.000000 0.000000
22897 0.000000 375.000000 0.000000
22898 0.000000 375.000000 0.000000
22899 0.000000 375.000000 0.000000
22900 0.000000 375.000000 0.000000
22901 0.000000 375.000000 0.000000
22902 0.000000 375.000000 0.000000
22903 0.000000 375.000000 0.000000
22904 0.000000 375.000000 0.000000
22905 0.000000 375.000000 0.000000
22906 0.000000 375.000000 0.000000
22907 0.000000 375.000000 0.000000
22908 0.000000 375.000000 0.000000
22909 0.000000 375.000000 0.000000
22910 0.000000 375.000000 0.000000
22911 0.000000 375.000000 0.000000
22912 0.000000 375.000000 0.000000
22913 0.000000 375.000000 0.000000
22914 0.000000 375.000000 0.000000
22915 0.000000 375.000000 0.000000
22916 0.000000 375.000000 0.000000
22917 0.000000 375.000000 0.000000
22918 0.000000 375.000000 0.000000
22919 0.000000 375.000000 0.000000
22920 0.000000 375.000000 0.000000
22921 0.000000 375.000000 0.000000
22922 0.000000 375.000000 0.000000
22923 0.000000 375.000000 0.000000
22924 0.000000 375.000000 0.000000
22925 0.000000 375.000000 0.000000
22926 0.000000 375.000000 0.000000
22927 75.000000 375.000000 0.000000
22928 150.000000 375.000000 0.000000
22929 225.000000 375.000000 0.000000
22930 300.000000 375.000000 0.000000
22931 375.000000 375.000000 0.000000
22932 -375.000000 -375.000000 0.000000
22933 -300.000000 -375.000000 0.000000
22934 -225.000000 -375.000000 0.000000
22935 -150.000000 -375.000000 0.000000
22936 -75.000000 -375.000000 0.000000
22937 0.000000 -375.000000 0.000000
22938 0.000000 -375.000000 0.000000
22939 0.000000 -375.000000 0.000000
22940 0.000000 -375.000000 0.000000
22941 0.000000 -375.000000 0.000000
22942 0.000000 -375.000000 0.000000
22943 0.000000 -375.000000 0.000000
22944 0.000000 -375.000000 0.000000
22945 0.000000 -375.000000 0.000000
22946 0.000000 -375.000000 0.000000
22947 0.000000 -375.000000 0.000000
22948 0.000000 -375.000000 0.000000
22949 0.000000 -375.000000 0.000000
22950 0.000000 -375.000000 0.000000
22951 0.000000 -375.000000 0.000000
22952 0.000000 -375.000000 0.000000
22953 0.000000 -375.000000 0.000000
22954 0.000000 -375.000000 0.000000
22955 0.000000 -375.000000 0.000000
22956 0.000000 -375.000000 0.000000
22957 0.000000 -375.000000 0.000000
22958 0.000000 -375.000000 0.000000
22959 0.000000 -375.000000 0.000000
22960 0.000000 -375.000000 0.000000
22961 0.000000 -375.000000 0.000000
22962 0.000000 -375.000000 0.000000
22963 0.000000 -375.000000 0.000000
22964 0.000000 -375.000000 0.000000
22965 0.000000 -375.000000 0.000000
22966 0.000000 -375.000000 0.000000
22967 0.000000 -375.000000 0.000000
22968 0.000000 -375.000000 0.000000
22969 75.000000 -375.000000 0.000000
22970 150.000000 -375.000000 0.000000
22971 225.000000 -375.000000 0.000000
22972 300.000000 -375.000000 0.000000
22973 375.000000 -375.000000 0.000000
22974 -375.000000 -300.000000 0.000000
22975 -300.000000 -300.000000 0.000000
22976 -225.000000 -300.000000 0.000000
22977 -150.000000 -300.000000 0.000000
22978 -75.000000 -300.000000 0.000000
22979 0.000000 -300.000000 0.000000
22980 0.000000 -300.000000 0.000000
22981 0.000000 -300.000000 0.000000
22982 0.000000 -300.000000 0.000000
22983 0.000000 -300.000000 0.000000
22984 0.000000 -300.000000 0.000000
22985 0.000000 -300.000000 0.000000
22986 0.000000 -300.000000 0.000000
22987 0.000000 -300.000000 0.000000
22988 0.000000 -300.000000 0.000000
22989 0.000000 -300.000000 0.000000
22990 0.000000 -300.000000 0.000000
22991 0.000000 -300.000000 0.000000
22992 0.000000 -300.000000 0.000000
22993 0.000000 -300.000000 0.000000
22994 0.000000 -300.000000 0.000000
22995 0.000000 -300.000000 0.000000
22996 0.000000 -300.000000 0.000000
22997 0.000000 -300.000000 0.000000
22998 0.000000 -300.000000 0.000000
22999 0.000000 -300.000000 0.000000
23000 0.000000 -300.000000 0.000000
23001 0.000000 -300.000000 0.000000
23002 0.000000 -300.000000 0.000000
23003 0.000000 -300.000000 0.000000
23004 0.000000 -300.000000 0.000000
23005 0.000000 -300.000000 0.000000
23006 0.000000 -300.000000 0.000000
23007 0.000000 -300.000000 0.000000
23008 0.000000 -300.000000 0.000000
23009 0.000000 -300.000000 0.000000
23010 0.000000 -300.000000 0.000000
23011 75.000000 -300.000000 0.000000
23012 150.000000 -300.000000 0.000000
23013 225.000000 -300.000000 0.000000
23014 300.000000 -300.000000 0.000000
23015 375.000000 -300.000000 0.000000
23016 -375.000000 -225.000000 0.000000
23017 -300.000000 -225.000000 0.000000
23018 -225.000000 -225.000000 0.000000
23019 -150.000000 -225.000000 0.000000
23020 -75.000000 -225.000000 0.000000
23021 0.000000 -225.000000 0.000000
23022 0.000000 -225.000000 0.000000
23023 0.000000 -225.000000 0.000000
23024 0.000000 -225.000000 0.000000
23025 0.000000 -225.000000 0.000000
23026 0.000000 -225.000000 0.000000
23027 0.000000 -225.000000 0.000000
23028 0.000000 -225.000000 0.000000
23029 0.000000 -225.000000 0.000000
23030 0.000000 -225.000000 0.000000
23031 0.000000 -225.000000 0.000000
23032 0.000000 -225.000000 0.000000
23033 0.000000 -225.000000 0.000000
23034 0.000000 -225.000000 0.000000
23035 0.000000 -225.000000 0.000000
23036 0.000000 -225.000000 0.000000
23037 0.000000 -225.000000 0.000000
23038 0.000000 -225.000000 0.000000
23039 0.000000 -225.000000 0.000000
23040 0.000000 -225.000000 0.000000
23041 0.000000 -225.000000 0.000000
23042 0.000000 -225.000000 0.000000
23043 0.000000 -225.000000 0.000000
23044 0.000000 -225.000000 0.000000
23045 0.000000 -225.000000 0.000000
23046 0.000000 -225.000000 0.000000
23047 0.000000 -225.000000 0.000000
23048 0.000000 -225.000000 0.000000
23049 0.000000 -225.000000 0.000000
23050 0.000000 -225.000000 0.000000
23051 0.000000 -225.000000 0.000000
23052 0.000000 -225.000000 0.000000
23053 75.000000 -225.000000 0.000000
23054 150.000000 -225.000000 0.000000
23055 225.000000 -225.000000 0.000000
23056 300.000000 -225.000000 0.000000
23057 375.000000 -225.000000 0.000000
23058 -375.000000 -150.000000 0.000000
23059 -300.000000 -150.000000 0.000000
23060 -225.000000 -150.000000 0.000000
23061 -150.000000 -150.000000 0.000000
23062 -75.000000 -150.000000 0.000000
23063 0.000000 -150.000000 0.000000
23064 0.000000 -150.000000 0.000000
23065 0.000000 -150.000000 0.000000
23066 0.000000 -150.000000 0.000000
23067 0.000000 -150.000000 0.000000
23068 0.000000 -150.000000 0.000000
23069 0.000000 -150.000000 0.000000
23070 0.000000 -150.000000 0.000000
23071 0.000000 -150.000000 0.000000
23072 0.000000 -150.000000 0.000000
23073 0.000000 -150.000000 0.000000
23074 0.000000 -150.000000 0.000000
23075 0.000000 -150.000000 0.000000
23076 0.000000 -150.000000 0.000000
23077 0.000000 -150.000000 0.000000
23078 0.000000 -150.000000 0.000000
23079 0.000000 -150.000000 0.000000
23080 0.000000 -150.000000 0.000000
23081 0.000000 -150.000000 0.000000
23082 0.000000 -150.000000 0.000000
23083 0.000000 -150.000000 0.000000
23084 0.000000 -150.000000 0.000000
23085 0.000000 -150.000000 0.000000
23086 0.000000 -150.000000 0.000000
23087 0.000000 -150.000000 0.000000
23088 0.000000 -150.000000 0.000000
23089 0.000000 -150.000000 0.000000
23090 0.000000 -150.000000 0.000000
23091 0.000000 -150.000000 0.000000
23092 0.000000 -150.000000 0.000000
23093 0.000000 -150.000000 0.000000
23094 0.000000 -150.000000 0.000000
23095 75.000000 -150.000000 0.000000
23096 150.000000 -150.000000 0.000000
23097 225.000000 -150.000000 0.000000
23098 300.000000 -150.000000 0.000000
23099 375.000000 -150.000000 0.000000
23100 -375.000000 -75.000000 0.000000
23101 -300.000000 -75.000000 0.000000
23102 -225.000000 -75.000000 0.000000
23103 -150.000000 -75.000000 0.000000
23104 -75.000000 -75.000000 0.000000
23105 0.000000 -75.000000 0.000000
23106 0.000000 -75.000000 0.000000
23107 0.000000 -75.000000 0.000000
23108 0.000000 -75.000000 0.000000
23109 0.000000 -75.000000 0.000000
23110 0.000000 -75.000000 0.000000
23111 0.000000 -75.000000 0.000000
23112 0.000000 -75.000000 0.000000
23113 0.000000 -75.000000 0.000000
23114 0.000000 -75.000000 0.000000
23115 0.000000 -75.000000 0.000000
23116 0.000000 -75.000000 0.000000
23117 0.000000 -75.000000 0.000000
23118 0.000000 -75.000000 0.000000
23119 0.000000 -75.000000 0.000000
23120 0.000000 -75.000000 0.000000
23121 0.000000 -75.000000 0.000000
23122 0.000000 -75.000000 0.000000
23123 0.000000 -75.000000 0.000000
23124 0.000000 -75.000000 0.000000
23125 0.000000 -75.000000 0.000000
23126 0.000000 -75.000000 0.000000
23127 0.000000 -75.000000 0.000000
23128 0.000000 -75.000000 0.000000
23129 0.000000 -75.000000 0.000000
23130 0.000000 -75.000000 0.000000
23131 0.000000 -75.000000 0.000000
23132 0.000000 -75.000000 0.000000
23133 0.000000 -75.000000 0.000000
23134 0.000000 -75.000000 0.000000
23135 0.000000 -75.000000 0.000000
23136 0.000000 -75.000000 0.000000
23137 75.000000 -75.000000 0.000000
23138 150.000000 -75.000000 0.000000
23139 225.000000 -75.000000 0.000000
23140 300.000000 -75.000000 0.000000
23141 375.000000 -75.000000 0.000000
23142 -375.000000 0.000000 0.000000
23143 -300.000000 0.000000 0.000000
23144 -225.000000 0.000000 0.000000
23145 -150.000000 0.000000 0.000000
23146 -75.000000 0.000000 0.000000
23179 75.000000 0.000000 0.000000
23180 150.000000 0.000000 0.000000
23181 225.000000 0.000000 0.000000
23182 300.000000 0.000000 0.000000
23183 375.000000 0.000000 0.000000
23184 -375.000000 0.000000 0.000000
23185 -300.000000 0.000000 0.000000
23186 -225.000000 0.000000 0.000000
23187 -150.000000 0.000000 0.000000
23188 -75.000000 0.000000 0.000000
23221 75.000000 0.000000 0.000000
23222 150.000000 0.000000 0.000000
23223 225.000000 0.000000 0.000000
23224 300.000000 0.000000 0.000000
23225 375.000000 0.000000 0.000000
23226 -375.000000 0.000000 0.000000
23227 -300.000000 0.000000 0.000000
23228 -225.000000 0.000000 0.000000
23229 -150.000000 0.000000 0.000000
23230 -75.000000 0.000000 0.000000
23263 75.000000 0.000000 0.000000
23264 150.000000 0.000000 0.000000
23265 225.000000 0.000000 0.000000
23266 300.000000 0.000000 0.000000
23267 375.000000 0.000000 0.000000
23268 -375.000000 0.000000 0.000000
23269 -300.000000 0.000000 0.000000
23270 -225.000000 0.000000 0.000000
23271 -150.000000 0.000000 0.000000
23272 -75.000000 0.000000 0.000000
23305 75.000000 0.000000 0.000000
23306 150.000000 0.000000 0.000000
23307 225.000000 0.000000 0.000000
23308 300.000000 0.000000 0.000000
23309 375.000000 0.000000 0.000000
23310 -375.000000 0.000000 0.000000
23311 -300.000000 0.000000 0.000000
23312 -225.000000 0.000000 0.000000
23313 -150.000000 0.000000 0.000000
23314 -75.000000 0.000000 0.000000
23347 75.000000 0.000000 0.000000
23348 150.000000 0.000000 0.000000
23349 225.000000 0.000000 0.000000
23350 300.000000 0.000000 0.000000
23351 375.000000 0.000000 0.000000
23352 -375.000000 0.000000 0.000000
23353 -300.000000 0.000000 0.000000
23354 -225.000000 0.000000 0.000000
23355 -150.000000 0.000000 0.000000
23356 -75.000000 0.000000 0.000000
23389 75.000000 0.000000 0.000000
23390 150.000000 0.000000 0.000000
23391 225.000000 0.000000 0.000000
23392 300.000000 0.000000 0.000000
23393 375.000000 0.000000 0.000000
23394 -375.000000 0.000000 0.000000
23395 -300.000000 0.000000 0.000000
23396 -225.000000 0.000000 0.000000
23397 -150.000000 0.000000 0.000000
23398 -75.000000 0.000000 0.000000
23431 75.000000 0.000000 0.000000
23432 150.000000 0.000000 0.000000
23433 225.000000 0.000000 0.000000
23434 300.000000 0.000000 0.000000
23435 375.000000 0.000000 0.000000
23436 -375.000000 0.000000 0.000000
23437 -300.000000 0.000000 0.000000
23438 -225.000000 0.000000 0.000000
23439 -150.000000 0.000000 0.000000
23440 -75.000000 0.000000 0.000000
23473 75.000000 0.000000 0.000000
23474 150.000000 0.000000 0.000000
23475 225.000000 0.000000 0.000000
23476 300.000000 0.000000 0.000000
23477 375.000000 0.000000 0.000000
23478 -375.000000 0.000000 0.000000
23479 -300.000000 0.000000 0.000000
23480 -225.000000 0.000000 0.000000
23481 -150.000000 0.000000 0.000000
23482 -75.000000 0.000000 0.000000
23515 75.000000 0.000000 0.000000
23516 150.000000 0.000000 0.000000
23517 225.000000 0.000000 0.000000
23518 300.000000 0.000000 0.000000
23519 375.000000 0.000000 0.000000
23520 -375.000000 0.000000 0.000000
23521 -300.000000 0.000000 0.000000
23522 -225.000000 0.000000 0.000000
23523 -150.000000 0.000000 0.000000
23524 -75.000000 0.000000 0.000000
23557 75.000000 0.000000 0.000000
23558 150.000000 0.000000 0.000000
23559 225.000000 0.000000 0.000000
23560 300.000000 0.000000 0.000000
23561 375.000000 0.000000 0.000000
23562 -375.000000 0.000000 0.000000
23563 -300.000000 0.000000 0.000000
23564 -225.000000 0.000000 0.000000
23565 -150.000000 0.000000 0.000000
23566 -75.000000 0.000000 0.000000
23599 75.000000 0.000000 0.000000
23600 150.000000 0.000000 0.000000
23601 225.000000 0.000000 0.000000
23602 300.000000 0.000000 0.000000
23603 375.000000 0.000000 0.000000
23604 -375.000000 0.000000 0.000000
23605 -300.000000 0.000000 0.000000
23606 -225.000000 0.000000 0.000000
23607 -150.000000 0.000000 0.000000
23608 -75.000000 0.000000 0.000000
23641 75.000000 0.000000 0.000000
23642 150.000000 0.000000 0.000000
23643 225.000000 0.000000 0.000000
23644 300.000000 0.000000 0.000000
23645 375.000000 0.000000 0.000000
23646 -375.000000 0.000000 0.000000
23647 -300.000000 0.000000 0.000000
23648 -225.000000 0.000000 0.000000
23649 -150.000000 0.000000 0.000000
23650 -75.000000 0.000000 0.000000
23683 75.000000 0.000000 0.000000
23684 150.000000 0.000000 0.000000
23685 225.000000 0.000000 0.000000
23686 300.000000 0.000000 0.000000
23687 375.000000 0.000000 0.000000
23688 -375.000000 0.000000 0.000000
23689 -300.000000 0.000000 0.000000
23690 -225.000000 0.000000 0.000000
23691 -150.000000 0.000000 0.000000
23692 -75.000000 0.000000 0.000000
23725 75.000000 0.000000 0.000000
23726 150.000000 0.000000 0.000000
23727 225.000000 0.000000 0.000000
23728 300.000000 0.000000 0.000000
23729 375.000000 0.000000 0.000000
23730 -375.000000 0.000000 0.000000
23731 -300.000000 0.000000 0.000000
23732 -225.000000 0.000000 0.000000
23733 -150.000000 0.000000 0.000000
23734 -75.000000 0.000000 0.000000
23767 75.000000 0.000000 0.000000
23768 150.000000 0.000000 0.000000
23769 225.000000 0.000000 0.000000
23770 300.000000 0.000000 0.000000
23771 375.000000 0.000000 0.000000
23772 -375.000000 0.000000 0.000000
23773 -300.000000 0.000000 0.000000
23774 -225.000000 0.000000 0.000000
23775 -150.000000 0.000000 0.000000
23776 -75.000000 0.000000 0.000000
23809 75.000000 0.000000 0.000000
23810 150.000000 0.000000 0.000000
23811 225.000000 0.000000 0.000000
23812 300.000000 0.000000 0.000000
23813 375.000000 0.000000 0.000000
23814 -375.000000 0.000000 0.000000
23815 -300.000000 0.000000 0.000000
23816 -225.000000 0.000000 0.000000
23817 -150.000000 0.000000 0.000000
23818 -75.000000 0.000000 0.000000
23851 75.000000 0.000000 0.000000
23852 150.000000 0.000000 0.000000
23853 225.000000 0.000000 0.000000
23854 300.000000 0.000000 0.000000
23855 375.000000 0.000000 0.000000
23856 -375.000000 0.000000 0.000000
23857 -300.000000 0.000000 0.000000
23858 -225.000000 0.000000 0.000000
23859 -150.000000 0.000000 0.000000
23860 -75.000000 0.000000 0.000000
23893 75.000000 0.000000 0.000000
23894 150.000000 0.000000 0.000000
23895 225.000000 0.000000 0.000000
23896 300.000000 0.000000 0.000000
23897 375.000000 0.000000 0.000000
23898 -375.000000 0.000000 0.000000
23899 -300.000000 0.000000 0.000000
23900 -225.000000 0.000000 0.000000
23901 -150.000000 0.000000 0.000000
23902 -75.000000 0.000000 0.000000
23935 75.000000 0.000000 0.000000
23936 150.000000 0.000000 0.000000
23937 225.000000 0.000000 0.000000
23938 300.000000 0.000000 0.000000
23939 375.000000 0.000000 0.000000
23940 -375.000000 0.000000 0.000000
23941 -300.000000 0.000000 0.000000
23942 -225.000000 0.000000 0.000000
23943 -150.000000 0.000000 0.000000
23944 -75.000000 0.000000 0.000000
23977 75.000000 0.000000 0.000000
23978 150.000000 0.000000 0.000000
23979 225.000000 0.000000 0.000000
23980 300.000000 0.000000 0.000000
23981 375.000000 0.000000 0.000000
23982 -375.000000 0.000000 0.000000
23983 -300.000000 0.000000 0.000000
23984 -225.000000 0.000000 0.000000
23985 -150.000000 0.000000 0.000000
23986 -75.000000 0.000000 0.000000
24019 75.000000 0.000000 0.000000
24020 150.000000 0.000000 0.000000
24021 225.000000 0.000000 0.000000
24022 300.000000 0.000000 0.000000
24023 375.000000 0.000000 0.000000
24024 -375.000000 0.000000 0.000000
24025 -300.000000 0.000000 0.000000
24026 -225.000000 0.000000 0.000000
24027 -150.000000 0.000000 0.000000
24028 -75.000000 0.000000 0.000000
24061 75.000000 0.000000 0.000000
24062 150.000000 0.000000 0.000000
24063 225.000000 0.000000 0.000000
24064 300.000000 0.000000 0.000000
24065 375.000000 0.000000 0.000000
24066 -375.000000 0.000000 0.000000
24067 -300.000000 0.000000 0.000000
24068 -225.000000 0.000000 0.000000
24069 -150.000000 0.000000 0.000000
24070 -75.000000 0.000000 0.000000
24103 75.000000 0.000000 0.000000
24104 150.000000 0.000000 0.000000
24105 225.000000 0.000000 0.000000
24106 300.000000 0.000000 0.000000
24107 375.000000 0.000000 0.000000
24108 -375.000000 0.000000 0.000000
24109 -300.000000 0.000000 0.000000
24110 -225.000000 0.000000 0.000000
24111 -150.000000 0.000000 0.000000
24112 -75.000000 0.000000 0.000000
24145 75.000000 0.000000 0.000000
24146 150.000000 0.000000 0.000000
24147 225.000000 0.000000 0.000000
24148 300.000000 0.000000 0.000000
24149 375.000000 0.000000 0.000000
24150 -375.000000 0.000000 0.000000
24151 -300.000000 0.000000 0.000000
24152 -225.000000 0.000000 0.000000
24153 -150.000000 0.000000 0.000000
24154 -75.000000 0.000000 0.000000
24187 75.000000 0.000000 0.000000
24188 150.000000 0.000000 0.000000
24189 225.000000 0.000000 0.000000
24190 300.000000 0.000000 0.000000
24191 375.000000 0.000000 0.000000
24192 -375.000000 0.000000 0.000000
24193 -300.000000 0.000000 0.000000
24194 -225.000000 0.000000 0.000000
24195 -150.000000 0.000000 0.000000
24196 -75.000000 0.000000 0.000000
24229 75.000000 0.000000 0.000000
24230 150.000000 0.000000 0.000000
24231 225.000000 0.000000 0.000000
24232 300.000000 0.000000 0.000000
24233 375.000000 0.000000 0.000000
24234 -375.000000 0.000000 0.000000
24235 -300.000000 0.000000 0.000000
24236 -225.000000 0.000000 0.000000
24237 -150.000000 0.000000 0.000000
24238 -75.000000 0.000000 0.000000
24271 75.000000 0.000000 0.000000
24272 150.000000 0.000000 0.000000
24273 225.000000 0.000000 0.000000
24274 300.000000 0.000000 0.000000
24275 375.000000 0.000000 0.000000
24276 -375.000000 0.000000 0.000000
24277 -300.000000 0.000000 0.000000
24278 -225.000000 0.000000 0.000000
24279 -150.000000 0.000000 0.000000
24280 -75.000000 0.000000 0.000000
24313 75.000000 0.000000 0.000000
24314 150.000000 0.000000 0.000000
24315 225.000000 0.000000 0.000000
24316 300.000000 0.000000 0.000000
24317 375.000000 0.000000 0.000000
24318 -375.000000 0.000000 0.000000
24319 -300.000000 0.000000 0.000000
24320 -225.000000 0.000000 0.000000
24321 -150.000000 0.000000 0.000000
24322 -75.000000 0.000000 0.000000
24355 75.000000 0.000000 0.000000
24356 150.000000 0.000000 0.000000
24357 225.000000 0.000000 0.000000
24358 300.000000 0.000000 0.000000
24359 375.000000 0.000000 0.000000
24360 -375.000000 0.000000 0.000000
24361 -300.000000 0.000000 0.000000
24362 -225.000000 0.000000 0.000000
24363 -150.000000 0.000000 0.000000
24364 -75.000000 0.000000 0.000000
24397 75.000000 0.000000 0.000000
24398 150.000000 0.000000 0.000000
24399 225.000000 0.000000 0.000000
24400 300.000000 0.000000 0.000000
24401 375.000000 0.000000 0.000000
24402 -375.000000 0.000000 0.000000
24403 -300.000000 0.000000 0.000000
24404 -225.000000 0.000000 0.000000
24405 -150.000000 0.000000 0.000000
24406 -75.000000 0.000000 0.000000
24439 75.000000 0.000000 0.000000
24440 150.000000 0.000000 0.000000
24441 225.000000 0.000000 0.000000
24442 300.000000 0.000000 0.000000
24443 375.000000 0.000000 0.000000
24444 -375.000000 0.000000 0.000000
24445 -300.000000 0.000000 0.000000
24446 -225.000000 0.000000 0.000000
24447 -150.000000 0.000000 0.000000
24448 -75.000000 0.000000 0.000000
24481 75.000000 0.000000 0.000000
24482 150.000000 0.000000 0.000000
24483 225.000000 0.000000 0.000000
24484 300.000000 0.000000 0.000000
24485 375.000000 0.000000 0.000000
24486 -375.000000 75.000000 0.000000
24487 -300.000000 75.000000 0.000000
24488 -225.000000 75.000000 0.000000
24489 -150.000000 75.000000 0.000000
24490 -75.000000 75.000000 0.000000
24491 0.000000 75.000000 0.000000
24492 0.000000 75.000000 0.000000
24493 0.000000 75.000000 0.000000
24494 0.000000 75.000000 0.000000
24495 0.000000 75.000000 0.000000
24496 0.000000 75.000000 0.000000
24497 0.000000 75.000000 0.000000
24498 0.000000 75.000000 0.000000
24499 0.000000 75.000000 0.000000
24500 0.000000 75.000000 0.000000
24501 0.000000 75.000000 0.000000
24502 0.000000 75.000000 0.000000
24503 0.000000 75.000000 0.000000
24504 0.000000 75.000000 0.000000
24505 0.000000 75.000000 0.000000
24506 0.000000 75.000000 0.000000
24507 0.000000 75.000000 0.000000
24508 0.000000 75.000000 0.000000
24509 0.000000 75.000000 0.000000
24510 0.000000 75.000000 0.000000
24511 0.000000 75.000000 0.000000
24512 0.000000 75.000000 0.000000
24513 0.000000 75.000000 0.000000
24514 0.000000 75.000000 0.000000
24515 0.000000 75.000000 0.000000
24516 0.000000 75.000000 0.000000
24517 0.000000 75.000000 0.000000
24518 0.000000 75.000000 0.000000
24519 0.000000 75.000000 0.000000
24520 0.000000 75.000000 0.000000
24521 0.000000 75.000000 0.000000
24522 0.000000 75.000000 0.000000
24523 75.000000 75.000000 0.000000
24524 150.000000 75.000000 0.000000
24525 225.000000 75.000000 0.000000
24526 300.000000 75.000000 0.000000
24527 375.000000 75.000000 0.000000
24528 -375.000000 150.000000 0.000000
24529 -300.000000 150.000000 0.000000
24530 -225.000000 150.000000 0.000000
24531 -150.000000 150.000000 0.000000
24532 -75.000000 150.000000 0.000000
24533 0.000000 150.000000 0.000000
24534 0.000000 150.000000 0.000000
24535 0.000000 150.000000 0.000000
24536 0.000000 150.000000 0.000000
24537 0.000000 150.000000 0.000000
24538 0.000000 150.000000 0.000000
24539 0.000000 150.000000 0.000000
24540 0.000000 150.000000 0.000000
24541 0.000000 150.000000 0.000000
24542 0.000000 150.000000 0.000000
24543 0.000000 150.000000 0.000000
24544 0.000000 150.000000 0.000000
24545 0.000000 150.000000 0.000000
24546 0.000000 150.000000 0.000000
24547 0.000000 150.000000 0.000000
24548 0.000000 150.000000 0.000000
24549 0.000000 150.000000 0.000000
24550 0.000000 150.000000 0.000000
24551 0.000000 150.000000 0.000000
24552 0.000000 150.000000 0.000000
24553 0.000000 150.000000 0.000000
24554 0.000000 150.000000 0.000000
24555 0.000000 150.000000 0.000000
24556 0.000000 150.000000 0.000000
24557 0.000000 150.000000 0.000000
24558 0.000000 150.000000 0.000000
24559 0.000000 150.000000 0.000000
24560 0.000000 150.000000 0.000000
24561 0.000000 150.000000 0.000000
24562 0.000000 150.000000 0.000000
24563 0.000000 150.000000 0.000000
24564 0.000000 150.000000 0.000000
24565 75.000000 150.000000 0.000000
24566 150.000000 150.000000 0.000000
24567 225.000000 150.000000 0.000000
24568 300.000000 150.000000 0.000000
24569 375.000000 150.000000 0.000000
24570 -375.000000 225.000000 0.000000
24571 -300.000000 225.000000 0.000000
24572 -225.000000 225.000000 0.000000
24573 -150.000000 225.000000 0.000000
24574 -75.000000 225.000000 0.000000
24575 0.000000 225.000000 0.000000
24576 0.000000 225.000000 0.000000
24577 0.000000 225.000000 0.000000
24578 0.000000 225.000000 0.000000
24579 0.000000 225.000000 0.000000
24580 0.000000 225.000000 0.000000
24581 0.000000 225.000000 0.000000
24582 0.000000 225.000000 0.000000
24583 0.000000 225.000000 0.000000
24584 0.000000 225.000000 0.000000
24585 0.000000 225.000000 0.000000
24586 0.000000 225.000000 0.000000
24587 0.000000 225.000000 0.000000
24588 0.000000 225.000000 0.000000
24589 0.000000 225.000000 0.000000
24590 0.000000 225.000000 0.000000
24591 0.000000 225.000000 0.000000
24592 0.000000 225.000000 0.000000
24593 0.000000 225.000000 0.000000
24594 0.000000 225.000000 0.000000
24595 0.000000 225.000000 0.000000
24596 0.000000 225.000000 0.000000
24597 0.000000 225.000000 0.000000
24598 0.000000 225.000000 0.000000
24599 0.000000 225.000000 0.000000
24600 0.000000 225.000000 0.000000
24601 0.000000 225.000000 0.000000
24602 0.000000 225.000000 0.000000
24603 0.000000 225.000000 0.000000
24604 0.000000 225.000000 0.000000
24605 0.000000 225.000000 0.000000
24606 0.000000 225.000000 0.000000
24607 75.000000 225.000000 0.000000
24608 150.000000 225.000000 0.000000
24609 225.000000 225.000000 0.000000
24610 300.000000 225.000000 0.000000
24611 375.000000 225.000000 0.000000
24612 -375.000000 300.000000 0.000000
24613 -300.000000 300.000000 0.000000
24614 -225.000000 300.000000 0.000000
24615 -150.000000 300.000000 0.000000
24616 -75.000000 300.000000 0.000000
24617 0.000000 300.000000 0.000000
24618 0.000000 300.000000 0.000000
24619 0.000000 300.000000 0.000000
24620 0.000000 300.000000 0.000000
24621 0.000000 300.000000 0.000000
24622 0.000000 300.000000 0.000000
24623 0.000000 300.000000 0.000000
24624 0.000000 300.000000 0.000000
24625 0.000000 300.000000 0.000000
24626 0.000000 300.000000 0.000000
24627 0.000000 300.000000 0.000000
24628 0.000000 300.000000 0.000000
24629 0.000000 300.000000 0.000000
24630 0.000000 300.000000 0.000000
24631 0.000000 300.000000 0.000000
24632 0.000000 300.000000 0.000000
24633 0.000000 300.000000 0.000000
24634 0.000000 300.000000 0.000000
24635 0.000000 300.000000 0.000000
24636 0.000000 300.000000 0.000000
24637 0.000000 300.000000 0.000000
24638 0.000000 300.000000 0.000000
24639 0.000000 300.000000 0.000000
24640 0.000000 300.000000 0.000000
24641 0.000000 300.000000 0.000000
24642 0.000000 300.000000 0.000000
24643 0.000000 300.000000 0.000000
24644 0.000000 300.000000 0.000000
24645 0.000000 300.000000 0.000000
24646 0.000000 300.000000 0.000000
24647 0.000000 300.000000 0.000000
24648 0.000000 300.000000 0.000000
24649 75.000000 300.000000 0.000000
24650 150.000000 300.000000 0.000000
24651 225.000000 300.000000 0.000000
24652 300.000000 300.000000 0.000000
24653 375.000000 300.000000 0.000000
24654 -375.000000 375.000000 0.000000
24655 -300.000000 375.000000 0.000000
24656 -225.000000 375.000000 0.000000
24657 -150.000000 375.000000 0.000000
24658 -75.000000 375.000000 0.000000
24659 0.000000 375.000000 0.000000
24660 0.000000 375.000000 0.000000
24661 0.000000 375.000000 0.000000
24662 0.000000 375.000000 0.000000
24663 0.000000 375.000000 0.000000
24664 0.000000 375.000000 0.000000
24665 0.000000 375.000000 0.000000
24666 0.000000 375.000000 0.000000
24667 0.000000 375.000000 0.000000
24668 0.000000 375.000000 0.000000
24669 0.000000 375.000000 0.000000
24670 0.000000 375.000000 0.000000
24671 0.000000 375.000000 0.000000
24672 0.000000 375.000000 0.000000
24673 0.000000 375.000000 0.000000
24674 0.000000 375.000000 0.000000
24675 0.000000 375.000000 0.000000
24676 0.000000 375.000000 0.000000
24677 0.000000 375.000000 0.000000
24678 0.000000 375.000000 0.000000
24679 0.000000 375.000000 0.000000
24680 0.000000 375.000000 0.000000
24681 0.000000 375.000000 0.000000
24682 0.000000 375.000000 0.000000
24683 0.000000 375.000000 0.000000
24684 0.000000 375.000000 0.000000
24685 0.000000 375.000000 0.000000
24686 0.000000 375.000000 0.000000
24687 0.000000 375.000000 0.000000
24688 0.000000 375.000000 0.000000
24689 0.000000 375.000000 0.000000
24690 0.000000 375.000000 0.000000
24691 75.000000 375.000000 0.000000
24692 150.000000 375.000000 0.000000
24693 225.000000 375.000000 0.000000
24694 300.000000 375.000000 0.000000
24695 375.000000 375.000000 0.000000
24696 -375.000000 -375.000000 0.000000
24697 -300.000000 -375.000000 0.000000
24698 -225.000000 -375.000000 0.000000
24699 -150.000000 -375.000000 0.000000
24700 -75.000000 -375.000000 0.000000
24701 0.000000 -375.000000 0.000000
24702 0.000000 -375.000000 0.000000
24703 0.000000 -375.000000 0.000000
24704 0.000000 -375.000000 0.000000
24705 0.000000 -375.000000 0.000000
24706 0.000000 -375.000000 0.000000
24707 0.000000 -375.000000 0.000000
24708 0.000000 -375.000000 0.000000
24709 0.000000 -375.000000 0.000000
24710 0.000000 -375.000000 0.000000
24711 0.000000 -375.000000 0.000000
24712 0.000000 -375.000000 0.000000
24713 0.000000 -375.000000 0.000000
24714 0.000000 -375.000000 0.000000
24715 0.000000 -375.000000 0.000000
24716 0.000000 -375.000000 0.000000
24717 0.000000 -375.000000 0.000000
24718 0.000000 -375.000000 0.000000
24719 0.000000 -375.000000 0.000000
24720 0.000000 -375.000000 0.000000
24721 0.000000 -375.000000 0.000000
24722 0.000000 -375.000000 0.000000
24723 0.000000 -375.000000 0.000000
24724 0.000000 -375.000000 0.000000
24725 0.000000 -375.000000 0.000000
24726 0.000000 -375.000000 0.000000
24727 0.000000 -375.000000 0.000000
24728 0.000000 -375.000000 0.000000
24729 0.000000 -375.000000 0.000000
24730 0.000000 -375.000000 0.000000
24731 0.000000 -375.000000 0.000000
24732 0.000000 -375.000000 0.000000
24733 75.000000 -375.000000 0.000000
24734 150.000000 -375.000000 0.000000
24735 225.000000 -375.000000 0.000000
24736 300.000000 -375.000000 0.000000
24737 375.000000 -375.000000 0.000000
24738 -375.000000 -300.000000 0.000000
24739 -300.000000 -300.000000 0.000000
24740 -225.000000 -300.000000 0.000000
24741 -150.000000 -300.000000 0.000000
24742 -75.000000 -300.000000 0.000000
24743 0.000000 -300.000000 0.000000
24744 0.000000 -300.000000 0.000000
24745 0.000000 -300.000000 0.000000
24746 0.000000 -300.000000 0.000000
24747 0.000000 -300.000000 0.000000
24748 0.000000 -300.000000 0.000000
24749 0.000000 -300.000000 0.000000
24750 0.000000 -300.000000 0.000000
24751 0.000000 -300.000000 0.000000
24752 0.000000 -300.000000 0.000000
24753 0.000000 -300.000000 0.000000
24754 0.000000 -300.000000 0.000000
24755 0.000000 -300.000000 0.000000
24756 0.000000 -300.000000 0.000000
24757 0.000000 -300.000000 0.000000
24758 0.000000 -300.000000 0.000000
24759 0.000000 -300.000000 0.000000
24760 0.000000 -300.000000 0.000000
24761 0.000000 -300.000000 0.000000
24762 0.000000 -300.000000 0.000000
24763 0.000000 -300.000000 0.000000
24764 0.000000 -300.000000 0.000000
24765 0.000000 -300.000000 0.000000
24766 0.000000 -300.000000 0.000000
24767 0.000000 -300.000000 0.000000
24768 0.000000 -300.000000 0.000000
24769 0.000000 -300.000000 0.000000
24770 0.000000 -300.000000 0.000000
24771 0.000000 -300.000000 0.000000
24772 0.000000 -300.000000 0.000000
24773 0.000000 -300.000000 0.000000
24774 0.000000 -300.000000 0.000000
24775 75.000000 -300.000000 0.000000
24776 150.000000 -300.000000 0.000000
24777 225.000000 -300.000000 0.000000
24778 300.000000 -300.000000 0.000000
24779 375.000000 -300.000000 0.000000
24780 -375.000000 -225.000000 0.000000
24781 -300.000000 -225.000000 0.000000
24782 -225.000000 -225.000000 0.000000
24783 -150.000000 -225.000000 0.000000
24784 -75.000000 -225.000000 0.000000
24785 0.000000 -225.000000 0.000000
24786 0.000000 -225.000000 0.000000
24787 0.000000 -225.000000 0.000000
24788 0.000000 -225.000000 0.000000
24789 0.000000 -225.000000 0.000000
24790 0.000000 -225.000000 0.000000
24791 0.000000 -225.000000 0.000000
24792 0.000000 -225.000000 0.000000
24793 0.000000 -225.000000 0.000000
24794 0.000000 -225.000000 0.000000
24795 0.000000 -225.000000 0.000000
24796 0.000000 -225.000000 0.000000
24797 0.000000 -225.000000 0.000000
24798 0.000000 -225.000000 0.000000
24799 0.000000 -225.000000 0.000000
24800 0.000000 -225.000000 0.000000
24801 0.000000 -225.000000 0.000000
24802 0.000000 -225.000000 0.000000
24803 0.000000 -225.000000 0.000000
24804 0.000000 -225.000000 0.000000
24805 0.000000 -225.000000 0.000000
24806 0.000000 -225.000000 0.000000
24807 0.000000 -225.000000 0.000000
24808 0.000000 -225.000000 0.000000
24809 0.000000 -225.000000 0.000000
24810 0.000000 -225.000000 0.000000
24811 0.000000 -225.000000 0.000000
24812 0.000000 -225.000000 0.000000
24813 0.000000 -225.000000 0.000000
24814 0.000000 -225.000000 0.000000
24815 0.000000 -225.000000 0.000000
24816 0.000000 -225.000000 0.000000
24817 75.000000 -225.000000 0.000000
24818 150.000000 -225.000000 0.000000
24819 225.000000 -225.000000 0.000000
24820 300.000000 -225.000000 0.000000
24821 375.000000 -225.000000 0.000000
24822 -375.000000 -150.000000 0.000000
24823 -300.000000 -150.000000 0.000000
24824 -225.000000 -150.000000 0.000000
24825 -150.000000 -150.000000 0.000000
24826 -75.000000 -150.000000 0.000000
24827 0.000000 -150.000000 0.000000
24828 0.000000 -150.000000 0.000000
24829 0.000000 -150.000000 0.000000
24830 0.000000 -150.000000 0.000000
24831 0.000000 -150.000000 0.000000
24832 0.000000 -150.000000 0.000000
24833 0.000000 -150.000000 0.000000
24834 0.000000 -150.000000 0.000000
24835 0.000000 -150.000000 0.000000
24836 0.000000 -150.000000 0.000000
24837 0.000000 -150.000000 0.000000
24838 0.000000 -150.000000 0.000000
24839 0.000000 -150.000000 0.000000
24840 0.000000 -150.000000 0.000000
24841 0.000000 -150.000000 0.000000
24842 0.000000 -150.000000 0.000000
24843 0.000000 -150.000000 0.000000
24844 0.000000 -150.000000 0.000000
24845 0.000000 -150.000000 0.000000
24846 0.000000 -150.000000 0.000000
24847 0.000000 -150.000000 0.000000
24848 0.000000 -150.000000 0.000000
24849 0.000000 -150.000000 0.000000
24850 0.000000 -150.000000 0.000000
24851 0.000000 -150.000000 0.000000
24852 0.000000 -150.000000 0.000000
24853 0.000000 -150.000000 0.000000
24854 0.000000 -150.000000 0.000000
24855 0.000000 -150.000000 0.000000
24856 0.000000 -150.000000 0.000000
24857 0.000000 -150.000000 0.000000
24858 0.000000 -150.000000 0.000000
24859 75.000000 -150.000000 0.000000
24860 150.000000 -150.000000 0.000000
24861 225.000000 -150.000000 0.000000
24862 300.000000 -150.000000 0.000000
24863 375.000000 -150.000000 0.000000
24864 -375.000000 -75.000000 0.000000
24865 -300.000000 -75.000000 0.000000
24866 -225.000000 -75.000000 0.000000
24867 -150.000000 -75.000000 0.000000
24868 -75.000000 -75.000000 0.000000
24869 0.000000 -75.000000 0.000000
24870 0.000000 -75.000000 0.000000
24871 0.000000 -75.000000 0.000000
24872 0.000000 -75.000000 0.000000
24873 0.000000 -75.000000 0.000000
24874 0.000000 -75.000000 0.000000
24875 0.000000 -75.000000 0.000000
24876 0.000000 -75.000000 0.000000
24877 0.000000 -75.000000 0.000000
24878 0.000000 -75.000000 0.000000
24879 0.000000 -75.000000 0.000000
24880 0.000000 -75.000000 0.000000
24881 0.000000 -75.000000 0.000000
24882 0.000000 -75.000000 0.000000
24883 0.000000 -75.000000 0.000000
24884 0.000000 -75.000000 0.000000
24885 0.000000 -75.000000 0.000000
24886 0.000000 -75.000000 0.000000
24887 0.000000 -75.000000 0.000000
24888 0.000000 -75.000000 0.000000
24889 0.000000 -75.000000 0.000000
24890 0.000000 -75.000000 0.000000
24891 0.000000 -75.000000 0.000000
24892 0.000000 -75.000000 0.000000
24893 0.000000 -75.000000 0.000000
24894 0.000000 -75.000000 0.000000
24895 0.000000 -75.000000 0.000000
24896 0.000000 -75.000000 0.000000
24897 0.000000 -75.000000 0.000000
24898 0.000000 -75.000000 0.000000
24899 0.000000 -75.000000 0.000000
24900 0.000000 -75.000000 0.000000
24901 75.000000 -75.000000 0.000000
24902 150.000000 -75.000000 0.000000
24903 225.000000 -75.000000 0.000000
24904 300.000000 -75.000000 0.000000
24905 375.000000 -75.000000 0.000000
24906 -375.000000 0.000000 0.000000
24907 -300.000000 0.000000 0.000000
24908 -225.000000 0.000000 0.000000
24909 -150.000000 0.000000 0.000000
24910 -75.000000 0.000000 0.000000
24943 75.000000 0.000000 0.000000
24944 150.000000 0.000000 0.000000
24945 225.000000 0.000000 0.000000
24946 300.000000 0.000000 0.000000
24947 375.000000 0.000000 0.000000
24948 -375.000000 0.000000 0.000000
24949 -300.000000 0.000000 0.000000
24950 -225.000000 0.000000 0.000000
24951 -150.000000 0.000000 0.000000
24952 -75.000000 0.000000 0.000000
24985 75.000000 0.000000 0.000000
24986 150.000000 0.000000 0.000000
24987 225.000000 0.000000 0.000000
24988 300.000000 0.000000 0.000000
24989 375.000000 0.000000 0.000000
24990 -375.000000 0.000000 0.000000
24991 -300.000000 0.000000 0.000000
24992 -225.000000 0.000000 0.000000
24993 -150.000000 0.000000 0.000000
24994 -75.000000 0.000000 0.000000
25027 75.000000 0.000000 0.000000
25028 150.000000 0.000000 0.000000
25029 225.000000 0.000000 0.000000
25030 300.000000 0.000000 0.000000
25031 375.000000 0.000000 0.000000
25032 -375.000000 0.000000 0.000000
25033 -300.000000 0.000000 0.000000
25034 -225.000000 0.000000 0.000000
25035 -150.000000 0.000000 0.000000
25036 -75.000000 0.000000 0.000000
25069 75.000000 0.000000 0.000000
25070 150.000000 0.000000 0.000000
25071 225.000000 0.000000 0.000000
25072 300.000000 0.000000 0.000000
25073 375.000000 0.000000 0.000000
25074 -375.000000 0.000000 0.000000
25075 -300.000000 0.000000 0.000000
25076 -225.000000 0.000000 0.000000
25077 -150.000000 0.000000 0.000000
25078 -75.000000 0.000000 0.000000
25111 75.000000 0.000000 0.000000
25112 150.000000 0.000000 0.000000
25113 225.000000 0.000000 0.000000
25114 300.000000 0.000000 0.000000
25115 375.000000 0.000000 0.000000
25116 -375.000000 0.000000 0.000000
25117 -300.000000 0.000000 0.000000
25118 -225.000000 0.000000 0.000000
25119 -150.000000 0.000000 0.000000
25120 -75.000000 0.000000 0.000000
25153 75.000000 0.000000 0.000000
25154 150.000000 0.000000 0.000000
25155 225.000000 0.000000 0.000000
25156 300.000000 0.000000 0.000000
25157 375.000000 0.000000 0.000000
25158 -375.000000 0.000000 0.000000
25159 -300.000000 0.000000 0.000000
25160 -225.000000 0.000000 0.000000
25161 -150.000000 0.000000 0.000000
25162 -75.000000 0.000000 0.000000
25195 75.000000 0.000000 0.000000
25196 150.000000 0.000000 0.000000
25197 225.000000 0.000000 0.000000
25198 300.000000 0.000000 0.000000
25199 375.000000 0.000000 0.000000
25200 -375.000000 0.000000 0.000000
25201 -300.000000 0.000000 0.000000
25202 -225.000000 0.000000 0.000000
25203 -150.000000 0.000000 0.000000
25204 -75.000000 0.000000 0.000000
25237 75.000000 0.000000 0.000000
25238 150.000000 0.000000 0.000000
25239 225.000000 0.000000 0.000000
25240 300.000000 0.000000 0.000000
25241 375.000000 0.000000 0.000000
25242 -375.000000 0.000000 0.000000
25243 -300.000000 0.000000 0.000000
25244 -225.000000 0.000000 0.000000
25245 -150.000000 0.000000 0.000000
25246 -75.000000 0.000000 0.000000
25279 75.000000 0.000000 0.000000
25280 150.000000 0.000000 0.000000
25281 225.000000 0.000000 0.000000
25282 300.000000 0.000000 0.000000
25283 375.000000 0.000000 0.000000
25284 -375.000000 0.000000 0.000000
25285 -300.000000 0.000000 0.000000
25286 -225.000000 0.000000 0.000000
25287 -150.000000 0.000000 0.000000
25288 -75.000000 0.000000 0.000000
25321 75.000000 0.000000 0.000000
25322 150.000000 0.000000 0.000000
25323 225.000000 0.000000 0.000000
25324 300.000000 0.000000 0.000000
25325 375.000000 0.000000 0.000000
25326 -375.000000 0.000000 0.000000
25327 -300.000000 0.000000 0.000000
25328 -225.000000 0.000000 0.000000
25329 -150.000000 0.000000 0.000000
25330 -75.000000 0.000000 0.000000
25363 75.000000 0.000000 0.000000
25364 150.000000 0.000000 0.000000
25365 225.000000 0.000000 0.000000
25366 300.000000 0.000000 0.000000
25367 375.000000 0.000000 0.000000
25368 -375.000000 0.000000 0.000000
25369 -300.000000 0.000000 0.000000
25370 -225.000000 0.000000 0.000000
25371 -150.000000 0.000000 0.000000
25372 -75.000000 0.000000 0.000000
25405 75.000000 0.000000 0.000000
25406 150.000000 0.000000 0.000000
25407 225.000000 0.000000 0.000000
25408 300.000000 0.000000 0.000000
25409 375.000000 0.000000 0.000000
25410 -375.000000 0.000000 0.000000
25411 -300.000000 0.000000 0.000000
25412 -225.000000 0.000000 0.000000
25413 -150.000000 0.000000 0.000000
25414 -75.000000 0.000000 0.000000
25447 75.000000 0.000000 0.000000
25448 150.000000 0.000000 0.000000
25449 225.000000 0.000000 0.000000
25450 300.000000 0.000000 0.000000
25451 375.000000 0.000000 0.000000
25452 -375.000000 0.000000 0.000000
25453 -300.000000 0.000000 0.000000
25454 -225.000000 0.000000 0.000000
25455 -150.000000 0.000000 0.000000
25456 -75.000000 0.000000 0.000000
25489 75.000000 0.000000 0.000000
25490 150.000000 0.000000 0.000000
25491 225.000000 0.000000 0.000000
25492 300.000000 0.000000 0.000000
25493 375.000000 0.000000 0.000000
25494 -375.000000 0.000000 0.000000
25495 -300.000000 0.000000 0.000000
25496 -225.000000 0.000000 0.000000
25497 -150.000000 0.000000 0.000000
25498 -75.000000 0.000000 0.000000
25531 75.000000 0.000000 0.000000
25532 150.000000 0.000000 0.000000
25533 225.000000 0.000000 0.000000
25534 300.000000 0.000000 0.000000
25535 375.000000 0.000000 0.000000
25536 -375.000000 0.000000 0.000000
25537 -300.000000 0.000000 0.000000
25538 -225.000000 0.000000 0.000000
25539 -150.000000 0.000000 0.000000
25540 -75.000000 0.000000 0.000000
25573 75.000000 0.000000 0.000000
25574 150.000000 0.000000 0.000000
25575 225.000000 0.000000 0.000000
25576 300.000000 0.000000 0.000000
25577 375.000000 0.000000 0.000000
25578 -375.000000 0.000000 0.000000
25579 -300.000000 0.000000 0.000000
25580 -225.000000 0.000000 0.000000
25581 -150.000000 0.000000 0.000000
25582 -75.000000 0.000000 0.000000
25615 75.000000 0.000000 0.000000
25616 150.000000 0.000000 0.000000
25617 225.000000 0.000000 0.000000
25618 300.000000 0.000000 0.000000
25619 375.000000 0.000000 0.000000
25620 -375.000000 0.000000 0.000000
25621 -300.000000 0.000000 0.000000
25622 -225.000000 0.000000 0.000000
25623 -150.000000 0.000000 0.000000
25624 -75.000000 0.000000 0.000000
25657 75.000000 0.000000 0.000000
25658 150.000000 0.000000 0.000000
25659 225.000000 0.000000 0.000000
25660 300.000000 0.000000 0.000000
25661 375.000000 0.000000 0.000000
25662 -375.000000 0.000000 0.000000
25663 -300.000000 0.000000 0.000000
25664 -225.000000 0.000000 0.000000
25665 -150.000000 0.000000 0.000000
25666 -75.000000 0.000000 0.000000
25699 75.000000 0.000000 0.000000
25700 150.000000 0.000000 0.000000
25701 225.000000 0.000000 0.000000
25702 300.000000 0.000000 0.000000
25703 375.000000 0.000000 0.000000
25704 -375.000000 0.000000 0.000000
25705 -300.000000 0.000000 0.000000
25706 -225.000000 0.000000 0.000000
25707 -150.000000 0.000000 0.000000
25708 -75.000000 0.000000 0.000000
25741 75.000000 0.000000 0.000000
25742 150.000000 0.000000 0.000000
25743 225.000000 0.000000 0.000000
25744 300.000000 0.000000 0.000000
25745 375.000000 0.000000 0.000000
25746 -375.000000 0.000000 0.000000
25747 -300.000000 0.000000 0.000000
25748 -225.000000 0.000000 0.000000
25749 -150.000000 0.000000 0.000000
25750 -75.000000 0.000000 0.000000
25783 75.000000 0.000000 0.000000
25784 150.000000 0.000000 0.000000
25785 225.000000 0.000000 0.000000
25786 300.000000 0.000000 0.000000
25787 375.000000 0.000000 0.000000
25788 -375.000000 0.000000 0.000000
25789 -300.000000 0.000000 0.000000
25790 -225.000000 0.000000 0.000000
25791 -150.000000 0.000000 0.000000
25792 -75.000000 0.000000 0.000000
25825 75.000000 0.000000 0.000000
25826 150.000000 0.000000 0.000000
25827 225.000000 0.000000 0.000000
25828 300.000000 0.000000 0.000000
25829 375.000000 0.000000 0.000000
25830 -375.000000 0.000000 0.000000
25831 -300.000000 0.000000 0.000000
25832 -225.000000 0.000000 0.000000
25833 -150.000000 0.000000 0.000000
25834 -75.000000 0.000000 0.000000
25867 75.000000 0.000000 0.000000
25868 150.000000 0.000000 0.000000
25869 225.000000 0.000000 0.000000
25870 300.000000 0.000000 0.000000
25871 375.000000 0.000000 0.000000
25872 -375.000000 0.000000 0.000000
25873 -300.000000 0.000000 0.000000
25874 -225.000000 0.000000 0.000000
25875 -150.000000 0.000000 0.000000
25876 -75.000000 0.000000 0.000000
25909 75.000000 0.000000 0.000000
25910 150.000000 0.000000 0.000000
25911 225.000000 0.000000 0.000000
25912 300.000000 0.000000 0.000000
25913 375.000000 0.000000 0.000000
25914 -375.000000 0.000000 0.000000
25915 -300.000000 0.000000 0.000000
25916 -225.000000 0.000000 0.000000
25917 -150.000000 0.000000 0.000000
25918 -75.000000 0.000000 0.000000
25951 75.000000 0.000000 0.000000
25952 150.000000 0.000000 0.000000
25953 225.000000 0.000000 0.000000
25954 300.000000 0.000000 0.000000
25955 375.000000 0.000000 0.000000
25956 -375.000000 0.000000 0.000000
25957 -300.000000 0.000000 0.000000
25958 -225.000000 0.000000 0.000000
25959 -150.000000 0.000000 0.000000
25960 -75.000000 0.000000 0.000000
25993 75.000000 0.000000 0.000000
25994 150.000000 0.000000 0.000000
25995 225.000000 0.000000 0.000000
25996 300.000000 0.000000 0.000000
25997 375.000000 0.000000 0.000000
25998 -375.000000 0.000000 0.000000
25999 -300.000000 0.000000 0.000000
26000 -225.000000 0.000000 0.000000
26001 -150.000000 0.000000 0.000000
26002 -75.000000 0.000000 0.000000
26035 75.000000 0.000000 0.000000
26036 150.000000 0.000000 0.000000
26037 225.000000 0.000000 0.000000
26038 300.000000 0.000000 0.000000
26039 375.000000 0.000000 0.000000
26040 -375.000000 0.000000 0.000000
26041 -300.000000 0.000000 0.000000
26042 -225.000000 0.000000 0.000000
26043 -150.000000 0.000000 0.000000
26044 -75.000000 0.000000 0.000000
26077 75.000000 0.000000 0.000000
26078 150.000000 0.000000 0.000000
26079 225.000000 0.000000 0.000000
26080 300.000000 0.000000 0.000000
26081 375.000000 0.000000 0.000000
26082 -375.000000 0.000000 0.000000
26083 -300.000000 0.000000 0.000000
26084 -225.000000 0.000000 0.000000
26085 -150.000000 0.000000 0.000000
26086 -75.000000 0.000000 0.000000
26119 75.000000 0.000000 0.000000
26120 150.000000 0.000000 0.000000
26121 225.000000 0.000000 0.000000
26122 300.000000 0.000000 0.000000
26123 375.000000 0.000000 0.000000
26124 -375.000000 0.000000 0.000000
26125 -300.000000 0.000000 0.000000
26126 -225.000000 0.000000 0.000000
26127 -150.000000 0.000000 0.000000
26128 -75.000000 0.000000 0.000000
26161 75.000000 0.000000 0.000000
26162 150.000000 0.000000 0.000000
26163 225.000000 0.000000 0.000000
26164 300.000000 0.000000 0.000000
26165 375.000000 0.000000 0.000000
26166 -375.000000 0.000000 0.000000
26167 -300.000000 0.000000 0.000000
26168 -225.000000 0.000000 0.000000
26169 -150.000000 0.000000 0.000000
26170 -75.000000 0.000000 0.000000
26203 75.000000 0.000000 0.000000
26204 150.000000 0.000000 0.000000
26205 225.000000 0.000000 0.000000
26206 300.000000 0.000000 0.000000
26207 375.000000 0.000000 0.000000
26208 -375.000000 0.000000 0.000000
26209 -300.000000 0.000000 0.000000
26210 -225.000000 0.000000 0.000000
26211 -150.000000 0.000000 0.000000
26212 -75.000000 0.000000 0.000000
26245 75.000000 0.000000 0.000000
26246 150.000000 0.000000 0.000000
26247 225.000000 0.000000 0.000000
26248 300.000000 0.000000 0.000000
26249 375.000000 0.000000 0.000000
26250 -375.000000 75.000000 0.000000
26251 -300.000000 75.000000 0.000000
26252 -225.000000 75.000000 0.000000
26253 -150.000000 75.000000 0.000000
26254 -75.000000 75.000000 0.000000
26255 0.000000 75.000000 0.000000
26256 0.000000 75.000000 0.000000
26257 0.000000 75.000000 0.000000
26258 0.000000 75.000000 0.000000
26259 0.000000 75.000000 0.000000
26260 0.000000 75.000000 0.000000
26261 0.000000 75.000000 0.000000
26262 0.000000 75.000000 0.000000
26263 0.000000 75.000000 0.000000
26264 0.000000 75.000000 0.000000
26265 0.000000 75.000000 0.000000
26266 0.000000 75.000000 0.000000
26267 0.000000 75.000000 0.000000
26268 0.000000 75.000000 0.000000
26269 0.000000 75.000000 0.000000
26270 0.000000 75.000000 0.000000
26271 0.000000 75.000000 0.000000
26272 0.000000 75.000000 0.000000
26273 0.000000 75.000000 0.000000
26274 0.000000 75.000000 0.000000
26275 0.000000 75.000000 0.000000
26276 0.000000 75.000000 0.000000
26277 0.000000 75.000000 0.000000
26278 0.000000 75.000000 0.000000
26279 0.000000 75.000000 0.000000
26280 0.000000 75.000000 0.000000
26281 0.000000 75.000000 0.000000
26282 0.000000 75.000000 0.000000
26283 0.000000 75.000000 0.000000
26284 0.000000 75.000000 0.000000
26285 0.000000 75.000000 0.000000
26286 0.000000 75.000000 0.000000
26287 75.000000 75.000000 0.000000
26288 150.000000 75.000000 0.000000
26289 225.000000 75.000000 0.000000
26290 300.000000 75.000000 0.000000
26291 375.000000 75.000000 0.000000
26292 -375.000000 150.000000 0.000000
26293 -300.000000 150.000000 0.000000
26294 -225.000000 150.000000 0.000000
26295 -150.000000 150.000000 0.000000
26296 -75.000000 150.000000 0.000000
26297 0.000000 150.000000 0.000000
26298 0.000000 150.000000 0.000000
26299 0.000000 150.000000 0.000000
26300 0.000000 150.000000 0.000000
26301 0.000000 150.000000 0.000000
26302 0.000000 150.000000 0.000000
26303 0.000000 150.000000 0.000000
26304 0.000000 150.000000 0.000000
26305 0.000000 150.000000 0.000000
26306 0.000000 150.000000 0.000000
26307 0.000000 150.000000 0.000000
26308 0.000000 150.000000 0.000000
26309 0.000000 150.000000 0.000000
26310 0.000000 150.000000 0.000000
26311 0.000000 150.000000 0.000000
26312 0.000000 150.000000 0.000000
26313 0.000000 150.000000 0.000000
26314 0.000000 150.000000 0.000000
26315 0.000000 150.000000 0.000000
26316 0.000000 150.000000 0.000000
26317 0.000000 150.000000 0.000000
26318 0.000000 150.000000 0.000000
26319 0.000000 150.000000 0.000000
26320 0.000000 150.000000 0.000000
26321 0.000000 150.000000 0.000000
26322 0.000000 150.000000 0.000000
26323 0.000000 150.000000 0.000000
26324 0.000000 150.000000 0.000000
26325 0.000000 150.000000 0.000000
26326 0.000000 150.000000 0.000000
26327 0.000000 150.000000 0.000000
26328 0.000000 150.000000 0.000000
26329 75.000000 150.000000 0.000000
26330 150.000000 150.000000 0.000000
26331 225.000000 150.000000 0.000000
26332 300.000000 150.000000 0.000000
26333 375.000000 150.000000 0.000000
26334 -375.000000 225.000000 0.000000
26335 -300.000000 225.000000 0.000000
26336 -225.000000 225.000000 0.000000
26337 -150.000000 225.000000 0.000000
26338 -75.000000 225.000000 0.000000
26339 0.000000 225.000000 0.000000
26340 0.000000 225.000000 0.000000
26341 0.000000 225.000000 0.000000
26342 0.000000 225.000000 0.000000
26343 0.000000 225.000000 0.000000
26344 0.000000 225.000000 0.000000
26345 0.000000 225.000000 0.000000
26346 0.000000 225.000000 0.000000
26347 0.000000 225.000000 0.000000
26348 0.000000 225.000000 0.000000
26349 0.000000 225.000000 0.000000
26350 0.000000 225.000000 0.000000
26351 0.000000 225.000000 0.000000
26352 0.000000 225.000000 0.000000
26353 0.000000 225.000000 0.000000
26354 0.000000 225.000000 0.000000
26355 0.000000 225.000000 0.000000
26356 0.000000 225.000000 0.000000
26357 0.000000 225.000000 0.000000
26358 0.000000 225.000000 0.000000
26359 0.000000 225.000000 0.000000
26360 0.000000 225.000000 0.000000
26361 0.000000 225.000000 0.000000
26362 0.000000 225.000000 0.000000
26363 0.000000 225.000000 0.000000
26364 0.000000 225.000000 0.000000
26365 0.000000 225.000000 0.000000
26366 0.000000 225.000000 0.000000
26367 0.000000 225.000000 0.000000
26368 0.000000 225.000000 0.000000
26369 0.000000 225.000000 0.000000
26370 0.000000 225.000000 0.000000
26371 75.000000 225.000000 0.000000
26372 150.000000 225.000000 0.000000
26373 225.000000 225.000000 0.000000
26374 300.000000 225.000000 0.000000
26375 375.000000 225.000000 0.000000
26376 -375.000000 300.000000 0.000000
26377 -300.000000 300.000000 0.000000
26378 -225.000000 300.000000 0.000000
26379 -150.000000 300.000000 0.000000
26380 -75.000000 300.000000 0.000000
26381 0.000000 300.000000 0.000000
26382 0.000000 300.000000 0.000000
26383 0.000000 300.000000 0.000000
26384 0.000000 300.000000 0.000000
26385 0.000000 300.000000 0.000000
26386 0.000000 300.000000 0.000000
26387 0.000000 300.000000 0.000000
26388 0.000000 300.000000 0.000000
26389 0.000000 300.000000 0.000000
26390 0.000000 300.000000 0.000000
26391 0.000000 300.000000 0.000000
26392 0.000000 300.000000 0.000000
26393 0.000000 300.000000 0.000000
26394 0.000000 300.000000 0.000000
26395 0.000000 300.000000 0.000000
26396 0.000000 300.000000 0.000000
26397 0.000000 300.000000 0.000000
26398 0.000000 300.000000 0.000000
26399 0.000000 300.000000 0.000000
26400 0.000000 300.000000 0.000000
26401 0.000000 300.000000 0.000000
26402 0.000000 300.000000 0.000000
26403 0.000000 300.000000 0.000000
26404 0.000000 300.000000 0.000000
26405 0.000000 300.000000 0.000000
26406 0.000000 300.000000 0.000000
26407 0.000000 300.000000 0.000000
26408 0.000000 300.000000 0.000000
26409 0.000000 300.000000 0.000000
26410 0.000000 300.000000 0.000000
26411 0.000000 300.000000 0.000000
26412 0.000000 300.000000 0.000000
26413 75.000000 300.000000 0.000000
26414 150.000000 300.000000 0.000000
26415 225.000000 300.000000 0.000000
26416 300.000000 300.000000 0.000000
26417 375.000000 300.000000 0.000000
26418 -375.000000 375.000000 0.000000
26419 -300.000000 375.000000 0.000000
26420 -225.000000 375.000000 0.000000
26421 -150.000000 375.000000 0.000000
26422 -75.000000 375.000000 0.000000
26423 0.000000 375.000000 0.000000
26424 0.000000 375.000000 0.000000
26425 0.000000 375.000000 0.000000
26426 0.000000 375.000000 0.000000
26427 0.000000 375.000000 0.000000
26428 0.000000 375.000000 0.000000
26429 0.000000 375.000000 0.000000
26430 0.000000 375.000000 0.000000
26431 0.000000 375.000000 0.000000
26432 0.000000 375.000000 0.000000
26433 0.000000 375.000000 0.000000
26434 0.000000 375.000000 0.000000
26435 0.000000 375.000000 0.000000
26436 0.000000 375.000000 0.000000
26437 0.000000 375.000000 0.000000
26438 0.000000 375.000000 0.000000
26439 0.000000 375.000000 0.000000
26440 0.000000 375.000000 0.000000
26441 0.000000 375.000000 0.000000
26442 0.000000 375.000000 0.000000
26443 0.000000 375.000000 0.000000
26444 0.000000 375.000000 0.000000
26445 0.000000 375.000000 0.000000
26446 0.000000 375.000000 0.000000
26447 0.000000 375.000000 0.000000
26448 0.000000 375.000000 0.000000
26449 0.000000 375.000000 0.000000
26450 0.000000 375.000000 0.000000
26451 0.000000 375.000000 0.000000
26452 0.000000 375.000000 0.000000
26453 0.000000 375.000000 0.000000
26454 0.000000 375.000000 0.000000
26455 75.000000 375.000000 0.000000
26456 150.000000 375.000000 0.000000
26457 225.000000 375.000000 0.000000
26458 300.000000 375.000000 0.000000
26459 375.000000 375.000000 0.000000
26460 -375.000000 -375.000000 0.000000
26461 -300.000000 -375.000000 0.000000
26462 -225.000000 -375.000000 0.000000
26463 -150.000000 -375.000000 0.000000
26464 -75.000000 -375.000000 0.000000
26465 0.000000 -375.000000 0.000000
26466 0.000000 -375.000000 0.000000
26467 0.000000 -375.000000 0.000000
26468 0.000000 -375.000000 0.000000
26469 0.000000 -375.000000 0.000000
26470 0.000000 -375.000000 0.000000
26471 0.000000 -375.000000 0.000000
26472 0.000000 -375.000000 0.000000
26473 0.000000 -375.000000 0.000000
26474 0.000000 -375.000000 0.000000
26475 0.000000 -375.000000 0.000000
26476 0.000000 -375.000000 0.000000
26477 0.000000 -375.000000 0.000000
26478 0.000000 -375.000000 0.000000
26479 0.000000 -375.000000 0.000000
26480 0.000000 -375.000000 0.000000
26481 0.000000 -375.000000 0.000000
26482 0.000000 -375.000000 0.000000
26483 0.000000 -375.000000 0.000000
26484 0.000000 -375.000000 0.000000
26485 0.000000 -375.000000 0.000000
26486 0.000000 -375.000000 0.000000
26487 0.000000 -375.000000 0.000000
26488 0.000000 -375.000000 0.000000
26489 0.000000 -375.000000 0.000000
26490 0.000000 -375.000000 0.000000
26491 0.000000 -375.000000 0.000000
26492 0.000000 -375.000000 0.000000
26493 0.000000 -375.000000 0.000000
26494 0.000000 -375.000000 0.000000
26495 0.000000 -375.000000 0.000000
26496 0.000000 -375.000000 0.000000
26497 75.000000 -375.000000 0.000000
26498 150.000000 -375.000000 0.000000
26499 225.000000 -375.000000 0.000000
26500 300.000000 -375.000000 0.000000
26501 375.000000 -375.000000 0.000000
26502 -375.000000 -300.000000 0.000000
26503 -300.000000 -300.000000 0.000000
26504 -225.000000 -300.000000 0.000000
26505 -150.000000 -300.000000 0.000000
26506 -75.000000 -300.000000 0.000000
26507 0.000000 -300.000000 0.000000
26508 0.000000 -300.000000 0.000000
26509 0.000000 -300.000000 0.000000
26510 0.000000 -300.000000 0.000000
26511 0.000000 -300.000000 0.000000
26512 0.000000 -300.000000 0.000000
26513 0.000000 -300.000000 0.000000
26514 0.000000 -300.000000 0.000000
26515 0.000000 -300.000000 0.000000
26516 0.000000 -300.000000 0.000000
26517 0.000000 -300.000000 0.000000
26518 0.000000 -300.000000 0.000000
26519 0.000000 -300.000000 0.000000
26520 0.000000 -300.000000 0.000000
26521 0.000000 -300.000000 0.000000
26522 0.000000 -300.000000 0.000000
26523 0.000000 -300.000000 0.000000
26524 0.000000 -300.000000 0.000000
26525 0.000000 -300.000000 0.000000
26526 0.000000 -300.000000 0.000000
26527 0.000000 -300.000000 0.000000
26528 0.000000 -300.000000 0.000000
26529 0.000000 -300.000000 0.000000
26530 0.000000 -300.000000 0.000000
26531 0.000000 -300.000000 0.000000
26532 0.000000 -300.000000 0.000000
26533 0.000000 -300.000000 0.000000
26534 0.000000 -300.000000 0.000000
26535 0.000000 -300.000000 0.000000
26536 0.000000 -300.000000 0.000000
26537 0.000000 -300.000000 0.000000
26538 0.000000 -300.000000 0.000000
26539 75.000000 -300.000000 0.000000
26540 150.000000 -300.000000 0.000000
26541 225.000000 -300.000000 0.000000
26542 300.000000 -300.000000 0.000000
26543 375.000000 -300.000000 0.000000
26544 -375.000000 -225.000000 0.000000
26545 -300.000000 -225.000000 0.000000
26546 -225.000000 -225.000000 0.000000
26547 -150.000000 -225.000000 0.000000
26548 -75.000000 -225.000000 0.000000
26549 0.000000 -225.000000 0.000000
26550 0.000000 -225.000000 0.000000
26551 0.000000 -225.000000 0.000000
26552 0.000000 -225.000000 0.000000
26553 0.000000 -225.000000 0.000000
26554 0.000000 -225.000000 0.000000
26555 0.000000 -225.000000 0.000000
26556 0.000000 -225.000000 0.000000
26557 0.000000 -225.000000 0.000000
26558 0.000000 -225.000000 0.000000
26559 0.000000 -225.000000 0.000000
26560 0.000000 -225.000000 0.000000
26561 0.000000 -225.000000 0.000000
26562 0.000000 -225.000000 0.000000
26563 0.000000 -225.000000 0.000000
26564 0.000000 -225.000000 0.000000
26565 0.000000 -225.000000 0.000000
26566 0.000000 -225.000000 0.000000
26567 0.000000 -225.000000 0.000000
26568 0.000000 -225.000000 0.000000
26569 0.000000 -225.000000 0.000000
26570 0.000000 -225.000000 0.000000
26571 0.000000 -225.000000 0.000000
26572 0.000000 -225.000000 0.000000
26573 0.000000 -225.000000 0.000000
26574 0.000000 -225.000000 0.000000
26575 0.000000 -225.000000 0.000000
26576 0.000000 -225.000000 0.000000
26577 0.000000 -225.000000 0.000000
26578 0.000000 -225.000000 0.000000
26579 0.000000 -225.000000 0.000000
26580 0.000000 -225.000000 0.000000
26581 75.000000 -225.000000 0.000000
26582 150.000000 -225.000000 0.000000
26583 225.000000 -225.000000 0.000000
26584 300.000000 -225.000000 0.000000
26585 375.000000 -225.000000 0.000000
26586 -375.000000 -150.000000 0.000000
26587 -300.000000 -150.000000 0.000000
26588 -225.000000 -150.000000 0.000000
26589 -150.000000 -150.000000 0.000000
26590 -75.000000 -150.000000 0.000000
26591 0.000000 -150.000000 0.000000
26592 0.000000 -150.000000 0.000000
26593 0.000000 -150.000000 0.000000
26594 0.000000 -150.000000 0.000000
26595 0.000000 -150.000000 0.000000
26596 0.000000 -150.000000 0.000000
26597 0.000000 -150.000000 0.000000
26598 0.000000 -150.000000 0.000000
26599 0.000000 -150.000000 0.000000
26600 0.000000 -150.000000 0.000000
26601 0.000000 -150.000000 0.000000
26602 0.000000 -150.000000 0.000000
26603 0.000000 -150.000000 0.000000
26604 0.000000 -150.000000 0.000000
26605 0.000000 -150.000000 0.000000
26606 0.000000 -150.000000 0.000000
26607 0.000000 -150.000000 0.000000
26608 0.000000 -150.000000 0.000000
26609 0.000000 -150.000000 0.000000
26610 0.000000 -150.000000 0.000000
26611 0.000000 -150.000000 0.000000
26612 0.000000 -150.000000 0.000000
26613 0.000000 -150.000000 0.000000
26614 0.000000 -150.000000 0.000000
26615 0.000000 -150.000000 0.000000
26616 0.000000 -150.000000 0.000000
26617 0.000000 -150.000000 0.000000
26618 0.000000 -150.000000 0.000000
26619 0.000000 -150.000000 0.000000
26620 0.000000 -150.000000 0.000000
26621 0.000000 -150.000000 0.000000
26622 0.000000 -150.000000 0.000000
26623 75.000000 -150.000000 0.000000
26624 150.000000 -150.000000 0.000000
26625 225.000000 -150.000000 0.000000
26626 300.000000 -150.000000 0.000000
26627 375.000000 -150.000000 0.000000
26628 -375.000000 -75.000000 0.000000
26629 -300.000000 -75.000000 0.000000
26630 -225.000000 -75.000000 0.000000
26631 -150.000000 -75.000000 0.000000
26632 -75.000000 -75.000000 0.000000
26633 0.000000 -75.000000 0.000000
26634 0.000000 -75.000000 0.000000
26635 0.000000 -75.000000 0.000000
26636 0.000000 -75.000000 0.000000
26637 0.000000 -75.000000 0.000000
26638 0.000000 -75.000000 0.000000
26639 0.000000 -75.000000 0.000000
26640 0.000000 -75.000000 0.000000
26641 0.000000 -75.000000 0.000000
26642 0.000000 -75.000000 0.000000
26643 0.000000 -75.000000 0.000000
26644 0.000000 -75.000000 0.000000
26645 0.000000 -75.000000 0.000000
26646 0.000000 -75.000000 0.000000
26647 0.000000 -75.000000 0.000000
26648 0.000000 -75.000000 0.000000
26649 0.000000 -75.000000 0.000000
26650 0.000000 -75.000000 0.000000
26651 0.000000 -75.000000 0.000000
26652 0.000000 -75.000000 0.000000
26653 0.000000 -75.000000 0.000000
26654 0.000000 -75.000000 0.000000
26655 0.000000 -75.000000 0.000000
26656 0.000000 -75.000000 0.000000
26657 0.000000 -75.000000 0.000000
26658 0.000000 -75.000000 0.000000
26659 0.000000 -75.000000 0.000000
26660 0.000000 -75.000000 0.000000
26661 0.000000 -75.000000 0.000000
26662 0.000000 -75.000000 0.000000
26663 0.000000 -75.000000 0.000000
26664 0.000000 -75.000000 0.000000
26665 75.000000 -75.000000 0.000000
26666 150.000000 -75.000000 0.000000
26667 225.000000 -75.000000 0.000000
26668 300.000000 -75.000000 0.000000
26669 375.000000 -75.000000 0.000000
26670 -375.000000 0.000000 0.000000
26671 -300.000000 0.000000 0.000000
26672 -225.000000 0.000000 0.000000
26673 -150.000000 0.000000 0.000000
26674 -75.000000 0.000000 0.000000
26707 75.000000 0.000000 0.000000
26708 150.000000 0.000000 0.000000
26709 225.000000 0.000000 0.000000
26710 300.000000 0.000000 0.000000
26711 375.000000 0.000000 0.000000
26712 -375.000000 0.000000 0.000000
26713 -300.000000 0.000000 0.000000
26714 -225.000000 0.000000 0.000000
26715 -150.000000 0.000000 0.000000
26716 -75.000000 0.000000 0.000000
26749 75.000000 0.000000 0.000000
26750 150.000000 0.000000 0.000000
26751 225.000000 0.000000 0.000000
26752 300.000000 0.000000 0.000000
26753 375.000000 0.000000 0.000000
26754 -375.000000 0.000000 0.000000
26755 -300.000000 0.000000 0.000000
26756 -225.000000 0.000000 0.000000
26757 -150.000000 0.000000 0.000000
26758 -75.000000 0.000000 0.000000
26791 75.000000 0.000000 0.000000
26792 150.000000 0.000000 0.000000
26793 225.000000 0.000000 0.000000
26794 300.000000 0.000000 0.000000
26795 375.000000 0.000000 0.000000
26796 -375.000000 0.000000 0.000000
26797 -300.000000 0.000000 0.000000
26798 -225.000000 0.000000 0.000000
26799 -150.000000 0.000000 0.000000
26800 -75.000000 0.000000 0.000000
26833 75.000000 0.000000 0.000000
26834 150.000000 0.000000 0.000000
26835 225.000000 0.000000 0.000000
26836 300.000000 0.000000 0.000000
26837 375.000000 0.000000 0.000000
26838 -375.000000 0.000000 0.000000
26839 -300.000000 0.000000 0.000000
26840 -225.000000 0.000000 0.000000
26841 -150.000000 0.000000 0.000000
26842 -75.000000 0.000000 0.000000
26875 75.000000 0.000000 0.000000
26876 150.000000 0.000000 0.000000
26877 225.000000 0.000000 0.000000
26878 300.000000 0.000000 0.000000
26879 375.000000 0.000000 0.000000
26880 -375.000000 0.000000 0.000000
26881 -300.000000 0.000000 0.000000
26882 -225.000000 0.000000 0.000000
26883 -150.000000 0.000000 0.000000
26884 -75.000000 0.000000 0.000000
26917 75.000000 0.000000 0.000000
26918 150.000000 0.000000 0.000000
26919 225.000000 0.000000 0.000000
26920 300.000000 0.000000 0.000000
26921 375.000000 0.000000 0.000000
26922 -375.000000 0.000000 0.000000
26923 -300.000000 0.000000 0.000000
26924 -225.000000 0.000000 0.000000
26925 -150.000000 0.000000 0.000000
26926 -75.000000 0.000000 0.000000
26959 75.000000 0.000000 0.000000
26960 150.000000 0.000000 0.000000
26961 225.000000 0.000000 0.000000
26962 300.000000 0.000000 0.000000
26963 375.000000 0.000000 0.000000
26964 -375.000000 0.000000 0.000000
26965 -300.000000 0.000000 0.000000
26966 -225.000000 0.000000 0.000000
26967 -150.000000 0.000000 0.000000
26968 -75.000000 0.000000 0.000000
27001 75.000000 0.000000 0.000000
27002 150.000000 0.000000 0.000000
27003 225.000000 0.000000 0.000000
27004 300.000000 0.000000 0.000000
27005 375.000000 0.000000 0.000000
27006 -375.000000 0.000000 0.000000
27007 -300.000000 0.000000 0.000000
27008 -225.000000 0.000000 0.000000
27009 -150.000000 0.000000 0.000000
27010 -75.000000 0.000000 0.000000
27043 75.000000 0.000000 0.000000
27044 150.000000 0.000000 0.000000
27045 225.000000 0.000000 0.000000
27046 300.000000 0.000000 0.000000
27047 375.000000 0.000000 0.000000
27048 -375.000000 0.000000 0.000000
27049 -300.000000 0.000000 0.000000
27050 -225.000000 0.000000 0.000000
27051 -150.000000 0.000000 0.000000
27052 -75.000000 0.000000 0.000000
27085 75.000000 0.000000 0.000000
27086 150.000000 0.000000 0.000000
27087 225.000000 0.000000 0.000000
27088 300.000000 0.000000 0.000000
27089 375.000000 0.000000 0.000000
27090 -375.000000 0.000000 0.000000
27091 -300.000000 0.000000 0.000000
27092 -225.000000 0.000000 0.000000
27093 -150.000000 0.000000 0.000000
27094 -75.000000 0.000000 0.000000
27127 75.000000 0.000000 0.000000
27128 150.000000 0.000000 0.000000
27129 225.000000 0.000000 0.000000
27130 300.000000 0.000000 0.000000
27131 375.000000 0.000000 0.000000
27132 -375.000000 0.000000 0.000000
27133 -300.000000 0.000000 0.000000
27134 -225.000000 0.000000 0.000000
27135 -150.000000 0.000000 0.000000
27136 -75.000000 0.000000 0.000000
27169 75.000000 0.000000 0.000000
27170 150.000000 0.000000 0.000000
27171 225.000000 0.000000 0.000000
27172 300.000000 0.000000 0.000000
27173 375.000000 0.000000 0.000000
27174 -375.000000 0.000000 0.000000
27175 -300.000000 0.000000 0.000000
27176 -225.000000 0.000000 0.000000
27177 -150.000000 0.000000 0.000000
27178 -75.000000 0.000000 0.000000
27211 75.000000 0.000000 0.000000
27212 150.000000 0.000000 0.000000
27213 225.000000 0.000000 0.000000
27214 300.000000 0.000000 0.000000
27215 375.000000 0.000000 0.000000
27216 -375.000000 0.000000 0.000000
27217 -300.000000 0.000000 0.000000
27218 -225.000000 0.000000 0.000000
27219 -150.000000 0.000000 0.000000
27220 -75.000000 0.000000 0.000000
27253 75.000000 0.000000 0.000000
27254 150.000000 0.000000 0.000000
27255 225.000000 0.000000 0.000000
27256 300.000000 0.000000 0.000000
27257 375.000000 0.000000 0.000000
27258 -375.000000 0.000000 0.000000
27259 -300.000000 0.000000 0.000000
27260 -225.000000 0.000000 0.000000
27261 -150.000000 0.000000 0.000000
27262 -75.000000 0.000000 0.000000
27295 75.000000 0.000000 0.000000
27296 150.000000 0.000000 0.000000
27297 225.000000 0.000000 0.000000
27298 300.000000 0.000000 0.000000
27299 375.000000 0.000000 0.000000
27300 -375.000000 0.000000 0.000000
27301 -300.000000 0.000000 0.000000
27302 -225.000000 0.000000 0.000000
27303 -150.000000 0.000000 0.000000
27304 -75.000000 0.000000 0.000000
27337 75.000000 0.000000 0.000000
27338 150.000000 0.000000 0.000000
27339 225.000000 0.000000 0.000000
27340 300.000000 0.000000 0.000000
27341 375.000000 0.000000 0.000000
27342 -375.000000 0.000000 0.000000
27343 -300.000000 0.000000 0.000000
27344 -225.000000 0.000000 0.000000
27345 -150.000000 0.000000 0.000000
27346 -75.000000 0.000000 0.000000
27379 75.000000 0.000000 0.000000
27380 150.000000 0.000000 0.000000
27381 225.000000 0.000000 0.000000
27382 300.000000 0.000000 0.000000
27383 375.000000 0.000000 0.000000
27384 -375.000000 0.000000 0.000000
27385 -300.000000 0.000000 0.000000
27386 -225.000000 0.000000 0.000000
27387 -150.000000 0.000000 0.000000
27388 -75.000000 0.000000 0.000000
27421 75.000000 0.000000 0.000000
27422 150.000000 0.000000 0.000000
27423 225.000000 0.000000 0.000000
27424 300.000000 0.000000 0.000000
27425 375.000000 0.000000 0.000000
27426 -375.000000 0.000000 0.000000
27427 -300.000000 0.000000 0.000000
27428 -225.000000 0.000000 0.000000
27429 -150.000000 0.000000 0.000000
27430 -75.000000 0.000000 0.000000
27463 75.000000 0.000000 0.000000
27464 150.000000 0.000000 0.000000
27465 225.000000 0.000000 0.000000
27466 300.000000 0.000000 0.000000
27467 375.000000 0.000000 0.000000
27468 -375.000000 0.000000 0.000000
27469 -300.000000 0.000000 0.000000
27470 -225.000000 0.000000 0.000000
27471 -150.000000 0.000000 0.000000
27472 -75.000000 0.000000 0.000000
27505 75.000000 0.000000 0.000000
27506 150.000000 0.000000 0.000000
27507 225.000000 0.000000 0.000000
27508 300.000000 0.000000 0.000000
27509 375.000000 0.000000 0.000000
27510 -375.000000 0.000000 0.000000
27511 -300.000000 0.000000 0.000000
27512 -225.000000 0.000000 0.000000
27513 -150.000000 0.000000 0.000000
27514 -75.000000 0.000000 0.000000
27547 75.000000 0.000000 0.000000
27548 150.000000 0.000000 0.000000
27549 225.000000 0.000000 0.000000
27550 300.000000 0.000000 0.000000
27551 375.000000 0.000000 0.000000
27552 -375.000000 0.000000 0.000000
27553 -300.000000 0.000000 0.000000
27554 -225.000000 0.000000 0.000000
27555 -150.000000 0.000000 0.000000
27556 -75.000000 0.000000 0.000000
27589 75.000000 0.000000 0.000000
27590 150.000000 0.000000 0.000000
27591 225.000000 0.000000 0.000000
27592 300.000000 0.000000 0.000000
27593 375.000000 0.000000 0.000000
27594 -375.000000 0.000000 0.000000
27595 -300.000000 0.000000 0.000000
27596 -225.000000 0.000000 0.000000
27597 -150.000000 0.000000 0.000000
27598 -75.000000 0.000000 0.000000
27631 75.000000 0.000000 0.000000
27632 150.000000 0.000000 0.000000
27633 225.000000 0.000000 0.000000
27634 300.000000 0.000000 0.000000
27635 375.000000 0.000000 0.000000
27636 -375.000000 0.000000 0.000000
27637 -300.000000 0.000000 0.000000
27638 -225.000000 0.000000 0.000000
27639 -150.000000 0.000000 0.000000
27640 -75.000000 0.000000 0.000000
27673 75.000000 0.000000 0.000000
27674 150.000000 0.000000 0.000000
27675 225.000000 0.000000 0.000000
27676 300.000000 0.000000 0.000000
27677 375.000000 0.000000 0.000000
27678 -375.000000 0.000000 0.000000
27679 -300.000000 0.000000 0.000000
27680 -225.000000 0.000000 0.000000
27681 -150.000000 0.000000 0.000000
27682 -75.000000 0.000000 0.000000
27715 75.000000 0.000000 0.000000
27716 150.000000 0.000000 0.000000
27717 225.000000 0.000000 0.000000
27718 300.000000 0.000000 0.000000
27719 375.000000 0.000000 0.000000
27720 -375.000000 0.000000 0.000000
27721 -300.000000 0.000000 0.000000
27722 -225.000000 0.000000 0.000000
27723 -150.000000 0.000000 0.000000
27724 -75.000000 0.000000 0.000000
27757 75.000000 0.000000 0.000000
27758 150.000000 0.000000 0.000000
27759 225.000000 0.000000 0.000000
27760 300.000000 0.000000 0.000000
27761 375.000000 0.000000 0.000000
27762 -375.000000 0.000000 0.000000
27763 -300.000000 0.000000 0.000000
27764 -225.000000 0.000000 0.000000
27765 -150.000000 0.000000 0.000000
27766 -75.000000 0.000000 0.000000
27799 75.000000 0.000000 0.000000
27800 150.000000 0.000000 0.000000
27801 225.000000 0.000000 0.000000
27802 300.000000 0.000000 0.000000
27803 375.000000 0.000000 0.000000
27804 -375.000000 0.000000 0.000000
27805 -300.000000 0.000000 0.000000
27806 -225.000000 0.000000 0.000000
27807 -150.000000 0.000000 0.000000
27808 -75.000000 0.000000 0.000000
27841 75.000000 0.000000 0.000000
27842 150.000000 0.000000 0.000000
27843 225.000000 0.000000 0.000000
27844 300.000000 0.000000 0.000000
27845 375.000000 0.000000 0.000000
27846 -375.000000 0.000000 0.000000
27847 -300.000000 0.000000 0.000000
27848 -225.000000 0.000000 0.000000
27849 -150.000000 0.000000 0.000000
27850 -75.000000 0.000000 0.000000
27883 75.000000 0.000000 0.000000
27884 150.000000 0.000000 0.000000
27885 225.000000 0.000000 0.000000
27886 300.000000 0.000000 0.000000
27887 375.000000 0.000000 0.000000
27888 -375.000000 0.000000 0.000000
27889 -300.000000 0.000000 0.000000
27890 -225.000000 0.000000 0.000000
27891 -150.000000 0.000000 0.000000
27892 -75.000000 0.000000 0.000000
27925 75.000000 0.000000 0.000000
27926 150.000000 0.000000 0.000000
27927 225.000000 0.000000 0.000000
27928 300.000000 0.000000 0.000000
27929 375.000000 0.000000 0.000000
27930 -375.000000 0.000000 0.000000
27931 -300.000000 0.000000 0.000000
27932 -225.000000 0.000000 0.000000
27933 -150.000000 0.000000 0.000000
27934 -75.000000 0.000000 0.000000
27967 75.000000 0.000000 0.000000
27968 150.000000 0.000000 0.000000
27969 225.000000 0.000000 0.000000
27970 300.000000 0.000000 0.000000
27971 375.000000 0.000000 0.000000
27972 -375.000000 0.000000 0.000000
27973 -300.000000 0.000000 0.000000
27974 -225.000000 0.000000 0.000000
27975 -150.000000 0.000000 0.000000
27976 -75.000000 0.000000 0.000000
28009 75.000000 0.000000 0.000000
28010 150.000000 0.000000 0.000000
28011 225.000000 0.000000 0.000000
28012 300.000000 0.000000 0.000000
28013 375.000000 0.000000 0.000000
28014 -375.000000 75.000000 0.000000
28015 -300.000000 75.000000 0.000000
28016 -225.000000 75.000000 0.000000
28017 -150.000000 75.000000 0.000000
28018 -75.000000 75.000000 0.000000
28019 0.000000 75.000000 0.000000
28020 0.000000 75.000000 0.000000
28021 0.000000 75.000000 0.000000
28022 0.000000 75.000000 0.000000
28023 0.000000 75.000000 0.000000
28024 0.000000 75.000000 0.000000
28025 0.000000 75.000000 0.000000
28026 0.000000 75.000000 0.000000
28027 0.000000 75.000000 0.000000
28028 0.000000 75.000000 0.000000
28029 0.000000 75.000000 0.000000
28030 0.000000 75.000000 0.000000
28031 0.000000 75.000000 0.000000
28032 0.000000 75.000000 0.000000
28033 0.000000 75.000000 0.000000
28034 0.000000 75.000000 0.000000
28035 0.000000 75.000000 0.000000
28036 0.000000 75.000000 0.000000
28037 0.000000 75.000000 0.000000
28038 0.000000 75.000000 0.000000
28039 0.000000 75.000000 0.000000
28040 0.000000 75.000000 0.000000
28041 0.000000 75.000000 0.000000
28042 0.000000 75.000000 0.000000
28043 0.000000 75.000000 0.000000
28044 0.000000 75.000000 0.000000
28045 0.000000 75.000000 0.000000
28046 0.000000 75.000000 0.000000
28047 0.000000 75.000000 0.000000
28048 0.000000 75.000000 0.000000
28049 0.000000 75.000000 0.000000
28050 0.000000 75.000000 0.000000
28051 75.000000 75.000000 0.000000
28052 150.000000 75.000000 0.000000
28053 225.000000 75.000000 0.000000
28054 300.000000 75.000000 0.000000
28055 375.000000 75.000000 0.000000
28056 -375.000000 150.000000 0.000000
28057 -300.000000 150.000000 0.000000
28058 -225.000000 150.000000 0.000000
28059 -150.000000 150.000000 0.000000
28060 -75.000000 150.000000 0.000000
28061 0.000000 150.000000 0.000000
28062 0.000000 150.000000 0.000000
28063 0.000000 150.000000 0.000000
28064 0.000000 150.000000 0.000000
28065 0.000000 150.000000 0.000000
28066 0.000000 150.000000 0.000000
28067 0.000000 150.000000 0.000000
28068 0.000000 150.000000 0.000000
28069 0.000000 150.000000 0.000000
28070 0.000000 150.000000 0.000000
28071 0.000000 150.000000 0.000000
28072 0.000000 150.000000 0.000000
28073 0.000000 150.000000 0.000000
28074 0.000000 150.000000 0.000000
28075 0.000000 150.000000 0.000000
28076 0.000000 150.000000 0.000000
28077 0.000000 150.000000 0.000000
28078 0.000000 150.000000 0.000000
28079 0.000000 150.000000 0.000000
28080 0.000000 150.000000 0.000000
28081 0.000000 150.000000 0.000000
28082 0.000000 150.000000 0.000000
28083 0.000000 150.000000 0.000000
28084 0.000000 150.000000 0.000000
28085 0.000000 150.000000 0.000000
28086 0.000000 150.000000 0.000000
28087 0.000000 150.000000 0.000000
28088 0.000000 150.000000 0.000000
28089 0.000000 150.000000 0.000000
28090 0.000000 150.000000 0.000000
28091 0.000000 150.000000 0.000000
28092 0.000000 150.000000 0.000000
28093 75.000000 150.000000 0.000000
28094 150.000000 150.000000 0.000000
28095 225.000000 150.000000 0.000000
28096 300.000000 150.000000 0.000000
28097 375.000000 150.000000 0.000000
28098 -375.000000 225.000000 0.000000
28099 -300.000000 225.000000 0.000000
28100 -225.000000 225.000000 0.000000
28101 -150.000000 225.000000 0.000000
28102 -75.000000 225.000000 0.000000
28103 0.000000 225.000000 0.000000
28104 0.000000 225.000000 0.000000
28105 0.000000 225.000000 0.000000
28106 0.000000 225.000000 0.000000
28107 0.000000 225.000000 0.000000
28108 0.000000 225.000000 0.000000
28109 0.000000 225.000000 0.000000
28110 0.000000 225.000000 0.000000
28111 0.000000 225.000000 0.000000
28112 0.000000 225.000000 0.000000
28113 0.000000 225.000000 0.000000
28114 0.000000 225.000000 0.000000
28115 0.000000 225.000000 0.000000
28116 0.000000 225.000000 0.000000
28117 0.000000 225.000000 0.000000
28118 0.000000 225.000000 0.000000
28119 0.000000 225.000000 0.000000
28120 0.000000 225.000000 0.000000
28121 0.000000 225.000000 0.000000
28122 0.000000 225.000000 0.000000
28123 0.000000 225.000000 0.000000
28124 0.000000 225.000000 0.000000
28125 0.000000 225.000000 0.000000
28126 0.000000 225.000000 0.000000
28127 0.000000 225.000000 0.000000
28128 0.000000 225.000000 0.000000
28129 0.000000 225.000000 0.000000
28130 0.000000 225.000000 0.000000
28131 0.000000 225.000000 0.000000
28132 0.000000 225.000000 0.000000
28133 0.000000 225.000000 0.000000
28134 0.000000 225.000000 0.000000
28135 75.000000 225.000000 0.000000
28136 150.000000 225.000000 0.000000
28137 225.000000 225.000000 0.000000
28138 300.000000 225.000000 0.000000
28139 375.000000 225.000000 0.000000
28140 -375.000000 300.000000 0.000000
28141 -300.000000 300.000000 0.000000
28142 -225.000000 300.000000 0.000000
28143 -150.000000 300.000000 0.000000
28144 -75.000000 300.000000 0.000000
28145 0.000000 300.000000 0.000000
28146 0.000000 300.000000 0.000000
28147 0.000000 300.000000 0.000000
28148 0.000000 300.000000 0.000000
28149 0.000000 300.000000 0.000000
28150 0.000000 300.000000 0.000000
28151 0.000000 300.000000 0.000000
28152 0.000000 300.000000 0.000000
28153 0.000000 300.000000 0.000000
28154 0.000000 300.000000 0.000000
28155 0.000000 300.000000 0.000000
28156 0.000000 300.000000 0.000000
28157 0.000000 300.000000 0.000000
28158 0.000000 300.000000 0.000000
28159 0.000000 300.000000 0.000000
28160 0.000000 300.000000 0.000000
28161 0.000000 300.000000 0.000000
28162 0.000000 300.000000 0.000000
28163 0.000000 300.000000 0.000000
28164 0.000000 300.000000 0.000000
28165 0.000000 300.000000 0.000000
28166 0.000000 300.000000 0.000000
28167 0.000000 300.000000 0.000000
28168 0.000000 300.000000 0.000000
28169 0.000000 300.000000 0.000000
28170 0.000000 300.000000 0.000000
28171 0.000000 300.000000 0.000000
28172 0.000000 300.000000 0.000000
28173 0.000000 300.000000 0.000000
28174 0.000000 300.000000 0.000000
28175 0.000000 300.000000 0.000000
28176 0.000000 300.000000 0.000000
28177 75.000000 300.000000 0.000000
28178 150.000000 300.000000 0.000000
28179 225.000000 300.000000 0.000000
28180 300.000000 300.000000 0.000000
28181 375.000000 300.000000 0.000000
28182 -375.000000 375.000000 0.000000
28183 -300.000000 375.000000 0.000000
28184 -225.000000 375.000000 0.000000
28185 -150.000000 375.000000 0.000000
28186 -75.000000 375.000000 0.000000
28187 0.000000 375.000000 0.000000
28188 0.000000 375.000000 0.000000
28189 0.000000 375.000000 0.000000
28190 0.000000 375.000000 0.000000
28191 0.000000 375.000000 0.000000
28192 0.000000 375.000000 0.000000
28193 0.000000 375.000000 0.000000
28194 0.000000 375.000000 0.000000
28195 0.000000 375.000000 0.000000
28196 0.000000 375.000000 0.000000
28197 0.000000 375.000000 0.000000
28198 0.000000 375.000000 0.000000
28199 0.000000 375.000000 0.000000
28200 0.000000 375.000000 0.000000
28201 0.000000 375.000000 0.000000
28202 0.000000 375.000000 0.000000
28203 0.000000 375.000000 0.000000
28204 0.000000 375.000000 0.000000
28205 0.000000 375.000000 0.000000
28206 0.000000 375.000000 0.000000
28207 0.000000 375.000000 0.000000
28208 0.000000 375.000000 0.000000
28209 0.000000 375.000000 0.000000
28210 0.000000 375.000000 0.000000
28211 0.000000 375.000000 0.000000
28212 0.000000 375.000000 0.000000
28213 0.000000 375.000000 0.000000
28214 0.000000 375.000000 0.000000
28215 0.000000 375.000000 0.000000
28216 0.000000 375.000000 0.000000
28217 0.000000 375.000000 0.000000
28218 0.000000 375.000000 0.000000
28219 75.000000 375.000000 0.000000
28220 150.000000 375.000000 0.000000
28221 225.000000 375.000000 0.000000
28222 300.000000 375.000000 0.000000
28223 375.000000 375.000000 0.000000
28224 -375.000000 -375.000000 75.000000
28225 -300.000000 -375.000000 75.000000
28226 -225.000000 -375.000000 75.000000
28227 -150.000000 -375.000000 75.000000
28228 -75.000000 -375.000000 75.000000
28229 0.000000 -375.000000 75.000000
28230 0.000000 -375.000000 75.000000
28231 0.000000 -375.000000 75.000000
28232 0.000000 -375.000000 75.000000
28233 0.000000 -375.000000 75.000000
28234 0.000000 -375.000000 75.000000
28235 0.000000 -375.000000 75.000000
28236 0.000000 -375.000000 75.000000
28237 0.000000 -375.000000 75.000000
28238 0.000000 -375.000000 75.000000
28239 0.000000 -375.000000 75.000000
28240 0.000000 -375.000000 75.000000
28241 0.000000 -375.000000 75.000000
28242 0.000000 -375.000000 75.000000
28243 0.000000 -375.000000 75.000000
28244 0.000000 -375.000000 75.000000
28245 0.000000 -375.000000 75.000000
28246 0.000000 -375.000000 75.000000
28247 0.000000 -375.000000 75.000000
28248 0.000000 -375.000000 75.000000
28249 0.000000 -375.000000 75.000000
28250 0.000000 -375.000000 75.000000
28251 0.000000 -375.000000 75.000000
28252 0.000000 -375.000000 75.000000
28253 0.000000 -375.000000 75.000000
28254 0.000000 -375.000000 75.000000
28255 0.000000 -375.000000 75.000000
28256 0.000000 -375.000000 75.000000
28257 0.000000 -375.000000 75.000000
28258 0.000000 -375.000000 75.000000
28259 0.000000 -375.000000 75.000000
28260 0.000000 -375.000000 75.000000
28261 75.000000 -375.000000 75.000000
28262 150.000000 -375.000000 75.000000
28263 225.000000 -375.000000 75.000000
28264 300.000000 -375.000000 75.000000
28265 375.000000 -375.000000 75.000000
28266 -375.000000 -300.000000 75.000000
28267 -300.000000 -300.000000 75.000000
28268 -225.000000 -300.000000 75.000000
28269 -150.000000 -300.000000 75.000000
28270 -75.000000 -300.000000 75.000000
28271 0.000000 -300.000000 75.000000
28272 0.000000 -300.000000 75.000000
28273 0.000000 -300.000000 75.000000
28274 0.000000 -300.000000 75.000000
28275 0.000000 -300.000000 75.000000
28276 0.000000 -300.000000 75.000000
28277 0.000000 -300.000000 75.000000
28278 0.000000 -300.000000 75.000000
28279 0.000000 -300.000000 75.000000
28280 0.000000 -300.000000 75.000000
28281 0.000000 -300.000000 75.000000
28282 0.000000 -300.000000 75.000000
28283 0.000000 -300.000000 75.000000
28284 0.000000 -300.000000 75.000000
28285 0.000000 -300.000000 75.000000
28286 0.000000 -300.000000 75.000000
28287 0.000000 -300.000000 75.000000
28288 0.000000 -300.000000 75.000000
28289 0.000000 -300.000000 75.000000
28290 0.000000 -300.000000 75.000000
28291 0.000000 -300.000000 75.000000
28292 0.000000 -300.000000 75.000000
28293 0.000000 -300.000000 75.000000
28294 0.000000 -300.000000 75.000000
28295 0.000000 -300.000000 75.000000
28296 0.000000 -300.000000 75.000000
28297 0.000000 -300.000000 75.000000
28298 0.000000 -300.000000 75.000000
28299 0.000000 -300.000000 75.000000
28300 0.000000 -300.000000 75.000000
28301 0.000000 -300.000000 75.000000
28302 0.000000 -300.000000 75.000000
28303 75.000000 -300.000000 75.000000
28304 150.000000 -300.000000 75.000000
28305 225.000000 -300.000000 75.000000
28306 300.000000 -300.000000 75.000000
28307 375.000000 -300.000000 75.000000
28308 -375.000000 -225.000000 75.000000
28309 -300.000000 -225.000000 75.000000
28310 -225.000000 -225.000000 75.000000
28311 -150.000000 -225.000000 75.000000
28312 -75.000000 -225.000000 75.000000
28313 0.000000 -225.000000 75.000000
28314 0.000000 -225.000000 75.000000
28315 0.000000 -225.000000 75.000000
28316 0.000000 -225.000000 75.000000
28317 0.000000 -225.000000 75.000000
28318 0.000000 -225.000000 75.000000
28319 0.000000 -225.000000 75.000000
28320 0.000000 -225.000000 75.000000
28321 0.000000 -225.000000 75.000000
28322 0.000000 -225.000000 75.000000
28323 0.000000 -225.000000 75.000000
28324 0.000000 -225.000000 75.000000
28325 0.000000 -225.000000 75.000000
28326 0.000000 -225.000000 75.000000
28327 0.000000 -225.000000 75.000000
28328 0.000000 -225.000000 75.000000
28329 0.000000 -225.000000 75.000000
28330 0.000000 -225.000000 75.000000
28331 0.000000 -225.000000 75.000000
28332 0.000000 -225.000000 75.000000
28333 0.000000 -225.000000 75.000000
28334 0.000000 -225.000000 75.000000
28335 0.000000 -225.000000 75.000000
28336 0.000000 -225.000000 75.000000
28337 0.000000 -225.000000 75.000000
28338 0.000000 -225.000000 75.000000
28339 0.000000 -225.000000 75.000000
28340 0.000000 -225.000000 75.000000
28341 0.000000 -225.000000 75.000000
28342 0.000000 -225.000000 75.000000
28343 0.000000 -225.000000 75.000000
28344 0.000000 -225.000000 75.000000
28345 75.000000 -225.000000 75.000000
28346 150.000000 -225.000000 75.000000
28347 225.000000 -225.000000 75.000000
28348 300.000000 -225.000000 75.000000
28349 375.000000 -225.000000 75.000000
28350 -375.000000 -150.000000 75.000000
28351 -300.000000 -150.000000 75.000000
28352 -225.000000 -150.000000 75.000000
28353 -150.000000 -150.000000 75.000000
28354 -75.000000 -150.000000 75.000000
28355 0.000000 -150.000000 75.000000
28356 0.000000 -150.000000 75.000000
28357 0.000000 -150.000000 75.000000
28358 0.000000 -150.000000 75.000000
28359 0.000000 -150.000000 75.000000
28360 0.000000 -150.000000 75.000000
28361 0.000000 -150.000000 75.000000
28362 0.000000 -150.000000 75.000000
28363 0.000000 -150.000000 75.000000
28364 0.000000 -150.000000 75.000000
28365 0.000000 -150.000000 75.000000
28366 0.000000 -150.000000 75.000000
28367 0.000000 -150.000000 75.000000
28368 0.000000 -150.000000 75.000000
28369 0.000000 -150.000000 75.000000
28370 0.000000 -150.000000 75.000000
28371 0.000000 -150.000000 75.000000
28372 0.000000 -150.000000 75.000000
28373 0.000000 -150.000000 75.000000
28374 0.000000 -150.000000 75.000000
28375 0.000000 -150.000000 75.000000
28376 0.000000 -150.000000 75.000000
28377 0.000000 -150.000000 75.000000
28378 0.000000 -150.000000 75.000000
28379 0.000000 -150.000000 75.000000
28380 0.000000 -150.000000 75.000000
28381 0.000000 -150.000000 75.000000
28382 0.000000 -150.000000 75.000000
28383 0.000000 -150.000000 75.000000
28384 0.000000 -150.000000 75.000000
28385 0.000000 -150.000000 75.000000
28386 0.000000 -150.000000 75.000000
28387 75.000000 -150.000000 75.000000
28388 150.000000 -150.000000 75.000000
28389 225.000000 -150.000000 75.000000
28390 300.000000 -150.000000 75.000000
28391 375.000000 -150.000000 75.000000
28392 -375.000000 -75.000000 75.000000
28393 -300.000000 -75.000000 75.000000
28394 -225.000000 -75.000000 75.000000
28395 -150.000000 -75.000000 75.000000
28396 -75.000000 -75.000000 75.000000
28397 0.000000 -75.000000 75.000000
28398 0.000000 -75.000000 75.000000
28399 0.000000 -75.000000 75.000000
28400 0.000000 -75.000000 75.000000
28401 0.000000 -75.000000 75.000000
28402 0.000000 -75.000000 75.000000
28403 0.000000 -75.000000 75.000000
28404 0.000000 -75.000000 75.000000
28405 0.000000 -75.000000 75.000000
28406 0.000000 -75.000000 75.000000
28407 0.000000 -75.000000 75.000000
28408 0.000000 -75.000000 75.000000
28409 0.000000 -75.000000 75.000000
28410 0.000000 -75.000000 75.000000
28411 0.000000 -75.000000 75.000000
28412 0.000000 -75.000000 75.000000
28413 0.000000 -75.000000 75.000000
28414 0.000000 -75.000000 75.000000
28415 0.000000 -75.000000 75.000000
28416 0.000000 -75.000000 75.000000
28417 0.000000 -75.000000 75.000000
28418 0.000000 -75.000000 75.000000
28419 0.000000 -75.000000 75.000000
28420 0.000000 -75.000000 75.000000
28421 0.000000 -75.000000 75.000000
28422 0.000000 -75.000000 75.000000
28423 0.000000 -75.000000 75.000000
28424 0.000000 -75.000000 75.000000
28425 0.000000 -75.000000 75.000000
28426 0.000000 -75.000000 75.000000
28427 0.000000 -75.000000 75.000000
28428 0.000000 -75.000000 75.000000
28429 75.000000 -75.000000 75.000000
28430 150.000000 -75.000000 75.000000
28431 225.000000 -75.000000 75.000000
28432 300.000000 -75.000000 75.000000
28433 375.000000 -75.000000 75.000000
28434 -375.000000 0.000000 75.000000
28435 -300.000000 0.000000 75.000000
28436 -225.000000 0.000000 75.000000
28437 -150.000000 0.000000 75.000000
28438 -75.000000 0.000000 75.000000
28439 0.000000 0.000000 75.000000
28440 0.000000 0.000000 75.000000
28441 0.000000 0.000000 75.000000
28442 0.000000 0.000000 75.000000
28443 0.000000 0.000000 75.000000
28444 0.000000 0.000000 75.000000
28445 0.000000 0.000000 75.000000
28446 0.000000 0.000000 75.000000
28447 0.000000 0.000000 75.000000
28448 0.000000 0.000000 75.000000
28449 0.000000 0.000000 75.000000
28450 0.000000 0.000000 75.000000
28451 0.000000 0.000000 75.000000
28452 0.000000 0.000000 75.000000
28453 0.000000 0.000000 75.000000
28454 0.000000 0.000000 75.000000
28455 0.000000 0.000000 75.000000
28456 0.000000 0.000000 75.000000
28457 0.000000 0.000000 75.000000
28458 0.000000 0.000000 75.000000
28459 0.000000 0.000000 75.000000
28460 0.000000 0.000000 75.000000
28461 0.000000 0.000000 75.000000
28462 0.000000 0.000000 75.000000
28463 0.000000 0.000000 75.000000
28464 0.000000 0.000000 75.000000
28465 0.000000 0.000000 75.000000
28466 0.000000 0.000000 75.000000
28467 0.000000 0.000000 75.000000
28468 0.000000 0.000000 75.000000
28469 0.000000 0.000000 75.000000
28470 0.000000 0.000000 75.000000
28471 75.000000 0.000000 75.000000
28472 150.000000 0.000000 75.000000
28473 225.000000 0.000000 75.000000
28474 300.000000 0.000000 75.000000
28475 375.000000 0.000000 75.000000
28476 -375.000000 0.000000 75.000000
28477 -300.000000 0.000000 75.000000
28478 -225.000000 0.000000 75.000000
28479 -150.000000 0.000000 75.000000
28480 -75.000000 0.000000 75.000000
28481 0.000000 0.000000 75.000000
28482 0.000000 0.000000 75.000000
28483 0.000000 0.000000 75.000000
28484 0.000000 0.000000 75.000000
28485 0.000000 0.000000 75.000000
28486 0.000000 0.000000 75.000000
28487 0.000000 0.000000 75.000000
28488 0.000000 0.000000 75.000000
28489 0.000000 0.000000 75.000000
28490 0.000000 0.000000 75.000000
28491 0.000000 0.000000 75.000000
28492 0.000000 0.000000 75.000000
28493 0.000000 0.000000 75.000000
28494 0.000000 0.000000 75.000000
28495 0.000000 0.000000 75.000000
28496 0.000000 0.000000 75.000000
28497 0.000000 0.000000 75.000000
28498 0.000000 0.000000 75.000000
28499 0.000000 0.000000 75.000000
28500 0.000000 0.000000 75.000000
28501 0.000000 0.000000 75.000000
28502 0.000000 0.000000 75.000000
28503 0.000000 0.000000 75.000000
28504 0.000000 0.000000 75.000000
28505 0.000000 0.000000 75.000000
28506 0.000000 0.000000 75.000000
28507 0.000000 0.000000 75.000000
28508 0.000000 0.000000 75.000000
28509 0.000000 0.000000 75.000000
28510 0.000000 0.000000 75.000000
28511 0.000000 0.000000 75.000000
28512 0.000000 0.000000 75.000000
28513 75.000000 0.000000 75.000000
28514 150.000000 0.000000 75.000000
28515 225.000000 0.000000 75.000000
28516 300.000000 0.000000 75.000000
28517 375.000000 0.000000 75.000000
28518 -375.000000 0.000000 75.000000
28519 -300.000000 0.000000 75.000000
28520 -225.000000 0.000000 75.000000
28521 -150.000000 0.000000 75.000000
28522 -75.000000 0.000000 75.000000
28523 0.000000 0.000000 75.000000
28524 0.000000 0.000000 75.000000
28525 0.000000 0.000000 75.000000
28526 0.000000 0.000000 75.000000
28527 0.000000 0.000000 75.000000
28528 0.000000 0.000000 75.000000
28529 0.000000 0.000000 75.000000
28530 0.000000 0.000000 75.000000
28531 0.000000 0.000000 75.000000
28532 0.000000 0.000000 75.000000
28533 0.000000 0.000000 75.000000
28534 0.000000 0.000000 75.000000
28535 0.000000 0.000000 75.000000
28536 0.000000 0.000000 75.000000
28537 0.000000 0.000000 75.000000
28538 0.000000 0.000000 75.000000
28539 0.000000 0.000000 75.000000
28540 0.000000 0.000000 75.000000
28541 0.000000 0.000000 75.000000
28542 0.000000 0.000000 75.000000
28543 0.000000 0.000000 75.000000
28544 0.000000 0.000000 75.000000
28545 0.000000 0.000000 75.000000
28546 0.000000 0.000000 75.000000
28547 0.000000 0.000000 75.000000
28548 0.000000 0.000000 75.000000
28549 0.000000 0.000000 75.000000
28550 0.000000 0.000000 75.000000
28551 0.000000 0.000000 75.000000
28552 0.000000 0.000000 75.000000
28553 0.000000 0.000000 75.000000
28554 0.000000 0.000000 75.000000
28555 75.000000 0.000000 75.000000
28556 150.000000 0.000000 75.000000
28557 225.000000 0.000000 75.000000
28558 300.000000 0.000000 75.000000
28559 375.000000 0.000000 75.000000
28560 -375.000000 0.000000 75.000000
28561 -300.000000 0.000000 75.000000
28562 -225.000000 0.000000 75.000000
28563 -150.000000 0.000000 75.000000
28564 -75.000000 0.000000 75.000000
28565 0.000000 0.000000 75.000000
28566 0.000000 0.000000 75.000000
28567 0.000000 0.000000 75.000000
28568 0.000000 0.000000 75.000000
28569 0.000000 0.000000 75.000000
28570 0.000000 0.000000 75.000000
28571 0.000000 0.000000 75.000000
28572 0.000000 0.000000 75.000000
28573 0.000000 0.000000 75.000000
28574 0.000000 0.000000 75.000000
28575 0.000000 0.000000 75.000000
28576 0.000000 0.000000 75.000000
28577 0.000000 0.000000 75.000000
28578 0.000000 0.000000 75.000000
28579 0.000000 0.000000 75.000000
28580 0.000000 0.000000 75.000000
28581 0.000000 0.000000 75.000000
28582 0.000000 0.000000 75.000000
28583 0.000000 0.000000 75.000000
28584 0.000000 0.000000 75.000000
28585 0.000000 0.000000 75.000000
28586 0.000000 0.000000 75.000000
28587 0.000000 0.000000 75.000000
28588 0.000000 0.000000 75.000000
28589 0.000000 0.000000 75.000000
28590 0.000000 0.000000 75.000000
28591 0.000000 0.000000 75.000000
28592 0.000000 0.000000 75.000000
28593 0.000000 0.000000 75.000000
28594 0.000000 0.000000 75.000000
28595 0.000000 0.000000 75.000000
28596 0.000000 0.000000 75.000000
28597 75.000000 0.000000 75.000000
28598 150.000000 0.000000 75.000000
28599 225.000000 0.000000 75.000000
28600 300.000000 0.000000 75.000000
28601 375.000000 0.000000 75.000000
28602 -375.000000 0.000000 75.000000
28603 -300.000000 0.000000 75.000000
28604 -225.000000 0.000000 75.000000
28605 -150.000000 0.000000 75.000000
28606 -75.000000 0.000000 75.000000
28607 0.000000 0.000000 75.000000
28608 0.000000 0.000000 75.000000
28609 0.000000 0.000000 75.000000
28610 0.000000 0.000000 75.000000
28611 0.000000 0.000000 75.000000
28612 0.000000 0.000000 75.000000
28613 0.000000 0.000000 75.000000
28614 0.000000 0.000000 75.000000
28615 0.000000 0.000000 75.000000
28616 0.000000 0.000000 75.000000
28617 0.000000 0.000000 75.000000
28618 0.000000 0.000000 75.000000
28619 0.000000 0.000000 75.000000
28620 0.000000 0.000000 75.000000
28621 0.000000 0.000000 75.000000
28622 0.000000 0.000000 75.000000
28623 0.000000 0.000000 75.000000
28624 0.000000 0.000000 75.000000
28625 0.000000 0.000000 75.000000
28626 0.000000 0.000000 75.000000
28627 0.000000 0.000000 75.000000
28628 0.000000 0.000000 75.000000
28629 0.000000 0.000000 75.000000
28630 0.000000 0.000000 75.000000
28631 0.000000 0.000000 75.000000
28632 0.000000 0.000000 75.000000
28633 0.000000 0.000000 75.000000
28634 0.000000 0.000000 75.000000
28635 0.000000 0.000000 75.000000
28636 0.000000 0.000000 75.000000
28637 0.000000 0.000000 75.000000
28638 0.000000 0.000000 75.000000
28639 75.000000 0.000000 75.000000
28640 150.000000 0.000000 75.000000
28641 225.000000 0.000000 75.000000
28642 300.000000 0.000000 75.000000
28643 375.000000 0.000000 75.000000
28644 -375.000000 0.000000 75.000000
28645 -300.000000 0.000000 75.000000
28646 -225.000000 0.000000 75.000000
28647 -150.000000 0.000000 75.000000
28648 -75.000000 0.000000 75.000000
28649 0.000000 0.000000 75.000000
28650 0.000000 0.000000 75.000000
28651 0.000000 0.000000 75.000000
28652 0.000000 0.000000 75.000000
28653 0.000000 0.000000 75.000000
28654 0.000000 0.000000 75.000000
28655 0.000000 0.000000 75.000000
28656 0.000000 0.000000 75.000000
28657 0.000000 0.000000 75.000000
28658 0.000000 0.000000 75.000000
28659 0.000000 0.000000 75.000000
28660 0.000000 0.000000 75.000000
28661 0.000000 0.000000 75.000000
28662 0.000000 0.000000 75.000000
28663 0.000000 0.000000 75.000000
28664 0.000000 0.000000 75.000000
28665 0.000000 0.000000 75.000000
28666 0.000000 0.000000 75.000000
28667 0.000000 0.000000 75.000000
28668 0.000000 0.000000 75.000000
28669 0.000000 0.000000 75.000000
28670 0.000000 0.000000 75.000000
28671 0.000000 0.000000 75.000000
28672 0.000000 0.000000 75.000000
28673 0.000000 0.000000 75.000000
28674 0.000000 0.000000 75.000000
28675 0.000000 0.000000 75.000000
28676 0.000000 0.000000 75.000000
28677 0.000000 0.000000 75.000000
28678 0.000000 0.000000 75.000000
28679 0.000000 0.000000 75.000000
28680 0.000000 0.000000 75.000000
28681 75.000000 0.000000 75.000000
28682 150.000000 0.000000 75.000000
28683 225.000000 0.000000 75.000000
28684 300.000000 0.000000 75.000000
28685 375.000000 0.000000 75.000000
28686 -375.000000 0.000000 75.000000
28687 -300.000000 0.000000 75.000000
28688 -225.000000 0.000000 75.000000
28689 -150.000000 0.000000 75.000000
28690 -75.000000 0.000000 75.000000
28691 0.000000 0.000000 75.000000
28692 0.000000 0.000000 75.000000
28693 0.000000 0.000000 75.000000
28694 0.000000 0.000000 75.000000
28695 0.000000 0.000000 75.000000
28696 0.000000 0.000000 75.000000
28697 0.000000 0.000000 75.000000
28698 0.000000 0.000000 75.000000
28699 0.000000 0.000000 75.000000
28700 0.000000 0.000000 75.000000
28701 0.000000 0.000000 75.000000
28702 0.000000 0.000000 75.000000
28703 0.000000 0.000000 75.000000
28704 0.000000 0.000000 75.000000
28705 0.000000 0.000000 75.000000
28706 0.000000 0.000000 75.000000
28707 0.000000 0.000000 75.000000
28708 0.000000 0.000000 75.000000
28709 0.000000 0.000000 75.000000
28710 0.000000 0.000000 75.000000
28711 0.000000 0.000000 75.000000
28712 0.000000 0.000000 75.000000
28713 0.000000 0.000000 75.000000
28714 0.000000 0.000000 75.000000
28715 0.000000 0.000000 75.000000
28716 0.000000 0.000000 75.000000
28717 0.000000 0.000000 75.000000
28718 0.000000 0.000000 75.000000
28719 0.000000 0.000000 75.000000
28720 0.000000 0.000000 75.000000
28721 0.000000 0.000000 75.000000
28722 0.000000 0.000000 75.000000
28723 75.000000 0.000000 75.000000
28724 150.000000 0.000000 75.000000
28725 225.000000 0.000000 75.000000
28726 300.000000 0.000000 75.000000
28727 375.000000 0.000000 75.000000
28728 -375.000000 0.000000 75.000000
28729 -300.000000 0.000000 75.000000
28730 -225.000000 0.000000 75.000000
28731 -150.000000 0.000000 75.000000
28732 -75.000000 0.000000 75.000000
28733 0.000000 0.000000 75.000000
28734 0.000000 0.000000 75.000000
28735 0.000000 0.000000 75.000000
28736 0.000000 0.000000 75.000000
28737 0.000000 0.000000 75.000000
28738 0.000000 0.000000 75.000000
28739 0.000000 0.000000 75.000000
28740 0.000000 0.000000 75.000000
28741 0.000000 0.000000 75.000000
28742 0.000000 0.000000 75.000000
28743 0.000000 0.000000 75.000000
28744 0.000000 0.000000 75.000000
28745 0.000000 0.000000 75.000000
28746 0.000000 0.000000 75.000000
28747 0.000000 0.000000 75.000000
28748 0.000000 0.000000 75.000000
28749 0.000000 0.000000 75.000000
28750 0.000000 0.000000 75.000000
28751 0.000000 0.000000 75.000000
28752 0.000000 0.000000 75.000000
28753 0.000000 0.000000 75.000000
28754 0.000000 0.000000 75.000000
28755 0.000000 0.000000 75.000000
28756 0.000000 0.000000 75.000000
28757 0.000000 0.000000 75.000000
28758 0.000000 0.000000 75.000000
28759 0.000000 0.000000 75.000000
28760 0.000000 0.000000 75.000000
28761 0.000000 0.000000 75.000000
28762 0.000000 0.000000 75.000000
28763 0.000000 0.000000 75.000000
28764 0.000000 0.000000 75.000000
28765 75.000000 0.000000 75.000000
28766 150.000000 0.000000 75.000000
28767 225.000000 0.000000 75.000000
28768 300.000000 0.000000 75.000000
28769 375.000000 0.000000 75.000000
28770 -375.000000 0.000000 75.000000
28771 -300.000000 0.000000 75.000000
28772 -225.000000 0.000000 75.000000
28773 -150.000000 0.000000 75.000000
28774 -75.000000 0.000000 75.000000
28775 0.000000 0.000000 75.000000
28776 0.000000 0.000000 75.000000
28777 0.000000 0.000000 75.000000
28778 0.000000 0.000000 75.000000
28779 0.000000 0.000000 75.000000
28780 0.000000 0.000000 75.000000
28781 0.000000 0.000000 75.000000
28782 0.000000 0.000000 75.000000
28783 0.000000 0.000000 75.000000
28784 0.000000 0.000000 75.000000
28785 0.000000 0.000000 75.000000
28786 0.000000 0.000000 75.000000
28787 0.000000 0.000000 75.000000
28788 0.000000 0.000000 75.000000
28789 0.000000 0.000000 75.000000
28790 0.000000 0.000000 75.000000
28791 0.000000 0.000000 75.000000
28792 0.000000 0.000000 75.000000
28793 0.000000 0.000000 75.000000
28794 0.000000 0.000000 75.000000
28795 0.000000 0.000000 75.000000
28796 0.000000 0.000000 75.000000
28797 0.000000 0.000000 75.000000
28798 0.000000 0.000000 75.000000
28799 0.000000 0.000000 75.000000
28800 0.000000 0.000000 75.000000
28801 0.000000 0.000000 75.000000
28802 0.000000 0.000000 75.000000
28803 0.000000 0.000000 75.000000
28804 0.000000 0.000000 75.000000
28805 0.000000 0.000000 75.000000
28806 0.000000 0.000000 75.000000
28807 75.000000 0.000000 75.000000
28808 150.000000 0.000000 75.000000
28809 225.000000 0.000000 75.000000
28810 300.000000 0.000000 75.000000
28811 375.000000 0.000000 75.000000
28812 -375.000000 0.000000 75.000000
28813 -300.000000 0.000000 75.000000
28814 -225.000000 0.000000 75.000000
28815 -150.000000 0.000000 75.000000
28816 -75.000000 0.000000 75.000000
28817 0.000000 0.000000 75.000000
28818 0.000000 0.000000 75.000000
28819 0.000000 0.000000 75.000000
28820 0.000000 0.000000 75.000000
28821 0.000000 0.000000 75.000000
28822 0.000000 0.000000 75.000000
28823 0.000000 0.000000 75.000000
28824 0.000000 0.000000 75.000000
28825 0.000000 0.000000 75.000000
28826 0.000000 0.000000 75.000000
28827 0.000000 0.000000 75.000000
28828 0.000000 0.000000 75.000000
28829 0.000000 0.000000 75.000000
28830 0.000000 0.000000 75.000000
28831 0.000000 0.000000 75.000000
28832 0.000000 0.000000 75.000000
28833 0.000000 0.000000 75.000000
28834 0.000000 0.000000 75.000000
28835 0.000000 0.000000 75.000000
28836 0.000000 0.000000 75.000000
28837 0.000000 0.000000 75.000000
28838 0.000000 0.000000 75.000000
28839 0.000000 0.000000 75.000000
28840 0.000000 0.000000 75.000000
28841 0.000000 0.000000 75.000000
28842 0.000000 0.000000 75.000000
28843 0.000000 0.000000 75.000000
28844 0.000000 0.000000 75.000000
28845 0.000000 0.000000 75.000000
28846 0.000000 0.000000 75.000000
28847 0.000000 0.000000 75.000000
28848 0.000000 0.000000 75.000000
28849 75.000000 0.000000 75.000000
28850 150.000000 0.000000 75.000000
28851 225.000000 0.000000 75.000000
28852 300.000000 0.000000 75.000000
28853 375.000000 0.000000 75.000000
28854 -375.000000 0.000000 75.000000
28855 -300.000000 0.000000 75.000000
28856 -225.000000 0.000000 75.000000
28857 -150.000000 0.000000 75.000000
28858 -75.000000 0.000000 75.000000
28859 0.000000 0.000000 75.000000
28860 0.000000 0.000000 75.000000
28861 0.000000 0.000000 75.000000
28862 0.000000 0.000000 75.000000
28863 0.000000 0.000000 75.000000
28864 0.000000 0.000000 75.000000
28865 0.000000 0.000000 75.000000
28866 0.000000 0.000000 75.000000
28867 0.000000 0.000000 75.000000
28868 0.000000 0.000000 75.000000
28869 0.000000 0.000000 75.000000
28870 0.000000 0.000000 75.000000
28871 0.000000 0.000000 75.000000
28872 0.000000 0.000000 75.000000
28873 0.000000 0.000000 75.000000
28874 0.000000 0.000000 75.000000
28875 0.000000 0.000000 75.000000
28876 0.000000 0.000000 75.000000
28877 0.000000 0.000000 75.000000
28878 0.000000 0.000000 75.000000
28879 0.000000 0.000000 75.000000
28880 0.000000 0.000000 75.000000
28881 0.000000 0.000000 75.000000
28882 0.000000 0.000000 75.000000
28883 0.000000 0.000000 75.000000
28884 0.000000 0.000000 75.000000
28885 0.000000 0.000000 75.000000
28886 0.000000 0.000000 75.000000
28887 0.000000 0.000000 75.000000
28888 0.000000 0.000000 75.000000
28889 0.000000 0.000000 75.000000
28890 0.000000 0.000000 75.000000
28891 75.000000 0.000000 75.000000
28892 150.000000 0.000000 75.000000
28893 225.000000 0.000000 75.000000
28894 300.000000 0.000000 75.000000
28895 375.000000 0.000000 75.000000
28896 -375.000000 0.000000 75.000000
28897 -300.000000 0.000000 75.000000
28898 -225.000000 0.000000 75.000000
28899 -150.000000 0.000000 75.000000
28900 -75.000000 0.000000 75.000000
28901 0.000000 0.000000 75.000000
28902 0.000000 0.000000 75.000000
28903 0.000000 0.000000 75.000000
28904 0.000000 0.000000 75.000000
28905 0.000000 0.000000 75.000000
28906 0.000000 0.000000 75.000000
28907 0.000000 0.000000 75.000000
28908 0.000000 0.000000 75.000000
28909 0.000000 0.000000 75.000000
28910 0.000000 0.000000 75.000000
28911 0.000000 0.000000 75.000000
28912 0.000000 0.000000 75.000000
28913 0.000000 0.000000 75.000000
28914 0.000000 0.000000 75.000000
28915 0.000000 0.000000 75.000000
28916 0.000000 0.000000 75.000000
28917 0.000000 0.000000 75.000000
28918 0.000000 0.000000 75.000000
28919 0.000000 0.000000 75.000000
28920 0.000000 0.000000 75.000000
28921 0.000000 0.000000 75.000000
28922 0.000000 0.000000 75.000000
28923 0.000000 0.000000 75.000000
28924 0.000000 0.000000 75.000000
28925 0.000000 0.000000 75.000000
28926 0.000000 0.000000 75.000000
28927 0.000000 0.000000 75.000000
28928 0.000000 0.000000 75.000000
28929 0.000000 0.000000 75.000000
28930 0.000000 0.000000 75.000000
28931 0.000000 0.000000 75.000000
28932 0.000000 0.000000 75.000000
28933 75.000000 0.000000 75.000000
28934 150.000000 0.000000 75.000000
28935 225.000000 0.000000 75.000000
28936 300.000000 0.000000 75.000000
28937 375.000000 0.000000 75.000000
28938 -375.000000 0.000000 75.000000
28939 -300.000000 0.000000 75.000000
28940 -225.000000 0.000000 75.000000
28941 -150.000000 0.000000 75.000000
28942 -75.000000 0.000000 75.000000
28943 0.000000 0.000000 75.000000
28944 0.000000 0.000000 75.000000
28945 0.000000 0.000000 75.000000
28946 0.000000 0.000000 75.000000
28947 0.000000 0.000000 75.000000
28948 0.000000 0.000000 75.000000
28949 0.000000 0.000000 75.000000
28950 0.000000 0.000000 75.000000
28951 0.000000 0.000000 75.000000
28952 0.000000 0.000000 75.000000
28953 0.000000 0.000000 75.000000
28954 0.000000 0.000000 75.000000
28955 0.000000 0.000000 75.000000
28956 0.000000 0.000000 75.000000
28957 0.000000 0.000000 75.000000
28958 0.000000 0.000000 75.000000
28959 0.000000 0.000000 75.000000
28960 0.000000 0.000000 75.000000
28961 0.000000 0.000000 75.000000
28962 0.000000 0.000000 75.000000
28963 0.000000 0.000000 75.000000
28964 0.000000 0.000000 75.000000
28965 0.000000 0.000000 75.000000
28966 0.000000 0.000000 75.000000
28967 0.000000 0.000000 75.000000
28968 0.000000 0.000000 75.000000
28969 0.000000 0.000000 75.000000
28970 0.000000 0.000000 75.000000
28971 0.000000 0.000000 75.000000
28972 0.000000 0.000000 75.000000
28973 0.000000 0.000000 75.000000
28974 0.000000 0.000000 75.000000
28975 75.000000 0.000000 75.000000
28976 150.000000 0.000000 75.000000
28977 225.000000 0.000000 75.000000
28978 300.000000 0.000000 75.000000
28979 375.000000 0.000000 75.000000
28980 -375.000000 0.000000 75.000000
28981 -300.000000 0.000000 75.000000
28982 -225.000000 0.000000 75.000000
28983 -150.000000 0.000000 75.000000
28984 -75.000000 0.000000 75.000000
28985 0.000000 0.000000 75.000000
28986 0.000000 0.000000 75.000000
28987 0.000000 0.000000 75.000000
28988 0.000000 0.000000 75.000000
28989 0.000000 0.000000 75.000000
28990 0.000000 0.000000 75.000000
28991 0.000000 0.000000 75.000000
28992 0.000000 0.000000 75.000000
28993 0.000000 0.000000 75.000000
28994 0.000000 0.000000 75.000000
28995 0.000000 0.000000 75.000000
28996 0.000000 0.000000 75.000000
28997 0.000000 0.000000 75.000000
28998 0.000000 0.000000 75.000000
28999 0.000000 0.000000 75.000000
29000 0.000000 0.000000 75.000000
29001 0.000000 0.000000 75.000000
29002 0.000000 0.000000 75.000000
29003 0.000000 0.000000 75.000000
29004 0.000000 0.000000 75.000000
29005 0.000000 0.000000 75.000000
29006 0.000000 0.000000 75.000000
29007 0.000000 0.000000 75.000000
29008 0.000000 0.000000 75.000000
29009 0.000000 0.000000 75.000000
29010 0.000000 0.000000 75.000000
29011 0.000000 0.000000 75.000000
29012 0.000000 0.000000 75.000000
29013 0.000000 0.000000 75.000000
29014 0.000000 0.000000 75.000000
29015 0.000000 0.000000 75.000000
29016 0.000000 0.000000 75.000000
29017 75.000000 0.000000 75.000000
29018 150.000000 0.000000 75.000000
29019 225.000000 0.000000 75.000000
29020 300.000000 0.000000 75.000000
29021 375.000000 0.000000 75.000000
29022 -375.000000 0.000000 75.000000
29023 -300.000000 0.000000 75.000000
29024 -225.000000 0.000000 75.000000
29025 -150.000000 0.000000 75.000000
29026 -75.000000 0.000000 75.000000
29027 0.000000 0.000000 75.000000
29028 0.000000 0.000000 75.000000
29029 0.000000 0.000000 75.000000
29030 0.000000 0.000000 75.000000
29031 0.000000 0.000000 75.000000
29032 0.000000 0.000000 75.000000
29033 0.000000 0.000000 75.000000
29034 0.000000 0.000000 75.000000
29035 0.000000 0.000000 75.000000
29036 0.000000 0.000000 75.000000
29037 0.000000 0.000000 75.000000
29038 0.000000 0.000000 75.000000
29039 0.000000 0.000000 75.000000
29040 0.000000 0.000000 75.000000
29041 0.000000 0.000000 75.000000
29042 0.000000 0.000000 75.000000
29043 0.000000 0.000000 75.000000
29044 0.000000 0.000000 75.000000
29045 0.000000 0.000000 75.000000
29046 0.000000 0.000000 75.000000
29047 0.000000 0.000000 75.000000
29048 0.000000 0.000000 75.000000
29049 0.000000 0.000000 75.000000
29050 0.000000 0.000000 75.000000
29051 0.000000 0.000000 75.000000
29052 0.000000 0.000000 75.000000
29053 0.000000 0.000000 75.000000
29054 0.000000 0.000000 75.000000
29055 0.000000 0.000000 75.000000
29056 0.000000 0.000000 75.000000
29057 0.000000 0.000000 75.000000
29058 0.000000 0.000000 75.000000
29059 75.000000 0.000000 75.000000
29060 150.000000 0.000000 75.000000
29061 225.000000 0.000000 75.000000
29062 300.000000 0.000000 75.000000
29063 375.000000 0.000000 75.000000
29064 -375.000000 0.000000 75.000000
29065 -300.000000 0.000000 75.000000
29066 -225.000000 0.000000 75.000000
29067 -150.000000 0.000000 75.000000
29068 -75.000000 0.000000 75.000000
29069 0.000000 0.000000 75.000000
29070 0.000000 0.000000 75.000000
29071 0.000000 0.000000 75.000000
29072 0.000000 0.000000 75.000000
29073 0.000000 0.000000 75.000000
29074 0.000000 0.000000 75.000000
29075 0.000000 0.000000 75.000000
29076 0.000000 0.000000 75.000000
29077 0.000000 0.000000 75.000000
29078 0.000000 0.000000 75.000000
29079 0.000000 0.000000 75.000000
29080 0.000000 0.000000 75.000000
29081 0.000000 0.000000 75.000000
29082 0.000000 0.000000 75.000000
29083 0.000000 0.000000 75.000000
29084 0.000000 0.000000 75.000000
29085 0.000000 0.000000 75.000000
29086 0.000000 0.000000 75.000000
29087 0.000000 0.000000 75.000000
29088 0.000000 0.000000 75.000000
29089 0.000000 0.000000 75.000000
29090 0.000000 0.000000 75.000000
29091 0.000000 0.000000 75.000000
29092 0.000000 0.000000 75.000000
29093 0.000000 0.000000 75.000000
29094 0.000000 0.000000 75.000000
29095 0.000000 0.000000 75.000000
29096 0.000000 0.000000 75.000000
29097 0.000000 0.000000 75.000000
29098 0.000000 0.000000 75.000000
29099 0.000000 0.000000 75.000000
29100 0.000000 0.000000 75.000000
29101 75.000000 0.000000 75.000000
29102 150.000000 0.000000 75.000000
29103 225.000000 0.000000 75.000000
29104 300.000000 0.000000 75.000000
29105 375.000000 0.000000 75.000000
29106 -375.000000 0.000000 75.000000
29107 -300.000000 0.000000 75.000000
29108 -225.000000 0.000000 75.000000
29109 -150.000000 0.000000 75.000000
29110 -75.000000 0.000000 75.000000
29111 0.000000 0.000000 75.000000
29112 0.000000 0.000000 75.000000
29113 0.000000 0.000000 75.000000
29114 0.000000 0.000000 75.000000
29115 0.000000 0.000000 75.000000
29116 0.000000 0.000000 75.000000
29117 0.000000 0.000000 75.000000
29118 0.000000 0.000000 75.000000
29119 0.000000 0.000000 75.000000
29120 0.000000 0.000000 75.000000
29121 0.000000 0.000000 75.000000
29122 0.000000 0.000000 75.000000
29123 0.000000 0.000000 75.000000
29124 0.000000 0.000000 75.000000
29125 0.000000 0.000000 75.000000
29126 0.000000 0.000000 75.000000
29127 0.000000 0.000000 75.000000
29128 0.000000 0.000000 75.000000
29129 0.000000 0.000000 75.000000
29130 0.000000 0.000000 75.000000
29131 0.000000 0.000000 75.000000
29132 0.000000 0.000000 75.000000
29133 0.000000 0.000000 75.000000
29134 0.000000 0.000000 75.000000
29135 0.000000 0.000000 75.000000
29136 0.000000 0.000000 75.000000
29137 0.000000 0.000000 75.000000
29138 0.000000 0.000000 75.000000
29139 0.000000 0.000000 75.000000
29140 0.000000 0.000000 75.000000
29141 0.000000 0.000000 75.000000
29142 0.000000 0.000000 75.000000
29143 75.000000 0.000000 75.000000
29144 150.000000 0.000000 75.000000
29145 225.000000 0.000000 75.000000
29146 300.000000 0.000000 75.000000
29147 375.000000 0.000000 75.000000
29148 -375.000000 0.000000 75.000000
29149 -300.000000 0.000000 75.000000
29150 -225.000000 0.000000 75.000000
29151 -150.000000 0.000000 75.000000
29152 -75.000000 0.000000 75.000000
29153 0.000000 0.000000 75.000000
29154 0.000000 0.000000 75.000000
29155 0.000000 0.000000 75.000000
29156 0.000000 0.000000 75.000000
29157 0.000000 0.000000 75.000000
29158 0.000000 0.000000 75.000000
29159 0.000000 0.000000 75.000000
29160 0.000000 0.000000 75.000000
29161 0.000000 0.000000 75.000000
29162 0.000000 0.000000 75.000000
29163 0.000000 0.000000 75.000000
29164 0.000000 0.000000 75.000000
29165 0.000000 0.000000 75.000000
29166 0.000000 0.000000 75.000000
29167 0.000000 0.000000 75.000000
29168 0.000000 0.000000 75.000000
29169 0.000000 0.000000 75.000000
29170 0.000000 0.000000 75.000000
29171 0.000000 0.000000 75.000000
29172 0.000000 0.000000 75.000000
29173 0.000000 0.000000 75.000000
29174 0.000000 0.000000 75.000000
29175 0.000000 0.000000 75.000000
29176 0.000000 0.000000 75.000000
29177 0.000000 0.000000 75.000000
29178 0.000000 0.000000 75.000000
29179 0.000000 0.000000 75.000000
29180 0.000000 0.000000 75.000000
29181 0.000000 0.000000 75.000000
29182 0.000000 0.000000 75.000000
29183 0.000000 0.000000 75.000000
29184 0.000000 0.000000 75.000000
29185 75.000000 0.000000 75.000000
29186 150.000000 0.000000 75.000000
29187 225.000000 0.000000 75.000000
29188 300.000000 0.000000 75.000000
29189 375.000000 0.000000 75.000000
29190 -375.000000 0.000000 75.000000
29191 -300.000000 0.000000 75.000000
29192 -225.000000 0.000000 75.000000
29193 -150.000000 0.000000 75.000000
29194 -75.000000 0.000000 75.000000
29195 0.000000 0.000000 75.000000
29196 0.000000 0.000000 75.000000
29197 0.000000 0.000000 75.000000
29198 0.000000 0.000000 75.000000
29199 0.000000 0.000000 75.000000
29200 0.000000 0.000000 75.000000
29201 0.000000 0.000000 75.000000
29202 0.000000 0.000000 75.000000
29203 0.000000 0.000000 75.000000
29204 0.000000 0.000000 75.000000
29205 0.000000 0.000000 75.000000
29206 0.000000 0.000000 75.000000
29207 0.000000 0.000000 75.000000
29208 0.000000 0.000000 75.000000
29209 0.000000 0.000000 75.000000
29210 0.000000 0.000000 75.000000
29211 0.000000 0.000000 75.000000
29212 0.000000 0.000000 75.000000
29213 0.000000 0.000000 75.000000
29214 0.000000 0.000000 75.000000
29215 0.000000 0.000000 75.000000
29216 0.000000 0.000000 75.000000
29217 0.000000 0.000000 75.000000
29218 0.000000 0.000000 75.000000
29219 0.000000 0.000000 75.000000
29220 0.000000 0.000000 75.000000
29221 0.000000 0.000000 75.000000
29222 0.000000 0.000000 75.000000
29223 0.000000 0.000000 75.000000
29224 0.000000 0.000000 75.000000
29225 0.000000 0.000000 75.000000
29226 0.000000 0.000000 75.000000
29227 75.000000 0.000000 75.000000
29228 150.000000 0.000000 75.000000
29229 225.000000 0.000000 75.000000
29230 300.000000 0.000000 75.000000
29231 375.000000 0.000000 75.000000
29232 -375.000000 0.000000 75.000000
29233 -300.000000 0.000000 75.000000
29234 -225.000000 0.000000 75.000000
29235 -150.000000 0.000000 75.000000
29236 -75.000000 0.000000 75.000000
29237 0.000000 0.000000 75.000000
29238 0.000000 0.000000 75.000000
29239 0.000000 0.000000 75.000000
29240 0.000000 0.000000 75.000000
29241 0.000000 0.000000 75.000000
29242 0.000000 0.000000 75.000000
29243 0.000000 0.000000 75.000000
29244 0.000000 0.000000 75.000000
29245 0.000000 0.000000 75.000000
29246 0.000000 0.000000 75.000000
29247 0.000000 0.000000 75.000000
29248 0.000000 0.000000 75.000000
29249 0.000000 0.000000 75.000000
29250 0.000000 0.000000 75.000000
29251 0.000000 0.000000 75.000000
29252 0.000000 0.000000 75.000000
29253 0.000000 0.000000 75.000000
29254 0.000000 0.000000 75.000000
29255 0.000000 0.000000 75.000000
29256 0.000000 0.000000 75.000000
29257 0.000000 0.000000 75.000000
29258 0.000000 0.000000 75.000000
29259 0.000000 0.000000 75.000000
29260 0.000000 0.000000 75.000000
29261 0.000000 0.000000 75.000000
29262 0.000000 0.000000 75.000000
29263 0.000000 0.000000 75.000000
29264 0.000000 0.000000 75.000000
29265 0.000000 0.000000 75.000000
29266 0.000000 0.000000 75.000000
29267 0.000000 0.000000 75.000000
29268 0.000000 0.000000 75.000000
29269 75.000000 0.000000 75.000000
29270 150.000000 0.000000 75.000000
29271 225.000000 0.000000 75.000000
29272 300.000000 0.000000 75.000000
29273 375.000000 0.000000 75.000000
29274 -375.000000 0.000000 75.000000
29275 -300.000000 0.000000 75.000000
29276 -225.000000 0.000000 75.000000
29277 -150.000000 0.000000 75.000000
29278 -75.000000 0.000000 75.000000
29279 0.000000 0.000000 75.000000
29280 0.000000 0.000000 75.000000
29281 0.000000 0.000000 75.000000
29282 0.000000 0.000000 75.000000
29283 0.000000 0.000000 75.000000
29284 0.000000 0.000000 75.000000
29285 0.000000 0.000000 75.000000
29286 0.000000 0.000000 75.000000
29287 0.000000 0.000000 75.000000
29288 0.000000 0.000000 75.000000
29289 0.000000 0.000000 75.000000
29290 0.000000 0.000000 75.000000
29291 0.000000 0.000000 75.000000
29292 0.000000 0.000000 75.000000
29293 0.000000 0.000000 75.000000
29294 0.000000 0.000000 75.000000
29295 0.000000 0.000000 75.000000
29296 0.000000 0.000000 75.000000
29297 0.000000 0.000000 75.000000
29298 0.000000 0.000000 75.000000
29299 0.000000 0.000000 75.000000
29300 0.000000 0.000000 75.000000
29301 0.000000 0.000000 75.000000
29302 0.000000 0.000000 75.000000
29303 0.000000 0.000000 75.000000
29304 0.000000 0.000000 75.000000
29305 0.000000 0.000000 75.000000
29306 0.000000 0.000000 75.000000
29307 0.000000 0.000000 75.000000
29308 0.000000 0.000000 75.000000
29309 0.000000 0.000000 75.000000
29310 0.000000 0.000000 75.000000
29311 75.000000 0.000000 75.000000
29312 150.000000 0.000000 75.000000
29313 225.000000 0.000000 75.000000
29314 300.000000 0.000000 75.000000
29315 375.000000 0.000000 75.000000
29316 -375.000000 0.000000 75.000000
29317 -300.000000 0.000000 75.000000
29318 -225.000000 0.000000 75.000000
29319 -150.000000 0.000000 75.000000
29320 -75.000000 0.000000 75.000000
29321 0.000000 0.000000 75.000000
29322 0.000000 0.000000 75.000000
29323 0.000000 0.000000 75.000000
29324 0.000000 0.000000 75.000000
29325 0.000000 0.000000 75.000000
29326 0.000000 0.000000 75.000000
29327 0.000000 0.000000 75.000000
29328 0.000000 0.000000 75.000000
29329 0.000000 0.000000 75.000000
29330 0.000000 0.000000 75.000000
29331 0.000000 0.000000 75.000000
29332 0.000000 0.000000 75.000000
29333 0.000000 0.000000 75.000000
29334 0.000000 0.000000 75.000000
29335 0.000000 0.000000 75.000000
29336 0.000000 0.000000 75.000000
29337 0.000000 0.000000 75.000000
29338 0.000000 0.000000 75.000000
29339 0.000000 0.000000 75.000000
29340 0.000000 0.000000 75.000000
29341 0.000000 0.000000 75.000000
29342 0.000000 0.000000 75.000000
29343 0.000000 0.000000 75.000000
29344 0.000000 0.000000 75.000000
29345 0.000000 0.000000 75.000000
29346 0.000000 0.000000 75.000000
29347 0.000000 0.000000 75.000000
29348 0.000000 0.000000 75.000000
29349 0.000000 0.000000 75.000000
29350 0.000000 0.000000 75.000000
29351 0.000000 0.000000 75.000000
29352 0.000000 0.000000 75.000000
29353 75.000000 0.000000 75.000000
29354 150.000000 0.000000 75.000000
29355 225.000000 0.000000 75.000000
29356 300.000000 0.000000 75.000000
29357 375.000000 0.000000 75.000000
29358 -375.000000 0.000000 75.000000
29359 -300.000000 0.000000 75.000000
29360 -225.000000 0.000000 75.000000
29361 -150.000000 0.000000 75.000000
29362 -75.000000 0.000000 75.000000
29363 0.000000 0.000000 75.000000
29364 0.000000 0.000000 75.000000
29365 0.000000 0.000000 75.000000
29366 0.000000 0.000000 75.000000
29367 0.000000 0.000000 75.000000
29368 0.000000 0.000000 75.000000
29369 0.000000 0.000000 75.000000
29370 0.000000 0.000000 75.000000
29371 0.000000 0.000000 75.000000
29372 0.000000 0.000000 75.000000
29373 0.000000 0.000000 75.000000
29374 0.000000 0.000000 75.000000
29375 0.000000 0.000000 75.000000
29376 0.000000 0.000000 75.000000
29377 0.000000 0.000000 75.000000
29378 0.000000 0.000000 75.000000
29379 0.000000 0.000000 75.000000
29380 0.000000 0.000000 75.000000
29381 0.000000 0.000000 75.000000
29382 0.000000 0.000000 75.000000
29383 0.000000 0.000000 75.000000
29384 0.000000 0.000000 75.000000
29385 0.000000 0.000000 75.000000
29386 0.000000 0.000000 75.000000
29387 0.000000 0.000000 75.000000
29388 0.000000 0.000000 75.000000
29389 0.000000 0.000000 75.000000
29390 0.000000 0.000000 75.000000
29391 0.000000 0.000000 75.000000
29392 0.000000 0.000000 75.000000
29393 0.000000 0.000000 75.000000
29394 0.000000 0.000000 75.000000
29395 75.000000 0.000000 75.000000
29396 150.000000 0.000000 75.000000
29397 225.000000 0.000000 75.000000
29398 300.000000 0.000000 75.000000
29399 375.000000 0.000000 75.000000
29400 -375.000000 0.000000 75.000000
29401 -300.000000 0.000000 75.000000
29402 -225.000000 0.000000 75.000000
29403 -150.000000 0.000000 75.000000
29404 -75.000000 0.000000 75.000000
29405 0.000000 0.000000 75.000000
29406 0.000000 0.000000 75.000000
29407 0.000000 0.000000 75.000000
29408 0.000000 0.000000 75.000000
29409 0.000000 0.000000 75.000000
29410 0.000000 0.000000 75.000000
29411 0.000000 0.000000 75.000000
29412 0.000000 0.000000 75.000000
29413 0.000000 0.000000 75.000000
29414 0.000000 0.000000 75.000000
29415 0.000000 0.000000 75.000000
29416 0.000000 0.000000 75.000000
29417 0.000000 0.000000 75.000000
29418 0.000000 0.000000 75.000000
29419 0.000000 0.000000 75.000000
29420 0.000000 0.000000 75.000000
29421 0.000000 0.000000 75.000000
29422 0.000000 0.000000 75.000000
29423 0.000000 0.000000 75.000000
29424 0.000000 0.000000 75.000000
29425 0.000000 0.000000 75.000000
29426 0.000000 0.000000 75.000000
29427 0.000000 0.000000 75.000000
29428 0.000000 0.000000 75.000000
29429 0.000000 0.000000 75.000000
29430 0.000000 0.000000 75.000000
29431 0.000000 0.000000 75.000000
29432 0.000000 0.000000 75.000000
29433 0.000000 0.000000 75.000000
29434 0.000000 0.000000 75.000000
29435 0.000000 0.000000 75.000000
29436 0.000000 0.000000 75.000000
29437 75.000000 0.000000 75.000000
29438 150.000000 0.000000 75.000000
29439 225.000000 0.000000 75.000000
29440 300.000000 0.000000 75.000000
29441 375.000000 0.000000 75.000000
29442 -375.000000 0.000000 75.000000
29443 -300.000000 0.000000 75.000000
29444 -225.000000 0.000000 75.000000
29445 -150.000000 0.000000 75.000000
29446 -75.000000 0.000000 75.000000
29447 0.000000 0.000000 75.000000
29448 0.000000 0.000000 75.000000
29449 0.000000 0.000000 75.000000
29450 0.000000 0.000000 75.000000
29451 0.000000 0.000000 75.000000
29452 0.000000 0.000000 75.000000
29453 0.000000 0.000000 75.000000
29454 0.000000 0.000000 75.000000
29455 0.000000 0.000000 75.000000
29456 0.000000 0.000000 75.000000
29457 0.000000 0.000000 75.000000
29458 0.000000 0.000000 75.000000
29459 0.000000 0.000000 75.000000
29460 0.000000 0.000000 75.000000
29461 0.000000 0.000000 75.000000
29462 0.000000 0.000000 75.000000
29463 0.000000 0.000000 75.000000
29464 0.000000 0.000000 75.000000
29465 0.000000 0.000000 75.000000
29466 0.000000 0.000000 75.000000
29467 0.000000 0.000000 75.000000
29468 0.000000 0.000000 75.000000
29469 0.000000 0.000000 75.000000
29470 0.000000 0.000000 75.000000
29471 0.000000 0.000000 75.000000
29472 0.000000 0.000000 75.000000
29473 0.000000 0.000000 75.000000
29474 0.000000 0.000000 75.000000
29475 0.000000 0.000000 75.000000
29476 0.000000 0.000000 75.000000
29477 0.000000 0.000000 75.000000
29478 0.000000 0.000000 75.000000
29479 75.000000 0.000000 75.000000
29480 150.000000 0.000000 75.000000
29481 225.000000 0.000000 75.000000
29482 300.000000 0.000000 75.000000
29483 375.000000 0.000000 75.000000
29484 -375.000000 0.000000 75.000000
29485 -300.000000 0.000000 75.000000
29486 -225.000000 0.000000 75.000000
29487 -150.000000 0.000000 75.000000
29488 -75.000000 0.000000 75.000000
29489 0.000000 0.000000 75.000000
29490 0.000000 0.000000 75.000000
29491 0.000000 0.000000 75.000000
29492 0.000000 0.000000 75.000000
29493 0.000000 0.000000 75.000000
29494 0.000000 0.000000 75.000000
29495 0.000000 0.000000 75.000000
29496 0.000000 0.000000 75.000000
29497 0.000000 0.000000 75.000000
29498 0.000000 0.000000 75.000000
29499 0.000000 0.000000 75.000000
29500 0.000000 0.000000 75.000000
29501 0.000000 0.000000 75.000000
29502 0.000000 0.000000 75.000000
29503 0.000000 0.000000 75.000000
29504 0.000000 0.000000 75.000000
29505 0.000000 0.000000 75.000000
29506 0.000000 0.000000 75.000000
29507 0.000000 0.000000 75.000000
29508 0.000000 0.000000 75.000000
29509 0.000000 0.000000 75.000000
29510 0.000000 0.000000 75.000000
29511 0.000000 0.000000 75.000000
29512 0.000000 0.000000 75.000000
29513 0.000000 0.000000 75.000000
29514 0.000000 0.000000 75.000000
29515 0.000000 0.000000 75.000000
29516 0.000000 0.000000 75.000000
29517 0.000000 0.000000 75.000000
29518 0.000000 0.000000 75.000000
29519 0.000000 0.000000 75.000000
29520 0.000000 0.000000 75.000000
29521 75.000000 0.000000 75.000000
29522 150.000000 0.000000 75.000000
29523 225.000000 0.000000 75.000000
29524 300.000000 0.000000 75.000000
29525 375.000000 0.000000 75.000000
29526 -375.000000 0.000000 75.000000
29527 -300.000000 0.000000 75.000000
29528 -225.000000 0.000000 75.000000
29529 -150.000000 0.000000 75.000000
29530 -75.000000 0.000000 75.000000
29531 0.000000 0.000000 75.000000
29532 0.000000 0.000000 75.000000
29533 0.000000 0.000000 75.000000
29534 0.000000 0.000000 75.000000
29535 0.000000 0.000000 75.000000
29536 0.000000 0.000000 75.000000
29537 0.000000 0.000000 75.000000
29538 0.000000 0.000000 75.000000
29539 0.000000 0.000000 75.000000
29540 0.000000 0.000000 75.000000
29541 0.000000 0.000000 75.000000
29542 0.000000 0.000000 75.000000
29543 0.000000 0.000000 75.000000
29544 0.000000 0.000000 75.000000
29545 0.000000 0.000000 75.000000
29546 0.000000 0.000000 75.000000
29547 0.000000 0.000000 75.000000
29548 0.000000 0.000000 75.000000
29549 0.000000 0.000000 75.000000
29550 0.000000 0.000000 75.000000
29551 0.000000 0.000000 75.000000
29552 0.000000 0.000000 75.000000
29553 0.000000 0.000000 75.000000
29554 0.000000 0.000000 75.000000
29555 0.000000 0.000000 75.000000
29556 0.000000 0.000000 75.000000
29557 0.000000 0.000000 75.000000
29558 0.000000 0.000000 75.000000
29559 0.000000 0.000000 75.000000
29560 0.000000 0.000000 75.000000
29561 0.000000 0.000000 75.000000
29562 0.000000 0.000000 75.000000
29563 75.000000 0.000000 75.000000
29564 150.000000 0.000000 75.000000
29565 225.000000 0.000000 75.000000
29566 300.000000 0.000000 75.000000
29567 375.000000 0.000000 75.000000
29568 -375.000000 0.000000 75.000000
29569 -300.000000 0.000000 75.000000
29570 -225.000000 0.000000 75.000000
29571 -150.000000 0.000000 75.000000
29572 -75.000000 0.000000 75.000000
29573 0.000000 0.000000 75.000000
29574 0.000000 0.000000 75.000000
29575 0.000000 0.000000 75.000000
29576 0.000000 0.000000 75.000000
29577 0.000000 0.000000 75.000000
29578 0.000000 0.000000 75.000000
29579 0.000000 0.000000 75.000000
29580 0.000000 0.000000 75.000000
29581 0.000000 0.000000 75.000000
29582 0.000000 0.000000 75.000000
29583 0.000000 0.000000 75.000000
29584 0.000000 0.000000 75.000000
29585 0.000000 0.000000 75.000000
29586 0.000000 0.000000 75.000000
29587 0.000000 0.000000 75.000000
29588 0.000000 0.000000 75.000000
29589 0.000000 0.000000 75.000000
29590 0.000000 0.000000 75.000000
29591 0.000000 0.000000 75.000000
29592 0.000000 0.000000 75.000000
29593 0.000000 0.000000 75.000000
29594 0.000000 0.000000 75.000000
29595 0.000000 0.000000 75.000000
29596 0.000000 0.000000 75.000000
29597 0.000000 0.000000 75.000000
29598 0.000000 0.000000 75.000000
29599 0.000000 0.000000 75.000000
29600 0.000000 0.000000 75.000000
29601 0.000000 0.000000 75.000000
29602 0.000000 0.000000 75.000000
29603 0.000000 0.000000 75.000000
29604 0.000000 0.000000 75.000000
29605 75.000000 0.000000 75.000000
29606 150.000000 0.000000 75.000000
29607 225.000000 0.000000 75.000000
29608 300.000000 0.000000 75.000000
29609 375.000000 0.000000 75.000000
29610 -375.000000 0.000000 75.000000
29611 -300.000000 0.000000 75.000000
29612 -225.000000 0.000000 75.000000
29613 -150.000000 0.000000 75.000000
29614 -75.000000 0.000000 75.000000
29615 0.000000 0.000000 75.000000
29616 0.000000 0.000000 75.000000
29617 0.000000 0.000000 75.000000
29618 0.000000 0.000000 75.000000
29619 0.000000 0.000000 75.000000
29620 0.000000 0.000000 75.000000
29621 0.000000 0.000000 75.000000
29622 0.000000 0.000000 75.000000
29623 0.000000 0.000000 75.000000
29624 0.000000 0.000000 75.000000
29625 0.000000 0.000000 75.000000
29626 0.000000 0.000000 75.000000
29627 0.000000 0.000000 75.000000
29628 0.000000 0.000000 75.000000
29629 0.000000 0.000000 75.000000
29630 0.000000 0.000000 75.000000
29631 0.000000 0.000000 75.000000
29632 0.000000 0.000000 75.000000
29633 0.000000 0.000000 75.000000
29634 0.000000 0.000000 75.000000
29635 0.000000 0.000000 75.000000
29636 0.000000 0.000000 75.000000
29637 0.000000 0.000000 75.000000
29638 0.000000 0.000000 75.000000
29639 0.000000 0.000000 75.000000
29640 0.000000 0.000000 75.000000
29641 0.000000 0.000000 75.000000
29642 0.000000 0.000000 75.000000
29643 0.000000 0.000000 75.000000
29644 0.000000 0.000000 75.000000
29645 0.000000 0.000000 75.000000
29646 0.000000 0.000000 75.000000
29647 75.000000 0.000000 75.000000
29648 150.000000 0.000000 75.000000
29649 225.000000 0.000000 75.000000
29650 300.000000 0.000000 75.000000
29651 375.000000 0.000000 75.000000
29652 -375.000000 0.000000 75.000000
29653 -300.000000 0.000000 75.000000
29654 -225.000000 0.000000 75.000000
29655 -150.000000 0.000000 75.000000
29656 -75.000000 0.000000 75.000000
29657 0.000000 0.000000 75.000000
29658 0.000000 0.000000 75.000000
29659 0.000000 0.000000 75.000000
29660 0.000000 0.000000 75.000000
29661 0.000000 0.000000 75.000000
29662 0.000000 0.000000 75.000000
29663 0.000000 0.000000 75.000000
29664 0.000000 0.000000 75.000000
29665 0.000000 0.000000 75.000000
29666 0.000000 0.000000 75.000000
29667 0.000000 0.000000 75.000000
29668 0.000000 0.000000 75.000000
29669 0.000000 0.000000 75.000000
29670 0.000000 0.000000 75.000000
29671 0.000000 0.000000 75.000000
29672 0.000000 0.000000 75.000000
29673 0.000000 0.000000 75.000000
29674 0.000000 0.000000 75.000000
29675 0.000000 0.000000 75.000000
29676 0.000000 0.000000 75.000000
29677 0.000000 0.000000 75.000000
29678 0.000000 0.000000 75.000000
29679 0.000000 0.000000 75.000000
29680 0.000000 0.000000 75.000000
29681 0.000000 0.000000 75.000000
29682 0.000000 0.000000 75.000000
29683 0.000000 0.000000 75.000000
29684 0.000000 0.000000 75.000000
29685 0.000000 0.000000 75.000000
29686 0.000000 0.000000 75.000000
29687 0.000000 0.000000 75.000000
29688 0.000000 0.000000 75.000000
29689 75.000000 0.000000 75.000000
29690 150.000000 0.000000 75.000000
29691 225.000000 0.000000 75.000000
29692 300.000000 0.000000 75.000000
29693 375.000000 0.000000 75.000000
29694 -375.000000 0.000000 75.000000
29695 -300.000000 0.000000 75.000000
29696 -225.000000 0.000000 75.000000
29697 -150.000000 0.000000 75.000000
29698 -75.000000 0.000000 75.000000
29699 0.000000 0.000000 75.000000
29700 0.000000 0.000000 75.000000
29701 0.000000 0.000000 75.000000
29702 0.000000 0.000000 75.000000
29703 0.000000 0.000000 75.000000
29704 0.000000 0.000000 75.000000
29705 0.000000 0.000000 75.000000
29706 0.000000 0.000000 75.000000
29707 0.000000 0.000000 75.000000
29708 0.000000 0.000000 75.000000
29709 0.000000 0.000000 75.000000
29710 0.000000 0.000000 75.000000
29711 0.000000 0.000000 75.000000
29712 0.000000 0.000000 75.000000
29713 0.000000 0.000000 75.000000
29714 0.000000 0.000000 75.000000
29715 0.000000 0.000000 75.000000
29716 0.000000 0.000000 75.000000
29717 0.000000 0.000000 75.000000
29718 0.000000 0.000000 75.000000
29719 0.000000 0.000000 75.000000
29720 0.000000 0.000000 75.000000
29721 0.000000 0.000000 75.000000
29722 0.000000 0.000000 75.000000
29723 0.000000 0.000000 75.000000
29724 0.000000 0.000000 75.000000
29725 0.000000 0.000000 75.000000
29726 0.000000 0.000000 75.000000
29727 0.000000 0.000000 75.000000
29728 0.000000 0.000000 75.000000
29729 0.000000 0.000000 75.000000
29730 0.000000 0.000000 75.000000
29731 75.000000 0.000000 75.000000
29732 150.000000 0.000000 75.000000
29733 225.000000 0.000000 75.000000
29734 300.000000 0.000000 75.000000
29735 375.000000 0.000000 75.000000
29736 -375.000000 0.000000 75.000000
29737 -300.000000 0.000000 75.000000
29738 -225.000000 0.000000 75.000000
29739 -150.000000 0.000000 75.000000
29740 -75.000000 0.000000 75.000000
29741 0.000000 0.000000 75.000000
29742 0.000000 0.000000 75.000000
29743 0.000000 0.000000 75.000000
29744 0.000000 0.000000 75.000000
29745 0.000000 0.000000 75.000000
29746 0.000000 0.000000 75.000000
29747 0.000000 0.000000 75.000000
29748 0.000000 0.000000 75.000000
29749 0.000000 0.000000 75.000000
29750 0.000000 0.000000 75.000000
29751 0.000000 0.000000 75.000000
29752 0.000000 0.000000 75.000000
29753 0.000000 0.000000 75.000000
29754 0.000000 0.000000 75.000000
29755 0.000000 0.000000 75.000000
29756 0.000000 0.000000 75.000000
29757 0.000000 0.000000 75.000000
29758 0.000000 0.000000 75.000000
29759 0.000000 0.000000 75.000000
29760 0.000000 0.000000 75.000000
29761 0.000000 0.000000 75.000000
29762 0.000000 0.000000 75.000000
29763 0.000000 0.000000 75.000000
29764 0.000000 0.000000 75.000000
29765 0.000000 0.000000 75.000000
29766 0.000000 0.000000 75.000000
29767 0.000000 0.000000 75.000000
29768 0.000000 0.000000 75.000000
29769 0.000000 0.000000 75.000000
29770 0.000000 0.000000 75.000000
29771 0.000000 0.000000 75.000000
29772 0.000000 0.000000 75.000000
29773 75.000000 0.000000 75.000000
29774 150.000000 0.000000 75.000000
29775 225.000000 0.000000 75.000000
29776 300.000000 0.000000 75.000000
29777 375.000000 0.000000 75.000000
29778 -375.000000 75.000000 75.000000
29779 -300.000000 75.000000 75.000000
29780 -225.000000 75.000000 75.000000
29781 -150.000000 75.000000 75.000000
29782 -75.000000 75.000000 75.000000
29783 0.000000 75.000000 75.000000
29784 0.000000 75.000000 75.000000
29785 0.000000 75.000000 75.000000
29786 0.000000 75.000000 75.000000
29787 0.000000 75.000000 75.000000
29788 0.000000 75.000000 75.000000
29789 0.000000 75.000000 75.000000
29790 0.000000 75.000000 75.000000
29791 0.000000 75.000000 75.000000
29792 0.000000 75.000000 75.000000
29793 0.000000 75.000000 75.000000
29794 0.000000 75.000000 75.000000
29795 0.000000 75.000000 75.000000
29796 0.000000 75.000000 75.000000
29797 0.000000 75.000000 75.000000
29798 0.000000 75.000000 75.000000
29799 0.000000 75.000000 75.000000
29800 0.000000 75.000000 75.000000
29801 0.000000 75.000000 75.000000
29802 0.000000 75.000000 75.000000
29803 0.000000 75.000000 75.000000
29804 0.000000 75.000000 75.000000
29805 0.000000 75.000000 75.000000
29806 0.000000 75.000000 75.000000
29807 0.000000 75.000000 75.000000
29808 0.000000 75.000000 75.000000
29809 0.000000 75.000000 75.000000
29810 0.000000 75.000000 75.000000
29811 0.000000 75.000000 75.000000
29812 0.000000 75.000000 75.000000
29813 0.000000 75.000000 75.000000
29814 0.000000 75.000000 75.000000
29815 75.000000 75.000000 75.000000
29816 150.000000 75.000000 75.000000
29817 225.000000 75.000000 75.000000
29818 300.000000 75.000000 75.000000
29819 375.000000 75.000000 75.000000
29820 -375.000000 150.000000 75.000000
29821 -300.000000 150.000000 75.000000
29822 -225.000000 150.000000 75.000000
29823 -150.000000 150.000000 75.000000
29824 -75.000000 150.000000 75.000000
29825 0.000000 150.000000 75.000000
29826 0.000000 150.000000 75.000000
29827 0.000000 150.000000 75.000000
29828 0.000000 150.000000 75.000000
29829 0.000000 150.000000 75.000000
29830 0.000000 150.000000 75.000000
29831 0.000000 150.000000 75.000000
29832 0.000000 150.000000 75.000000
29833 0.000000 150.000000 75.000000
29834 0.000000 150.000000 75.000000
29835 0.000000 150.000000 75.000000
29836 0.000000 150.000000 75.000000
29837 0.000000 150.000000 75.000000
29838 0.000000 150.000000 75.000000
29839 0.000000 150.000000 75.000000
29840 0.000000 150.000000 75.000000
29841 0.000000 150.000000 75.000000
29842 0.000000 150.000000 75.000000
29843 0.000000 150.000000 75.000000
29844 0.000000 150.000000 75.000000
29845 0.000000 150.000000 75.000000
29846 0.000000 150.000000 75.000000
29847 0.000000 150.000000 75.000000
29848 0.000000 150.000000 75.000000
29849 0.000000 150.000000 75.000000
29850 0.000000 150.000000 75.000000
29851 0.000000 150.000000 75.000000
29852 0.000000 150.000000 75.000000
29853 0.000000 150.000000 75.000000
29854 0.000000 150.000000 75.000000
29855 0.000000 150.000000 75.000000
29856 0.000000 150.000000 75.000000
29857 75.000000 150.000000 75.000000
29858 150.000000 150.000000 75.000000
29859 225.000000 150.000000 75.000000
29860 300.000000 150.000000 75.000000
29861 375.000000 150.000000 75.000000
29862 -375.000000 225.000000 75.000000
29863 -300.000000 225.000000 75.000000
29864 -225.000000 225.000000 75.000000
29865 -150.000000 225.000000 75.000000
29866 -75.000000 225.000000 75.000000
29867 0.000000 225.000000 75.000000
29868 0.000000 225.000000 75.000000
29869 0.000000 225.000000 75.000000
29870 0.000000 225.000000 75.000000
29871 0.000000 225.000000 75.000000
29872 0.000000 225.000000 75.000000
29873 0.000000 225.000000 75.000000
29874 0.000000 225.000000 75.000000
29875 0.000000 225.000000 75.000000
29876 0.000000 225.000000 75.000000
29877 0.000000 225.000000 75.000000
29878 0.000000 225.000000 75.000000
29879 0.000000 225.000000 75.000000
29880 0.000000 225.000000 75.000000
29881 0.000000 225.000000 75.000000
29882 0.000000 225.000000 75.000000
29883 0.000000 225.000000 75.000000
29884 0.000000 225.000000 75.000000
29885 0.000000 225.000000 75.000000
29886 0.000000 225.000000 75.000000
29887 0.000000 225.000000 75.000000
29888 0.000000 225.000000 75.000000
29889 0.000000 225.000000 75.000000
29890 0.000000 225.000000 75.000000
29891 0.000000 225.000000 75.000000
29892 0.000000 225.000000 75.000000
29893 0.000000 225.000000 75.000000
29894 0.000000 225.000000 75.000000
29895 0.000000 225.000000 75.000000
29896 0.000000 225.000000 75.000000
29897 0.000000 225.000000 75.000000
29898 0.000000 225.000000 75.000000
29899 75.000000 225.000000 75.000000
29900 150.000000 225.000000 75.000000
29901 225.000000 225.000000 75.000000
29902 300.000000 225.000000 75.000000
29903 375.000000 225.000000 75.000000
29904 -375.000000 300.000000 75.000000
29905 -300.000000 300.000000 75.000000
29906 -225.000000 300.000000 75.000000
29907 -150.000000 300.000000 75.000000
29908 -75.000000 300.000000 75.000000
29909 0.000000 300.000000 75.000000
29910 0.000000 300.000000 75.000000
29911 0.000000 300.000000 75.000000
29912 0.000000 300.000000 75.000000
29913 0.000000 300.000000 75.000000
29914 0.000000 300.000000 75.000000
29915 0.000000 300.000000 75.000000
29916 0.000000 300.000000 75.000000
29917 0.000000 300.000000 75.000000
29918 0.000000 300.000000 75.000000
29919 0.000000 300.000000 75.000000
29920 0.000000 300.000000 75.000000
29921 0.000000 300.000000 75.000000
29922 0.000000 300.000000 75.000000
29923 0.000000 300.000000 75.000000
29924 0.000000 300.000000 75.000000
29925 0.000000 300.000000 75.000000
29926 0.000000 300.000000 75.000000
29927 0.000000 300.000000 75.000000
29928 0.000000 300.000000 75.000000
29929 0.000000 300.000000 75.000000
29930 0.000000 300.000000 75.000000
29931 0.000000 300.000000 75.000000
29932 0.000000 300.000000 75.000000
29933 0.000000 300.000000 75.000000
29934 0.000000 300.000000 75.000000
29935 0.000000 300.000000 75.000000
29936 0.000000 300.000000 75.000000
29937 0.000000 300.000000 75.000000
29938 0.000000 300.000000 75.000000
29939 0.000000 300.000000 75.000000
29940 0.000000 300.000000 75.000000
29941 75.000000 300.000000 75.000000
29942 150.000000 300.000000 75.000000
29943 225.000000 300.000000 75.000000
29944 300.000000 300.000000 75.000000
29945 375.000000 300.000000 75.000000
29946 -375.000000 375.000000 75.000000
29947 -300.000000 375.000000 75.000000
29948 -225.000000 375.000000 75.000000
29949 -150.000000 375.000000 75.000000
29950 -75.000000 375.000000 75.000000
29951 0.000000 375.000000 75.000000
29952 0.000000 375.000000 75.000000
29953 0.000000 375.000000 75.000000
29954 0.000000 375.000000 75.000000
29955 0.000000 375.000000 75.000000
29956 0.000000 375.000000 75.000000
29957 0.000000 375.000000 75.000000
29958 0.000000 375.000000 75.000000
29959 0.000000 375.000000 75.000000
29960 0.000000 375.000000 75.000000
29961 0.000000 375.000000 75.000000
29962 0.000000 375.000000 75.000000
29963 0.000000 375.000000 75.000000
29964 0.000000 375.000000 75.000000
29965 0.000000 375.000000 75.000000
29966 0.000000 375.000000 75.000000
29967 0.000000 375.000000 75.000000
29968 0.000000 375.000000 75.000000
29969 0.000000 375.000000 75.000000
29970 0.000000 375.000000 75.000000
29971 0.000000 375.000000 75.000000
29972 0.000000 375.000000 75.000000
29973 0.000000 375.000000 75.000000
29974 0.000000 375.000000 75.000000
29975 0.000000 375.000000 75.000000
29976 0.000000 375.000000 75.000000
29977 0.000000 375.000000 75.000000
29978 0.000000 375.000000 75.000000
29979 0.000000 375.000000 75.000000
29980 0.000000 375.000000 75.000000
29981 0.000000 375.000000 75.000000
29982 0.000000 375.000000 75.000000
29983 75.000000 375.000000 75.000000
29984 150.000000 375.000000 75.000000
29985 225.000000 375.000000 75.000000
29986 300.000000 375.000000 75.000000
29987 375.000000 375.000000 75.000000
29988 -375.000000 -375.000000 150.000000
29989 -300.000000 -375.000000 150.000000
29990 -225.000000 -375.000000 150.000000
29991 -150.000000 -375.000000 150.000000
29992 -75.000000 -375.000000 150.000000
29993 0.000000 -375.000000 150.000000
29994 0.000000 -375.000000 150.000000
29995 0.000000 -375.000000 150.000000
29996 0.000000 -375.000000 150.000000
29997 0.000000 -375.000000 150.000000
29998 0.000000 -375.000000 150.000000
29999 0.000000 -375.000000 150.000000
30000 0.000000 -375.000000 150.000000
30001 0.000000 -375.000000 150.000000
30002 0.000000 -375.000000 150.000000
30003 0.000000 -375.000000 150.000000
30004 0.000000 -375.000000 150.000000
30005 0.000000 -375.000000 150.000000
30006 0.000000 -375.000000 150.000000
30007 0.000000 -375.000000 150.000000
30008 0.000000 -375.000000 150.000000
30009 0.000000 -375.000000 150.000000
30010 0.000000 -375.000000 150.000000
30011 0.000000 -375.000000 150.000000
30012 0.000000 -375.000000 150.000000
30013 0.000000 -375.000000 150.000000
30014 0.000000 -375.000000 150.000000
30015 0.000000 -375.000000 150.000000
30016 0.000000 -375.000000 150.000000
30017 0.000000 -375.000000 150.000000
30018 0.000000 -375.000000 150.000000
30019 0.000000 -375.000000 150.000000
30020 0.000000 -375.000000 150.000000
30021 0.000000 -375.000000 150.000000
30022 0.000000 -375.000000 150.000000
30023 0.000000 -375.000000 150.000000
30024 0.000000 -375.000000 150.000000
30025 75.000000 -375.000000 150.000000
30026 150.000000 -375.000000 150.000000
30027 225.000000 -375.000000 150.000000
30028 300.000000 -375.000000 150.000000
30029 375.000000 -375.000000 150.000000
30030 -375.000000 -300.000000 150.000000
30031 -300.000000 -300.000000 150.000000
30032 -225.000000 -300.000000 150.000000
30033 -150.000000 -300.000000 150.000000
30034 -75.000000 -300.000000 150.000000
30035 0.000000 -300.000000 150.000000
30036 0.000000 -300.000000 150.000000
30037 0.000000 -300.000000 150.000000
30038 0.000000 -300.000000 150.000000
30039 0.000000 -300.000000 150.000000
30040 0.000000 -300.000000 150.000000
30041 0.000000 -300.000000 150.000000
30042 0.000000 -300.000000 150.000000
30043 0.000000 -300.000000 150.000000
30044 0.000000 -300.000000 150.000000
30045 0.000000 -300.000000 150.000000
30046 0.000000 -300.000000 150.000000
30047 0.000000 -300.000000 150.000000
30048 0.000000 -300.000000 150.000000
30049 0.000000 -300.000000 150.000000
30050 0.000000 -300.000000 150.000000
30051 0.000000 -300.000000 150.000000
30052 0.000000 -300.000000 150.000000
30053 0.000000 -300.000000 150.000000
30054 0.000000 -300.000000 150.000000
30055 0.000000 -300.000000 150.000000
30056 0.000000 -300.000000 150.000000
30057 0.000000 -300.000000 150.000000
30058 0.000000 -300.000000 150.000000
30059 0.000000 -300.000000 150.000000
30060 0.000000 -300.000000 150.000000
30061 0.000000 -300.000000 150.000000
30062 0.000000 -300.000000 150.000000
30063 0.000000 -300.000000 150.000000
30064 0.000000 -300.000000 150.000000
30065 0.000000 -300.000000 150.000000
30066 0.000000 -300.000000 150.000000
30067 75.000000 -300.000000 150.000000
30068 150.000000 -300.000000 150.000000
30069 225.000000 -300.000000 150.000000
30070 300.000000 -300.000000 150.000000
30071 375.000000 -300.000000 150.000000
30072 -375.000000 -225.000000 150.000000
30073 -300.000000 -225.000000 150.000000
30074 -225.000000 -225.000000 150.000000
30075 -150.000000 -225.000000 150.000000
30076 -75.000000 -225.000000 150.000000
30077 0.000000 -225.000000 150.000000
30078 0.000000 -225.000000 150.000000
30079 0.000000 -225.000000 150.000000
30080 0.000000 -225.000000 150.000000
30081 0.000000 -225.000000 150.000000
30082 0.000000 -225.000000 150.000000
30083 0.000000 -225.000000 150.000000
30084 0.000000 -225.000000 150.000000
30085 0.000000 -225.000000 150.000000
30086 0.000000 -225.000000 150.000000
30087 0.000000 -225.000000 150.000000
30088 0.000000 -225.000000 150.000000
30089 0.000000 -225.000000 150.000000
30090 0.000000 -225.000000 150.000000
30091 0.000000 -225.000000 150.000000
30092 0.000000 -225.000000 150.000000
30093 0.000000 -225.000000 150.000000
30094 0.000000 -225.000000 150.000000
30095 0.000000 -225.000000 150.000000
30096 0.000000 -225.000000 150.000000
30097 0.000000 -225.000000 150.000000
30098 0.000000 -225.000000 150.000000
30099 0.000000 -225.000000 150.000000
30100 0.000000 -225.000000 150.000000
30101 0.000000 -225.000000 150.000000
30102 0.000000 -225.000000 150.000000
30103 0.000000 -225.000000 150.000000
30104 0.000000 -225.000000 150.000000
30105 0.000000 -225.000000 150.000000
30106 0.000000 -225.000000 150.000000
30107 0.000000 -225.000000 150.000000
30108 0.000000 -225.000000 150.000000
30109 75.000000 -225.000000 150.000000
30110 150.000000 -225.000000 150.000000
30111 225.000000 -225.000000 150.000000
30112 300.000000 -225.000000 150.000000
30113 375.000000 -225.000000 150.000000
30114 -375.000000 -150.000000 150.000000
30115 -300.000000 -150.000000 150.000000
30116 -225.000000 -150.000000 150.000000
30117 -150.000000 -150.000000 150.000000
30118 -75.000000 -150.000000 150.000000
30119 0.000000 -150.000000 150.000000
30120 0.000000 -150.000000 150.000000
30121 0.000000 -150.000000 150.000000
30122 0.000000 -150.000000 150.000000
30123 0.000000 -150.000000 150.000000
30124 0.000000 -150.000000 150.000000
30125 0.000000 -150.000000 150.000000
30126 0.000000 -150.000000 150.000000
30127 0.000000 -150.000000 150.000000
30128 0.000000 -150.000000 150.000000
30129 0.000000 -150.000000 150.000000
30130 0.000000 -150.000000 150.000000
30131 0.000000 -150.000000 150.000000
30132 0.000000 -150.000000 150.000000
30133 0.000000 -150.000000 150.000000
30134 0.000000 -150.000000 150.000000
30135 0.000000 -150.000000 150.000000
30136 0.000000 -150.000000 150.000000
30137 0.000000 -150.000000 150.000000
30138 0.000000 -150.000000 150.000000
30139 0.000000 -150.000000 150.000000
30140 0.000000 -150.000000 150.000000
30141 0.000000 -150.000000 150.000000
30142 0.000000 -150.000000 150.000000
30143 0.000000 -150.000000 150.000000
30144 0.000000 -150.000000 150.000000
30145 0.000000 -150.000000 150.000000
30146 0.000000 -150.000000 150.000000
30147 0.000000 -150.000000 150.000000
30148 0.000000 -150.000000 150.000000
30149 0.000000 -150.000000 150.000000
30150 0.000000 -150.000000 150.000000
30151 75.000000 -150.000000 150.000000
30152 150.000000 -150.000000 150.000000
30153 225.000000 -150.000000 150.000000
30154 300.000000 -150.000000 150.000000
30155 375.000000 -150.000000 150.000000
30156 -375.000000 -75.000000 150.000000
30157 -300.000000 -75.000000 150.000000
30158 -225.000000 -75.000000 150.000000
30159 -150.000000 -75.000000 150.000000
30160 -75.000000 -75.000000 150.000000
30161 0.000000 -75.000000 150.000000
30162 0.000000 -75.000000 150.000000
30163 0.000000 -75.000000 150.000000
30164 0.000000 -75.000000 150.000000
30165 0.000000 -75.000000 150.000000
30166 0.000000 -75.000000 150.000000
30167 0.000000 -75.000000 150.000000
30168 0.000000 -75.000000 150.000000
30169 0.000000 -75.000000 150.000000
30170 0.000000 -75.000000 150.000000
30171 0.000000 -75.000000 150.000000
30172 0.000000 -75.000000 150.000000
30173 0.000000 -75.000000 150.000000
30174 0.000000 -75.000000 150.000000
30175 0.000000 -75.000000 150.000000
30176 0.000000 -75.000000 150.000000
30177 0.000000 -75.000000 150.000000
30178 0.000000 -75.000000 150.000000
30179 0.000000 -75.000000 150.000000
30180 0.000000 -75.000000 150.000000
30181 0.000000 -75.000000 150.000000
30182 0.000000 -75.000000 150.000000
30183 0.000000 -75.000000 150.000000
30184 0.000000 -75.000000 150.000000
30185 0.000000 -75.000000 150.000000
30186 0.000000 -75.000000 150.000000
30187 0.000000 -75.000000 150.000000
30188 0.000000 -75.000000 150.000000
30189 0.000000 -75.000000 150.000000
30190 0.000000 -75.000000 150.000000
30191 0.000000 -75.000000 150.000000
30192 0.000000 -75.000000 150.000000
30193 75.000000 -75.000000 150.000000
30194 150.000000 -75.000000 150.000000
30195 225.000000 -75.000000 150.000000
30196 300.000000 -75.000000 150.000000
30197 375.000000 -75.000000 150.000000
30198 -375.000000 0.000000 150.000000
30199 -300.000000 0.000000 150.000000
30200 -225.000000 0.000000 150.000000
30201 -150.000000 0.000000 150.000000
30202 -75.000000 0.000000 150.000000
30203 0.000000 0.000000 150.000000
30204 0.000000 0.000000 150.000000
30205 0.000000 0.000000 150.000000
30206 0.000000 0.000000 150.000000
30207 0.000000 0.000000 150.000000
30208 0.000000 0.000000 150.000000
30209 0.000000 0.000000 150.000000
30210 0.000000 0.000000 150.000000
30211 0.000000 0.000000 150.000000
30212 0.000000 0.000000 150.000000
30213 0.000000 0.000000 150.000000
30214 0.000000 0.000000 150.000000
30215 0.000000 0.000000 150.000000
30216 0.000000 0.000000 150.000000
30217 0.000000 0.000000 150.000000
30218 0.000000 0.000000 150.000000
30219 0.000000 0.000000 150.000000
30220 0.000000 0.000000 150.000000
30221 0.000000 0.000000 150.000000
30222 0.000000 0.000000 150.000000
30223 0.000000 0.000000 150.000000
30224 0.000000 0.000000 150.000000
30225 0.000000 0.000000 150.000000
30226 0.000000 0.000000 150.000000
30227 0.000000 0.000000 150.000000
30228 0.000000 0.000000 150.000000
30229 0.000000 0.000000 150.000000
30230 0.000000 0.000000 150.000000
30231 0.000000 0.000000 150.000000
30232 0.000000 0.000000 150.000000
30233 0.000000 0.000000 150.000000
30234 0.000000 0.000000 150.000000
30235 75.000000 0.000000 150.000000
30236 150.000000 0.000000 150.000000
30237 225.000000 0.000000 150.000000
30238 300.000000 0.000000 150.000000
30239 375.000000 0.000000 150.000000
30240 -375.000000 0.000000 150.000000
30241 -300.000000 0.000000 150.000000
30242 -225.000000 0.000000 150.000000
30243 -150.000000 0.000000 150.000000
30244 -75.000000 0.000000 150.000000
30245 0.000000 0.000000 150.000000
30246 0.000000 0.000000 150.000000
30247 0.000000 0.000000 150.000000
30248 0.000000 0.000000 150.000000
30249 0.000000 0.000000 150.000000
30250 0.000000 0.000000 150.000000
30251 0.000000 0.000000 150.000000
30252 0.000000 0.000000 150.000000
30253 0.000000 0.000000 150.000000
30254 0.000000 0.000000 150.000000
30255 0.000000 0.000000 150.000000
30256 0.000000 0.000000 150.000000
30257 0.000000 0.000000 150.000000
30258 0.000000 0.000000 150.000000
30259 0.000000 0.000000 150.000000
30260 0.000000 0.000000 150.000000
30261 0.000000 0.000000 150.000000
30262 0.000000 0.000000 150.000000
30263 0.000000 0.000000 150.000000
30264 0.000000 0.000000 150.000000
30265 0.000000 0.000000 150.000000
30266 0.000000 0.000000 150.000000
30267 0.000000 0.000000 150.000000
30268 0.000000 0.000000 150.000000
30269 0.000000 0.000000 150.000000
30270 0.000000 0.000000 150.000000
30271 0.000000 0.000000 150.000000
30272 0.000000 0.000000 150.000000
30273 0.000000 0.000000 150.000000
30274 0.000000 0.000000 150.000000
30275 0.000000 0.000000 150.000000
30276 0.000000 0.000000 150.000000
30277 75.000000 0.000000 150.000000
30278 150.000000 0.000000 150.000000
30279 225.000000 0.000000 150.000000
30280 300.000000 0.000000 150.000000
30281 375.000000 0.000000 150.000000
30282 -375.000000 0.000000 150.000000
30283 -300.000000 0.000000 150.000000
30284 -225.000000 0.000000 150.000000
30285 -150.000000 0.000000 150.000000
30286 -75.000000 0.000000 150.000000
30287 0.000000 0.000000 150.000000
30288 0.000000 0.000000 150.000000
30289 0.000000 0.000000 150.000000
30290 0.000000 0.000000 150.000000
30291 0.000000 0.000000 150.000000
30292 0.000000 0.000000 150.000000
30293 0.000000 0.000000 150.000000
30294 0.000000 0.000000 150.000000
30295 0.000000 0.000000 150.000000
30296 0.000000 0.000000 150.000000
30297 0.000000 0.000000 150.000000
30298 0.000000 0.000000 150.000000
30299 0.000000 0.000000 150.000000
30300 0.000000 0.000000 150.000000
30301 0.000000 0.000000 150.000000
30302 0.000000 0.000000 150.000000
30303 0.000000 0.000000 150.000000
30304 0.000000 0.000000 150.000000
30305 0.000000 0.000000 150.000000
30306 0.000000 0.000000 150.000000
30307 0.000000 0.000000 150.000000
30308 0.000000 0.000000 150.000000
30309 0.000000 0.000000 150.000000
30310 0.000000 0.000000 150.000000
30311 0.000000 0.000000 150.000000
30312 0.000000 0.000000 150.000000
30313 0.000000 0.000000 150.000000
30314 0.000000 0.000000 150.000000
30315 0.000000 0.000000 150.000000
30316 0.000000 0.000000 150.000000
30317 0.000000 0.000000 150.000000
30318 0.000000 0.000000 150.000000
30319 75.000000 0.000000 150.000000
30320 150.000000 0.000000 150.000000
30321 225.000000 0.000000 150.000000
30322 300.000000 0.000000 150.000000
30323 375.000000 0.000000 150.000000
30324 -375.000000 0.000000 150.000000
30325 -300.000000 0.000000 150.000000
30326 -225.000000 0.000000 150.000000
30327 -150.000000 0.000000 150.000000
30328 -75.000000 0.000000 150.000000
30329 0.000000 0.000000 150.000000
30330 0.000000 0.000000 150.000000
30331 0.000000 0.000000 150.000000
30332 0.000000 0.000000 150.000000
30333 0.000000 0.000000 150.000000
30334 0.000000 0.000000 150.000000
30335 0.000000 0.000000 150.000000
30336 0.000000 0.000000 150.000000
30337 0.000000 0.000000 150.000000
30338 0.000000 0.000000 150.000000
30339 0.000000 0.000000 150.000000
30340 0.000000 0.000000 150.000000
30341 0.000000 0.000000 150.000000
30342 0.000000 0.000000 150.000000
30343 0.000000 0.000000 150.000000
30344 0.000000 0.000000 150.000000
30345 0.000000 0.000000 150.000000
30346 0.000000 0.000000 150.000000
30347 0.000000 0.000000 150.000000
30348 0.000000 0.000000 150.000000
30349 0.000000 0.000000 150.000000
30350 0.000000 0.000000 150.000000
30351 0.000000 0.000000 150.000000
30352 0.000000 0.000000 150.000000
30353 0.000000 0.000000 150.000000
30354 0.000000 0.000000 150.000000
30355 0.000000 0.000000 150.000000
30356 0.000000 0.000000 150.000000
30357 0.000000 0.000000 150.000000
30358 0.000000 0.000000 150.000000
30359 0.000000 0.000000 150.000000
30360 0.000000 0.000000 150.000000
30361 75.000000 0.000000 150.000000
30362 150.000000 0.000000 150.000000
30363 225.000000 0.000000 150.000000
30364 300.000000 0.000000 150.000000
30365 375.000000 0.000000 150.000000
30366 -375.000000 0.000000 150.000000
30367 -300.000000 0.000000 150.000000
30368 -225.000000 0.000000 150.000000
30369 -150.000000 0.000000 150.000000
30370 -75.000000 0.000000 150.000000
30371 0.000000 0.000000 150.000000
30372 0.000000 0.000000 150.000000
30373 0.000000 0.000000 150.000000
30374 0.000000 0.000000 150.000000
30375 0.000000 0.000000 150.000000
30376 0.000000 0.000000 150.000000
30377 0.000000 0.000000 150.000000
30378 0.000000 0.000000 150.000000
30379 0.000000 0.000000 150.000000
30380 0.000000 0.000000 150.000000
30381 0.000000 0.000000 150.000000
30382 0.000000 0.000000 150.000000
30383 0.000000 0.000000 150.000000
30384 0.000000 0.000000 150.000000
30385 0.000000 0.000000 150.000000
30386 0.000000 0.000000 150.000000
30387 0.000000 0.000000 150.000000
30388 0.000000 0.000000 150.000000
30389 0.000000 0.000000 150.000000
30390 0.000000 0.000000 150.000000
30391 0.000000 0.000000 150.000000
30392 0.000000 0.000000 150.000000
30393 0.000000 0.000000 150.000000
30394 0.000000 0.000000 150.000000
30395 0.000000 0.000000 150.000000
30396 0.000000 0.000000 150.000000
30397 0.000000 0.000000 150.000000
30398 0.000000 0.000000 150.000000
30399 0.000000 0.000000 150.000000
30400 0.000000 0.000000 150.000000
30401 0.000000 0.000000 150.000000
30402 0.000000 0.000000 150.000000
30403 75.000000 0.000000 150.000000
30404 150.000000 0.000000 150.000000
30405 225.000000 0.000000 150.000000
30406 300.000000 0.000000 150.000000
30407 375.000000 0.000000 150.000000
30408 -375.000000 0.000000 150.000000
30409 -300.000000 0.000000 150.000000
30410 -225.000000 0.000000 150.000000
30411 -150.000000 0.000000 150.000000
30412 -75.000000 0.000000 150.000000
30413 0.000000 0.000000 150.000000
30414 0.000000 0.000000 150.000000
30415 0.000000 0.000000 150.000000
30416 0.000000 0.000000 150.000000
30417 0.000000 0.000000 150.000000
30418 0.000000 0.000000 150.000000
30419 0.000000 0.000000 150.000000
30420 0.000000 0.000000 150.000000
30421 0.000000 0.000000 150.000000
30422 0.000000 0.000000 150.000000
30423 0.000000 0.000000 150.000000
30424 0.000000 0.000000 150.000000
30425 0.000000 0.000000 150.000000
30426 0.000000 0.000000 150.000000
30427 0.000000 0.000000 150.000000
30428 0.000000 0.000000 150.000000
30429 0.000000 0.000000 150.000000
30430 0.000000 0.000000 150.000000
30431 0.000000 0.000000 150.000000
30432 0.000000 0.000000 150.000000
30433 0.000000 0.000000 150.000000
30434 0.000000 0.000000 150.000000
30435 0.000000 0.000000 150.000000
30436 0.000000 0.000000 150.000000
30437 0.000000 0.000000 150.000000
30438 0.000000 0.000000 150.000000
30439 0.000000 0.000000 150.000000
30440 0.000000 0.000000 150.000000
30441 0.000000 0.000000 150.000000
30442 0.000000 0.000000 150.000000
30443 0.000000 0.000000 150.000000
30444 0.000000 0.000000 150.000000
30445 75.000000 0.000000 150.000000
30446 150.000000 0.000000 150.000000
30447 225.000000 0.000000 150.000000
30448 300.000000 0.000000 150.000000
30449 375.000000 0.000000 150.000000
30450 -375.000000 0.000000 150.000000
30451 -300.000000 0.000000 150.000000
30452 -225.000000 0.000000 150.000000
30453 -150.000000 0.000000 150.000000
30454 -75.000000 0.000000 150.000000
30455 0.000000 0.000000 150.000000
30456 0.000000 0.000000 150.000000
30457 0.000000 0.000000 150.000000
30458 0.000000 0.000000 150.000000
30459 0.000000 0.000000 150.000000
30460 0.000000 0.000000 150.000000
30461 0.000000 0.000000 150.000000
30462 0.000000 0.000000 150.000000
30463 0.000000 0.000000 150.000000
30464 0.000000 0.000000 150.000000
30465 0.000000 0.000000 150.000000
30466 0.000000 0.000000 150.000000
30467 0.000000 0.000000 150.000000
30468 0.000000 0.000000 150.000000
30469 0.000000 0.000000 150.000000
30470 0.000000 0.000000 150.000000
30471 0.000000 0.000000 150.000000
30472 0.000000 0.000000 150.000000
30473 0.000000 0.000000 150.000000
30474 0.000000 0.000000 150.000000
30475 0.000000 0.000000 150.000000
30476 0.000000 0.000000 150.000000
30477 0.000000 0.000000 150.000000
30478 0.000000 0.000000 150.000000
30479 0.000000 0.000000 150.000000
30480 0.000000 0.000000 150.000000
30481 0.000000 0.000000 150.000000
30482 0.000000 0.000000 150.000000
30483 0.000000 0.000000 150.000000
30484 0.000000 0.000000 150.000000
30485 0.000000 0.000000 150.000000
30486 0.000000 0.000000 150.000000
30487 75.000000 0.000000 150.000000
30488 150.000000 0.000000 150.000000
30489 225.000000 0.000000 150.000000
30490 300.000000 0.000000 150.000000
30491 375.000000 0.000000 150.000000
30492 -375.000000 0.000000 150.000000
30493 -300.000000 0.000000 150.000000
30494 -225.000000 0.000000 150.000000
30495 -150.000000 0.000000 150.000000
30496 -75.000000 0.000000 150.000000
30497 0.000000 0.000000 150.000000
30498 0.000000 0.000000 150.000000
30499 0.000000 0.000000 150.000000
30500 0.000000 0.000000 150.000000
30501 0.000000 0.000000 150.000000
30502 0.000000 0.000000 150.000000
30503 0.000000 0.000000 150.000000
30504 0.000000 0.000000 150.000000
30505 0.000000 0.000000 150.000000
30506 0.000000 0.000000 150.000000
30507 0.000000 0.000000 150.000000
30508 0.000000 0.000000 150.000000
30509 0.000000 0.000000 150.000000
30510 0.000000 0.000000 150.000000
30511 0.000000 0.000000 150.000000
30512 0.000000 0.000000 150.000000
30513 0.000000 0.000000 150.000000
30514 0.000000 0.000000 150.000000
30515 0.000000 0.000000 150.000000
30516 0.000000 0.000000 150.000000
30517 0.000000 0.000000 150.000000
30518 0.000000 0.000000 150.000000
30519 0.000000 0.000000 150.000000
30520 0.000000 0.000000 150.000000
30521 0.000000 0.000000 150.000000
30522 0.000000 0.000000 150.000000
30523 0.000000 0.000000 150.000000
30524 0.000000 0.000000 150.000000
30525 0.000000 0.000000 150.000000
30526 0.000000 0.000000 150.000000
30527 0.000000 0.000000 150.000000
30528 0.000000 0.000000 150.000000
30529 75.000000 0.000000 150.000000
30530 150.000000 0.000000 150.000000
30531 225.000000 0.000000 150.000000
30532 300.000000 0.000000 150.000000
30533 375.000000 0.000000 150.000000
30534 -375.000000 0.000000 150.000000
30535 -300.000000 0.000000 150.000000
30536 -225.000000 0.000000 150.000000
30537 -150.000000 0.000000 150.000000
30538 -75.000000 0.000000 150.000000
30539 0.000000 0.000000 150.000000
30540 0.000000 0.000000 150.000000
30541 0.000000 0.000000 150.000000
30542 0.000000 0.000000 150.000000
30543 0.000000 0.000000 150.000000
30544 0.000000 0.000000 150.000000
30545 0.000000 0.000000 150.000000
30546 0.000000 0.000000 150.000000
30547 0.000000 0.000000 150.000000
30548 0.000000 0.000000 150.000000
30549 0.000000 0.000000 150.000000
30550 0.000000 0.000000 150.000000
30551 0.000000 0.000000 150.000000
30552 0.000000 0.000000 150.000000
30553 0.000000 0.000000 150.000000
30554 0.000000 0.000000 150.000000
30555 0.000000 0.000000 150.000000
30556 0.000000 0.000000 150.000000
30557 0.000000 0.000000 150.000000
30558 0.000000 0.000000 150.000000
30559 0.000000 0.000000 150.000000
30560 0.000000 0.000000 150.000000
30561 0.000000 0.000000 150.000000
30562 0.000000 0.000000 150.000000
30563 0.000000 0.000000 150.000000
30564 0.000000 0.000000 150.000000
30565 0.000000 0.000000 150.000000
30566 0.000000 0.000000 150.000000
30567 0.000000 0.000000 150.000000
30568 0.000000 0.000000 150.000000
30569 0.000000 0.000000 150.000000
30570 0.000000 0.000000 150.000000
30571 75.000000 0.000000 150.000000
30572 150.000000 0.000000 150.000000
30573 225.000000 0.000000 150.000000
30574 300.000000 0.000000 150.000000
30575 375.000000 0.000000 150.000000
30576 -375.000000 0.000000 150.000000
30577 -300.000000 0.000000 150.000000
30578 -225.000000 0.000000 150.000000
30579 -150.000000 0.000000 150.000000
30580 -75.000000 0.000000 150.000000
30581 0.000000 0.000000 150.000000
30582 0.000000 0.000000 150.000000
30583 0.000000 0.000000 150.000000
30584 0.000000 0.000000 150.000000
30585 0.000000 0.000000 150.000000
30586 0.000000 0.000000 150.000000
30587 0.000000 0.000000 150.000000
30588 0.000000 0.000000 150.000000
30589 0.000000 0.000000 150.000000
30590 0.000000 0.000000 150.000000
30591 0.000000 0.000000 150.000000
30592 0.000000 0.000000 150.000000
30593 0.000000 0.000000 150.000000
30594 0.000000 0.000000 150.000000
30595 0.000000 0.000000 150.000000
30596 0.000000 0.000000 150.000000
30597 0.000000 0.000000 150.000000
30598 0.000000 0.000000 150.000000
30599 0.000000 0.000000 150.000000
30600 0.000000 0.000000 150.000000
30601 0.000000 0.000000 150.000000
30602 0.000000 0.000000 150.000000
30603 0.000000 0.000000 150.000000
30604 0.000000 0.000000 150.000000
30605 0.000000 0.000000 150.000000
30606 0.000000 0.000000 150.000000
30607 0.000000 0.000000 150.000000
30608 0.000000 0.000000 150.000000
30609 0.000000 0.000000 150.000000
30610 0.000000 0.000000 150.000000
30611 0.000000 0.000000 150.000000
30612 0.000000 0.000000 150.000000
30613 75.000000 0.000000 150.000000
30614 150.000000 0.000000 150.000000
30615 225.000000 0.000000 150.000000
30616 300.000000 0.000000 150.000000
30617 375.000000 0.000000 150.000000
30618 -375.000000 0.000000 150.000000
30619 -300.000000 0.000000 150.000000
30620 -225.000000 0.000000 150.000000
30621 -150.000000 0.000000 150.000000
30622 -75.000000 0.000000 150.000000
30623 0.000000 0.000000 150.000000
30624 0.000000 0.000000 150.000000
30625 0.000000 0.000000 150.000000
30626 0.000000 0.000000 150.000000
30627 0.000000 0.000000 150.000000
30628 0.000000 0.000000 150.000000
30629 0.000000 0.000000 150.000000
30630 0.000000 0.000000 150.000000
30631 0.000000 0.000000 150.000000
30632 0.000000 0.000000 150.000000
30633 0.000000 0.000000 150.000000
30634 0.000000 0.000000 150.000000
30635 0.000000 0.000000 150.000000
30636 0.000000 0.000000 150.000000
30637 0.000000 0.000000 150.000000
30638 0.000000 0.000000 150.000000
30639 0.000000 0.000000 150.000000
30640 0.000000 0.000000 150.000000
30641 0.000000 0.000000 150.000000
30642 0.000000 0.000000 150.000000
30643 0.000000 0.000000 150.000000
30644 0.000000 0.000000 150.000000
30645 0.000000 0.000000 150.000000
30646 0.000000 0.000000 150.000000
30647 0.000000 0.000000 150.000000
30648 0.000000 0.000000 150.000000
30649 0.000000 0.000000 150.000000
30650 0.000000 0.000000 150.000000
30651 0.000000 0.000000 150.000000
30652 0.000000 0.000000 150.000000
30653 0.000000 0.000000 150.000000
30654 0.000000 0.000000 150.000000
30655 75.000000 0.000000 150.000000
30656 150.000000 0.000000 150.000000
30657 225.000000 0.000000 150.000000
30658 300.000000 0.000000 150.000000
30659 375.000000 0.000000 150.000000
30660 -375.000000 0.000000 150.000000
30661 -300.000000 0.000000 150.000000
30662 -225.000000 0.000000 150.000000
30663 -150.000000 0.000000 150.000000
30664 -75.000000 0.000000 150.000000
30665 0.000000 0.000000 150.000000
30666 0.000000 0.000000 150.000000
30667 0.000000 0.000000 150.000000
30668 0.000000 0.000000 150.000000
30669 0.000000 0.000000 150.000000
30670 0.000000 0.000000 150.000000
30671 0.000000 0.000000 150.000000
30672 0.000000 0.000000 150.000000
30673 0.000000 0.000000 150.000000
30674 0.000000 0.000000 150.000000
30675 0.000000 0.000000 150.000000
30676 0.000000 0.000000 150.000000
30677 0.000000 0.000000 150.000000
30678 0.000000 0.000000 150.000000
30679 0.000000 0.000000 150.000000
30680 0.000000 0.000000 150.000000
30681 0.000000 0.000000 150.000000
30682 0.000000 0.000000 150.000000
30683 0.000000 0.000000 150.000000
30684 0.000000 0.000000 150.000000
30685 0.000000 0.000000 150.000000
30686 0.000000 0.000000 150.000000
30687 0.000000 0.000000 150.000000
30688 0.000000 0.000000 150.000000
30689 0.000000 0.000000 150.000000
30690 0.000000 0.000000 150.000000
30691 0.000000 0.000000 150.000000
30692 0.000000 0.000000 150.000000
30693 0.000000 0.000000 150.000000
30694 0.000000 0.000000 150.000000
30695 0.000000 0.000000 150.000000
30696 0.000000 0.000000 150.000000
30697 75.000000 0.000000 150.000000
30698 150.000000 0.000000 150.000000
30699 225.000000 0.000000 150.000000
30700 300.000000 0.000000 150.000000
30701 375.000000 0.000000 150.000000
30702 -375.000000 0.000000 150.000000
30703 -300.000000 0.000000 150.000000
30704 -225.000000 0.000000 150.000000
30705 -150.000000 0.000000 150.000000
30706 -75.000000 0.000000 150.000000
30707 0.000000 0.000000 150.000000
30708 0.000000 0.000000 150.000000
30709 0.000000 0.000000 150.000000
30710 0.000000 0.000000 150.000000
30711 0.000000 0.000000 150.000000
30712 0.000000 0.000000 150.000000
30713 0.000000 0.000000 150.000000
30714 0.000000 0.000000 150.000000
30715 0.000000 0.000000 150.000000
30716 0.000000 0.000000 150.000000
30717 0.000000 0.000000 150.000000
30718 0.000000 0.000000 150.000000
30719 0.000000 0.000000 150.000000
30720 0.000000 0.000000 150.000000
30721 0.000000 0.000000 150.000000
30722 0.000000 0.000000 150.000000
30723 0.000000 0.000000 150.000000
30724 0.000000 0.000000 150.000000
30725 0.000000 0.000000 150.000000
30726 0.000000 0.000000 150.000000
30727 0.000000 0.000000 150.000000
30728 0.000000 0.000000 150.000000
30729 0.000000 0.000000 150.000000
30730 0.000000 0.000000 150.000000
30731 0.000000 0.000000 150.000000
30732 0.000000 0.000000 150.000000
30733 0.000000 0.000000 150.000000
30734 0.000000 0.000000 150.000000
30735 0.000000 0.000000 150.000000
30736 0.000000 0.000000 150.000000
30737 0.000000 0.000000 150.000000
30738 0.000000 0.000000 150.000000
30739 75.000000 0.000000 150.000000
30740 150.000000 0.000000 150.000000
30741 225.000000 0.000000 150.000000
30742 300.000000 0.000000 150.000000
30743 375.000000 0.000000 150.000000
30744 -375.000000 0.000000 150.000000
30745 -300.000000 0.000000 150.000000
30746 -225.000000 0.000000 150.000000
30747 -150.000000 0.000000 150.000000
30748 -75.000000 0.000000 150.000000
30749 0.000000 0.000000 150.000000
30750 0.000000 0.000000 150.000000
30751 0.000000 0.000000 150.000000
30752 0.000000 0.000000 150.000000
30753 0.000000 0.000000 150.000000
30754 0.000000 0.000000 150.000000
30755 0.000000 0.000000 150.000000
30756 0.000000 0.000000 150.000000
30757 0.000000 0.000000 150.000000
30758 0.000000 0.000000 150.000000
30759 0.000000 0.000000 150.000000
30760 0.000000 0.000000 150.000000
30761 0.000000 0.000000 150.000000
30762 0.000000 0.000000 150.000000
30763 0.000000 0.000000 150.000000
30764 0.000000 0.000000 150.000000
30765 0.000000 0.000000 150.000000
30766 0.000000 0.000000 150.000000
30767 0.000000 0.000000 150.000000
30768 0.000000 0.000000 150.000000
30769 0.000000 0.000000 150.000000
30770 0.000000 0.000000 150.000000
30771 0.000000 0.000000 150.000000
30772 0.000000 0.000000 150.000000
30773 0.000000 0.000000 150.000000
30774 0.000000 0.000000 150.000000
30775 0.000000 0.000000 150.000000
30776 0.000000 0.000000 150.000000
30777 0.000000 0.000000 150.000000
30778 0.000000 0.000000 150.000000
30779 0.000000 0.000000 150.000000
30780 0.000000 0.000000 150.000000
30781 75.000000 0.000000 150.000000
30782 150.000000 0.000000 150.000000
30783 225.000000 0.000000 150.000000
30784 300.000000 0.000000 150.000000
30785 375.000000 0.000000 150.000000
30786 -375.000000 0.000000 150.000000
30787 -300.000000 0.000000 150.000000
30788 -225.000000 0.000000 150.000000
30789 -150.000000 0.000000 150.000000
30790 -75.000000 0.000000 150.000000
30791 0.000000 0.000000 150.000000
30792 0.000000 0.000000 150.000000
30793 0.000000 0.000000 150.000000
30794 0.000000 0.000000 150.000000
30795 0.000000 0.000000 150.000000
30796 0.000000 0.000000 150.000000
30797 0.000000 0.000000 150.000000
30798 0.000000 0.000000 150.000000
30799 0.000000 0.000000 150.000000
30800 0.000000 0.000000 150.000000
30801 0.000000 0.000000 150.000000
30802 0.000000 0.000000 150.000000
30803 0.000000 0.000000 150.000000
30804 0.000000 0.000000 150.000000
30805 0.000000 0.000000 150.000000
30806 0.000000 0.000000 150.000000
30807 0.000000 0.000000 150.000000
30808 0.000000 0.000000 150.000000
30809 0.000000 0.000000 150.000000
30810 0.000000 0.000000 150.000000
30811 0.000000 0.000000 150.000000
30812 0.000000 0.000000 150.000000
30813 0.000000 0.000000 150.000000
30814 0.000000 0.000000 150.000000
30815 0.000000 0.000000 150.000000
30816 0.000000 0.000000 150.000000
30817 0.000000 0.000000 150.000000
30818 0.000000 0.000000 150.000000
30819 0.000000 0.000000 150.000000
30820 0.000000 0.000000 150.000000
30821 0.000000 0.000000 150.000000
30822 0.000000 0.000000 150.000000
30823 75.000000 0.000000 150.000000
30824 150.000000 0.000000 150.000000
30825 225.000000 0.000000 150.000000
30826 300.000000 0.000000 150.000000
30827 375.000000 0.000000 150.000000
30828 -375.000000 0.000000 150.000000
30829 -300.000000 0.000000 150.000000
30830 -225.000000 0.000000 150.000000
30831 -150.000000 0.000000 150.000000
30832 -75.000000 0.000000 150.000000
30833 0.000000 0.000000 150.000000
30834 0.000000 0.000000 150.000000
30835 0.000000 0.000000 150.000000
30836 0.000000 0.000000 150.000000
30837 0.000000 0.000000 150.000000
30838 0.000000 0.000000 150.000000
30839 0.000000 0.000000 150.000000
30840 0.000000 0.000000 150.000000
30841 0.000000 0.000000 150.000000
30842 0.000000 0.000000 150.000000
30843 0.000000 0.000000 150.000000
30844 0.000000 0.000000 150.000000
30845 0.000000 0.000000 150.000000
30846 0.000000 0.000000 150.000000
30847 0.000000 0.000000 150.000000
30848 0.000000 0.000000 150.000000
30849 0.000000 0.000000 150.000000
30850 0.000000 0.000000 150.000000
30851 0.000000 0.000000 150.000000
30852 0.000000 0.000000 150.000000
30853 0.000000 0.000000 150.000000
30854 0.000000 0.000000 150.000000
30855 0.000000 0.000000 150.000000
30856 0.000000 0.000000 150.000000
30857 0.000000 0.000000 150.000000
30858 0.000000 0.000000 150.000000
30859 0.000000 0.000000 150.000000
30860 0.000000 0.000000 150.000000
30861 0.000000 0.000000 150.000000
30862 0.000000 0.000000 150.000000
30863 0.000000 0.000000 150.000000
30864 0.000000 0.000000 150.000000
30865 75.000000 0.000000 150.000000
30866 150.000000 0.000000 150.000000
30867 225.000000 0.000000 150.000000
30868 300.000000 0.000000 150.000000
30869 375.000000 0.000000 150.000000
30870 -375.000000 0.000000 150.000000
30871 -300.000000 0.000000 150.000000
30872 -225.000000 0.000000 150.000000
30873 -150.000000 0.000000 150.000000
30874 -75.000000 0.000000 150.000000
30875 0.000000 0.000000 150.000000
30876 0.000000 0.000000 150.000000
30877 0.000000 0.000000 150.000000
30878 0.000000 0.000000 150.000000
30879 0.000000 0.000000 150.000000
30880 0.000000 0.000000 150.000000
30881 0.000000 0.000000 150.000000
30882 0.000000 0.000000 150.000000
30883 0.000000 0.000000 150.000000
30884 0.000000 0.000000 150.000000
30885 0.000000 0.000000 150.000000
30886 0.000000 0.000000 150.000000
30887 0.000000 0.000000 150.000000
30888 0.000000 0.000000 150.000000
30889 0.000000 0.000000 150.000000
30890 0.000000 0.000000 150.000000
30891 0.000000 0.000000 150.000000
30892 0.000000 0.000000 150.000000
30893 0.000000 0.000000 150.000000
30894 0.000000 0.000000 150.000000
30895 0.000000 0.000000 150.000000
30896 0.000000 0.000000 150.000000
30897 0.000000 0.000000 150.000000
30898 0.000000 0.000000 150.000000
30899 0.000000 0.000000 150.000000
30900 0.000000 0.000000 150.000000
30901 0.000000 0.000000 150.000000
30902 0.000000 0.000000 150.000000
30903 0.000000 0.000000 150.000000
30904 0.000000 0.000000 150.000000
30905 0.000000 0.000000 150.000000
30906 0.000000 0.000000 150.000000
30907 75.000000 0.000000 150.000000
30908 150.000000 0.000000 150.000000
30909 225.000000 0.000000 150.000000
30910 300.000000 0.000000 150.000000
30911 375.000000 0.000000 150.000000
30912 -375.000000 0.000000 150.000000
30913 -300.000000 0.000000 150.000000
30914 -225.000000 0.000000 150.000000
30915 -150.000000 0.000000 150.000000
30916 -75.000000 0.000000 150.000000
30917 0.000000 0.000000 150.000000
30918 0.000000 0.000000 150.000000
30919 0.000000 0.000000 150.000000
30920 0.000000 0.000000 150.000000
30921 0.000000 0.000000 150.000000
30922 0.000000 0.000000 150.000000
30923 0.000000 0.000000 150.000000
30924 0.000000 0.000000 150.000000
30925 0.000000 0.000000 150.000000
30926 0.000000 0.000000 150.000000
30927 0.000000 0.000000 150.000000
30928 0.000000 0.000000 150.000000
30929 0.000000 0.000000 150.000000
30930 0.000000 0.000000 150.000000
30931 0.000000 0.000000 150.000000
30932 0.000000 0.000000 150.000000
30933 0.000000 0.000000 150.000000
30934 0.000000 0.000000 150.000000
30935 0.000000 0.000000 150.000000
30936 0.000000 0.000000 150.000000
30937 0.000000 0.000000 150.000000
30938 0.000000 0.000000 150.000000
30939 0.000000 0.000000 150.000000
30940 0.000000 0.000000 150.000000
30941 0.000000 0.000000 150.000000
30942 0.000000 0.000000 150.000000
30943 0.000000 0.000000 150.000000
30944 0.000000 0.000000 150.000000
30945 0.000000 0.000000 150.000000
30946 0.000000 0.000000 150.000000
30947 0.000000 0.000000 150.000000
30948 0.000000 0.000000 150.000000
30949 75.000000 0.000000 150.000000
30950 150.000000 0.000000 150.000000
30951 225.000000 0.000000 150.000000
30952 300.000000 0.000000 150.000000
30953 375.000000 0.000000 150.000000
30954 -375.000000 0.000000 150.000000
30955 -300.000000 0.000000 150.000000
30956 -225.000000 0.000000 150.000000
30957 -150.000000 0.000000 150.000000
30958 -75.000000 0.000000 150.000000
30959 0.000000 0.000000 150.000000
30960 0.000000 0.000000 150.000000
30961 0.000000 0.000000 150.000000
30962 0.000000 0.000000 150.000000
30963 0.000000 0.000000 150.000000
30964 0.000000 0.000000 150.000000
30965 0.000000 0.000000 150.000000
30966 0.000000 0.000000 150.000000
30967 0.000000 0.000000 150.000000
30968 0.000000 0.000000 150.000000
30969 0.000000 0.000000 150.000000
30970 0.000000 0.000000 150.000000
30971 0.000000 0.000000 150.000000
30972 0.000000 0.000000 150.000000
30973 0.000000 0.000000 150.000000
30974 0.000000 0.000000 150.000000
30975 0.000000 0.000000 150.000000
30976 0.000000 0.000000 150.000000
30977 0.000000 0.000000 150.000000
30978 0.000000 0.000000 150.000000
30979 0.000000 0.000000 150.000000
30980 0.000000 0.000000 150.000000
30981 0.000000 0.000000 150.000000
30982 0.000000 0.000000 150.000000
30983 0.000000 0.000000 150.000000
30984 0.000000 0.000000 150.000000
30985 0.000000 0.000000 150.000000
30986 0.000000 0.000000 150.000000
30987 0.000000 0.000000 150.000000
30988 0.000000 0.000000 150.000000
30989 0.000000 0.000000 150.000000
30990 0.000000 0.000000 150.000000
30991 75.000000 0.000000 150.000000
30992 150.000000 0.000000 150.000000
30993 225.000000 0.000000 150.000000
30994 300.000000 0.000000 150.000000
30995 375.000000 0.000000 150.000000
30996 -375.000000 0.000000 150.000000
30997 -300.000000 0.000000 150.000000
30998 -225.000000 0.000000 150.000000
30999 -150.000000 0.000000 150.000000
31000 -75.000000 0.000000 150.000000
31001 0.000000 0.000000 150.000000
31002 0.000000 0.000000 150.000000
31003 0.000000 0.000000 150.000000
31004 0.000000 0.000000 150.000000
31005 0.000000 0.000000 150.000000
31006 0.000000 0.000000 150.000000
31007 0.000000 0.000000 150.000000
31008 0.000000 0.000000 150.000000
31009 0.000000 0.000000 150.000000
31010 0.000000 0.000000 150.000000
31011 0.000000 0.000000 150.000000
31012 0.000000 0.000000 150.000000
31013 0.000000 0.000000 150.000000
31014 0.000000 0.000000 150.000000
31015 0.000000 0.000000 150.000000
31016 0.000000 0.000000 150.000000
31017 0.000000 0.000000 150.000000
31018 0.000000 0.000000 150.000000
31019 0.000000 0.000000 150.000000
31020 0.000000 0.000000 150.000000
31021 0.000000 0.000000 150.000000
31022 0.000000 0.000000 150.000000
31023 0.000000 0.000000 150.000000
31024 0.000000 0.000000 150.000000
31025 0.000000 0.000000 150.000000
31026 0.000000 0.000000 150.000000
31027 0.000000 0.000000 150.000000
31028 0.000000 0.000000 150.000000
31029 0.000000 0.000000 150.000000
31030 0.000000 0.000000 150.000000
31031 0.000000 0.000000 150.000000
31032 0.000000 0.000000 150.000000
31033 75.000000 0.000000 150.000000
31034 150.000000 0.000000 150.000000
31035 225.000000 0.000000 150.000000
31036 300.000000 0.000000 150.000000
31037 375.000000 0.000000 150.000000
31038 -375.000000 0.000000 150.000000
31039 -300.000000 0.000000 150.000000
31040 -225.000000 0.000000 150.000000
31041 -150.000000 0.000000 150.000000
31042 -75.000000 0.000000 150.000000
31043 0.000000 0.000000 150.000000
31044 0.000000 0.000000 150.000000
31045 0.000000 0.000000 150.000000
31046 0.000000 0.000000 150.000000
31047 0.000000 0.000000 150.000000
31048 0.000000 0.000000 150.000000
31049 0.000000 0.000000 150.000000
31050 0.000000 0.000000 150.000000
31051 0.000000 0.000000 150.000000
31052 0.000000 0.000000 150.000000
31053 0.000000 0.000000 150.000000
31054 0.000000 0.000000 150.000000
31055 0.000000 0.000000 150.000000
31056 0.000000 0.000000 150.000000
31057 0.000000 0.000000 150.000000
31058 0.000000 0.000000 150.000000
31059 0.000000 0.000000 150.000000
31060 0.000000 0.000000 150.000000
31061 0.000000 0.000000 150.000000
31062 0.000000 0.000000 150.000000
31063 0.000000 0.000000 150.000000
31064 0.000000 0.000000 150.000000
31065 0.000000 0.000000 150.000000
31066 0.000000 0.000000 150.000000
31067 0.000000 0.000000 150.000000
31068 0.000000 0.000000 150.000000
31069 0.000000 0.000000 150.000000
31070 0.000000 0.000000 150.000000
31071 0.000000 0.000000 150.000000
31072 0.000000 0.000000 150.000000
31073 0.000000 0.000000 150.000000
31074 0.000000 0.000000 150.000000
31075 75.000000 0.000000 150.000000
31076 150.000000 0.000000 150.000000
31077 225.000000 0.000000 150.000000
31078 300.000000 0.000000 150.000000
31079 375.000000 0.000000 150.000000
31080 -375.000000 0.000000 150.000000
31081 -300.000000 0.000000 150.000000
31082 -225.000000 0.000000 150.000000
31083 -150.000000 0.000000 150.000000
31084 -75.000000 0.000000 150.000000
31085 0.000000 0.000000 150.000000
31086 0.000000 0.000000 150.000000
31087 0.000000 0.000000 150.000000
31088 0.000000 0.000000 150.000000
31089 0.000000 0.000000 150.000000
31090 0.000000 0.000000 150.000000
31091 0.000000 0.000000 150.000000
31092 0.000000 0.000000 150.000000
31093 0.000000 0.000000 150.000000
31094 0.000000 0.000000 150.000000
31095 0.000000 0.000000 150.000000
31096 0.000000 0.000000 150.000000
31097 0.000000 0.000000 150.000000
31098 0.000000 0.000000 150.000000
31099 0.000000 0.000000 150.000000
31100 0.000000 0.000000 150.000000
31101 0.000000 0.000000 150.000000
31102 0.000000 0.000000 150.000000
31103 0.000000 0.000000 150.000000
31104 0.000000 0.000000 150.000000
31105 0.000000 0.000000 150.000000
31106 0.000000 0.000000 150.000000
31107 0.000000 0.000000 150.000000
31108 0.000000 0.000000 150.000000
31109 0.000000 0.000000 150.000000
31110 0.000000 0.000000 150.000000
31111 0.000000 0.000000 150.000000
31112 0.000000 0.000000 150.000000
31113 0.000000 0.000000 150.000000
31114 0.000000 0.000000 150.000000
31115 0.000000 0.000000 150.000000
31116 0.000000 0.000000 150.000000
31117 75.000000 0.000000 150.000000
31118 150.000000 0.000000 150.000000
31119 225.000000 0.000000 150.000000
31120 300.000000 0.000000 150.000000
31121 375.000000 0.000000 150.000000
31122 -375.000000 0.000000 150.000000
31123 -300.000000 0.000000 150.000000
31124 -225.000000 0.000000 150.000000
31125 -150.000000 0.000000 150.000000
31126 -75.000000 0.000000 150.000000
31127 0.000000 0.000000 150.000000
31128 0.000000 0.000000 150.000000
31129 0.000000 0.000000 150.000000
31130 0.000000 0.000000 150.000000
31131 0.000000 0.000000 150.000000
31132 0.000000 0.000000 150.000000
31133 0.000000 0.000000 150.000000
31134 0.000000 0.000000 150.000000
31135 0.000000 0.000000 150.000000
31136 0.000000 0.000000 150.000000
31137 0.000000 0.000000 150.000000
31138 0.000000 0.000000 150.000000
31139 0.000000 0.000000 150.000000
31140 0.000000 0.000000 150.000000
31141 0.000000 0.000000 150.000000
31142 0.000000 0.000000 150.000000
31143 0.000000 0.000000 150.000000
31144 0.000000 0.000000 150.000000
31145 0.000000 0.000000 150.000000
31146 0.000000 0.000000 150.000000
31147 0.000000 0.000000 150.000000
31148 0.000000 0.000000 150.000000
31149 0.000000 0.000000 150.000000
31150 0.000000 0.000000 150.000000
31151 0.000000 0.000000 150.000000
31152 0.000000 0.000000 150.000000
31153 0.000000 0.000000 150.000000
31154 0.000000 0.000000 150.000000
31155 0.000000 0.000000 150.000000
31156 0.000000 0.000000 150.000000
31157 0.000000 0.000000 150.000000
31158 0.000000 0.000000 150.000000
31159 75.000000 0.000000 150.000000
31160 150.000000 0.000000 150.000000
31161 225.000000 0.000000 150.000000
31162 300.000000 0.000000 150.000000
31163 375.000000 0.000000 150.000000
31164 -375.000000 0.000000 150.000000
31165 -300.000000 0.000000 150.000000
31166 -225.000000 0.000000 150.000000
31167 -150.000000 0.000000 150.000000
31168 -75.000000 0.000000 150.000000
31169 0.000000 0.000000 150.000000
31170 0.000000 0.000000 150.000000
31171 0.000000 0.000000 150.000000
31172 0.000000 0.000000 150.000000
31173 0.000000 0.000000 150.000000
31174 0.000000 0.000000 150.000000
31175 0.000000 0.000000 150.000000
31176 0.000000 0.000000 150.000000
31177 0.000000 0.000000 150.000000
31178 0.000000 0.000000 150.000000
31179 0.000000 0.000000 150.000000
31180 0.000000 0.000000 150.000000
31181 0.000000 0.000000 150.000000
31182 0.000000 0.000000 150.000000
31183 0.000000 0.000000 150.000000
31184 0.000000 0.000000 150.000000
31185 0.000000 0.000000 150.000000
31186 0.000000 0.000000 150.000000
31187 0.000000 0.000000 150.000000
31188 0.000000 0.000000 150.000000
31189 0.000000 0.000000 150.000000
31190 0.000000 0.000000 150.000000
31191 0.000000 0.000000 150.000000
31192 0.000000 0.000000 150.000000
31193 0.000000 0.000000 150.000000
31194 0.000000 0.000000 150.000000
31195 0.000000 0.000000 150.000000
31196 0.000000 0.000000 150.000000
31197 0.000000 0.000000 150.000000
31198 0.000000 0.000000 150.000000
31199 0.000000 0.000000 150.000000
31200 0.000000 0.000000 150.000000
31201 75.000000 0.000000 150.000000
31202 150.000000 0.000000 150.000000
31203 225.000000 0.000000 150.000000
31204 300.000000 0.000000 150.000000
31205 375.000000 0.000000 150.000000
31206 -375.000000 0.000000 150.000000
31207 -300.000000 0.000000 150.000000
31208 -225.000000 0.000000 150.000000
31209 -150.000000 0.000000 150.000000
31210 -75.000000 0.000000 150.000000
31211 0.000000 0.000000 150.000000
31212 0.000000 0.000000 150.000000
31213 0.000000 0.000000 150.000000
31214 0.000000 0.000000 150.000000
31215 0.000000 0.000000 150.000000
31216 0.000000 0.000000 150.000000
31217 0.000000 0.000000 150.000000
31218 0.000000 0.000000 150.000000
31219 0.000000 0.000000 150.000000
31220 0.000000 0.000000 150.000000
31221 0.000000 0.000000 150.000000
31222 0.000000 0.000000 150.000000
31223 0.000000 0.000000 150.000000
31224 0.000000 0.000000 150.000000
31225 0.000000 0.000000 150.000000
31226 0.000000 0.000000 150.000000
31227 0.000000 0.000000 150.000000
31228 0.000000 0.000000 150.000000
31229 0.000000 0.000000 150.000000
31230 0.000000 0.000000 150.000000
31231 0.000000 0.000000 150.000000
31232 0.000000 0.000000 150.000000
31233 0.000000 0.000000 150.000000
31234 0.000000 0.000000 150.000000
31235 0.000000 0.000000 150.000000
31236 0.000000 0.000000 150.000000
31237 0.000000 0.000000 150.000000
31238 0.000000 0.000000 150.000000
31239 0.000000 0.000000 150.000000
31240 0.000000 0.000000 150.000000
31241 0.000000 0.000000 150.000000
31242 0.000000 0.000000 150.000000
31243 75.000000 0.000000 150.000000
31244 150.000000 0.000000 150.000000
31245 225.000000 0.000000 150.000000
31246 300.000000 0.000000 150.000000
31247 375.000000 0.000000 150.000000
31248 -375.000000 0.000000 150.000000
31249 -300.000000 0.000000 150.000000
31250 -225.000000 0.000000 150.000000
31251 -150.000000 0.000000 150.000000
31252 -75.000000 0.000000 150.000000
31253 0.000000 0.000000 150.000000
31254 0.000000 0.000000 150.000000
31255 0.000000 0.000000 150.000000
31256 0.000000 0.000000 150.000000
31257 0.000000 0.000000 150.000000
31258 0.000000 0.000000 150.000000
31259 0.000000 0.000000 150.000000
31260 0.000000 0.000000 150.000000
31261 0.000000 0.000000 150.000000
31262 0.000000 0.000000 150.000000
31263 0.000000 0.000000 150.000000
31264 0.000000 0.000000 150.000000
31265 0.000000 0.000000 150.000000
31266 0.000000 0.000000 150.000000
31267 0.000000 0.000000 150.000000
31268 0.000000 0.000000 150.000000
31269 0.000000 0.000000 150.000000
31270 0.000000 0.000000 150.000000
31271 0.000000 0.000000 150.000000
31272 0.000000 0.000000 150.000000
31273 0.000000 0.000000 150.000000
31274 0.000000 0.000000 150.000000
31275 0.000000 0.000000 150.000000
31276 0.000000 0.000000 150.000000
31277 0.000000 0.000000 150.000000
31278 0.000000 0.000000 150.000000
31279 0.000000 0.000000 150.000000
31280 0.000000 0.000000 150.000000
31281 0.000000 0.000000 150.000000
31282 0.000000 0.000000 150.000000
31283 0.000000 0.000000 150.000000
31284 0.000000 0.000000 150.000000
31285 75.000000 0.000000 150.000000
31286 150.000000 0.000000 150.000000
31287 225.000000 0.000000 150.000000
31288 300.000000 0.000000 150.000000
31289 375.000000 0.000000 150.000000
31290 -375.000000 0.000000 150.000000
31291 -300.000000 0.000000 150.000000
31292 -225.000000 0.000000 150.000000
31293 -150.000000 0.000000 150.000000
31294 -75.000000 0.000000 150.000000
31295 0.000000 0.000000 150.000000
31296 0.000000 0.000000 150.000000
31297 0.000000 0.000000 150.000000
31298 0.000000 0.000000 150.000000
31299 0.000000 0.000000 150.000000
31300 0.000000 0.000000 150.000000
31301 0.000000 0.000000 150.000000
31302 0.000000 0.000000 150.000000
31303 0.000000 0.000000 150.000000
31304 0.000000 0.000000 150.000000
31305 0.000000 0.000000 150.000000
31306 0.000000 0.000000 150.000000
31307 0.000000 0.000000 150.000000
31308 0.000000 0.000000 150.000000
31309 0.000000 0.000000 150.000000
31310 0.000000 0.000000 150.000000
31311 0.000000 0.000000 150.000000
31312 0.000000 0.000000 150.000000
31313 0.000000 0.000000 150.000000
31314 0.000000 0.000000 150.000000
31315 0.000000 0.000000 150.000000
31316 0.000000 0.000000 150.000000
31317 0.000000 0.000000 150.000000
31318 0.000000 0.000000 150.000000
31319 0.000000 0.000000 150.000000
31320 0.000000 0.000000 150.000000
31321 0.000000 0.000000 150.000000
31322 0.000000 0.000000 150.000000
31323 0.000000 0.000000 150.000000
31324 0.000000 0.000000 150.000000
31325 0.000000 0.000000 150.000000
31326 0.000000 0.000000 150.000000
31327 75.000000 0.000000 150.000000
31328 150.000000 0.000000 150.000000
31329 225.000000 0.000000 150.000000
31330 300.000000 0.000000 150.000000
31331 375.000000 0.000000 150.000000
31332 -375.000000 0.000000 150.000000
31333 -300.000000 0.000000 150.000000
31334 -225.000000 0.000000 150.000000
31335 -150.000000 0.000000 150.000000
31336 -75.000000 0.000000 150.000000
31337 0.000000 0.000000 150.000000
31338 0.000000 0.000000 150.000000
31339 0.000000 0.000000 150.000000
31340 0.000000 0.000000 150.000000
31341 0.000000 0.000000 150.000000
31342 0.000000 0.000000 150.000000
31343 0.000000 0.000000 150.000000
31344 0.000000 0.000000 150.000000
31345 0.000000 0.000000 150.000000
31346 0.000000 0.000000 150.000000
31347 0.000000 0.000000 150.000000
31348 0.000000 0.000000 150.000000
31349 0.000000 0.000000 150.000000
31350 0.000000 0.000000 150.000000
31351 0.000000 0.000000 150.000000
31352 0.000000 0.000000 150.000000
31353 0.000000 0.000000 150.000000
31354 0.000000 0.000000 150.000000
31355 0.000000 0.000000 150.000000
31356 0.000000 0.000000 150.000000
31357 0.000000 0.000000 150.000000
31358 0.000000 0.000000 150.000000
31359 0.000000 0.000000 150.000000
31360 0.000000 0.000000 150.000000
31361 0.000000 0.000000 150.000000
31362 0.000000 0.000000 150.000000
31363 0.000000 0.000000 150.000000
31364 0.000000 0.000000 150.000000
31365 0.000000 0.000000 150.000000
31366 0.000000 0.000000 150.000000
31367 0.000000 0.000000 150.000000
31368 0.000000 0.000000 150.000000
31369 75.000000 0.000000 150.000000
31370 150.000000 0.000000 150.000000
31371 225.000000 0.000000 150.000000
31372 300.000000 0.000000 150.000000
31373 375.000000 0.000000 150.000000
31374 -375.000000 0.000000 150.000000
31375 -300.000000 0.000000 150.000000
31376 -225.000000 0.000000 150.000000
31377 -150.000000 0.000000 150.000000
31378 -75.000000 0.000000 150.000000
31379 0.000000 0.000000 150.000000
31380 0.000000 0.000000 150.000000
31381 0.000000 0.000000 150.000000
31382 0.000000 0.000000 150.000000
31383 0.000000 0.000000 150.000000
31384 0.000000 0.000000 150.000000
31385 0.000000 0.000000 150.000000
31386 0.000000 0.000000 150.000000
31387 0.000000 0.000000 150.000000
31388 0.000000 0.000000 150.000000
31389 0.000000 0.000000 150.000000
31390 0.000000 0.000000 150.000000
31391 0.000000 0.000000 150.000000
31392 0.000000 0.000000 150.000000
31393 0.000000 0.000000 150.000000
31394 0.000000 0.000000 150.000000
31395 0.000000 0.000000 150.000000
31396 0.000000 0.000000 150.000000
31397 0.000000 0.000000 150.000000
31398 0.000000 0.000000 150.000000
31399 0.000000 0.000000 150.000000
31400 0.000000 0.000000 150.000000
31401 0.000000 0.000000 150.000000
31402 0.000000 0.000000 150.000000
31403 0.000000 0.000000 150.000000
31404 0.000000 0.000000 150.000000
31405 0.000000 0.000000 150.000000
31406 0.000000 0.000000 150.000000
31407 0.000000 0.000000 150.000000
31408 0.000000 0.000000 150.000000
31409 0.000000 0.000000 150.000000
31410 0.000000 0.000000 150.000000
31411 75.000000 0.000000 150.000000
31412 150.000000 0.000000 150.000000
31413 225.000000 0.000000 150.000000
31414 300.000000 0.000000 150.000000
31415 375.000000 0.000000 150.000000
31416 -375.000000 0.000000 150.000000
31417 -300.000000 0.000000 150.000000
31418 -225.000000 0.000000 150.000000
31419 -150.000000 0.000000 150.000000
31420 -75.000000 0.000000 150.000000
31421 0.000000 0.000000 150.000000
31422 0.000000 0.000000 150.000000
31423 0.000000 0.000000 150.000000
31424 0.000000 0.000000 150.000000
31425 0.000000 0.000000 150.000000
31426 0.000000 0.000000 150.000000
31427 0.000000 0.000000 150.000000
31428 0.000000 0.000000 150.000000
31429 0.000000 0.000000 150.000000
31430 0.000000 0.000000 150.000000
31431 0.000000 0.000000 150.000000
31432 0.000000 0.000000 150.000000
31433 0.000000 0.000000 150.000000
31434 0.000000 0.000000 150.000000
31435 0.000000 0.000000 150.000000
31436 0.000000 0.000000 150.000000
31437 0.000000 0.000000 150.000000
31438 0.000000 0.000000 150.000000
31439 0.000000 0.000000 150.000000
31440 0.000000 0.000000 150.000000
31441 0.000000 0.000000 150.000000
31442 0.000000 0.000000 150.000000
31443 0.000000 0.000000 150.000000
31444 0.000000 0.000000 150.000000
31445 0.000000 0.000000 150.000000
31446 0.000000 0.000000 150.000000
31447 0.000000 0.000000 150.000000
31448 0.000000 0.000000 150.000000
31449 0.000000 0.000000 150.000000
31450 0.000000 0.000000 150.000000
31451 0.000000 0.000000 150.000000
31452 0.000000 0.000000 150.000000
31453 75.000000 0.000000 150.000000
31454 150.000000 0.000000 150.000000
31455 225.000000 0.000000 150.000000
31456 300.000000 0.000000 150.000000
31457 375.000000 0.000000 150.000000
31458 -375.000000 0.000000 150.000000
31459 -300.000000 0.000000 150.000000
31460 -225.000000 0.000000 150.000000
31461 -150.000000 0.000000 150.000000
31462 -75.000000 0.000000 150.000000
31463 0.000000 0.000000 150.000000
31464 0.000000 0.000000 150.000000
31465 0.000000 0.000000 150.000000
31466 0.000000 0.000000 150.000000
31467 0.000000 0.000000 150.000000
31468 0.000000 0.000000 150.000000
31469 0.000000 0.000000 150.000000
31470 0.000000 0.000000 150.000000
31471 0.000000 0.000000 150.000000
31472 0.000000 0.000000 150.000000
31473 0.000000 0.000000 150.000000
31474 0.000000 0.000000 150.000000
31475 0.000000 0.000000 150.000000
31476 0.000000 0.000000 150.000000
31477 0.000000 0.000000 150.000000
31478 0.000000 0.000000 150.000000
31479 0.000000 0.000000 150.000000
31480 0.000000 0.000000 150.000000
31481 0.000000 0.000000 150.000000
31482 0.000000 0.000000 150.000000
31483 0.000000 0.000000 150.000000
31484 0.000000 0.000000 150.000000
31485 0.000000 0.000000 150.000000
31486 0.000000 0.000000 150.000000
31487 0.000000 0.000000 150.000000
31488 0.000000 0.000000 150.000000
31489 0.000000 0.000000 150.000000
31490 0.000000 0.000000 150.000000
31491 0.000000 0.000000 150.000000
31492 0.000000 0.000000 150.000000
31493 0.000000 0.000000 150.000000
31494 0.000000 0.000000 150.000000
31495 75.000000 0.000000 150.000000
31496 150.000000 0.000000 150.000000
31497 225.000000 0.000000 150.000000
31498 300.000000 0.000000 150.000000
31499 375.000000 0.000000 150.000000
31500 -375.000000 0.000000 150.000000
31501 -300.000000 0.000000 150.000000
31502 -225.000000 0.000000 150.000000
31503 -150.000000 0.000000 150.000000
31504 -75.000000 0.000000 150.000000
31505 0.000000 0.000000 150.000000
31506 0.000000 0.000000 150.000000
31507 0.000000 0.000000 150.000000
31508 0.000000 0.000000 150.000000
31509 0.000000 0.000000 150.000000
31510 0.000000 0.000000 150.000000
31511 0.000000 0.000000 150.000000
31512 0.000000 0.000000 150.000000
31513 0.000000 0.000000 150.000000
31514 0.000000 0.000000 150.000000
31515 0.000000 0.000000 150.000000
31516 0.000000 0.000000 150.000000
31517 0.000000 0.000000 150.000000
31518 0.000000 0.000000 150.000000
31519 0.000000 0.000000 150.000000
31520 0.000000 0.000000 150.000000
31521 0.000000 0.000000 150.000000
31522 0.000000 0.000000 150.000000
31523 0.000000 0.000000 150.000000
31524 0.000000 0.000000 150.000000
31525 0.000000 0.000000 150.000000
31526 0.000000 0.000000 150.000000
31527 0.000000 0.000000 150.000000
31528 0.000000 0.000000 150.000000
31529 0.000000 0.000000 150.000000
31530 0.000000 0.000000 150.000000
31531 0.000000 0.000000 150.000000
31532 0.000000 0.000000 150.000000
31533 0.000000 0.000000 150.000000
31534 0.000000 0.000000 150.000000
31535 0.000000 0.000000 150.000000
31536 0.000000 0.000000 150.000000
31537 75.000000 0.000000 150.000000
31538 150.000000 0.000000 150.000000
31539 225.000000 0.000000 150.000000
31540 300.000000 0.000000 150.000000
31541 375.000000 0.000000 150.000000
31542 -375.000000 75.000000 150.000000
31543 -300.000000 75.000000 150.000000
31544 -225.000000 75.000000 150.000000
31545 -150.000000 75.000000 150.000000
31546 -75.000000 75.000000 150.000000
31547 0.000000 75.000000 150.000000
31548 0.000000 75.000000 150.000000
31549 0.000000 75.000000 150.000000
31550 0.000000 75.000000 150.000000
31551 0.000000 75.000000 150.000000
31552 0.000000 75.000000 150.000000
31553 0.000000 75.000000 150.000000
31554 0.000000 75.000000 150.000000
31555 0.000000 75.000000 150.000000
31556 0.000000 75.000000 150.000000
31557 0.000000 75.000000 150.000000
31558 0.000000 75.000000 150.000000
31559 0.000000 75.000000 150.000000
31560 0.000000 75.000000 150.000000
31561 0.000000 75.000000 150.000000
31562 0.000000 75.000000 150.000000
31563 0.000000 75.000000 150.000000
31564 0.000000 75.000000 150.000000
31565 0.000000 75.000000 150.000000
31566 0.000000 75.000000 150.000000
31567 0.000000 75.000000 150.000000
31568 0.000000 75.000000 150.000000
31569 0.000000 75.000000 150.000000
31570 0.000000 75.000000 150.000000
31571 0.000000 75.000000 150.000000
31572 0.000000 75.000000 150.000000
31573 0.000000 75.000000 150.000000
31574 0.000000 75.000000 150.000000
31575 0.000000 75.000000 150.000000
31576 0.000000 75.000000 150.000000
31577 0.000000 75.000000 150.000000
31578 0.000000 75.000000 150.000000
31579 75.000000 75.000000 150.000000
31580 150.000000 75.000000 150.000000
31581 225.000000 75.000000 150.000000
31582 300.000000 75.000000 150.000000
31583 375.000000 75.000000 150.000000
31584 -375.000000 150.000000 150.000000
31585 -300.000000 150.000000 150.000000
31586 -225.000000 150.000000 150.000000
31587 -150.000000 150.000000 150.000000
31588 -75.000000 150.000000 150.000000
31589 0.000000 150.000000 150.000000
31590 0.000000 150.000000 150.000000
31591 0.000000 150.000000 150.000000
31592 0.000000 150.000000 150.000000
31593 0.000000 150.000000 150.000000
31594 0.000000 150.000000 150.000000
31595 0.000000 150.000000 150.000000
31596 0.000000 150.000000 150.000000
31597 0.000000 150.000000 150.000000
31598 0.000000 150.000000 150.000000
31599 0.000000 150.000000 150.000000
31600 0.000000 150.000000 150.000000
31601 0.000000 150.000000 150.000000
31602 0.000000 150.000000 150.000000
31603 0.000000 150.000000 150.000000
31604 0.000000 150.000000 150.000000
31605 0.000000 150.000000 150.000000
31606 0.000000 150.000000 150.000000
31607 0.000000 150.000000 150.000000
31608 0.000000 150.000000 150.000000
31609 0.000000 150.000000 150.000000
31610 0.000000 150.000000 150.000000
31611 0.000000 150.000000 150.000000
31612 0.000000 150.000000 150.000000
31613 0.000000 150.000000 150.000000
31614 0.000000 150.000000 150.000000
31615 0.000000 150.000000 150.000000
31616 0.000000 150.000000 150.000000
31617 0.000000 150.000000 150.000000
31618 0.000000 150.000000 150.000000
31619 0.000000 150.000000 150.000000
31620 0.000000 150.000000 150.000000
31621 75.000000 150.000000 150.000000
31622 150.000000 150.000000 150.000000
31623 225.000000 150.000000 150.000000
31624 300.000000 150.000000 150.000000
31625 375.000000 150.000000 150.000000
31626 -375.000000 225.000000 150.000000
31627 -300.000000 225.000000 150.000000
31628 -225.000000 225.000000 150.000000
31629 -150.000000 225.000000 150.000000
31630 -75.000000 225.000000 150.000000
31631 0.000000 225.000000 150.000000
31632 0.000000 225.000000 150.000000
31633 0.000000 225.000000 150.000000
31634 0.000000 225.000000 150.000000
31635 0.000000 225.000000 150.000000
31636 0.000000 225.000000 150.000000
31637 0.000000 225.000000 150.000000
31638 0.000000 225.000000 150.000000
31639 0.000000 225.000000 150.000000
31640 0.000000 225.000000 150.000000
31641 0.000000 225.000000 150.000000
31642 0.000000 225.000000 150.000000
31643 0.000000 225.000000 150.000000
31644 0.000000 225.000000 150.000000
31645 0.000000 225.000000 150.000000
31646 0.000000 225.000000 150.000000
31647 0.000000 225.000000 150.000000
31648 0.000000 225.000000 150.000000
31649 0.000000 225.000000 150.000000
31650 0.000000 225.000000 150.000000
31651 0.000000 225.000000 150.000000
31652 0.000000 225.000000 150.000000
31653 0.000000 225.000000 150.000000
31654 0.000000 225.000000 150.000000
31655 0.000000 225.000000 150.000000
31656 0.000000 225.000000 150.000000
31657 0.000000 225.000000 150.000000
31658 0.000000 225.000000 150.000000
31659 0.000000 225.000000 150.000000
31660 0.000000 225.000000 150.000000
31661 0.000000 225.000000 150.000000
31662 0.000000 225.000000 150.000000
31663 75.000000 225.000000 150.000000
31664 150.000000 225.000000 150.000000
31665 225.000000 225.000000 150.000000
31666 300.000000 225.000000 150.000000
31667 375.000000 225.000000 150.000000
31668 -375.000000 300.000000 150.000000
31669 -300.000000 300.000000 150.000000
31670 -225.000000 300.000000 150.000000
31671 -150.000000 300.000000 150.000000
31672 -75.000000 300.000000 150.000000
31673 0.000000 300.000000 150.000000
31674 0.000000 300.000000 150.000000
31675 0.000000 300.000000 150.000000
31676 0.000000 300.000000 150.000000
31677 0.000000 300.000000 150.000000
31678 0.000000 300.000000 150.000000
31679 0.000000 300.000000 150.000000
31680 0.000000 300.000000 150.000000
31681 0.000000 300.000000 150.000000
31682 0.000000 300.000000 150.000000
31683 0.000000 300.000000 150.000000
31684 0.000000 300.000000 150.000000
31685 0.000000 300.000000 150.000000
31686 0.000000 300.000000 150.000000
31687 0.000000 300.000000 150.000000
31688 0.000000 300.000000 150.000000
31689 0.000000 300.000000 150.000000
31690 0.000000 300.000000 150.000000
31691 0.000000 300.000000 150.000000
31692 0.000000 300.000000 150.000000
31693 0.000000 300.000000 150.000000
31694 0.000000 300.000000 150.000000
31695 0.000000 300.000000 150.000000
31696 0.000000 300.000000 150.000000
31697 0.000000 300.000000 150.000000
31698 0.000000 300.000000 150.000000
31699 0.000000 300.000000 150.000000
31700 0.000000 300.000000 150.000000
31701 0.000000 300.000000 150.000000
31702 0.000000 300.000000 150.000000
31703 0.000000 300.000000 150.000000
31704 0.000000 300.000000 150.000000
31705 75.000000 300.000000 150.000000
31706 150.000000 300.000000 150.000000
31707 225.000000 300.000000 150.000000
31708 300.000000 300.000000 150.000000
31709 375.000000 300.000000 150.000000
31710 -375.000000 375.000000 150.000000
31711 -300.000000 375.000000 150.000000
31712 -225.000000 375.000000 150.000000
31713 -150.000000 375.000000 150.000000
31714 -75.000000 375.000000 150.000000
31715 0.000000 375.000000 150.000000
31716 0.000000 375.000000 150.000000
31717 0.000000 375.000000 150.000000
31718 0.000000 375.000000 150.000000
31719 0.000000 375.000000 150.000000
31720 0.000000 375.000000 150.000000
31721 0.000000 375.000000 150.000000
31722 0.000000 375.000000 150.000000
31723 0.000000 375.000000 150.000000
31724 0.000000 375.000000 150.000000
31725 0.000000 375.000000 150.000000
31726 0.000000 375.000000 150.000000
31727 0.000000 375.000000 150.000000
31728 0.000000 375.000000 150.000000
31729 0.000000 375.000000 150.000000
31730 0.000000 375.000000 150.000000
31731 0.000000 375.000000 150.000000
31732 0.000000 375.000000 150.000000
31733 0.000000 375.000000 150.000000
31734 0.000000 375.000000 150.000000
31735 0.000000 375.000000 150.000000
31736 0.000000 375.000000 150.000000
31737 0.000000 375.000000 150.000000
31738 0.000000 375.000000 150.000000
31739 0.000000 375.000000 150.000000
31740 0.000000 375.000000 150.000000
31741 0.000000 375.000000 150.000000
31742 0.000000 375.000000 150.000000
31743 0.000000 375.000000 150.000000
31744 0.000000 375.000000 150.000000
31745 0.000000 375.000000 150.000000
31746 0.000000 375.000000 150.000000
31747 75.000000 375.000000 150.000000
31748 150.000000 375.000000 150.000000
31749 225.000000 375.000000 150.000000
31750 300.000000 375.000000 150.000000
31751 375.000000 375.000000 150.000000
31752 -375.000000 -375.000000 225.000000
31753 -300.000000 -375.000000 225.000000
31754 -225.000000 -375.000000 225.000000
31755 -150.000000 -375.000000 225.000000
31756 -75.000000 -375.000000 225.000000
31757 0.000000 -375.000000 225.000000
31758 0.000000 -375.000000 225.000000
31759 0.000000 -375.000000 225.000000
31760 0.000000 -375.000000 225.000000
31761 0.000000 -375.000000 225.000000
31762 0.000000 -375.000000 225.000000
31763 0.000000 -375.000000 225.000000
31764 0.000000 -375.000000 225.000000
31765 0.000000 -375.000000 225.000000
31766 0.000000 -375.000000 225.000000
31767 0.000000 -375.000000 225.000000
31768 0.000000 -375.000000 225.000000
31769 0.000000 -375.000000 225.000000
31770 0.000000 -375.000000 225.000000
31771 0.000000 -375.000000 225.000000
31772 0.000000 -375.000000 225.000000
31773 0.000000 -375.000000 225.000000
31774 0.000000 -375.000000 225.000000
31775 0.000000 -375.000000 225.000000
31776 0.000000 -375.000000 225.000000
31777 0.000000 -375.000000 225.000000
31778 0.000000 -375.000000 225.000000
31779 0.000000 -375.000000 225.000000
31780 0.000000 -375.000000 225.000000
31781 0.000000 -375.000000 225.000000
31782 0.000000 -375.000000 225.000000
31783 0.000000 -375.000000 225.000000
31784 0.000000 -375.000000 225.000000
31785 0.000000 -375.000000 225.000000
31786 0.000000 -375.000000 225.000000
31787 0.000000 -375.000000 225.000000
31788 0.000000 -375.000000 225.000000
31789 75.000000 -375.000000 225.000000
31790 150.000000 -375.000000 225.000000
31791 225.000000 -375.000000 225.000000
31792 300.000000 -375.000000 225.000000
31793 375.000000 -375.000000 225.000000
31794 -375.000000 -300.000000 225.000000
31795 -300.000000 -300.000000 225.000000
31796 -225.000000 -300.000000 225.000000
31797 -150.000000 -300.000000 225.000000
31798 -75.000000 -300.000000 225.000000
31799 0.000000 -300.000000 225.000000
31800 0.000000 -300.000000 225.000000
31801 0.000000 -300.000000 225.000000
31802 0.000000 -300.000000 225.000000
31803 0.000000 -300.000000 225.000000
31804 0.000000 -300.000000 225.000000
31805 0.000000 -300.000000 225.000000
31806 0.000000 -300.000000 225.000000
31807 0.000000 -300.000000 225.000000
31808 0.000000 -300.000000 225.000000
31809 0.000000 -300.000000 225.000000
31810 0.000000 -300.000000 225.000000
31811 0.000000 -300.000000 225.000000
31812 0.000000 -300.000000 225.000000
31813 0.000000 -300.000000 225.000000
31814 0.000000 -300.000000 225.000000
31815 0.000000 -300.000000 225.000000
31816 0.000000 -300.000000 225.000000
31817 0.000000 -300.000000 225.000000
31818 0.000000 -300.000000 225.000000
31819 0.000000 -300.000000 225.000000
31820 0.000000 -300.000000 225.000000
31821 0.000000 -300.000000 225.000000
31822 0.000000 -300.000000 225.000000
31823 0.000000 -300.000000 225.000000
31824 0.000000 -300.000000 225.000000
31825 0.000000 -300.000000 225.000000
31826 0.000000 -300.000000 225.000000
31827 0.000000 -300.000000 225.000000
31828 0.000000 -300.000000 225.000000
31829 0.000000 -300.000000 225.000000
31830 0.000000 -300.000000 225.000000
31831 75.000000 -300.000000 225.000000
31832 150.000000 -300.000000 225.000000
31833 225.000000 -300.000000 225.000000
31834 300.000000 -300.000000 225.000000
31835 375.000000 -300.000000 225.000000
31836 -375.000000 -225.000000 225.000000
31837 -300.000000 -225.000000 225.000000
31838 -225.000000 -225.000000 225.000000
31839 -150.000000 -225.000000 225.000000
31840 -75.000000 -225.000000 225.000000
31841 0.000000 -225.000000 225.000000
31842 0.000000 -225.000000 225.000000
31843 0.000000 -225.000000 225.000000
31844 0.000000 -225.000000 225.000000
31845 0.000000 -225.000000 225.000000
31846 0.000000 -225.000000 225.000000
31847 0.000000 -225.000000 225.000000
31848 0.000000 -225.000000 225.000000
31849 0.000000 -225.000000 225.000000
31850 0.000000 -225.000000 225.000000
31851 0.000000 -225.000000 225.000000
31852 0.000000 -225.000000 225.000000
31853 0.000000 -225.000000 225.000000
31854 0.000000 -225.000000 225.000000
31855 0.000000 -225.000000 225.000000
31856 0.000000 -225.000000 225.000000
31857 0.000000 -225.000000 225.000000
31858 0.000000 -225.000000 225.000000
31859 0.000000 -225.000000 225.000000
31860 0.000000 -225.000000 225.000000
31861 0.000000 -225.000000 225.000000
31862 0.000000 -225.000000 225.000000
31863 0.000000 -225.000000 225.000000
31864 0.000000 -225.000000 225.000000
31865 0.000000 -225.000000 225.000000
31866 0.000000 -225.000000 225.000000
31867 0.000000 -225.000000 225.000000
31868 0.000000 -225.000000 225.000000
31869 0.000000 -225.000000 225.000000
31870 0.000000 -225.000000 225.000000
31871 0.000000 -225.000000 225.000000
31872 0.000000 -225.000000 225.000000
31873 75.000000 -225.000000 225.000000
31874 150.000000 -225.000000 225.000000
31875 225.000000 -225.000000 225.000000
31876 300.000000 -225.000000 225.000000
31877 375.000000 -225.000000 225.000000
31878 -375.000000 -150.000000 225.000000
31879 -300.000000 -150.000000 225.000000
31880 -225.000000 -150.000000 225.000000
31881 -150.000000 -150.000000 225.000000
31882 -75.000000 -150.000000 225.000000
31883 0.000000 -150.000000 225.000000
31884 0.000000 -150.000000 225.000000
31885 0.000000 -150.000000 225.000000
31886 0.000000 -150.000000 225.000000
31887 0.000000 -150.000000 225.000000
31888 0.000000 -150.000000 225.000000
31889 0.000000 -150.000000 225.000000
31890 0.000000 -150.000000 225.000000
31891 0.000000 -150.000000 225.000000
31892 0.000000 -150.000000 225.000000
31893 0.000000 -150.000000 225.000000
31894 0.000000 -150.000000 225.000000
31895 0.000000 -150.000000 225.000000
31896 0.000000 -150.000000 225.000000
31897 0.000000 -150.000000 225.000000
31898 0.000000 -150.000000 225.000000
31899 0.000000 -150.000000 225.000000
31900 0.000000 -150.000000 225.000000
31901 0.000000 -150.000000 225.000000
31902 0.000000 -150.000000 225.000000
31903 0.000000 -150.000000 225.000000
31904 0.000000 -150.000000 225.000000
31905 0.000000 -150.000000 225.000000
31906 0.000000 -150.000000 225.000000
31907 0.000000 -150.000000 225.000000
31908 0.000000 -150.000000 225.000000
31909 0.000000 -150.000000 225.000000
31910 0.000000 -150.000000 225.000000
31911 0.000000 -150.000000 225.000000
31912 0.000000 -150.000000 225.000000
31913 0.000000 -150.000000 225.000000
31914 0.000000 -150.000000 225.000000
31915 75.000000 -150.000000 225.000000
31916 150.000000 -150.000000 225.000000
31917 225.000000 -150.000000 225.000000
31918 300.000000 -150.000000 225.000000
31919 375.000000 -150.000000 225.000000
31920 -375.000000 -75.000000 225.000000
31921 -300.000000 -75.000000 225.000000
31922 -225.000000 -75.000000 225.000000
31923 -150.000000 -75.000000 225.000000
31924 -75.000000 -75.000000 225.000000
31925 0.000000 -75.000000 225.000000
31926 0.000000 -75.000000 225.000000
31927 0.000000 -75.000000 225.000000
31928 0.000000 -75.000000 225.000000
31929 0.000000 -75.000000 225.000000
31930 0.000000 -75.000000 225.000000
31931 0.000000 -75.000000 225.000000
31932 0.000000 -75.000000 225.000000
31933 0.000000 -75.000000 225.000000
31934 0.000000 -75.000000 225.000000
31935 0.000000 -75.000000 225.000000
31936 0.000000 -75.000000 225.000000
31937 0.000000 -75.000000 225.000000
31938 0.000000 -75.000000 225.000000
31939 0.000000 -75.000000 225.000000
31940 0.000000 -75.000000 225.000000
31941 0.000000 -75.000000 225.000000
31942 0.000000 -75.000000 225.000000
31943 0.000000 -75.000000 225.000000
31944 0.000000 -75.000000 225.000000
31945 0.000000 -75.000000 225.000000
31946 0.000000 -75.000000 225.000000
31947 0.000000 -75.000000 225.000000
31948 0.000000 -75.000000 225.000000
31949 0.000000 -75.000000 225.000000
31950 0.000000 -75.000000 225.000000
31951 0.000000 -75.000000 225.000000
31952 0.000000 -75.000000 225.000000
31953 0.000000 -75.000000 225.000000
31954 0.000000 -75.000000 225.000000
31955 0.000000 -75.000000 225.000000
31956 0.000000 -75.000000 225.000000
31957 75.000000 -75.000000 225.000000
31958 150.000000 -75.000000 225.000000
31959 225.000000 -75.000000 225.000000
31960 300.000000 -75.000000 225.000000
31961 375.000000 -75.000000 225.000000
31962 -375.000000 0.000000 225.000000
31963 -300.000000 0.000000 225.000000
31964 -225.000000 0.000000 225.000000
31965 -150.000000 0.000000 225.000000
31966 -75.000000 0.000000 225.000000
31967 0.000000 0.000000 225.000000
31968 0.000000 0.000000 225.000000
31969 0.000000 0.000000 225.000000
31970 0.000000 0.000000 225.000000
31971 0.000000 0.000000 225.000000
31972 0.000000 0.000000 225.000000
31973 0.000000 0.000000 225.000000
31974 0.000000 0.000000 225.000000
31975 0.000000 0.000000 225.000000
31976 0.000000 0.000000 225.000000
31977 0.000000 0.000000 225.000000
31978 0.000000 0.000000 225.000000
31979 0.000000 0.000000 225.000000
31980 0.000000 0.000000 225.000000
31981 0.000000 0.000000 225.000000
31982 0.000000 0.000000 225.000000
31983 0.000000 0.000000 225.000000
31984 0.000000 0.000000 225.000000
31985 0.000000 0.000000 225.000000
31986 0.000000 0.000000 225.000000
31987 0.000000 0.000000 225.000000
31988 0.000000 0.000000 225.000000
31989 0.000000 0.000000 225.000000
31990 0.000000 0.000000 225.000000
31991 0.000000 0.000000 225.000000
31992 0.000000 0.000000 225.000000
31993 0.000000 0.000000 225.000000
31994 0.000000 0.000000 225.000000
31995 0.000000 0.000000 225.000000
31996 0.000000 0.000000 225.000000
31997 0.000000 0.000000 225.000000
31998 0.000000 0.000000 225.000000
31999 75.000000 0.000000 225.000000
32000 150.000000 0.000000 225.000000
32001 225.000000 0.000000 225.000000
32002 300.000000 0.000000 225.000000
32003 375.000000 0.000000 225.000000
32004 -375.000000 0.000000 225.000000
32005 -300.000000 0.000000 225.000000
32006 -225.000000 0.000000 225.000000
32007 -150.000000 0.000000 225.000000
32008 -75.000000 0.000000 225.000000
32009 0.000000 0.000000 225.000000
32010 0.000000 0.000000 225.000000
32011 0.000000 0.000000 225.000000
32012 0.000000 0.000000 225.000000
32013 0.000000 0.000000 225.000000
32014 0.000000 0.000000 225.000000
32015 0.000000 0.000000 225.000000
32016 0.000000 0.000000 225.000000
32017 0.000000 0.000000 225.000000
32018 0.000000 0.000000 225.000000
32019 0.000000 0.000000 225.000000
32020 0.000000 0.000000 225.000000
32021 0.000000 0.000000 225.000000
32022 0.000000 0.000000 225.000000
32023 0.000000 0.000000 225.000000
32024 0.000000 0.000000 225.000000
32025 0.000000 0.000000 225.000000
32026 0.000000 0.000000 225.000000
32027 0.000000 0.000000 225.000000
32028 0.000000 0.000000 225.000000
32029 0.000000 0.000000 225.000000
32030 0.000000 0.000000 225.000000
32031 0.000000 0.000000 225.000000
32032 0.000000 0.000000 225.000000
32033 0.000000 0.000000 225.000000
32034 0.000000 0.000000 225.000000
32035 0.000000 0.000000 225.000000
32036 0.000000 0.000000 225.000000
32037 0.000000 0.000000 225.000000
32038 0.000000 0.000000 225.000000
32039 0.000000 0.000000 225.000000
32040 0.000000 0.000000 225.000000
32041 75.000000 0.000000 225.000000
32042 150.000000 0.000000 225.000000
32043 225.000000 0.000000 225.000000
32044 300.000000 0.000000 225.000000
32045 375.000000 0.000000 225.000000
32046 -375.000000 0.000000 225.000000
32047 -300.000000 0.000000 225.000000
32048 -225.000000 0.000000 225.000000
32049 -150.000000 0.000000 225.000000
32050 -75.000000 0.000000 225.000000
32051 0.000000 0.000000 225.000000
32052 0.000000 0.000000 225.000000
32053 0.000000 0.000000 225.000000
32054 0.000000 0.000000 225.000000
32055 0.000000 0.000000 225.000000
32056 0.000000 0.000000 225.000000
32057 0.000000 0.000000 225.000000
32058 0.000000 0.000000 225.000000
32059 0.000000 0.000000 225.000000
32060 0.000000 0.000000 225.000000
32061 0.000000 0.000000 225.000000
32062 0.000000 0.000000 225.000000
32063 0.000000 0.000000 225.000000
32064 0.000000 0.000000 225.000000
32065 0.000000 0.000000 225.000000
32066 0.000000 0.000000 225.000000
32067 0.000000 0.000000 225.000000
32068 0.000000 0.000000 225.000000
32069 0.000000 0.000000 225.000000
32070 0.000000 0.000000 225.000000
32071 0.000000 0.000000 225.000000
32072 0.000000 0.000000 225.000000
32073 0.000000 0.000000 225.000000
32074 0.000000 0.000000 225.000000
32075 0.000000 0.000000 225.000000
32076 0.000000 0.000000 225.000000
32077 0.000000 0.000000 225.000000
32078 0.000000 0.000000 225.000000
32079 0.000000 0.000000 225.000000
32080 0.000000 0.000000 225.000000
32081 0.000000 0.000000 225.000000
32082 0.000000 0.000000 225.000000
32083 75.000000 0.000000 225.000000
32084 150.000000 0.000000 225.000000
32085 225.000000 0.000000 225.000000
32086 300.000000 0.000000 225.000000
32087 375.000000 0.000000 225.000000
32088 -375.000000 0.000000 225.000000
32089 -300.000000 0.000000 225.000000
32090 -225.000000 0.000000 225.000000
32091 -150.000000 0.000000 225.000000
32092 -75.000000 0.000000 225.000000
32093 0.000000 0.000000 225.000000
32094 0.000000 0.000000 225.000000
32095 0.000000 0.000000 225.000000
32096 0.000000 0.000000 225.000000
32097 0.000000 0.000000 225.000000
32098 0.000000 0.000000 225.000000
32099 0.000000 0.000000 225.000000
32100 0.000000 0.000000 225.000000
32101 0.000000 0.000000 225.000000
32102 0.000000 0.000000 225.000000
32103 0.000000 0.000000 225.000000
32104 0.000000 0.000000 225.000000
32105 0.000000 0.000000 225.000000
32106 0.000000 0.000000 225.000000
32107 0.000000 0.000000 225.000000
32108 0.000000 0.000000 225.000000
32109 0.000000 0.000000 225.000000
32110 0.000000 0.000000 225.000000
32111 0.000000 0.000000 225.000000
32112 0.000000 0.000000 225.000000
32113 0.000000 0.000000 225.000000
32114 0.000000 0.000000 225.000000
32115 0.000000 0.000000 225.000000
32116 0.000000 0.000000 225.000000
32117 0.000000 0.000000 225.000000
32118 0.000000 0.000000 225.000000
32119 0.000000 0.000000 225.000000
32120 0.000000 0.000000 225.000000
32121 0.000000 0.000000 225.000000
32122 0.000000 0.000000 225.000000
32123 0.000000 0.000000 225.000000
32124 0.000000 0.000000 225.000000
32125 75.000000 0.000000 225.000000
32126 150.000000 0.000000 225.000000
32127 225.000000 0.000000 225.000000
32128 300.000000 0.000000 225.000000
32129 375.000000 0.000000 225.000000
32130 -375.000000 0.000000 225.000000
32131 -300.000000 0.000000 225.000000
32132 -225.000000 0.000000 225.000000
32133 -150.000000 0.000000 225.000000
32134 -75.000000 0.000000 225.000000
32135 0.000000 0.000000 225.000000
32136 0.000000 0.000000 225.000000
32137 0.000000 0.000000 225.000000
32138 0.000000 0.000000 225.000000
32139 0.000000 0.000000 225.000000
32140 0.000000 0.000000 225.000000
32141 0.000000 0.000000 225.000000
32142 0.000000 0.000000 225.000000
32143 0.000000 0.000000 225.000000
32144 0.000000 0.000000 225.000000
32145 0.000000 0.000000 225.000000
32146 0.000000 0.000000 225.000000
32147 0.000000 0.000000 225.000000
32148 0.000000 0.000000 225.000000
32149 0.000000 0.000000 225.000000
32150 0.000000 0.000000 225.000000
32151 0.000000 0.000000 225.000000
32152 0.000000 0.000000 225.000000
32153 0.000000 0.000000 225.000000
32154 0.000000 0.000000 225.000000
32155 0.000000 0.000000 225.000000
32156 0.000000 0.000000 225.000000
32157 0.000000 0.000000 225.000000
32158 0.000000 0.000000 225.000000
32159 0.000000 0.000000 225.000000
32160 0.000000 0.000000 225.000000
32161 0.000000 0.000000 225.000000
32162 0.000000 0.000000 225.000000
32163 0.000000 0.000000 225.000000
32164 0.000000 0.000000 225.000000
32165 0.000000 0.000000 225.000000
32166 0.000000 0.000000 225.000000
32167 75.000000 0.000000 225.000000
32168 150.000000 0.000000 225.000000
32169 225.000000 0.000000 225.000000
32170 300.000000 0.000000 225.000000
32171 375.000000 0.000000 225.000000
32172 -375.000000 0.000000 225.000000
32173 -300.000000 0.000000 225.000000
32174 -225.000000 0.000000 225.000000
32175 -150.000000 0.000000 225.000000
32176 -75.000000 0.000000 225.000000
32177 0.000000 0.000000 225.000000
32178 0.000000 0.000000 225.000000
32179 0.000000 0.000000 225.000000
32180 0.000000 0.000000 225.000000
32181 0.000000 0.000000 225.000000
32182 0.000000 0.000000 225.000000
32183 0.000000 0.000000 225.000000
32184 0.000000 0.000000 225.000000
32185 0.000000 0.000000 225.000000
32186 0.000000 0.000000 225.000000
32187 0.000000 0.000000 225.000000
32188 0.000000 0.000000 225.000000
32189 0.000000 0.000000 225.000000
32190 0.000000 0.000000 225.000000
32191 0.000000 0.000000 225.000000
32192 0.000000 0.000000 225.000000
32193 0.000000 0.000000 225.000000
32194 0.000000 0.000000 225.000000
32195 0.000000 0.000000 225.000000
32196 0.000000 0.000000 225.000000
32197 0.000000 0.000000 225.000000
32198 0.000000 0.000000 225.000000
32199 0.000000 0.000000 225.000000
32200 0.000000 0.000000 225.000000
32201 0.000000 0.000000 225.000000
32202 0.000000 0.000000 225.000000
32203 0.000000 0.000000 225.000000
32204 0.000000 0.000000 225.000000
32205 0.000000 0.000000 225.000000
32206 0.000000 0.000000 225.000000
32207 0.000000 0.000000 225.000000
32208 0.000000 0.000000 225.000000
32209 75.000000 0.000000 225.000000
32210 150.000000 0.000000 225.000000
32211 225.000000 0.000000 225.000000
32212 300.000000 0.000000 225.000000
32213 375.000000 0.000000 225.000000
32214 -375.000000 0.000000 225.000000
32215 -300.000000 0.000000 225.000000
32216 -225.000000 0.000000 225.000000
32217 -150.000000 0.000000 225.000000
32218 -75.000000 0.000000 225.000000
32219 0.000000 0.000000 225.000000
32220 0.000000 0.000000 225.000000
32221 0.000000 0.000000 225.000000
32222 0.000000 0.000000 225.000000
32223 0.000000 0.000000 225.000000
32224 0.000000 0.000000 225.000000
32225 0.000000 0.000000 225.000000
32226 0.000000 0.000000 225.000000
32227 0.000000 0.000000 225.000000
32228 0.000000 0.000000 225.000000
32229 0.000000 0.000000 225.000000
32230 0.000000 0.000000 225.000000
32231 0.000000 0.000000 225.000000
32232 0.000000 0.000000 225.000000
32233 0.000000 0.000000 225.000000
32234 0.000000 0.000000 225.000000
32235 0.000000 0.000000 225.000000
32236 0.000000 0.000000 225.000000
32237 0.000000 0.000000 225.000000
32238 0.000000 0.000000 225.000000
32239 0.000000 0.000000 225.000000
32240 0.000000 0.000000 225.000000
32241 0.000000 0.000000 225.000000
32242 0.000000 0.000000 225.000000
32243 0.000000 0.000000 225.000000
32244 0.000000 0.000000 225.000000
32245 0.000000 0.000000 225.000000
32246 0.000000 0.000000 225.000000
32247 0.000000 0.000000 225.000000
32248 0.000000 0.000000 225.000000
32249 0.000000 0.000000 225.000000
32250 0.000000 0.000000 225.000000
32251 75.000000 0.000000 225.000000
32252 150.000000 0.000000 225.000000
32253 225.000000 0.000000 225.000000
32254 300.000000 0.000000 225.000000
32255 375.000000 0.000000 225.000000
32256 -375.000000 0.000000 225.000000
32257 -300.000000 0.000000 225.000000
32258 -225.000000 0.000000 225.000000
32259 -150.000000 0.000000 225.000000
32260 -75.000000 0.000000 225.000000
32261 0.000000 0.000000 225.000000
32262 0.000000 0.000000 225.000000
32263 0.000000 0.000000 225.000000
32264 0.000000 0.000000 225.000000
32265 0.000000 0.000000 225.000000
32266 0.000000 0.000000 225.000000
32267 0.000000 0.000000 225.000000
32268 0.000000 0.000000 225.000000
32269 0.000000 0.000000 225.000000
32270 0.000000 0.000000 225.000000
32271 0.000000 0.000000 225.000000
32272 0.000000 0.000000 225.000000
32273 0.000000 0.000000 225.000000
32274 0.000000 0.000000 225.000000
32275 0.000000 0.000000 225.000000
32276 0.000000 0.000000 225.000000
32277 0.000000 0.000000 225.000000
32278 0.000000 0.000000 225.000000
32279 0.000000 0.000000 225.000000
32280 0.000000 0.000000 225.000000
32281 0.000000 0.000000 225.000000
32282 0.000000 0.000000 225.000000
32283 0.000000 0.000000 225.000000
32284 0.000000 0.000000 225.000000
32285 0.000000 0.000000 225.000000
32286 0.000000 0.000000 225.000000
32287 0.000000 0.000000 225.000000
32288 0.000000 0.000000 225.000000
32289 0.000000 0.000000 225.000000
32290 0.000000 0.000000 225.000000
32291 0.000000 0.000000 225.000000
32292 0.000000 0.000000 225.000000
32293 75.000000 0.000000 225.000000
32294 150.000000 0.000000 225.000000
32295 225.000000 0.000000 225.000000
32296 300.000000 0.000000 225.000000
32297 375.000000 0.000000 225.000000
32298 -375.000000 0.000000 225.000000
32299 -300.000000 0.000000 225.000000
32300 -225.000000 0.000000 225.000000
32301 -150.000000 0.000000 225.000000
32302 -75.000000 0.000000 225.000000
32303 0.000000 0.000000 225.000000
32304 0.000000 0.000000 225.000000
32305 0.000000 0.000000 225.000000
32306 0.000000 0.000000 225.000000
32307 0.000000 0.000000 225.000000
32308 0.000000 0.000000 225.000000
32309 0.000000 0.000000 225.000000
32310 0.000000 0.000000 225.000000
32311 0.000000 0.000000 225.000000
32312 0.000000 0.000000 225.000000
32313 0.000000 0.000000 225.000000
32314 0.000000 0.000000 225.000000
32315 0.000000 0.000000 225.000000
32316 0.000000 0.000000 225.000000
32317 0.000000 0.000000 225.000000
32318 0.000000 0.000000 225.000000
32319 0.000000 0.000000 225.000000
32320 0.000000 0.000000 225.000000
32321 0.000000 0.000000 225.000000
32322 0.000000 0.000000 225.000000
32323 0.000000 0.000000 225.000000
32324 0.000000 0.000000 225.000000
32325 0.000000 0.000000 225.000000
32326 0.000000 0.000000 225.000000
32327 0.000000 0.000000 225.000000
32328 0.000000 0.000000 225.000000
32329 0.000000 0.000000 225.000000
32330 0.000000 0.000000 225.000000
32331 0.000000 0.000000 225.000000
32332 0.000000 0.000000 225.000000
32333 0.000000 0.000000 225.000000
32334 0.000000 0.000000 225.000000
32335 75.000000 0.000000 225.000000
32336 150.000000 0.000000 225.000000
32337 225.000000 0.000000 225.000000
32338 300.000000 0.000000 225.000000
32339 375.000000 0.000000 225.000000
32340 -375.000000 0.000000 225.000000
32341 -300.000000 0.000000 225.000000
32342 -225.000000 0.000000 225.000000
32343 -150.000000 0.000000 225.000000
32344 -75.000000 0.000000 225.000000
32345 0.000000 0.000000 225.000000
32346 0.000000 0.000000 225.000000
32347 0.000000 0.000000 225.000000
32348 0.000000 0.000000 225.000000
32349 0.000000 0.000000 225.000000
32350 0.000000 0.000000 225.000000
32351 0.000000 0.000000 225.000000
32352 0.000000 0.000000 225.000000
32353 0.000000 0.000000 225.000000
32354 0.000000 0.000000 225.000000
32355 0.000000 0.000000 225.000000
32356 0.000000 0.000000 225.000000
32357 0.000000 0.000000 225.000000
32358 0.000000 0.000000 225.000000
32359 0.000000 0.000000 225.000000
32360 0.000000 0.000000 225.000000
32361 0.000000 0.000000 225.000000
32362 0.000000 0.000000 225.000000
32363 0.000000 0.000000 225.000000
32364 0.000000 0.000000 225.000000
32365 0.000000 0.000000 225.000000
32366 0.000000 0.000000 225.000000
32367 0.000000 0.000000 225.000000
32368 0.000000 0.000000 225.000000
32369 0.000000 0.000000 225.000000
32370 0.000000 0.000000 225.000000
32371 0.000000 0.000000 225.000000
32372 0.000000 0.000000 225.000000
32373 0.000000 0.000000 225.000000
32374 0.000000 0.000000 225.000000
32375 0.000000 0.000000 225.000000
32376 0.000000 0.000000 225.000000
32377 75.000000 0.000000 225.000000
32378 150.000000 0.000000 225.000000
32379 225.000000 0.000000 225.000000
32380 300.000000 0.000000 225.000000
32381 375.000000 0.000000 225.000000
32382 -375.000000 0.000000 225.000000
32383 -300.000000 0.000000 225.000000
32384 -225.000000 0.000000 225.000000
32385 -150.000000 0.000000 225.000000
32386 -75.000000 0.000000 225.000000
32387 0.000000 0.000000 225.000000
32388 0.000000 0.000000 225.000000
32389 0.000000 0.000000 225.000000
32390 0.000000 0.000000 225.000000
32391 0.000000 0.000000 225.000000
32392 0.000000 0.000000 225.000000
32393 0.000000 0.000000 225.000000
32394 0.000000 0.000000 225.000000
32395 0.000000 0.000000 225.000000
32396 0.000000 0.000000 225.000000
32397 0.000000 0.000000 225.000000
32398 0.000000 0.000000 225.000000
32399 0.000000 0.000000 225.000000
32400 0.000000 0.000000 225.000000
32401 0.000000 0.000000 225.000000
32402 0.000000 0.000000 225.000000
32403 0.000000 0.000000 225.000000
32404 0.000000 0.000000 225.000000
32405 0.000000 0.000000 225.000000
32406 0.000000 0.000000 225.000000
32407 0.000000 0.000000 225.000000
32408 0.000000 0.000000 225.000000
32409 0.000000 0.000000 225.000000
32410 0.000000 0.000000 225.000000
32411 0.000000 0.000000 225.000000
32412 0.000000 0.000000 225.000000
32413 0.000000 0.000000 225.000000
32414 0.000000 0.000000 225.000000
32415 0.000000 0.000000 225.000000
32416 0.000000 0.000000 225.000000
32417 0.000000 0.000000 225.000000
32418 0.000000 0.000000 225.000000
32419 75.000000 0.000000 225.000000
32420 150.000000 0.000000 225.000000
32421 225.000000 0.000000 225.000000
32422 300.000000 0.000000 225.000000
32423 375.000000 0.000000 225.000000
32424 -375.000000 0.000000 225.000000
32425 -300.000000 0.000000 225.000000
32426 -225.000000 0.000000 225.000000
32427 -150.000000 0.000000 225.000000
32428 -75.000000 0.000000 225.000000
32429 0.000000 0.000000 225.000000
32430 0.000000 0.000000 225.000000
32431 0.000000 0.000000 225.000000
32432 0.000000 0.000000 225.000000
32433 0.000000 0.000000 225.000000
32434 0.000000 0.000000 225.000000
32435 0.000000 0.000000 225.000000
32436 0.000000 0.000000 225.000000
32437 0.000000 0.000000 225.000000
32438 0.000000 0.000000 225.000000
32439 0.000000 0.000000 225.000000
32440 0.000000 0.000000 225.000000
32441 0.000000 0.000000 225.000000
32442 0.000000 0.000000 225.000000
32443 0.000000 0.000000 225.000000
32444 0.000000 0.000000 225.000000
32445 0.000000 0.000000 225.000000
32446 0.000000 0.000000 225.000000
32447 0.000000 0.000000 225.000000
32448 0.000000 0.000000 225.000000
32449 0.000000 0.000000 225.000000
32450 0.000000 0.000000 225.000000
32451 0.000000 0.000000 225.000000
32452 0.000000 0.000000 225.000000
32453 0.000000 0.000000 225.000000
32454 0.000000 0.000000 225.000000
32455 0.000000 0.000000 225.000000
32456 0.000000 0.000000 225.000000
32457 0.000000 0.000000 225.000000
32458 0.000000 0.000000 225.000000
32459 0.000000 0.000000 225.000000
32460 0.000000 0.000000 225.000000
32461 75.000000 0.000000 225.000000
32462 150.000000 0.000000 225.000000
32463 225.000000 0.000000 225.000000
32464 300.000000 0.000000 225.000000
32465 375.000000 0.000000 225.000000
32466 -375.000000 0.000000 225.000000
32467 -300.000000 0.000000 225.000000
32468 -225.000000 0.000000 225.000000
32469 -150.000000 0.000000 225.000000
32470 -75.000000 0.000000 225.000000
32471 0.000000 0.000000 225.000000
32472 0.000000 0.000000 225.000000
32473 0.000000 0.000000 225.000000
32474 0.000000 0.000000 225.000000
32475 0.000000 0.000000 225.000000
32476 0.000000 0.000000 225.000000
32477 0.000000 0.000000 225.000000
32478 0.000000 0.000000 225.000000
32479 0.000000 0.000000 225.000000
32480 0.000000 0.000000 225.000000
32481 0.000000 0.000000 225.000000
32482 0.000000 0.000000 225.000000
32483 0.000000 0.000000 225.000000
32484 0.000000 0.000000 225.000000
32485 0.000000 0.000000 225.000000
32486 0.000000 0.000000 225.000000
32487 0.000000 0.000000 225.000000
32488 0.000000 0.000000 225.000000
32489 0.000000 0.000000 225.000000
32490 0.000000 0.000000 225.000000
32491 0.000000 0.000000 225.000000
32492 0.000000 0.000000 225.000000
32493 0.000000 0.000000 225.000000
32494 0.000000 0.000000 225.000000
32495 0.000000 0.000000 225.000000
32496 0.000000 0.000000 225.000000
32497 0.000000 0.000000 225.000000
32498 0.000000 0.000000 225.000000
32499 0.000000 0.000000 225.000000
32500 0.000000 0.000000 225.000000
32501 0.000000 0.000000 225.000000
32502 0.000000 0.000000 225.000000
32503 75.000000 0.000000 225.000000
32504 150.000000 0.000000 225.000000
32505 225.000000 0.000000 225.000000
32506 300.000000 0.000000 225.000000
32507 375.000000 0.000000 225.000000
32508 -375.000000 0.000000 225.000000
32509 -300.000000 0.000000 225.000000
32510 -225.000000 0.000000 225.000000
32511 -150.000000 0.000000 225.000000
32512 -75.000000 0.000000 225.000000
32513 0.000000 0.000000 225.000000
32514 0.000000 0.000000 225.000000
32515 0.000000 0.000000 225.000000
32516 0.000000 0.000000 225.000000
32517 0.000000 0.000000 225.000000
32518 0.000000 0.000000 225.000000
32519 0.000000 0.000000 225.000000
32520 0.000000 0.000000 225.000000
32521 0.000000 0.000000 225.000000
32522 0.000000 0.000000 225.000000
32523 0.000000 0.000000 225.000000
32524 0.000000 0.000000 225.000000
32525 0.000000 0.000000 225.000000
32526 0.000000 0.000000 225.000000
32527 0.000000 0.000000 225.000000
32528 0.000000 0.000000 225.000000
32529 0.000000 0.000000 225.000000
32530 0.000000 0.000000 225.000000
32531 0.000000 0.000000 225.000000
32532 0.000000 0.000000 225.000000
32533 0.000000 0.000000 225.000000
32534 0.000000 0.000000 225.000000
32535 0.000000 0.000000 225.000000
32536 0.000000 0.000000 225.000000
32537 0.000000 0.000000 225.000000
32538 0.000000 0.000000 225.000000
32539 0.000000 0.000000 225.000000
32540 0.000000 0.000000 225.000000
32541 0.000000 0.000000 225.000000
32542 0.000000 0.000000 225.000000
32543 0.000000 0.000000 225.000000
32544 0.000000 0.000000 225.000000
32545 75.000000 0.000000 225.000000
32546 150.000000 0.000000 225.000000
32547 225.000000 0.000000 225.000000
32548 300.000000 0.000000 225.000000
32549 375.000000 0.000000 225.000000
32550 -375.000000 0.000000 225.000000
32551 -300.000000 0.000000 225.000000
32552 -225.000000 0.000000 225.000000
32553 -150.000000 0.000000 225.000000
32554 -75.000000 0.000000 225.000000
32555 0.000000 0.000000 225.000000
32556 0.000000 0.000000 225.000000
32557 0.000000 0.000000 225.000000
32558 0.000000 0.000000 225.000000
32559 0.000000 0.000000 225.000000
32560 0.000000 0.000000 225.000000
32561 0.000000 0.000000 225.000000
32562 0.000000 0.000000 225.000000
32563 0.000000 0.000000 225.000000
32564 0.000000 0.000000 225.000000
32565 0.000000 0.000000 225.000000
32566 0.000000 0.000000 225.000000
32567 0.000000 0.000000 225.000000
32568 0.000000 0.000000 225.000000
32569 0.000000 0.000000 225.000000
32570 0.000000 0.000000 225.000000
32571 0.000000 0.000000 225.000000
32572 0.000000 0.000000 225.000000
32573 0.000000 0.000000 225.000000
32574 0.000000 0.000000 225.000000
32575 0.000000 0.000000 225.000000
32576 0.000000 0.000000 225.000000
32577 0.000000 0.000000 225.000000
32578 0.000000 0.000000 225.000000
32579 0.000000 0.000000 225.000000
32580 0.000000 0.000000 225.000000
32581 0.000000 0.000000 225.000000
32582 0.000000 0.000000 225.000000
32583 0.000000 0.000000 225.000000
32584 0.000000 0.000000 225.000000
32585 0.000000 0.000000 225.000000
32586 0.000000 0.000000 225.000000
32587 75.000000 0.000000 225.000000
32588 150.000000 0.000000 225.000000
32589 225.000000 0.000000 225.000000
32590 300.000000 0.000000 225.000000
32591 375.000000 0.000000 225.000000
32592 -375.000000 0.000000 225.000000
32593 -300.000000 0.000000 225.000000
32594 -225.000000 0.000000 225.000000
32595 -150.000000 0.000000 225.000000
32596 -75.000000 0.000000 225.000000
32597 0.000000 0.000000 225.000000
32598 0.000000 0.000000 225.000000
32599 0.000000 0.000000 225.000000
32600 0.000000 0.000000 225.000000
32601 0.000000 0.000000 225.000000
32602 0.000000 0.000000 225.000000
32603 0.000000 0.000000 225.000000
32604 0.000000 0.000000 225.000000
32605 0.000000 0.000000 225.000000
32606 0.000000 0.000000 225.000000
32607 0.000000 0.000000 225.000000
32608 0.000000 0.000000 225.000000
32609 0.000000 0.000000 225.000000
32610 0.000000 0.000000 225.000000
32611 0.000000 0.000000 225.000000
32612 0.000000 0.000000 225.000000
32613 0.000000 0.000000 225.000000
32614 0.000000 0.000000 225.000000
32615 0.000000 0.000000 225.000000
32616 0.000000 0.000000 225.000000
32617 0.000000 0.000000 225.000000
32618 0.000000 0.000000 225.000000
32619 0.000000 0.000000 225.000000
32620 0.000000 0.000000 225.000000
32621 0.000000 0.000000 225.000000
32622 0.000000 0.000000 225.000000
32623 0.000000 0.000000 225.000000
32624 0.000000 0.000000 225.000000
32625 0.000000 0.000000 225.000000
32626 0.000000 0.000000 225.000000
32627 0.000000 0.000000 225.000000
32628 0.000000 0.000000 225.000000
32629 75.000000 0.000000 225.000000
32630 150.000000 0.000000 225.000000
32631 225.000000 0.000000 225.000000
32632 300.000000 0.000000 225.000000
32633 375.000000 0.000000 225.000000
32634 -375.000000 0.000000 225.000000
32635 -300.000000 0.000000 225.000000
32636 -225.000000 0.000000 225.000000
32637 -150.000000 0.000000 225.000000
32638 -75.000000 0.000000 225.000000
32639 0.000000 0.000000 225.000000
32640 0.000000 0.000000 225.000000
32641 0.000000 0.000000 225.000000
32642 0.000000 0.000000 225.000000
32643 0.000000 0.000000 225.000000
32644 0.000000 0.000000 225.000000
32645 0.000000 0.000000 225.000000
32646 0.000000 0.000000 225.000000
32647 0.000000 0.000000 225.000000
32648 0.000000 0.000000 225.000000
32649 0.000000 0.000000 225.000000
32650 0.000000 0.000000 225.000000
32651 0.000000 0.000000 225.000000
32652 0.000000 0.000000 225.000000
32653 0.000000 0.000000 225.000000
32654 0.000000 0.000000 225.000000
32655 0.000000 0.000000 225.000000
32656 0.000000 0.000000 225.000000
32657 0.000000 0.000000 225.000000
32658 0.000000 0.000000 225.000000
32659 0.000000 0.000000 225.000000
32660 0.000000 0.000000 225.000000
32661 0.000000 0.000000 225.000000
32662 0.000000 0.000000 225.000000
32663 0.000000 0.000000 225.000000
32664 0.000000 0.000000 225.000000
32665 0.000000 0.000000 225.000000
32666 0.000000 0.000000 225.000000
32667 0.000000 0.000000 225.000000
32668 0.000000 0.000000 225.000000
32669 0.000000 0.000000 225.000000
32670 0.000000 0.000000 225.000000
32671 75.000000 0.000000 225.000000
32672 150.000000 0.000000 225.000000
32673 225.000000 0.000000 225.000000
32674 300.000000 0.000000 225.000000
32675 375.000000 0.000000 225.000000
32676 -375.000000 0.000000 225.000000
32677 -300.000000 0.000000 225.000000
32678 -225.000000 0.000000 225.000000
32679 -150.000000 0.000000 225.000000
32680 -75.000000 0.000000 225.000000
32681 0.000000 0.000000 225.000000
32682 0.000000 0.000000 225.000000
32683 0.000000 0.000000 225.000000
32684 0.000000 0.000000 225.000000
32685 0.000000 0.000000 225.000000
32686 0.000000 0.000000 225.000000
32687 0.000000 0.000000 225.000000
32688 0.000000 0.000000 225.000000
32689 0.000000 0.000000 225.000000
32690 0.000000 0.000000 225.000000
32691 0.000000 0.000000 225.000000
32692 0.000000 0.000000 225.000000
32693 0.000000 0.000000 225.000000
32694 0.000000 0.000000 225.000000
32695 0.000000 0.000000 225.000000
32696 0.000000 0.000000 225.000000
32697 0.000000 0.000000 225.000000
32698 0.000000 0.000000 225.000000
32699 0.000000 0.000000 225.000000
32700 0.000000 0.000000 225.000000
32701 0.000000 0.000000 225.000000
32702 0.000000 0.000000 225.000000
32703 0.000000 0.000000 225.000000
32704 0.000000 0.000000 225.000000
32705 0.000000 0.000000 225.000000
32706 0.000000 0.000000 225.000000
32707 0.000000 0.000000 225.000000
32708 0.000000 0.000000 225.000000
32709 0.000000 0.000000 225.000000
32710 0.000000 0.000000 225.000000
32711 0.000000 0.000000 225.000000
32712 0.000000 0.000000 225.000000
32713 75.000000 0.000000 225.000000
32714 150.000000 0.000000 225.000000
32715 225.000000 0.000000 225.000000
32716 300.000000 0.000000 225.000000
32717 375.000000 0.000000 225.000000
32718 -375.000000 0.000000 225.000000
32719 -300.000000 0.000000 225.000000
32720 -225.000000 0.000000 225.000000
32721 -150.000000 0.000000 225.000000
32722 -75.000000 0.000000 225.000000
32723 0.000000 0.000000 225.000000
32724 0.000000 0.000000 225.000000
32725 0.000000 0.000000 225.000000
32726 0.000000 0.000000 225.000000
32727 0.000000 0.000000 225.000000
32728 0.000000 0.000000 225.000000
32729 0.000000 0.000000 225.000000
32730 0.000000 0.000000 225.000000
32731 0.000000 0.000000 225.000000
32732 0.000000 0.000000 225.000000
32733 0.000000 0.000000 225.000000
32734 0.000000 0.000000 225.000000
32735 0.000000 0.000000 225.000000
32736 0.000000 0.000000 225.000000
32737 0.000000 0.000000 225.000000
32738 0.000000 0.000000 225.000000
32739 0.000000 0.000000 225.000000
32740 0.000000 0.000000 225.000000
32741 0.000000 0.000000 225.000000
32742 0.000000 0.000000 225.000000
32743 0.000000 0.000000 225.000000
32744 0.000000 0.000000 225.000000
32745 0.000000 0.000000 225.000000
32746 0.000000 0.000000 225.000000
32747 0.000000 0.000000 225.000000
32748 0.000000 0.000000 225.000000
32749 0.000000 0.000000 225.000000
32750 0.000000 0.000000 225.000000
32751 0.000000 0.000000 225.000000
32752 0.000000 0.000000 225.000000
32753 0.000000 0.000000 225.000000
32754 0.000000 0.000000 225.000000
32755 75.000000 0.000000 225.000000
32756 150.000000 0.000000 225.000000
32757 225.000000 0.000000 225.000000
32758 300.000000 0.000000 225.000000
32759 375.000000 0.000000 225.000000
32760 -375.000000 0.000000 225.000000
32761 -300.000000 0.000000 225.000000
32762 -225.000000 0.000000 225.000000
32763 -150.000000 0.000000 225.000000
32764 -75.000000 0.000000 225.000000
32765 0.000000 0.000000 225.000000
32766 0.000000 0.000000 225.000000
32767 0.000000 0.000000 225.000000
32768 0.000000 0.000000 225.000000
32769 0.000000 0.000000 225.000000
32770 0.000000 0.000000 225.000000
32771 0.000000 0.000000 225.000000
32772 0.000000 0.000000 225.000000
32773 0.000000 0.000000 225.000000
32774 0.000000 0.000000 225.000000
32775 0.000000 0.000000 225.000000
32776 0.000000 0.000000 225.000000
32777 0.000000 0.000000 225.000000
32778 0.000000 0.000000 225.000000
32779 0.000000 0.000000 225.000000
32780 0.000000 0.000000 225.000000
32781 0.000000 0.000000 225.000000
32782 0.000000 0.000000 225.000000
32783 0.000000 0.000000 225.000000
32784 0.000000 0.000000 225.000000
32785 0.000000 0.000000 225.000000
32786 0.000000 0.000000 225.000000
32787 0.000000 0.000000 225.000000
32788 0.000000 0.000000 225.000000
32789 0.000000 0.000000 225.000000
32790 0.000000 0.000000 225.000000
32791 0.000000 0.000000 225.000000
32792 0.000000 0.000000 225.000000
32793 0.000000 0.000000 225.000000
32794 0.000000 0.000000 225.000000
32795 0.000000 0.000000 225.000000
32796 0.000000 0.000000 225.000000
32797 75.000000 0.000000 225.000000
32798 150.000000 0.000000 225.000000
32799 225.000000 0.000000 225.000000
32800 300.000000 0.000000 225.000000
32801 375.000000 0.000000 225.000000
32802 -375.000000 0.000000 225.000000
32803 -300.000000 0.000000 225.000000
32804 -225.000000 0.000000 225.000000
32805 -150.000000 0.000000 225.000000
32806 -75.000000 0.000000 225.000000
32807 0.000000 0.000000 225.000000
32808 0.000000 0.000000 225.000000
32809 0.000000 0.000000 225.000000
32810 0.000000 0.000000 225.000000
32811 0.000000 0.000000 225.000000
32812 0.000000 0.000000 225.000000
32813 0.000000 0.000000 225.000000
32814 0.000000 0.000000 225.000000
32815 0.000000 0.000000 225.000000
32816 0.000000 0.000000 225.000000
32817 0.000000 0.000000 225.000000
32818 0.000000 0.000000 225.000000
32819 0.000000 0.000000 225.000000
32820 0.000000 0.000000 225.000000
32821 0.000000 0.000000 225.000000
32822 0.000000 0.000000 225.000000
32823 0.000000 0.000000 225.000000
32824 0.000000 0.000000 225.000000
32825 0.000000 0.000000 225.000000
32826 0.000000 0.000000 225.000000
32827 0.000000 0.000000 225.000000
32828 0.000000 0.000000 225.000000
32829 0.000000 0.000000 225.000000
32830 0.000000 0.000000 225.000000
32831 0.000000 0.000000 225.000000
32832 0.000000 0.000000 225.000000
32833 0.000000 0.000000 225.000000
32834 0.000000 0.000000 225.000000
32835 0.000000 0.000000 225.000000
32836 0.000000 0.000000 225.000000
32837 0.000000 0.000000 225.000000
32838 0.000000 0.000000 225.000000
32839 75.000000 0.000000 225.000000
32840 150.000000 0.000000 225.000000
32841 225.000000 0.000000 225.000000
32842 300.000000 0.000000 225.000000
32843 375.000000 0.000000 225.000000
32844 -375.000000 0.000000 225.000000
32845 -300.000000 0.000000 225.000000
32846 -225.000000 0.000000 225.000000
32847 -150.000000 0.000000 225.000000
32848 -75.000000 0.000000 225.000000
32849 0.000000 0.000000 225.000000
32850 0.000000 0.000000 225.000000
32851 0.000000 0.000000 225.000000
32852 0.000000 0.000000 225.000000
32853 0.000000 0.000000 225.000000
32854 0.000000 0.000000 225.000000
32855 0.000000 0.000000 225.000000
32856 0.000000 0.000000 225.000000
32857 0.000000 0.000000 225.000000
32858 0.000000 0.000000 225.000000
32859 0.000000 0.000000 225.000000
32860 0.000000 0.000000 225.000000
32861 0.000000 0.000000 225.000000
32862 0.000000 0.000000 225.000000
32863 0.000000 0.000000 225.000000
32864 0.000000 0.000000 225.000000
32865 0.000000 0.000000 225.000000
32866 0.000000 0.000000 225.000000
32867 0.000000 0.000000 225.000000
32868 0.000000 0.000000 225.000000
32869 0.000000 0.000000 225.000000
32870 0.000000 0.000000 225.000000
32871 0.000000 0.000000 225.000000
32872 0.000000 0.000000 225.000000
32873 0.000000 0.000000 225.000000
32874 0.000000 0.000000 225.000000
32875 0.000000 0.000000 225.000000
32876 0.000000 0.000000 225.000000
32877 0.000000 0.000000 225.000000
32878 0.000000 0.000000 225.000000
32879 0.000000 0.000000 225.000000
32880 0.000000 0.000000 225.000000
32881 75.000000 0.000000 225.000000
32882 150.000000 0.000000 225.000000
32883 225.000000 0.000000 225.000000
32884 300.000000 0.000000 225.000000
32885 375.000000 0.000000 225.000000
32886 -375.000000 0.000000 225.000000
32887 -300.000000 0.000000 225.000000
32888 -225.000000 0.000000 225.000000
32889 -150.000000 0.000000 225.000000
32890 -75.000000 0.000000 225.000000
32891 0.000000 0.000000 225.000000
32892 0.000000 0.000000 225.000000
32893 0.000000 0.000000 225.000000
32894 0.000000 0.000000 225.000000
32895 0.000000 0.000000 225.000000
32896 0.000000 0.000000 225.000000
32897 0.000000 0.000000 225.000000
32898 0.000000 0.000000 225.000000
32899 0.000000 0.000000 225.000000
32900 0.000000 0.000000 225.000000
32901 0.000000 0.000000 225.000000
32902 0.000000 0.000000 225.000000
32903 0.000000 0.000000 225.000000
32904 0.000000 0.000000 225.000000
32905 0.000000 0.000000 225.000000
32906 0.000000 0.000000 225.000000
32907 0.000000 0.000000 225.000000
32908 0.000000 0.000000 225.000000
32909 0.000000 0.000000 225.000000
32910 0.000000 0.000000 225.000000
32911 0.000000 0.000000 225.000000
32912 0.000000 0.000000 225.000000
32913 0.000000 0.000000 225.000000
32914 0.000000 0.000000 225.000000
32915 0.000000 0.000000 225.000000
32916 0.000000 0.000000 225.000000
32917 0.000000 0.000000 225.000000
32918 0.000000 0.000000 225.000000
32919 0.000000 0.000000 225.000000
32920 0.000000 0.000000 225.000000
32921 0.000000 0.000000 225.000000
32922 0.000000 0.000000 225.000000
32923 75.000000 0.000000 225.000000
32924 150.000000 0.000000 225.000000
32925 225.000000 0.000000 225.000000
32926 300.000000 0.000000 225.000000
32927 375.000000 0.000000 225.000000
32928 -375.000000 0.000000 225.000000
32929 -300.000000 0.000000 225.000000
32930 -225.000000 0.000000 225.000000
32931 -150.000000 0.000000 225.000000
32932 -75.000000 0.000000 225.000000
32933 0.000000 0.000000 225.000000
32934 0.000000 0.000000 225.000000
32935 0.000000 0.000000 225.000000
32936 0.000000 0.000000 225.000000
32937 0.000000 0.000000 225.000000
32938 0.000000 0.000000 225.000000
32939 0.000000 0.000000 225.000000
32940 0.000000 0.000000 225.000000
32941 0.000000 0.000000 225.000000
32942 0.000000 0.000000 225.000000
32943 0.000000 0.000000 225.000000
32944 0.000000 0.000000 225.000000
32945 0.000000 0.000000 225.000000
32946 0.000000 0.000000 225.000000
32947 0.000000 0.000000 225.000000
32948 0.000000 0.000000 225.000000
32949 0.000000 0.000000 225.000000
32950 0.000000 0.000000 225.000000
32951 0.000000 0.000000 225.000000
32952 0.000000 0.000000 225.000000
32953 0.000000 0.000000 225.000000
32954 0.000000 0.000000 225.000000
32955 0.000000 0.000000 225.000000
32956 0.000000 0.000000 225.000000
32957 0.000000 0.000000 225.000000
32958 0.000000 0.000000 225.000000
32959 0.000000 0.000000 225.000000
32960 0.000000 0.000000 225.000000
32961 0.000000 0.000000 225.000000
32962 0.000000 0.000000 225.000000
32963 0.000000 0.000000 225.000000
32964 0.000000 0.000000 225.000000
32965 75.000000 0.000000 225.000000
32966 150.000000 0.000000 225.000000
32967 225.000000 0.000000 225.000000
32968 300.000000 0.000000 225.000000
32969 375.000000 0.000000 225.000000
32970 -375.000000 0.000000 225.000000
32971 -300.000000 0.000000 225.000000
32972 -225.000000 0.000000 225.000000
32973 -150.000000 0.000000 225.000000
32974 -75.000000 0.000000 225.000000
32975 0.000000 0.000000 225.000000
32976 0.000000 0.000000 225.000000
32977 0.000000 0.000000 225.000000
32978 0.000000 0.000000 225.000000
32979 0.000000 0.000000 225.000000
32980 0.000000 0.000000 225.000000
32981 0.000000 0.000000 225.000000
32982 0.000000 0.000000 225.000000
32983 0.000000 0.000000 225.000000
32984 0.000000 0.000000 225.000000
32985 0.000000 0.000000 225.000000
32986 0.000000 0.000000 225.000000
32987 0.000000 0.000000 225.000000
32988 0.000000 0.000000 225.000000
32989 0.000000 0.000000 225.000000
32990 0.000000 0.000000 225.000000
32991 0.000000 0.000000 225.000000
32992 0.000000 0.000000 225.000000
32993 0.000000 0.000000 225.000000
32994 0.000000 0.000000 225.000000
32995 0.000000 0.000000 225.000000
32996 0.000000 0.000000 225.000000
32997 0.000000 0.000000 225.000000
32998 0.000000 0.000000 225.000000
32999 0.000000 0.000000 225.000000
33000 0.000000 0.000000 225.000000
33001 0.000000 0.000000 225.000000
33002 0.000000 0.000000 225.000000
33003 0.000000 0.000000 225.000000
33004 0.000000 0.000000 225.000000
33005 0.000000 0.000000 225.000000
33006 0.000000 0.000000 225.000000
33007 75.000000 0.000000 225.000000
33008 150.000000 0.000000 225.000000
33009 225.000000 0.000000 225.000000
33010 300.000000 0.000000 225.000000
33011 375.000000 0.000000 225.000000
33012 -375.000000 0.000000 225.000000
33013 -300.000000 0.000000 225.000000
33014 -225.000000 0.000000 225.000000
33015 -150.000000 0.000000 225.000000
33016 -75.000000 0.000000 225.000000
33017 0.000000 0.000000 225.000000
33018 0.000000 0.000000 225.000000
33019 0.000000 0.000000 225.000000
33020 0.000000 0.000000 225.000000
33021 0.000000 0.000000 225.000000
33022 0.000000 0.000000 225.000000
33023 0.000000 0.000000 225.000000
33024 0.000000 0.000000 225.000000
33025 0.000000 0.000000 225.000000
33026 0.000000 0.000000 225.000000
33027 0.000000 0.000000 225.000000
33028 0.000000 0.000000 225.000000
33029 0.000000 0.000000 225.000000
33030 0.000000 0.000000 225.000000
33031 0.000000 0.000000 225.000000
33032 0.000000 0.000000 225.000000
33033 0.000000 0.000000 225.000000
33034 0.000000 0.000000 225.000000
33035 0.000000 0.000000 225.000000
33036 0.000000 0.000000 225.000000
33037 0.000000 0.000000 225.000000
33038 0.000000 0.000000 225.000000
33039 0.000000 0.000000 225.000000
33040 0.000000 0.000000 225.000000
33041 0.000000 0.000000 225.000000
33042 0.000000 0.000000 225.000000
33043 0.000000 0.000000 225.000000
33044 0.000000 0.000000 225.000000
33045 0.000000 0.000000 225.000000
33046 0.000000 0.000000 225.000000
33047 0.000000 0.000000 225.000000
33048 0.000000 0.000000 225.000000
33049 75.000000 0.000000 225.000000
33050 150.000000 0.000000 225.000000
33051 225.000000 0.000000 225.000000
33052 300.000000 0.000000 225.000000
33053 375.000000 0.000000 225.000000
33054 -375.000000 0.000000 225.000000
33055 -300.000000 0.000000 225.000000
33056 -225.000000 0.000000 225.000000
33057 -150.000000 0.000000 225.000000
33058 -75.000000 0.000000 225.000000
33059 0.000000 0.000000 225.000000
33060 0.000000 0.000000 225.000000
33061 0.000000 0.000000 225.000000
33062 0.000000 0.000000 225.000000
33063 0.000000 0.000000 225.000000
33064 0.000000 0.000000 225.000000
33065 0.000000 0.000000 225.000000
33066 0.000000 0.000000 225.000000
33067 0.000000 0.000000 225.000000
33068 0.000000 0.000000 225.000000
33069 0.000000 0.000000 225.000000
33070 0.000000 0.000000 225.000000
33071 0.000000 0.000000 225.000000
33072 0.000000 0.000000 225.000000
33073 0.000000 0.000000 225.000000
33074 0.000000 0.000000 225.000000
33075 0.000000 0.000000 225.000000
33076 0.000000 0.000000 225.000000
33077 0.000000 0.000000 225.000000
33078 0.000000 0.000000 225.000000
33079 0.000000 0.000000 225.000000
33080 0.000000 0.000000 225.000000
33081 0.000000 0.000000 225.000000
33082 0.000000 0.000000 225.000000
33083 0.000000 0.000000 225.000000
33084 0.000000 0.000000 225.000000
33085 0.000000 0.000000 225.000000
33086 0.000000 0.000000 225.000000
33087 0.000000 0.000000 225.000000
33088 0.000000 0.000000 225.000000
33089 0.000000 0.000000 225.000000
33090 0.000000 0.000000 225.000000
33091 75.000000 0.000000 225.000000
33092 150.000000 0.000000 225.000000
33093 225.000000 0.000000 225.000000
33094 300.000000 0.000000 225.000000
33095 375.000000 0.000000 225.000000
33096 -375.000000 0.000000 225.000000
33097 -300.000000 0.000000 225.000000
33098 -225.000000 0.000000 225.000000
33099 -150.000000 0.000000 225.000000
33100 -75.000000 0.000000 225.000000
33101 0.000000 0.000000 225.000000
33102 0.000000 0.000000 225.000000
33103 0.000000 0.000000 225.000000
33104 0.000000 0.000000 225.000000
33105 0.000000 0.000000 225.000000
33106 0.000000 0.000000 225.000000
33107 0.000000 0.000000 225.000000
33108 0.000000 0.000000 225.000000
33109 0.000000 0.000000 225.000000
33110 0.000000 0.000000 225.000000
33111 0.000000 0.000000 225.000000
33112 0.000000 0.000000 225.000000
33113 0.000000 0.000000 225.000000
33114 0.000000 0.000000 225.000000
33115 0.000000 0.000000 225.000000
33116 0.000000 0.000000 225.000000
33117 0.000000 0.000000 225.000000
33118 0.000000 0.000000 225.000000
33119 0.000000 0.000000 225.000000
33120 0.000000 0.000000 225.000000
33121 0.000000 0.000000 225.000000
33122 0.000000 0.000000 225.000000
33123 0.000000 0.000000 225.000000
33124 0.000000 0.000000 225.000000
33125 0.000000 0.000000 225.000000
33126 0.000000 0.000000 225.000000
33127 0.000000 0.000000 225.000000
33128 0.000000 0.000000 225.000000
33129 0.000000 0.000000 225.000000
33130 0.000000 0.000000 225.000000
33131 0.000000 0.000000 225.000000
33132 0.000000 0.000000 225.000000
33133 75.000000 0.000000 225.000000
33134 150.000000 0.000000 225.000000
33135 225.000000 0.000000 225.000000
33136 300.000000 0.000000 225.000000
33137 375.000000 0.000000 225.000000
33138 -375.000000 0.000000 225.000000
33139 -300.000000 0.000000 225.000000
33140 -225.000000 0.000000 225.000000
33141 -150.000000 0.000000 225.000000
33142 -75.000000 0.000000 225.000000
33143 0.000000 0.000000 225.000000
33144 0.000000 0.000000 225.000000
33145 0.000000 0.000000 225.000000
33146 0.000000 0.000000 225.000000
33147 0.000000 0.000000 225.000000
33148 0.000000 0.000000 225.000000
33149 0.000000 0.000000 225.000000
33150 0.000000 0.000000 225.000000
33151 0.000000 0.000000 225.000000
33152 0.000000 0.000000 225.000000
33153 0.000000 0.000000 225.000000
33154 0.000000 0.000000 225.000000
33155 0.000000 0.000000 225.000000
33156 0.000000 0.000000 225.000000
33157 0.000000 0.000000 225.000000
33158 0.000000 0.000000 225.000000
33159 0.000000 0.000000 225.000000
33160 0.000000 0.000000 225.000000
33161 0.000000 0.000000 225.000000
33162 0.000000 0.000000 225.000000
33163 0.000000 0.000000 225.000000
33164 0.000000 0.000000 225.000000
33165 0.000000 0.000000 225.000000
33166 0.000000 0.000000 225.000000
33167 0.000000 0.000000 225.000000
33168 0.000000 0.000000 225.000000
33169 0.000000 0.000000 225.000000
33170 0.000000 0.000000 225.000000
33171 0.000000 0.000000 225.000000
33172 0.000000 0.000000 225.000000
33173 0.000000 0.000000 225.000000
33174 0.000000 0.000000 225.000000
33175 75.000000 0.000000 225.000000
33176 150.000000 0.000000 225.000000
33177 225.000000 0.000000 225.000000
33178 300.000000 0.000000 225.000000
33179 375.000000 0.000000 225.000000
33180 -375.000000 0.000000 225.000000
33181 -300.000000 0.000000 225.000000
33182 -225.000000 0.000000 225.000000
33183 -150.000000 0.000000 225.000000
33184 -75.000000 0.000000 225.000000
33185 0.000000 0.000000 225.000000
33186 0.000000 0.000000 225.000000
33187 0.000000 0.000000 225.000000
33188 0.000000 0.000000 225.000000
33189 0.000000 0.000000 225.000000
33190 0.000000 0.000000 225.000000
33191 0.000000 0.000000 225.000000
33192 0.000000 0.000000 225.000000
33193 0.000000 0.000000 225.000000
33194 0.000000 0.000000 225.000000
33195 0.000000 0.000000 225.000000
33196 0.000000 0.000000 225.000000
33197 0.000000 0.000000 225.000000
33198 0.000000 0.000000 225.000000
33199 0.000000 0.000000 225.000000
33200 0.000000 0.000000 225.000000
33201 0.000000 0.000000 225.000000
33202 0.000000 0.000000 225.000000
33203 0.000000 0.000000 225.000000
33204 0.000000 0.000000 225.000000
33205 0.000000 0.000000 225.000000
33206 0.000000 0.000000 225.000000
33207 0.000000 0.000000 225.000000
33208 0.000000 0.000000 225.000000
33209 0.000000 0.000000 225.000000
33210 0.000000 0.000000 225.000000
33211 0.000000 0.000000 225.000000
33212 0.000000 0.000000 225.000000
33213 0.000000 0.000000 225.000000
33214 0.000000 0.000000 225.000000
33215 0.000000 0.000000 225.000000
33216 0.000000 0.000000 225.000000
33217 75.000000 0.000000 225.000000
33218 150.000000 0.000000 225.000000
33219 225.000000 0.000000 225.000000
33220 300.000000 0.000000 225.000000
33221 375.000000 0.000000 225.000000
33222 -375.000000 0.000000 225.000000
33223 -300.000000 0.000000 225.000000
33224 -225.000000 0.000000 225.000000
33225 -150.000000 0.000000 225.000000
33226 -75.000000 0.000000 225.000000
33227 0.000000 0.000000 225.000000
33228 0.000000 0.000000 225.000000
33229 0.000000 0.000000 225.000000
33230 0.000000 0.000000 225.000000
33231 0.000000 0.000000 225.000000
33232 0.000000 0.000000 225.000000
33233 0.000000 0.000000 225.000000
33234 0.000000 0.000000 225.000000
33235 0.000000 0.000000 225.000000
33236 0.000000 0.000000 225.000000
33237 0.000000 0.000000 225.000000
33238 0.000000 0.000000 225.000000
33239 0.000000 0.000000 225.000000
33240 0.000000 0.000000 225.000000
33241 0.000000 0.000000 225.000000
33242 0.000000 0.000000 225.000000
33243 0.000000 0.000000 225.000000
33244 0.000000 0.000000 225.000000
33245 0.000000 0.000000 225.000000
33246 0.000000 0.000000 225.000000
33247 0.000000 0.000000 225.000000
33248 0.000000 0.000000 225.000000
33249 0.000000 0.000000 225.000000
33250 0.000000 0.000000 225.000000
33251 0.000000 0.000000 225.000000
33252 0.000000 0.000000 225.000000
33253 0.000000 0.000000 225.000000
33254 0.000000 0.000000 225.000000
33255 0.000000 0.000000 225.000000
33256 0.000000 0.000000 225.000000
33257 0.000000 0.000000 225.000000
33258 0.000000 0.000000 225.000000
33259 75.000000 0.000000 225.000000
33260 150.000000 0.000000 225.000000
33261 225.000000 0.000000 225.000000
33262 300.000000 0.000000 225.000000
33263 375.000000 0.000000 225.000000
33264 -375.000000 0.000000 225.000000
33265 -300.000000 0.000000 225.000000
33266 -225.000000 0.000000 225.000000
33267 -150.000000 0.000000 225.000000
33268 -75.000000 0.000000 225.000000
33269 0.000000 0.000000 225.000000
33270 0.000000 0.000000 225.000000
33271 0.000000 0.000000 225.000000
33272 0.000000 0.000000 225.000000
33273 0.000000 0.000000 225.000000
33274 0.000000 0.000000 225.000000
33275 0.000000 0.000000 225.000000
33276 0.000000 0.000000 225.000000
33277 0.000000 0.000000 225.000000
33278 0.000000 0.000000 225.000000
33279 0.000000 0.000000 225.000000
33280 0.000000 0.000000 225.000000
33281 0.000000 0.000000 225.000000
33282 0.000000 0.000000 225.000000
33283 0.000000 0.000000 225.000000
33284 0.000000 0.000000 225.000000
33285 0.000000 0.000000 225.000000
33286 0.000000 0.000000 225.000000
33287 0.000000 0.000000 225.000000
33288 0.000000 0.000000 225.000000
33289 0.000000 0.000000 225.000000
33290 0.000000 0.000000 225.000000
33291 0.000000 0.000000 225.000000
33292 0.000000 0.000000 225.000000
33293 0.000000 0.000000 225.000000
33294 0.000000 0.000000 225.000000
33295 0.000000 0.000000 225.000000
33296 0.000000 0.000000 225.000000
33297 0.000000 0.000000 225.000000
33298 0.000000 0.000000 225.000000
33299 0.000000 0.000000 225.000000
33300 0.000000 0.000000 225.000000
33301 75.000000 0.000000 225.000000
33302 150.000000 0.000000 225.000000
33303 225.000000 0.000000 225.000000
33304 300.000000 0.000000 225.000000
33305 375.000000 0.000000 225.000000
33306 -375.000000 75.000000 225.000000
33307 -300.000000 75.000000 225.000000
33308 -225.000000 75.000000 225.000000
33309 -150.000000 75.000000 225.000000
33310 -75.000000 75.000000 225.000000
33311 0.000000 75.000000 225.000000
33312 0.000000 75.000000 225.000000
33313 0.000000 75.000000 225.000000
33314 0.000000 75.000000 225.000000
33315 0.000000 75.000000 225.000000
33316 0.000000 75.000000 225.000000
33317 0.000000 75.000000 225.000000
33318 0.000000 75.000000 225.000000
33319 0.000000 75.000000 225.000000
33320 0.000000 75.000000 225.000000
33321 0.000000 75.000000 225.000000
33322 0.000000 75.000000 225.000000
33323 0.000000 75.000000 225.000000
33324 0.000000 75.000000 225.000000
33325 0.000000 75.000000 225.000000
33326 0.000000 75.000000 225.000000
33327 0.000000 75.000000 225.000000
33328 0.000000 75.000000 225.000000
33329 0.000000 75.000000 225.000000
33330 0.000000 75.000000 225.000000
33331 0.000000 75.000000 225.000000
33332 0.000000 75.000000 225.000000
33333 0.000000 75.000000 225.000000
33334 0.000000 75.000000 225.000000
33335 0.000000 75.000000 225.000000
33336 0.000000 75.000000 225.000000
33337 0.000000 75.000000 225.000000
33338 0.000000 75.000000 225.000000
33339 0.000000 75.000000 225.000000
33340 0.000000 75.000000 225.000000
33341 0.000000 75.000000 225.000000
33342 0.000000 75.000000 225.000000
33343 75.000000 75.000000 225.000000
33344 150.000000 75.000000 225.000000
33345 225.000000 75.000000 225.000000
33346 300.000000 75.000000 225.000000
33347 375.000000 75.000000 225.000000
33348 -375.000000 150.000000 225.000000
33349 -300.000000 150.000000 225.000000
33350 -225.000000 150.000000 225.000000
33351 -150.000000 150.000000 225.000000
33352 -75.000000 150.000000 225.000000
33353 0.000000 150.000000 225.000000
33354 0.000000 150.000000 225.000000
33355 0.000000 150.000000 225.000000
33356 0.000000 150.000000 225.000000
33357 0.000000 150.000000 225.000000
33358 0.000000 150.000000 225.000000
33359 0.000000 150.000000 225.000000
33360 0.000000 150.000000 225.000000
33361 0.000000 150.000000 225.000000
33362 0.000000 150.000000 225.000000
33363 0.000000 150.000000 225.000000
33364 0.000000 150.000000 225.000000
33365 0.000000 150.000000 225.000000
33366 0.000000 150.000000 225.000000
33367 0.000000 150.000000 225.000000
33368 0.000000 150.000000 225.000000
33369 0.000000 150.000000 225.000000
33370 0.000000 150.000000 225.000000
33371 0.000000 150.000000 225.000000
33372 0.000000 150.000000 225.000000
33373 0.000000 150.000000 225.000000
33374 0.000000 150.000000 225.000000
33375 0.000000 150.000000 225.000000
33376 0.000000 150.000000 225.000000
33377 0.000000 150.000000 225.000000
33378 0.000000 150.000000 225.000000
33379 0.000000 150.000000 225.000000
33380 0.000000 150.000000 225.000000
33381 0.000000 150.000000 225.000000
33382 0.000000 150.000000 225.000000
33383 0.000000 150.000000 225.000000
33384 0.000000 150.000000 225.000000
33385 75.000000 150.000000 225.000000
33386 150.000000 150.000000 225.000000
33387 225.000000 150.000000 225.000000
33388 300.000000 150.000000 225.000000
33389 375.000000 150.000000 225.000000
33390 -375.000000 225.000000 225.000000
33391 -300.000000 225.000000 225.000000
33392 -225.000000 225.000000 225.000000
33393 -150.000000 225.000000 225.000000
33394 -75.000000 225.000000 225.000000
33395 0.000000 225.000000 225.000000
33396 0.000000 225.000000 225.000000
33397 0.000000 225.000000 225.000000
33398 0.000000 225.000000 225.000000
33399 0.000000 225.000000 225.000000
33400 0.000000 225.000000 225.000000
33401 0.000000 225.000000 225.000000
33402 0.000000 225.000000 225.000000
33403 0.000000 225.000000 225.000000
33404 0.000000 225.000000 225.000000
33405 0.000000 225.000000 225.000000
33406 0.000000 225.000000 225.000000
33407 0.000000 225.000000 225.000000
33408 0.000000 225.000000 225.000000
33409 0.000000 225.000000 225.000000
33410 0.000000 225.000000 225.000000
33411 0.000000 225.000000 225.000000
33412 0.000000 225.000000 225.000000
33413 0.000000 225.000000 225.000000
33414 0.000000 225.000000 225.000000
33415 0.000000 225.000000 225.000000
33416 0.000000 225.000000 225.000000
33417 0.000000 225.000000 225.000000
33418 0.000000 225.000000 225.000000
33419 0.000000 225.000000 225.000000
33420 0.000000 225.000000 225.000000
33421 0.000000 225.000000 225.000000
33422 0.000000 225.000000 225.000000
33423 0.000000 225.000000 225.000000
33424 0.000000 225.000000 225.000000
33425 0.000000 225.000000 225.000000
33426 0.000000 225.000000 225.000000
33427 75.000000 225.000000 225.000000
33428 150.000000 225.000000 225.000000
33429 225.000000 225.000000 225.000000
33430 300.000000 225.000000 225.000000
33431 375.000000 225.000000 225.000000
33432 -375.000000 300.000000 225.000000
33433 -300.000000 300.000000 225.000000
33434 -225.000000 300.000000 225.000000
33435 -150.000000 300.000000 225.000000
33436 -75.000000 300.000000 225.000000
33437 0.000000 300.000000 225.000000
33438 0.000000 300.000000 225.000000
33439 0.000000 300.000000 225.000000
33440 0.000000 300.000000 225.000000
33441 0.000000 300.000000 225.000000
33442 0.000000 300.000000 225.000000
33443 0.000000 300.000000 225.000000
33444 0.000000 300.000000 225.000000
33445 0.000000 300.000000 225.000000
33446 0.000000 300.000000 225.000000
33447 0.000000 300.000000 225.000000
33448 0.000000 300.000000 225.000000
33449 0.000000 300.000000 225.000000
33450 0.000000 300.000000 225.000000
33451 0.000000 300.000000 225.000000
33452 0.000000 300.000000 225.000000
33453 0.000000 300.000000 225.000000
33454 0.000000 300.000000 225.000000
33455 0.000000 300.000000 225.000000
33456 0.000000 300.000000 225.000000
33457 0.000000 300.000000 225.000000
33458 0.000000 300.000000 225.000000
33459 0.000000 300.000000 225.000000
33460 0.000000 300.000000 225.000000
33461 0.000000 300.000000 225.000000
33462 0.000000 300.000000 225.000000
33463 0.000000 300.000000 225.000000
33464 0.000000 300.000000 225.000000
33465 0.000000 300.000000 225.000000
33466 0.000000 300.000000 225.000000
33467 0.000000 300.000000 225.000000
33468 0.000000 300.000000 225.000000
33469 75.000000 300.000000 225.000000
33470 150.000000 300.000000 225.000000
33471 225.000000 300.000000 225.000000
33472 300.000000 300.000000 225.000000
33473 375.000000 300.000000 225.000000
33474 -375.000000 375.000000 225.000000
33475 -300.000000 375.000000 225.000000
33476 -225.000000 375.000000 225.000000
33477 -150.000000 375.000000 225.000000
33478 -75.000000 375.000000 225.000000
33479 0.000000 375.000000 225.000000
33480 0.000000 375.000000 225.000000
33481 0.000000 375.000000 225.000000
33482 0.000000 375.000000 225.000000
33483 0.000000 375.000000 225.000000
33484 0.000000 375.000000 225.000000
33485 0.000000 375.000000 225.000000
33486 0.000000 375.000000 225.000000
33487 0.000000 375.000000 225.000000
33488 0.000000 375.000000 225.000000
33489 0.000000 375.000000 225.000000
33490 0.000000 375.000000 225.000000
33491 0.000000 375.000000 225.000000
33492 0.000000 375.000000 225.000000
33493 0.000000 375.000000 225.000000
33494 0.000000 375.000000 225.000000
33495 0.000000 375.000000 225.000000
33496 0.000000 375.000000 225.000000
33497 0.000000 375.000000 225.000000
33498 0.000000 375.000000 225.000000
33499 0.000000 375.000000 225.000000
33500 0.000000 375.000000 225.000000
33501 0.000000 375.000000 225.000000
33502 0.000000 375.000000 225.000000
33503 0.000000 375.000000 225.000000
33504 0.000000 375.000000 225.000000
33505 0.000000 375.000000 225.000000
33506 0.000000 375.000000 225.000000
33507 0.000000 375.000000 225.000000
33508 0.000000 375.000000 225.000000
33509 0.000000 375.000000 225.000000
33510 0.000000 375.000000 225.000000
33511 75.000000 375.000000 225.000000
33512 150.000000 375.000000 225.000000
33513 225.000000 375.000000 225.000000
33514 300.000000 375.000000 225.000000
33515 375.000000 375.000000 225.000000
33516 -375.000000 -375.000000 300.000000
33517 -300.000000 -375.000000 300.000000
33518 -225.000000 -375.000000 300.000000
33519 -150.000000 -375.000000 300.000000
33520 -75.000000 -375.000000 300.000000
33521 0.000000 -375.000000 300.000000
33522 0.000000 -375.000000 300.000000
33523 0.000000 -375.000000 300.000000
33524 0.000000 -375.000000 300.000000
33525 0.000000 -375.000000 300.000000
33526 0.000000 -375.000000 300.000000
33527 0.000000 -375.000000 300.000000
33528 0.000000 -375.000000 300.000000
33529 0.000000 -375.000000 300.000000
33530 0.000000 -375.000000 300.000000
33531 0.000000 -375.000000 300.000000
33532 0.000000 -375.000000 300.000000
33533 0.000000 -375.000000 300.000000
33534 0.000000 -375.000000 300.000000
33535 0.000000 -375.000000 300.000000
33536 0.000000 -375.000000 300.000000
33537 0.000000 -375.000000 300.000000
33538 0.000000 -375.000000 300.000000
33539 0.000000 -375.000000 300.000000
33540 0.000000 -375.000000 300.000000
33541 0.000000 -375.000000 300.000000
33542 0.000000 -375.000000 300.000000
33543 0.000000 -375.000000 300.000000
33544 0.000000 -375.000000 300.000000
33545 0.000000 -375.000000 300.000000
33546 0.000000 -375.000000 300.000000
33547 0.000000 -375.000000 300.000000
33548 0.000000 -375.000000 300.000000
33549 0.000000 -375.000000 300.000000
33550 0.000000 -375.000000 300.000000
33551 0.000000 -375.000000 300.000000
33552 0.000000 -375.000000 300.000000
33553 75.000000 -375.000000 300.000000
33554 150.000000 -375.000000 300.000000
33555 225.000000 -375.000000 300.000000
33556 300.000000 -375.000000 300.000000
33557 375.000000 -375.000000 300.000000
33558 -375.000000 -300.000000 300.000000
33559 -300.000000 -300.000000 300.000000
33560 -225.000000 -300.000000 300.000000
33561 -150.000000 -300.000000 300.000000
33562 -75.000000 -300.000000 300.000000
33563 0.000000 -300.000000 300.000000
33564 0.000000 -300.000000 300.000000
33565 0.000000 -300.000000 300.000000
33566 0.000000 -300.000000 300.000000
33567 0.000000 -300.000000 300.000000
33568 0.000000 -300.000000 300.000000
33569 0.000000 -300.000000 300.000000
33570 0.000000 -300.000000 300.000000
33571 0.000000 -300.000000 300.000000
33572 0.000000 -300.000000 300.000000
33573 0.000000 -300.000000 300.000000
33574 0.000000 -300.000000 300.000000
33575 0.000000 -300.000000 300.000000
33576 0.000000 -300.000000 300.000000
33577 0.000000 -300.000000 300.000000
33578 0.000000 -300.000000 300.000000
33579 0.000000 -300.000000 300.000000
33580 0.000000 -300.000000 300.000000
33581 0.000000 -300.000000 300.000000
33582 0.000000 -300.000000 300.000000
33583 0.000000 -300.000000 300.000000
33584 0.000000 -300.000000 300.000000
33585 0.000000 -300.000000 300.000000
33586 0.000000 -300.000000 300.000000
33587 0.000000 -300.000000 300.000000
33588 0.000000 -300.000000 300.000000
33589 0.000000 -300.000000 300.000000
33590 0.000000 -300.000000 300.000000
33591 0.000000 -300.000000 300.000000
33592 0.000000 -300.000000 300.000000
33593 0.000000 -300.000000 300.000000
33594 0.000000 -300.000000 300.000000
33595 75.000000 -300.000000 300.000000
33596 150.000000 -300.000000 300.000000
33597 225.000000 -300.000000 300.000000
33598 300.000000 -300.000000 300.000000
33599 375.000000 -300.000000 300.000000
33600 -375.000000 -225.000000 300.000000
33601 -300.000000 -225.000000 300.000000
33602 -225.000000 -225.000000 300.000000
33603 -150.000000 -225.000000 300.000000
33604 -75.000000 -225.000000 300.000000
33605 0.000000 -225.000000 300.000000
33606 0.000000 -225.000000 300.000000
33607 0.000000 -225.000000 300.000000
33608 0.000000 -225.000000 300.000000
33609 0.000000 -225.000000 300.000000
33610 0.000000 -225.000000 300.000000
33611 0.000000 -225.000000 300.000000
33612 0.000000 -225.000000 300.000000
33613 0.000000 -225.000000 300.000000
33614 0.000000 -225.000000 300.000000
33615 0.000000 -225.000000 300.000000
33616 0.000000 -225.000000 300.000000
33617 0.000000 -225.000000 300.000000
33618 0.000000 -225.000000 300.000000
33619 0.000000 -225.000000 300.000000
33620 0.000000 -225.000000 300.000000
33621 0.000000 -225.000000 300.000000
33622 0.000000 -225.000000 300.000000
33623 0.000000 -225.000000 300.000000
33624 0.000000 -225.000000 300.000000
33625 0.000000 -225.000000 300.000000
33626 0.000000 -225.000000 300.000000
33627 0.000000 -225.000000 300.000000
33628 0.000000 -225.000000 300.000000
33629 0.000000 -225.000000 300.000000
33630 0.000000 -225.000000 300.000000
33631 0.000000 -225.000000 300.000000
33632 0.000000 -225.000000 300.000000
33633 0.000000 -225.000000 300.000000
33634 0.000000 -225.000000 300.000000
33635 0.000000 -225.000000 300.000000
33636 0.000000 -225.000000 300.000000
33637 75.000000 -225.000000 300.000000
33638 150.000000 -225.000000 300.000000
33639 225.000000 -225.000000 300.000000
33640 300.000000 -225.000000 300.000000
33641 375.000000 -225.000000 300.000000
33642 -375.000000 -150.000000 300.000000
33643 -300.000000 -150.000000 300.000000
33644 -225.000000 -150.000000 300.000000
33645 -150.000000 -150.000000 300.000000
33646 -75.000000 -150.000000 300.000000
33647 0.000000 -150.000000 300.000000
33648 0.000000 -150.000000 300.000000
33649 0.000000 -150.000000 300.000000
33650 0.000000 -150.000000 300.000000
33651 0.000000 -150.000000 300.000000
33652 0.000000 -150.000000 300.000000
33653 0.000000 -150.000000 300.000000
33654 0.000000 -150.000000 300.000000
33655 0.000000 -150.000000 300.000000
33656 0.000000 -150.000000 300.000000
33657 0.000000 -150.000000 300.000000
33658 0.000000 -150.000000 300.000000
33659 0.000000 -150.000000 300.000000
33660 0.000000 -150.000000 300.000000
33661 0.000000 -150.000000 300.000000
33662 0.000000 -150.000000 300.000000
33663 0.000000 -150.000000 300.000000
33664 0.000000 -150.000000 300.000000
33665 0.000000 -150.000000 300.000000
33666 0.000000 -150.000000 300.000000
33667 0.000000 -150.000000 300.000000
33668 0.000000 -150.000000 300.000000
33669 0.000000 -150.000000 300.000000
33670 0.000000 -150.000000 300.000000
33671 0.000000 -150.000000 300.000000
33672 0.000000 -150.000000 300.000000
33673 0.000000 -150.000000 300.000000
33674 0.000000 -150.000000 300.000000
33675 0.000000 -150.000000 300.000000
33676 0.000000 -150.000000 300.000000
33677 0.000000 -150.000000 300.000000
33678 0.000000 -150.000000 300.000000
33679 75.000000 -150.000000 300.000000
33680 150.000000 -150.000000 300.000000
33681 225.000000 -150.000000 300.000000
33682 300.000000 -150.000000 300.000000
33683 375.000000 -150.000000 300.000000
33684 -375.000000 -75.000000 300.000000
33685 -300.000000 -75.000000 300.000000
33686 -225.000000 -75.000000 300.000000
33687 -150.000000 -75.000000 300.000000
33688 -75.000000 -75.000000 300.000000
33689 0.000000 -75.000000 300.000000
33690 0.000000 -75.000000 300.000000
33691 0.000000 -75.000000 300.000000
33692 0.000000 -75.000000 300.000000
33693 0.000000 -75.000000 300.000000
33694 0.000000 -75.000000 300.000000
33695 0.000000 -75.000000 300.000000
33696 0.000000 -75.000000 300.000000
33697 0.000000 -75.000000 300.000000
33698 0.000000 -75.000000 300.000000
33699 0.000000 -75.000000 300.000000
33700 0.000000 -75.000000 300.000000
33701 0.000000 -75.000000 300.000000
33702 0.000000 -75.000000 300.000000
33703 0.000000 -75.000000 300.000000
33704 0.000000 -75.000000 300.000000
33705 0.000000 -75.000000 300.000000
33706 0.000000 -75.000000 300.000000
33707 0.000000 -75.000000 300.000000
33708 0.000000 -75.000000 300.000000
33709 0.000000 -75.000000 300.000000
33710 0.000000 -75.000000 300.000000
33711 0.000000 -75.000000 300.000000
33712 0.000000 -75.000000 300.000000
33713 0.000000 -75.000000 300.000000
33714 0.000000 -75.000000 300.000000
33715 0.000000 -75.000000 300.000000
33716 0.000000 -75.000000 300.000000
33717 0.000000 -75.000000 300.000000
33718 0.000000 -75.000000 300.000000
33719 0.000000 -75.000000 300.000000
33720 0.000000 -75.000000 300.000000
33721 75.000000 -75.000000 300.000000
33722 150.000000 -75.000000 300.000000
33723 225.000000 -75.000000 300.000000
33724 300.000000 -75.000000 300.000000
33725 375.000000 -75.000000 300.000000
33726 -375.000000 0.000000 300.000000
33727 -300.000000 0.000000 300.000000
33728 -225.000000 0.000000 300.000000
33729 -150.000000 0.000000 300.000000
33730 -75.000000 0.000000 300.000000
33731 0.000000 0.000000 300.000000
33732 0.000000 0.000000 300.000000
33733 0.000000 0.000000 300.000000
33734 0.000000 0.000000 300.000000
33735 0.000000 0.000000 300.000000
33736 0.000000 0.000000 300.000000
33737 0.000000 0.000000 300.000000
33738 0.000000 0.000000 300.000000
33739 0.000000 0.000000 300.000000
33740 0.000000 0.000000 300.000000
33741 0.000000 0.000000 300.000000
33742 0.000000 0.000000 300.000000
33743 0.000000 0.000000 300.000000
33744 0.000000 0.000000 300.000000
33745 0.000000 0.000000 300.000000
33746 0.000000 0.000000 300.000000
33747 0.000000 0.000000 300.000000
33748 0.000000 0.000000 300.000000
33749 0.000000 0.000000 300.000000
33750 0.000000 0.000000 300.000000
33751 0.000000 0.000000 300.000000
33752 0.000000 0.000000 300.000000
33753 0.000000 0.000000 300.000000
33754 0.000000 0.000000 300.000000
33755 0.000000 0.000000 300.000000
33756 0.000000 0.000000 300.000000
33757 0.000000 0.000000 300.000000
33758 0.000000 0.000000 300.000000
33759 0.000000 0.000000 300.000000
33760 0.000000 0.000000 300.000000
33761 0.000000 0.000000 300.000000
33762 0.000000 0.000000 300.000000
33763 75.000000 0.000000 300.000000
33764 150.000000 0.000000 300.000000
33765 225.000000 0.000000 300.000000
33766 300.000000 0.000000 300.000000
33767 375.000000 0.000000 300.000000
33768 -375.000000 0.000000 300.000000
33769 -300.000000 0.000000 300.000000
33770 -225.000000 0.000000 300.000000
33771 -150.000000 0.000000 300.000000
33772 -75.000000 0.000000 300.000000
33773 0.000000 0.000000 300.000000
33774 0.000000 0.000000 300.000000
33775 0.000000 0.000000 300.000000
33776 0.000000 0.000000 300.000000
33777 0.000000 0.000000 300.000000
33778 0.000000 0.000000 300.000000
33779 0.000000 0.000000 300.000000
33780 0.000000 0.000000 300.000000
33781 0.000000 0.000000 300.000000
33782 0.000000 0.000000 300.000000
33783 0.000000 0.000000 300.000000
33784 0.000000 0.000000 300.000000
33785 0.000000 0.000000 300.000000
33786 0.000000 0.000000 300.000000
33787 0.000000 0.000000 300.000000
33788 0.000000 0.000000 300.000000
33789 0.000000 0.000000 300.000000
33790 0.000000 0.000000 300.000000
33791 0.000000 0.000000 300.000000
33792 0.000000 0.000000 300.000000
33793 0.000000 0.000000 300.000000
33794 0.000000 0.000000 300.000000
33795 0.000000 0.000000 300.000000
33796 0.000000 0.000000 300.000000
33797 0.000000 0.000000 300.000000
33798 0.000000 0.000000 300.000000
33799 0.000000 0.000000 300.000000
33800 0.000000 0.000000 300.000000
33801 0.000000 0.000000 300.000000
33802 0.000000 0.000000 300.000000
33803 0.000000 0.000000 300.000000
33804 0.000000 0.000000 300.000000
33805 75.000000 0.000000 300.000000
33806 150.000000 0.000000 300.000000
33807 225.000000 0.000000 300.000000
33808 300.000000 0.000000 300.000000
33809 375.000000 0.000000 300.000000
33810 -375.000000 0.000000 300.000000
33811 -300.000000 0.000000 300.000000
33812 -225.000000 0.000000 300.000000
33813 -150.000000 0.000000 300.000000
33814 -75.000000 0.000000 300.000000
33815 0.000000 0.000000 300.000000
33816 0.000000 0.000000 300.000000
33817 0.000000 0.000000 300.000000
33818 0.000000 0.000000 300.000000
33819 0.000000 0.000000 300.000000
33820 0.000000 0.000000 300.000000
33821 0.000000 0.000000 300.000000
33822 0.000000 0.000000 300.000000
33823 0.000000 0.000000 300.000000
33824 0.000000 0.000000 300.000000
33825 0.000000 0.000000 300.000000
33826 0.000000 0.000000 300.000000
33827 0.000000 0.000000 300.000000
33828 0.000000 0.000000 300.000000
33829 0.000000 0.000000 300.000000
33830 0.000000 0.000000 300.000000
33831 0.000000 0.000000 300.000000
33832 0.000000 0.000000 300.000000
33833 0.000000 0.000000 300.000000
33834 0.000000 0.000000 300.000000
33835 0.000000 0.000000 300.000000
33836 0.000000 0.000000 300.000000
33837 0.000000 0.000000 300.000000
33838 0.000000 0.000000 300.000000
33839 0.000000 0.000000 300.000000
33840 0.000000 0.000000 300.000000
33841 0.000000 0.000000 300.000000
33842 0.000000 0.000000 300.000000
33843 0.000000 0.000000 300.000000
33844 0.000000 0.000000 300.000000
33845 0.000000 0.000000 300.000000
33846 0.000000 0.000000 300.000000
33847 75.000000 0.000000 300.000000
33848 150.000000 0.000000 300.000000
33849 225.000000 0.000000 300.000000
33850 300.000000 0.000000 300.000000
33851 375.000000 0.000000 300.000000
33852 -375.000000 0.000000 300.000000
33853 -300.000000 0.000000 300.000000
33854 -225.000000 0.000000 300.000000
33855 -150.000000 0.000000 300.000000
33856 -75.000000 0.000000 300.000000
33857 0.000000 0.000000 300.000000
33858 0.000000 0.000000 300.000000
33859 0.000000 0.000000 300.000000
33860 0.000000 0.000000 300.000000
33861 0.000000 0.000000 300.000000
33862 0.000000 0.000000 300.000000
33863 0.000000 0.000000 300.000000
33864 0.000000 0.000000 300.000000
33865 0.000000 0.000000 300.000000
33866 0.000000 0.000000 300.000000
33867 0.000000 0.000000 300.000000
33868 0.000000 0.000000 300.000000
33869 0.000000 0.000000 300.000000
33870 0.000000 0.000000 300.000000
33871 0.000000 0.000000 300.000000
33872 0.000000 0.000000 300.000000
33873 0.000000 0.000000 300.000000
33874 0.000000 0.000000 300.000000
33875 0.000000 0.000000 300.000000
33876 0.000000 0.000000 300.000000
33877 0.000000 0.000000 300.000000
33878 0.000000 0.000000 300.000000
33879 0.000000 0.000000 300.000000
33880 0.000000 0.000000 300.000000
33881 0.000000 0.000000 300.000000
33882 0.000000 0.000000 300.000000
33883 0.000000 0.000000 300.000000
33884 0.000000 0.000000 300.000000
33885 0.000000 0.000000 300.000000
33886 0.000000 0.000000 300.000000
33887 0.000000 0.000000 300.000000
33888 0.000000 0.000000 300.000000
33889 75.000000 0.000000 300.000000
33890 150.000000 0.000000 300.000000
33891 225.000000 0.000000 300.000000
33892 300.000000 0.000000 300.000000
33893 375.000000 0.000000 300.000000
33894 -375.000000 0.000000 300.000000
33895 -300.000000 0.000000 300.000000
33896 -225.000000 0.000000 300.000000
33897 -150.000000 0.000000 300.000000
33898 -75.000000 0.000000 300.000000
33899 0.000000 0.000000 300.000000
33900 0.000000 0.000000 300.000000
33901 0.000000 0.000000 300.000000
33902 0.000000 0.000000 300.000000
33903 0.000000 0.000000 300.000000
33904 0.000000 0.000000 300.000000
33905 0.000000 0.000000 300.000000
33906 0.000000 0.000000 300.000000
33907 0.000000 0.000000 300.000000
33908 0.000000 0.000000 300.000000
33909 0.000000 0.000000 300.000000
33910 0.000000 0.000000 300.000000
33911 0.000000 0.000000 300.000000
33912 0.000000 0.000000 300.000000
33913 0.000000 0.000000 300.000000
33914 0.000000 0.000000 300.000000
33915 0.000000 0.000000 300.000000
33916 0.000000 0.000000 300.000000
33917 0.000000 0.000000 300.000000
33918 0.000000 0.000000 300.000000
33919 0.000000 0.000000 300.000000
33920 0.000000 0.000000 300.000000
33921 0.000000 0.000000 300.000000
33922 0.000000 0.000000 300.000000
33923 0.000000 0.000000 300.000000
33924 0.000000 0.000000 300.000000
33925 0.000000 0.000000 300.000000
33926 0.000000 0.000000 300.000000
33927 0.000000 0.000000 300.000000
33928 0.000000 0.000000 300.000000
33929 0.000000 0.000000 300.000000
33930 0.000000 0.000000 300.000000
33931 75.000000 0.000000 300.000000
33932 150.000000 0.000000 300.000000
33933 225.000000 0.000000 300.000000
33934 300.000000 0.000000 300.000000
33935 375.000000 0.000000 300.000000
33936 -375.000000 0.000000 300.000000
33937 -300.000000 0.000000 300.000000
33938 -225.000000 0.000000 300.000000
33939 -150.000000 0.000000 300.000000
33940 -75.000000 0.000000 300.000000
33941 0.000000 0.000000 300.000000
33942 0.000000 0.000000 300.000000
33943 0.000000 0.000000 300.000000
33944 0.000000 0.000000 300.000000
33945 0.000000 0.000000 300.000000
33946 0.000000 0.000000 300.000000
33947 0.000000 0.000000 300.000000
33948 0.000000 0.000000 300.000000
33949 0.000000 0.000000 300.000000
33950 0.000000 0.000000 300.000000
33951 0.000000 0.000000 300.000000
33952 0.000000 0.000000 300.000000
33953 0.000000 0.000000 300.000000
33954 0.000000 0.000000 300.000000
33955 0.000000 0.000000 300.000000
33956 0.000000 0.000000 300.000000
33957 0.000000 0.000000 300.000000
33958 0.000000 0.000000 300.000000
33959 0.000000 0.000000 300.000000
33960 0.000000 0.000000 300.000000
33961 0.000000 0.000000 300.000000
33962 0.000000 0.000000 300.000000
33963 0.000000 0.000000 300.000000
33964 0.000000 0.000000 300.000000
33965 0.000000 0.000000 300.000000
33966 0.000000 0.000000 300.000000
33967 0.000000 0.000000 300.000000
33968 0.000000 0.000000 300.000000
33969 0.000000 0.000000 300.000000
33970 0.000000 0.000000 300.000000
33971 0.000000 0.000000 300.000000
33972 0.000000 0.000000 300.000000
33973 75.000000 0.000000 300.000000
33974 150.000000 0.000000 300.000000
33975 225.000000 0.000000 300.000000
33976 300.000000 0.000000 300.000000
33977 375.000000 0.000000 300.000000
33978 -375.000000 0.000000 300.000000
33979 -300.000000 0.000000 300.000000
33980 -225.000000 0.000000 300.000000
33981 -150.000000 0.000000 300.000000
33982 -75.000000 0.000000 300.000000
33983 0.000000 0.000000 300.000000
33984 0.000000 0.000000 300.000000
33985 0.000000 0.000000 300.000000
33986 0.000000 0.000000 300.000000
33987 0.000000 0.000000 300.000000
33988 0.000000 0.000000 300.000000
33989 0.000000 0.000000 300.000000
33990 0.000000 0.000000 300.000000
33991 0.000000 0.000000 300.000000
33992 0.000000 0.000000 300.000000
33993 0.000000 0.000000 300.000000
33994 0.000000 0.000000 300.000000
33995 0.000000 0.000000 300.000000
33996 0.000000 0.000000 300.000000
33997 0.000000 0.000000 300.000000
33998 0.000000 0.000000 300.000000
33999 0.000000 0.000000 300.000000
34000 0.000000 0.000000 300.000000
34001 0.000000 0.000000 300.000000
34002 0.000000 0.000000 300.000000
34003 0.000000 0.000000 300.000000
34004 0.000000 0.000000 300.000000
34005 0.000000 0.000000 300.000000
34006 0.000000 0.000000 300.000000
34007 0.000000 0.000000 300.000000
34008 0.000000 0.000000 300.000000
34009 0.000000 0.000000 300.000000
34010 0.000000 0.000000 300.000000
34011 0.000000 0.000000 300.000000
34012 0.000000 0.000000 300.000000
34013 0.000000 0.000000 300.000000
34014 0.000000 0.000000 300.000000
34015 75.000000 0.000000 300.000000
34016 150.000000 0.000000 300.000000
34017 225.000000 0.000000 300.000000
34018 300.000000 0.000000 300.000000
34019 375.000000 0.000000 300.000000
34020 -375.000000 0.000000 300.000000
34021 -300.000000 0.000000 300.000000
34022 -225.000000 0.000000 300.000000
34023 -150.000000 0.000000 300.000000
34024 -75.000000 0.000000 300.000000
34025 0.000000 0.000000 300.000000
34026 0.000000 0.000000 300.000000
34027 0.000000 0.000000 300.000000
34028 0.000000 0.000000 300.000000
34029 0.000000 0.000000 300.000000
34030 0.000000 0.000000 300.000000
34031 0.000000 0.000000 300.000000
34032 0.000000 0.000000 300.000000
34033 0.000000 0.000000 300.000000
34034 0.000000 0.000000 300.000000
34035 0.000000 0.000000 300.000000
34036 0.000000 0.000000 300.000000
34037 0.000000 0.000000 300.000000
34038 0.000000 0.000000 300.000000
34039 0.000000 0.000000 300.000000
34040 0.000000 0.000000 300.000000
34041 0.000000 0.000000 300.000000
34042 0.000000 0.000000 300.000000
34043 0.000000 0.000000 300.000000
34044 0.000000 0.000000 300.000000
34045 0.000000 0.000000 300.000000
34046 0.000000 0.000000 300.000000
34047 0.000000 0.000000 300.000000
34048 0.000000 0.000000 300.000000
34049 0.000000 0.000000 300.000000
34050 0.000000 0.000000 300.000000
34051 0.000000 0.000000 300.000000
34052 0.000000 0.000000 300.000000
34053 0.000000 0.000000 300.000000
34054 0.000000 0.000000 300.000000
34055 0.000000 0.000000 300.000000
34056 0.000000 0.000000 300.000000
34057 75.000000 0.000000 300.000000
34058 150.000000 0.000000 300.000000
34059 225.000000 0.000000 300.000000
34060 300.000000 0.000000 300.000000
34061 375.000000 0.000000 300.000000
34062 -375.000000 0.000000 300.000000
34063 -300.000000 0.000000 300.000000
34064 -225.000000 0.000000 300.000000
34065 -150.000000 0.000000 300.000000
34066 -75.000000 0.000000 300.000000
34067 0.000000 0.000000 300.000000
34068 0.000000 0.000000 300.000000
34069 0.000000 0.000000 300.000000
34070 0.000000 0.000000 300.000000
34071 0.000000 0.000000 300.000000
34072 0.000000 0.000000 300.000000
34073 0.000000 0.000000 300.000000
34074 0.000000 0.000000 300.000000
34075 0.000000 0.000000 300.000000
34076 0.000000 0.000000 300.000000
34077 0.000000 0.000000 300.000000
34078 0.000000 0.000000 300.000000
34079 0.000000 0.000000 300.000000
34080 0.000000 0.000000 300.000000
34081 0.000000 0.000000 300.000000
34082 0.000000 0.000000 300.000000
34083 0.000000 0.000000 300.000000
34084 0.000000 0.000000 300.000000
34085 0.000000 0.000000 300.000000
34086 0.000000 0.000000 300.000000
34087 0.000000 0.000000 300.000000
34088 0.000000 0.000000 300.000000
34089 0.000000 0.000000 300.000000
34090 0.000000 0.000000 300.000000
34091 0.000000 0.000000 300.000000
34092 0.000000 0.000000 300.000000
34093 0.000000 0.000000 300.000000
34094 0.000000 0.000000 300.000000
34095 0.000000 0.000000 300.000000
34096 0.000000 0.000000 300.000000
34097 0.000000 0.000000 300.000000
34098 0.000000 0.000000 300.000000
34099 75.000000 0.000000 300.000000
34100 150.000000 0.000000 300.000000
34101 225.000000 0.000000 300.000000
34102 300.000000 0.000000 300.000000
34103 375.000000 0.000000 300.000000
34104 -375.000000 0.000000 300.000000
34105 -300.000000 0.000000 300.000000
34106 -225.000000 0.000000 300.000000
34107 -150.000000 0.000000 300.000000
34108 -75.000000 0.000000 300.000000
34109 0.000000 0.000000 300.000000
34110 0.000000 0.000000 300.000000
34111 0.000000 0.000000 300.000000
34112 0.000000 0.000000 300.000000
34113 0.000000 0.000000 300.000000
34114 0.000000 0.000000 300.000000
34115 0.000000 0.000000 300.000000
34116 0.000000 0.000000 300.000000
34117 0.000000 0.000000 300.000000
34118 0.000000 0.000000 300.000000
34119 0.000000 0.000000 300.000000
34120 0.000000 0.000000 300.000000
34121 0.000000 0.000000 300.000000
34122 0.000000 0.000000 300.000000
34123 0.000000 0.000000 300.000000
34124 0.000000 0.000000 300.000000
34125 0.000000 0.000000 300.000000
34126 0.000000 0.000000 300.000000
34127 0.000000 0.000000 300.000000
34128 0.000000 0.000000 300.000000
34129 0.000000 0.000000 300.000000
34130 0.000000 0.000000 300.000000
34131 0.000000 0.000000 300.000000
34132 0.000000 0.000000 300.000000
34133 0.000000 0.000000 300.000000
34134 0.000000 0.000000 300.000000
34135 0.000000 0.000000 300.000000
34136 0.000000 0.000000 300.000000
34137 0.000000 0.000000 300.000000
34138 0.000000 0.000000 300.000000
34139 0.000000 0.000000 300.000000
34140 0.000000 0.000000 300.000000
34141 75.000000 0.000000 300.000000
34142 150.000000 0.000000 300.000000
34143 225.000000 0.000000 300.000000
34144 300.000000 0.000000 300.000000
34145 375.000000 0.000000 300.000000
34146 -375.000000 0.000000 300.000000
34147 -300.000000 0.000000 300.000000
34148 -225.000000 0.000000 300.000000
34149 -150.000000 0.000000 300.000000
34150 -75.000000 0.000000 300.000000
34151 0.000000 0.000000 300.000000
34152 0.000000 0.000000 300.000000
34153 0.000000 0.000000 300.000000
34154 0.000000 0.000000 300.000000
34155 0.000000 0.000000 300.000000
34156 0.000000 0.000000 300.000000
34157 0.000000 0.000000 300.000000
34158 0.000000 0.000000 300.000000
34159 0.000000 0.000000 300.000000
34160 0.000000 0.000000 300.000000
34161 0.000000 0.000000 300.000000
34162 0.000000 0.000000 300.000000
34163 0.000000 0.000000 300.000000
34164 0.000000 0.000000 300.000000
34165 0.000000 0.000000 300.000000
34166 0.000000 0.000000 300.000000
34167 0.000000 0.000000 300.000000
34168 0.000000 0.000000 300.000000
34169 0.000000 0.000000 300.000000
34170 0.000000 0.000000 300.000000
34171 0.000000 0.000000 300.000000
34172 0.000000 0.000000 300.000000
34173 0.000000 0.000000 300.000000
34174 0.000000 0.000000 300.000000
34175 0.000000 0.000000 300.000000
34176 0.000000 0.000000 300.000000
34177 0.000000 0.000000 300.000000
34178 0.000000 0.000000 300.000000
34179 0.000000 0.000000 300.000000
34180 0.000000 0.000000 300.000000
34181 0.000000 0.000000 300.000000
34182 0.000000 0.000000 300.000000
34183 75.000000 0.000000 300.000000
34184 150.000000 0.000000 300.000000
34185 225.000000 0.000000 300.000000
34186 300.000000 0.000000 300.000000
34187 375.000000 0.000000 300.000000
34188 -375.000000 0.000000 300.000000
34189 -300.000000 0.000000 300.000000
34190 -225.000000 0.000000 300.000000
34191 -150.000000 0.000000 300.000000
34192 -75.000000 0.000000 300.000000
34193 0.000000 0.000000 300.000000
34194 0.000000 0.000000 300.000000
34195 0.000000 0.000000 300.000000
34196 0.000000 0.000000 300.000000
34197 0.000000 0.000000 300.000000
34198 0.000000 0.000000 300.000000
34199 0.000000 0.000000 300.000000
34200 0.000000 0.000000 300.000000
34201 0.000000 0.000000 300.000000
34202 0.000000 0.000000 300.000000
34203 0.000000 0.000000 300.000000
34204 0.000000 0.000000 300.000000
34205 0.000000 0.000000 300.000000
34206 0.000000 0.000000 300.000000
34207 0.000000 0.000000 300.000000
34208 0.000000 0.000000 300.000000
34209 0.000000 0.000000 300.000000
34210 0.000000 0.000000 300.000000
34211 0.000000 0.000000 300.000000
34212 0.000000 0.000000 300.000000
34213 0.000000 0.000000 300.000000
34214 0.000000 0.000000 300.000000
34215 0.000000 0.000000 300.000000
34216 0.000000 0.000000 300.000000
34217 0.000000 0.000000 300.000000
34218 0.000000 0.000000 300.000000
34219 0.000000 0.000000 300.000000
34220 0.000000 0.000000 300.000000
34221 0.000000 0.000000 300.000000
34222 0.000000 0.000000 300.000000
34223 0.000000 0.000000 300.000000
34224 0.000000 0.000000 300.000000
34225 75.000000 0.000000 300.000000
34226 150.000000 0.000000 300.000000
34227 225.000000 0.000000 300.000000
34228 300.000000 0.000000 300.000000
34229 375.000000 0.000000 300.000000
34230 -375.000000 0.000000 300.000000
34231 -300.000000 0.000000 300.000000
34232 -225.000000 0.000000 300.000000
34233 -150.000000 0.000000 300.000000
34234 -75.000000 0.000000 300.000000
34235 0.000000 0.000000 300.000000
34236 0.000000 0.000000 300.000000
34237 0.000000 0.000000 300.000000
34238 0.000000 0.000000 300.000000
34239 0.000000 0.000000 300.000000
34240 0.000000 0.000000 300.000000
34241 0.000000 0.000000 300.000000
34242 0.000000 0.000000 300.000000
34243 0.000000 0.000000 300.000000
34244 0.000000 0.000000 300.000000
34245 0.000000 0.000000 300.000000
34246 0.000000 0.000000 300.000000
34247 0.000000 0.000000 300.000000
34248 0.000000 0.000000 300.000000
34249 0.000000 0.000000 300.000000
34250 0.000000 0.000000 300.000000
34251 0.000000 0.000000 300.000000
34252 0.000000 0.000000 300.000000
34253 0.000000 0.000000 300.000000
34254 0.000000 0.000000 300.000000
34255 0.000000 0.000000 300.000000
34256 0.000000 0.000000 300.000000
34257 0.000000 0.000000 300.000000
34258 0.000000 0.000000 300.000000
34259 0.000000 0.000000 300.000000
34260 0.000000 0.000000 300.000000
34261 0.000000 0.000000 300.000000
34262 0.000000 0.000000 300.000000
34263 0.000000 0.000000 300.000000
34264 0.000000 0.000000 300.000000
34265 0.000000 0.000000 300.000000
34266 0.000000 0.000000 300.000000
34267 75.000000 0.000000 300.000000
34268 150.000000 0.000000 300.000000
34269 225.000000 0.000000 300.000000
34270 300.000000 0.000000 300.000000
34271 375.000000 0.000000 300.000000
34272 -375.000000 0.000000 300.000000
34273 -300.000000 0.000000 300.000000
34274 -225.000000 0.000000 300.000000
34275 -150.000000 0.000000 300.000000
34276 -75.000000 0.000000 300.000000
34277 0.000000 0.000000 300.000000
34278 0.000000 0.000000 300.000000
34279 0.000000 0.000000 300.000000
34280 0.000000 0.000000 300.000000
34281 0.000000 0.000000 300.000000
34282 0.000000 0.000000 300.000000
34283 0.000000 0.000000 300.000000
34284 0.000000 0.000000 300.000000
34285 0.000000 0.000000 300.000000
34286 0.000000 0.000000 300.000000
34287 0.000000 0.000000 300.000000
34288 0.000000 0.000000 300.000000
34289 0.000000 0.000000 300.000000
34290 0.000000 0.000000 300.000000
34291 0.000000 0.000000 300.000000
34292 0.000000 0.000000 300.000000
34293 0.000000 0.000000 300.000000
34294 0.000000 0.000000 300.000000
34295 0.000000 0.000000 300.000000
34296 0.000000 0.000000 300.000000
34297 0.000000 0.000000 300.000000
34298 0.000000 0.000000 300.000000
34299 0.000000 0.000000 300.000000
34300 0.000000 0.000000 300.000000
34301 0.000000 0.000000 300.000000
34302 0.000000 0.000000 300.000000
34303 0.000000 0.000000 300.000000
34304 0.000000 0.000000 300.000000
34305 0.000000 0.000000 300.000000
34306 0.000000 0.000000 300.000000
34307 0.000000 0.000000 300.000000
34308 0.000000 0.000000 300.000000
34309 75.000000 0.000000 300.000000
34310 150.000000 0.000000 300.000000
34311 225.000000 0.000000 300.000000
34312 300.000000 0.000000 300.000000
34313 375.000000 0.000000 300.000000
34314 -375.000000 0.000000 300.000000
34315 -300.000000 0.000000 300.000000
34316 -225.000000 0.000000 300.000000
34317 -150.000000 0.000000 300.000000
34318 -75.000000 0.000000 300.000000
34319 0.000000 0.000000 300.000000
34320 0.000000 0.000000 300.000000
34321 0.000000 0.000000 300.000000
34322 0.000000 0.000000 300.000000
34323 0.000000 0.000000 300.000000
34324 0.000000 0.000000 300.000000
34325 0.000000 0.000000 300.000000
34326 0.000000 0.000000 300.000000
34327 0.000000 0.000000 300.000000
34328 0.000000 0.000000 300.000000
34329 0.000000 0.000000 300.000000
34330 0.000000 0.000000 300.000000
34331 0.000000 0.000000 300.000000
34332 0.000000 0.000000 300.000000
34333 0.000000 0.000000 300.000000
34334 0.000000 0.000000 300.000000
34335 0.000000 0.000000 300.000000
34336 0.000000 0.000000 300.000000
34337 0.000000 0.000000 300.000000
34338 0.000000 0.000000 300.000000
34339 0.000000 0.000000 300.000000
34340 0.000000 0.000000 300.000000
34341 0.000000 0.000000 300.000000
34342 0.000000 0.000000 300.000000
34343 0.000000 0.000000 300.000000
34344 0.000000 0.000000 300.000000
34345 0.000000 0.000000 300.000000
34346 0.000000 0.000000 300.000000
34347 0.000000 0.000000 300.000000
34348 0.000000 0.000000 300.000000
34349 0.000000 0.000000 300.000000
34350 0.000000 0.000000 300.000000
34351 75.000000 0.000000 300.000000
34352 150.000000 0.000000 300.000000
34353 225.000000 0.000000 300.000000
34354 300.000000 0.000000 300.000000
34355 375.000000 0.000000 300.000000
34356 -375.000000 0.000000 300.000000
34357 -300.000000 0.000000 300.000000
34358 -225.000000 0.000000 300.000000
34359 -150.000000 0.000000 300.000000
34360 -75.000000 0.000000 300.000000
34361 0.000000 0.000000 300.000000
34362 0.000000 0.000000 300.000000
34363 0.000000 0.000000 300.000000
34364 0.000000 0.000000 300.000000
34365 0.000000 0.000000 300.000000
34366 0.000000 0.000000 300.000000
34367 0.000000 0.000000 300.000000
34368 0.000000 0.000000 300.000000
34369 0.000000 0.000000 300.000000
34370 0.000000 0.000000 300.000000
34371 0.000000 0.000000 300.000000
34372 0.000000 0.000000 300.000000
34373 0.000000 0.000000 300.000000
34374 0.000000 0.000000 300.000000
34375 0.000000 0.000000 300.000000
34376 0.000000 0.000000 300.000000
34377 0.000000 0.000000 300.000000
34378 0.000000 0.000000 300.000000
34379 0.000000 0.000000 300.000000
34380 0.000000 0.000000 300.000000
34381 0.000000 0.000000 300.000000
34382 0.000000 0.000000 300.000000
34383 0.000000 0.000000 300.000000
34384 0.000000 0.000000 300.000000
34385 0.000000 0.000000 300.000000
34386 0.000000 0.000000 300.000000
34387 0.000000 0.000000 300.000000
34388 0.000000 0.000000 300.000000
34389 0.000000 0.000000 300.000000
34390 0.000000 0.000000 300.000000
34391 0.000000 0.000000 300.000000
34392 0.000000 0.000000 300.000000
34393 75.000000 0.000000 300.000000
34394 150.000000 0.000000 300.000000
34395 225.000000 0.000000 300.000000
34396 300.000000 0.000000 300.000000
34397 375.000000 0.000000 300.000000
34398 -375.000000 0.000000 300.000000
34399 -300.000000 0.000000 300.000000
34400 -225.000000 0.000000 300.000000
34401 -150.000000 0.000000 300.000000
34402 -75.000000 0.000000 300.000000
34403 0.000000 0.000000 300.000000
34404 0.000000 0.000000 300.000000
34405 0.000000 0.000000 300.000000
34406 0.000000 0.000000 300.000000
34407 0.000000 0.000000 300.000000
34408 0.000000 0.000000 300.000000
34409 0.000000 0.000000 300.000000
34410 0.000000 0.000000 300.000000
34411 0.000000 0.000000 300.000000
34412 0.000000 0.000000 300.000000
34413 0.000000 0.000000 300.000000
34414 0.000000 0.000000 300.000000
34415 0.000000 0.000000 300.000000
34416 0.000000 0.000000 300.000000
34417 0.000000 0.000000 300.000000
34418 0.000000 0.000000 300.000000
34419 0.000000 0.000000 300.000000
34420 0.000000 0.000000 300.000000
34421 0.000000 0.000000 300.000000
34422 0.000000 0.000000 300.000000
34423 0.000000 0.000000 300.000000
34424 0.000000 0.000000 300.000000
34425 0.000000 0.000000 300.000000
34426 0.000000 0.000000 300.000000
34427 0.000000 0.000000 300.000000
34428 0.000000 0.000000 300.000000
34429 0.000000 0.000000 300.000000
34430 0.000000 0.000000 300.000000
34431 0.000000 0.000000 300.000000
34432 0.000000 0.000000 300.000000
34433 0.000000 0.000000 300.000000
34434 0.000000 0.000000 300.000000
34435 75.000000 0.000000 300.000000
34436 150.000000 0.000000 300.000000
34437 225.000000 0.000000 300.000000
34438 300.000000 0.000000 300.000000
34439 375.000000 0.000000 300.000000
34440 -375.000000 0.000000 300.000000
34441 -300.000000 0.000000 300.000000
34442 -225.000000 0.000000 300.000000
34443 -150.000000 0.000000 300.000000
34444 -75.000000 0.000000 300.000000
34445 0.000000 0.000000 300.000000
34446 0.000000 0.000000 300.000000
34447 0.000000 0.000000 300.000000
34448 0.000000 0.000000 300.000000
34449 0.000000 0.000000 300.000000
34450 0.000000 0.000000 300.000000
34451 0.000000 0.000000 300.000000
34452 0.000000 0.000000 300.000000
34453 0.000000 0.000000 300.000000
34454 0.000000 0.000000 300.000000
34455 0.000000 0.000000 300.000000
34456 0.000000 0.000000 300.000000
34457 0.000000 0.000000 300.000000
34458 0.000000 0.000000 300.000000
34459 0.000000 0.000000 300.000000
34460 0.000000 0.000000 300.000000
34461 0.000000 0.000000 300.000000
34462 0.000000 0.000000 300.000000
34463 0.000000 0.000000 300.000000
34464 0.000000 0.000000 300.000000
34465 0.000000 0.000000 300.000000
34466 0.000000 0.000000 300.000000
34467 0.000000 0.000000 300.000000
34468 0.000000 0.000000 300.000000
34469 0.000000 0.000000 300.000000
34470 0.000000 0.000000 300.000000
34471 0.000000 0.000000 300.000000
34472 0.000000 0.000000 300.000000
34473 0.000000 0.000000 300.000000
34474 0.000000 0.000000 300.000000
34475 0.000000 0.000000 300.000000
34476 0.000000 0.000000 300.000000
34477 75.000000 0.000000 300.000000
34478 150.000000 0.000000 300.000000
34479 225.000000 0.000000 300.000000
34480 300.000000 0.000000 300.000000
34481 375.000000 0.000000 300.000000
34482 -375.000000 0.000000 300.000000
34483 -300.000000 0.000000 300.000000
34484 -225.000000 0.000000 300.000000
34485 -150.000000 0.000000 300.000000
34486 -75.000000 0.000000 300.000000
34487 0.000000 0.000000 300.000000
34488 0.000000 0.000000 300.000000
34489 0.000000 0.000000 300.000000
34490 0.000000 0.000000 300.000000
34491 0.000000 0.000000 300.000000
34492 0.000000 0.000000 300.000000
34493 0.000000 0.000000 300.000000
34494 0.000000 0.000000 300.000000
34495 0.000000 0.000000 300.000000
34496 0.000000 0.000000 300.000000
34497 0.000000 0.000000 300.000000
34498 0.000000 0.000000 300.000000
34499 0.000000 0.000000 300.000000
34500 0.000000 0.000000 300.000000
34501 0.000000 0.000000 300.000000
34502 0.000000 0.000000 300.000000
34503 0.000000 0.000000 300.000000
34504 0.000000 0.000000 300.000000
34505 0.000000 0.000000 300.000000
34506 0.000000 0.000000 300.000000
34507 0.000000 0.000000 300.000000
34508 0.000000 0.000000 300.000000
34509 0.000000 0.000000 300.000000
34510 0.000000 0.000000 300.000000
34511 0.000000 0.000000 300.000000
34512 0.000000 0.000000 300.000000
34513 0.000000 0.000000 300.000000
34514 0.000000 0.000000 300.000000
34515 0.000000 0.000000 300.000000
34516 0.000000 0.000000 300.000000
34517 0.000000 0.000000 300.000000
34518 0.000000 0.000000 300.000000
34519 75.000000 0.000000 300.000000
34520 150.000000 0.000000 300.000000
34521 225.000000 0.000000 300.000000
34522 300.000000 0.000000 300.000000
34523 375.000000 0.000000 300.000000
34524 -375.000000 0.000000 300.000000
34525 -300.000000 0.000000 300.000000
34526 -225.000000 0.000000 300.000000
34527 -150.000000 0.000000 300.000000
34528 -75.000000 0.000000 300.000000
34529 0.000000 0.000000 300.000000
34530 0.000000 0.000000 300.000000
34531 0.000000 0.000000 300.000000
34532 0.000000 0.000000 300.000000
34533 0.000000 0.000000 300.000000
34534 0.000000 0.000000 300.000000
34535 0.000000 0.000000 300.000000
34536 0.000000 0.000000 300.000000
34537 0.000000 0.000000 300.000000
34538 0.000000 0.000000 300.000000
34539 0.000000 0.000000 300.000000
34540 0.000000 0.000000 300.000000
34541 0.000000 0.000000 300.000000
34542 0.000000 0.000000 300.000000
34543 0.000000 0.000000 300.000000
34544 0.000000 0.000000 300.000000
34545 0.000000 0.000000 300.000000
34546 0.000000 0.000000 300.000000
34547 0.000000 0.000000 300.000000
34548 0.000000 0.000000 300.000000
34549 0.000000 0.000000 300.000000
34550 0.000000 0.000000 300.000000
34551 0.000000 0.000000 300.000000
34552 0.000000 0.000000 300.000000
34553 0.000000 0.000000 300.000000
34554 0.000000 0.000000 300.000000
34555 0.000000 0.000000 300.000000
34556 0.000000 0.000000 300.000000
34557 0.000000 0.000000 300.000000
34558 0.000000 0.000000 300.000000
34559 0.000000 0.000000 300.000000
34560 0.000000 0.000000 300.000000
34561 75.000000 0.000000 300.000000
34562 150.000000 0.000000 300.000000
34563 225.000000 0.000000 300.000000
34564 300.000000 0.000000 300.000000
34565 375.000000 0.000000 300.000000
34566 -375.000000 0.000000 300.000000
34567 -300.000000 0.000000 300.000000
34568 -225.000000 0.000000 300.000000
34569 -150.000000 0.000000 300.000000
34570 -75.000000 0.000000 300.000000
34571 0.000000 0.000000 300.000000
34572 0.000000 0.000000 300.000000
34573 0.000000 0.000000 300.000000
34574 0.000000 0.000000 300.000000
34575 0.000000 0.000000 300.000000
34576 0.000000 0.000000 300.000000
34577 0.000000 0.000000 300.000000
34578 0.000000 0.000000 300.000000
34579 0.000000 0.000000 300.000000
34580 0.000000 0.000000 300.000000
34581 0.000000 0.000000 300.000000
34582 0.000000 0.000000 300.000000
34583 0.000000 0.000000 300.000000
34584 0.000000 0.000000 300.000000
34585 0.000000 0.000000 300.000000
34586 0.000000 0.000000 300.000000
34587 0.000000 0.000000 300.000000
34588 0.000000 0.000000 300.000000
34589 0.000000 0.000000 300.000000
34590 0.000000 0.000000 300.000000
34591 0.000000 0.000000 300.000000
34592 0.000000 0.000000 300.000000
34593 0.000000 0.000000 300.000000
34594 0.000000 0.000000 300.000000
34595 0.000000 0.000000 300.000000
34596 0.000000 0.000000 300.000000
34597 0.000000 0.000000 300.000000
34598 0.000000 0.000000 300.000000
34599 0.000000 0.000000 300.000000
34600 0.000000 0.000000 300.000000
34601 0.000000 0.000000 300.000000
34602 0.000000 0.000000 300.000000
34603 75.000000 0.000000 300.000000
34604 150.000000 0.000000 300.000000
34605 225.000000 0.000000 300.000000
34606 300.000000 0.000000 300.000000
34607 375.000000 0.000000 300.000000
34608 -375.000000 0.000000 300.000000
34609 -300.000000 0.000000 300.000000
34610 -225.000000 0.000000 300.000000
34611 -150.000000 0.000000 300.000000
34612 -75.000000 0.000000 300.000000
34613 0.000000 0.000000 300.000000
34614 0.000000 0.000000 300.000000
34615 0.000000 0.000000 300.000000
34616 0.000000 0.000000 300.000000
34617 0.000000 0.000000 300.000000
34618 0.000000 0.000000 300.000000
34619 0.000000 0.000000 300.000000
34620 0.000000 0.000000 300.000000
34621 0.000000 0.000000 300.000000
34622 0.000000 0.000000 300.000000
34623 0.000000 0.000000 300.000000
34624 0.000000 0.000000 300.000000
34625 0.000000 0.000000 300.000000
34626 0.000000 0.000000 300.000000
34627 0.000000 0.000000 300.000000
34628 0.000000 0.000000 300.000000
34629 0.000000 0.000000 300.000000
34630 0.000000 0.000000 300.000000
34631 0.000000 0.000000 300.000000
34632 0.000000 0.000000 300.000000
34633 0.000000 0.000000 300.000000
34634 0.000000 0.000000 300.000000
34635 0.000000 0.000000 300.000000
34636 0.000000 0.000000 300.000000
34637 0.000000 0.000000 300.000000
34638 0.000000 0.000000 300.000000
34639 0.000000 0.000000 300.000000
34640 0.000000 0.000000 300.000000
34641 0.000000 0.000000 300.000000
34642 0.000000 0.000000 300.000000
34643 0.000000 0.000000 300.000000
34644 0.000000 0.000000 300.000000
34645 75.000000 0.000000 300.000000
34646 150.000000 0.000000 300.000000
34647 225.000000 0.000000 300.000000
34648 300.000000 0.000000 300.000000
34649 375.000000 0.000000 300.000000
34650 -375.000000 0.000000 300.000000
34651 -300.000000 0.000000 300.000000
34652 -225.000000 0.000000 300.000000
34653 -150.000000 0.000000 300.000000
34654 -75.000000 0.000000 300.000000
34655 0.000000 0.000000 300.000000
34656 0.000000 0.000000 300.000000
34657 0.000000 0.000000 300.000000
34658 0.000000 0.000000 300.000000
34659 0.000000 0.000000 300.000000
34660 0.000000 0.000000 300.000000
34661 0.000000 0.000000 300.000000
34662 0.000000 0.000000 300.000000
34663 0.000000 0.000000 300.000000
34664 0.000000 0.000000 300.000000
34665 0.000000 0.000000 300.000000
34666 0.000000 0.000000 300.000000
34667 0.000000 0.000000 300.000000
34668 0.000000 0.000000 300.000000
34669 0.000000 0.000000 300.000000
34670 0.000000 0.000000 300.000000
34671 0.000000 0.000000 300.000000
34672 0.000000 0.000000 300.000000
34673 0.000000 0.000000 300.000000
34674 0.000000 0.000000 300.000000
34675 0.000000 0.000000 300.000000
34676 0.000000 0.000000 300.000000
34677 0.000000 0.000000 300.000000
34678 0.000000 0.000000 300.000000
34679 0.000000 0.000000 300.000000
34680 0.000000 0.000000 300.000000
34681 0.000000 0.000000 300.000000
34682 0.000000 0.000000 300.000000
34683 0.000000 0.000000 300.000000
34684 0.000000 0.000000 300.000000
34685 0.000000 0.000000 300.000000
34686 0.000000 0.000000 300.000000
34687 75.000000 0.000000 300.000000
34688 150.000000 0.000000 300.000000
34689 225.000000 0.000000 300.000000
34690 300.000000 0.000000 300.000000
34691 375.000000 0.000000 300.000000
34692 -375.000000 0.000000 300.000000
34693 -300.000000 0.000000 300.000000
34694 -225.000000 0.000000 300.000000
34695 -150.000000 0.000000 300.000000
34696 -75.000000 0.000000 300.000000
34697 0.000000 0.000000 300.000000
34698 0.000000 0.000000 300.000000
34699 0.000000 0.000000 300.000000
34700 0.000000 0.000000 300.000000
34701 0.000000 0.000000 300.000000
34702 0.000000 0.000000 300.000000
34703 0.000000 0.000000 300.000000
34704 0.000000 0.000000 300.000000
34705 0.000000 0.000000 300.000000
34706 0.000000 0.000000 300.000000
34707 0.000000 0.000000 300.000000
34708 0.000000 0.000000 300.000000
34709 0.000000 0.000000 300.000000
34710 0.000000 0.000000 300.000000
34711 0.000000 0.000000 300.000000
34712 0.000000 0.000000 300.000000
34713 0.000000 0.000000 300.000000
34714 0.000000 0.000000 300.000000
34715 0.000000 0.000000 300.000000
34716 0.000000 0.000000 300.000000
34717 0.000000 0.000000 300.000000
34718 0.000000 0.000000 300.000000
34719 0.000000 0.000000 300.000000
34720 0.000000 0.000000 300.000000
34721 0.000000 0.000000 300.000000
34722 0.000000 0.000000 300.000000
34723 0.000000 0.000000 300.000000
34724 0.000000 0.000000 300.000000
34725 0.000000 0.000000 300.000000
34726 0.000000 0.000000 300.000000
34727 0.000000 0.000000 300.000000
34728 0.000000 0.000000 300.000000
34729 75.000000 0.000000 300.000000
34730 150.000000 0.000000 300.000000
34731 225.000000 0.000000 300.000000
34732 300.000000 0.000000 300.000000
34733 375.000000 0.000000 300.000000
34734 -375.000000 0.000000 300.000000
34735 -300.000000 0.000000 300.000000
34736 -225.000000 0.000000 300.000000
34737 -150.000000 0.000000 300.000000
34738 -75.000000 0.000000 300.000000
34739 0.000000 0.000000 300.000000
34740 0.000000 0.000000 300.000000
34741 0.000000 0.000000 300.000000
34742 0.000000 0.000000 300.000000
34743 0.000000 0.000000 300.000000
34744 0.000000 0.000000 300.000000
34745 0.000000 0.000000 300.000000
34746 0.000000 0.000000 300.000000
34747 0.000000 0.000000 300.000000
34748 0.000000 0.000000 300.000000
34749 0.000000 0.000000 300.000000
34750 0.000000 0.000000 300.000000
34751 0.000000 0.000000 300.000000
34752 0.000000 0.000000 300.000000
34753 0.000000 0.000000 300.000000
34754 0.000000 0.000000 300.000000
34755 0.000000 0.000000 300.000000
34756 0.000000 0.000000 300.000000
34757 0.000000 0.000000 300.000000
34758 0.000000 0.000000 300.000000
34759 0.000000 0.000000 300.000000
34760 0.000000 0.000000 300.000000
34761 0.000000 0.000000 300.000000
34762 0.000000 0.000000 300.000000
34763 0.000000 0.000000 300.000000
34764 0.000000 0.000000 300.000000
34765 0.000000 0.000000 300.000000
34766 0.000000 0.000000 300.000000
34767 0.000000 0.000000 300.000000
34768 0.000000 0.000000 300.000000
34769 0.000000 0.000000 300.000000
34770 0.000000 0.000000 300.000000
34771 75.000000 0.000000 300.000000
34772 150.000000 0.000000 300.000000
34773 225.000000 0.000000 300.000000
34774 300.000000 0.000000 300.000000
34775 375.000000 0.000000 300.000000
34776 -375.000000 0.000000 300.000000
34777 -300.000000 0.000000 300.000000
34778 -225.000000 0.000000 300.000000
34779 -150.000000 0.000000 300.000000
34780 -75.000000 0.000000 300.000000
34781 0.000000 0.000000 300.000000
34782 0.000000 0.000000 300.000000
34783 0.000000 0.000000 300.000000
34784 0.000000 0.000000 300.000000
34785 0.000000 0.000000 300.000000
34786 0.000000 0.000000 300.000000
34787 0.000000 0.000000 300.000000
34788 0.000000 0.000000 300.000000
34789 0.000000 0.000000 300.000000
34790 0.000000 0.000000 300.000000
34791 0.000000 0.000000 300.000000
34792 0.000000 0.000000 300.000000
34793 0.000000 0.000000 300.000000
34794 0.000000 0.000000 300.000000
34795 0.000000 0.000000 300.000000
34796 0.000000 0.000000 300.000000
34797 0.000000 0.000000 300.000000
34798 0.000000 0.000000 300.000000
34799 0.000000 0.000000 300.000000
34800 0.000000 0.000000 300.000000
34801 0.000000 0.000000 300.000000
34802 0.000000 0.000000 300.000000
34803 0.000000 0.000000 300.000000
34804 0.000000 0.000000 300.000000
34805 0.000000 0.000000 300.000000
34806 0.000000 0.000000 300.000000
34807 0.000000 0.000000 300.000000
34808 0.000000 0.000000 300.000000
34809 0.000000 0.000000 300.000000
34810 0.000000 0.000000 300.000000
34811 0.000000 0.000000 300.000000
34812 0.000000 0.000000 300.000000
34813 75.000000 0.000000 300.000000
34814 150.000000 0.000000 300.000000
34815 225.000000 0.000000 300.000000
34816 300.000000 0.000000 300.000000
34817 375.000000 0.000000 300.000000
34818 -375.000000 0.000000 300.000000
34819 -300.000000 0.000000 300.000000
34820 -225.000000 0.000000 300.000000
34821 -150.000000 0.000000 300.000000
34822 -75.000000 0.000000 300.000000
34823 0.000000 0.000000 300.000000
34824 0.000000 0.000000 300.000000
34825 0.000000 0.000000 300.000000
34826 0.000000 0.000000 300.000000
34827 0.000000 0.000000 300.000000
34828 0.000000 0.000000 300.000000
34829 0.000000 0.000000 300.000000
34830 0.000000 0.000000 300.000000
34831 0.000000 0.000000 300.000000
34832 0.000000 0.000000 300.000000
34833 0.000000 0.000000 300.000000
34834 0.000000 0.000000 300.000000
34835 0.000000 0.000000 300.000000
34836 0.000000 0.000000 300.000000
34837 0.000000 0.000000 300.000000
34838 0.000000 0.000000 300.000000
34839 0.000000 0.000000 300.000000
34840 0.000000 0.000000 300.000000
34841 0.000000 0.000000 300.000000
34842 0.000000 0.000000 300.000000
34843 0.000000 0.000000 300.000000
34844 0.000000 0.000000 300.000000
34845 0.000000 0.000000 300.000000
34846 0.000000 0.000000 300.000000
34847 0.000000 0.000000 300.000000
34848 0.000000 0.000000 300.000000
34849 0.000000 0.000000 300.000000
34850 0.000000 0.000000 300.000000
34851 0.000000 0.000000 300.000000
34852 0.000000 0.000000 300.000000
34853 0.000000 0.000000 300.000000
34854 0.000000 0.000000 300.000000
34855 75.000000 0.000000 300.000000
34856 150.000000 0.000000 300.000000
34857 225.000000 0.000000 300.000000
34858 300.000000 0.000000 300.000000
34859 375.000000 0.000000 300.000000
34860 -375.000000 0.000000 300.000000
34861 -300.000000 0.000000 300.000000
34862 -225.000000 0.000000 300.000000
34863 -150.000000 0.000000 300.000000
34864 -75.000000 0.000000 300.000000
34865 0.000000 0.000000 300.000000
34866 0.000000 0.000000 300.000000
34867 0.000000 0.000000 300.000000
34868 0.000000 0.000000 300.000000
34869 0.000000 0.000000 300.000000
34870 0.000000 0.000000 300.000000
34871 0.000000 0.000000 300.000000
34872 0.000000 0.000000 300.000000
34873 0.000000 0.000000 300.000000
34874 0.000000 0.000000 300.000000
34875 0.000000 0.000000 300.000000
34876 0.000000 0.000000 300.000000
34877 0.000000 0.000000 300.000000
34878 0.000000 0.000000 300.000000
34879 0.000000 0.000000 300.000000
34880 0.000000 0.000000 300.000000
34881 0.000000 0.000000 300.000000
34882 0.000000 0.000000 300.000000
34883 0.000000 0.000000 300.000000
34884 0.000000 0.000000 300.000000
34885 0.000000 0.000000 300.000000
34886 0.000000 0.000000 300.000000
34887 0.000000 0.000000 300.000000
34888 0.000000 0.000000 300.000000
34889 0.000000 0.000000 300.000000
34890 0.000000 0.000000 300.000000
34891 0.000000 0.000000 300.000000
34892 0.000000 0.000000 300.000000
34893 0.000000 0.000000 300.000000
34894 0.000000 0.000000 300.000000
34895 0.000000 0.000000 300.000000
34896 0.000000 0.000000 300.000000
34897 75.000000 0.000000 300.000000
34898 150.000000 0.000000 300.000000
34899 225.000000 0.000000 300.000000
34900 300.000000 0.000000 300.000000
34901 375.000000 0.000000 300.000000
34902 -375.000000 0.000000 300.000000
34903 -300.000000 0.000000 300.000000
34904 -225.000000 0.000000 300.000000
34905 -150.000000 0.000000 300.000000
34906 -75.000000 0.000000 300.000000
34907 0.000000 0.000000 300.000000
34908 0.000000 0.000000 300.000000
34909 0.000000 0.000000 300.000000
34910 0.000000 0.000000 300.000000
34911 0.000000 0.000000 300.000000
34912 0.000000 0.000000 300.000000
34913 0.000000 0.000000 300.000000
34914 0.000000 0.000000 300.000000
34915 0.000000 0.000000 300.000000
34916 0.000000 0.000000 300.000000
34917 0.000000 0.000000 300.000000
34918 0.000000 0.000000 300.000000
34919 0.000000 0.000000 300.000000
34920 0.000000 0.000000 300.000000
34921 0.000000 0.000000 300.000000
34922 0.000000 0.000000 300.000000
34923 0.000000 0.000000 300.000000
34924 0.000000 0.000000 300.000000
34925 0.000000 0.000000 300.000000
34926 0.000000 0.000000 300.000000
34927 0.000000 0.000000 300.000000
34928 0.000000 0.000000 300.000000
34929 0.000000 0.000000 300.000000
34930 0.000000 0.000000 300.000000
34931 0.000000 0.000000 300.000000
34932 0.000000 0.000000 300.000000
34933 0.000000 0.000000 300.000000
34934 0.000000 0.000000 300.000000
34935 0.000000 0.000000 300.000000
34936 0.000000 0.000000 300.000000
34937 0.000000 0.000000 300.000000
34938 0.000000 0.000000 300.000000
34939 75.000000 0.000000 300.000000
34940 150.000000 0.000000 300.000000
34941 225.000000 0.000000 300.000000
34942 300.000000 0.000000 300.000000
34943 375.000000 0.000000 300.000000
34944 -375.000000 0.000000 300.000000
34945 -300.000000 0.000000 300.000000
34946 -225.000000 0.000000 300.000000
34947 -150.000000 0.000000 300.000000
34948 -75.000000 0.000000 300.000000
34949 0.000000 0.000000 300.000000
34950 0.000000 0.000000 300.000000
34951 0.000000 0.000000 300.000000
34952 0.000000 0.000000 300.000000
34953 0.000000 0.000000 300.000000
34954 0.000000 0.000000 300.000000
34955 0.000000 0.000000 300.000000
34956 0.000000 0.000000 300.000000
34957 0.000000 0.000000 300.000000
34958 0.000000 0.000000 300.000000
34959 0.000000 0.000000 300.000000
34960 0.000000 0.000000 300.000000
34961 0.000000 0.000000 300.000000
34962 0.000000 0.000000 300.000000
34963 0.000000 0.000000 300.000000
34964 0.000000 0.000000 300.000000
34965 0.000000 0.000000 300.000000
34966 0.000000 0.000000 300.000000
34967 0.000000 0.000000 300.000000
34968 0.000000 0.000000 300.000000
34969 0.000000 0.000000 300.000000
34970 0.000000 0.000000 300.000000
34971 0.000000 0.000000 300.000000
34972 0.000000 0.000000 300.000000
34973 0.000000 0.000000 300.000000
34974 0.000000 0.000000 300.000000
34975 0.000000 0.000000 300.000000
34976 0.000000 0.000000 300.000000
34977 0.000000 0.000000 300.000000
34978 0.000000 0.000000 300.000000
34979 0.000000 0.000000 300.000000
34980 0.000000 0.000000 300.000000
34981 75.000000 0.000000 300.000000
34982 150.000000 0.000000 300.000000
34983 225.000000 0.000000 300.000000
34984 300.000000 0.000000 300.000000
34985 375.000000 0.000000 300.000000
34986 -375.000000 0.000000 300.000000
34987 -300.000000 0.000000 300.000000
34988 -225.000000 0.000000 300.000000
34989 -150.000000 0.000000 300.000000
34990 -75.000000 0.000000 300.000000
34991 0.000000 0.000000 300.000000
34992 0.000000 0.000000 300.000000
34993 0.000000 0.000000 300.000000
34994 0.000000 0.000000 300.000000
34995 0.000000 0.000000 300.000000
34996 0.000000 0.000000 300.000000
34997 0.000000 0.000000 300.000000
34998 0.000000 0.000000 300.000000
34999 0.000000 0.000000 300.000000
35000 0.000000 0.000000 300.000000
35001 0.000000 0.000000 300.000000
35002 0.000000 0.000000 300.000000
35003 0.000000 0.000000 300.000000
35004 0.000000 0.000000 300.000000
35005 0.000000 0.000000 300.000000
35006 0.000000 0.000000 300.000000
35007 0.000000 0.000000 300.000000
35008 0.000000 0.000000 300.000000
35009 0.000000 0.000000 300.000000
35010 0.000000 0.000000 300.000000
35011 0.000000 0.000000 300.000000
35012 0.000000 0.000000 300.000000
35013 0.000000 0.000000 300.000000
35014 0.000000 0.000000 300.000000
35015 0.000000 0.000000 300.000000
35016 0.000000 0.000000 300.000000
35017 0.000000 0.000000 300.000000
35018 0.000000 0.000000 300.000000
35019 0.000000 0.000000 300.000000
35020 0.000000 0.000000 300.000000
35021 0.000000 0.000000 300.000000
35022 0.000000 0.000000 300.000000
35023 75.000000 0.000000 300.000000
35024 150.000000 0.000000 300.000000
35025 225.000000 0.000000 300.000000
35026 300.000000 0.000000 300.000000
35027 375.000000 0.000000 300.000000
35028 -375.000000 0.000000 300.000000
35029 -300.000000 0.000000 300.000000
35030 -225.000000 0.000000 300.000000
35031 -150.000000 0.000000 300.000000
35032 -75.000000 0.000000 300.000000
35033 0.000000 0.000000 300.000000
35034 0.000000 0.000000 300.000000
35035 0.000000 0.000000 300.000000
35036 0.000000 0.000000 300.000000
35037 0.000000 0.000000 300.000000
35038 0.000000 0.000000 300.000000
35039 0.000000 0.000000 300.000000
35040 0.000000 0.000000 300.000000
35041 0.000000 0.000000 300.000000
35042 0.000000 0.000000 300.000000
35043 0.000000 0.000000 300.000000
35044 0.000000 0.000000 300.000000
35045 0.000000 0.000000 300.000000
35046 0.000000 0.000000 300.000000
35047 0.000000 0.000000 300.000000
35048 0.000000 0.000000 300.000000
35049 0.000000 0.000000 300.000000
35050 0.000000 0.000000 300.000000
35051 0.000000 0.000000 300.000000
35052 0.000000 0.000000 300.000000
35053 0.000000 0.000000 300.000000
35054 0.000000 0.000000 300.000000
35055 0.000000 0.000000 300.000000
35056 0.000000 0.000000 300.000000
35057 0.000000 0.000000 300.000000
35058 0.000000 0.000000 300.000000
35059 0.000000 0.000000 300.000000
35060 0.000000 0.000000 300.000000
35061 0.000000 0.000000 300.000000
35062 0.000000 0.000000 300.000000
35063 0.000000 0.000000 300.000000
35064 0.000000 0.000000 300.000000
35065 75.000000 0.000000 300.000000
35066 150.000000 0.000000 300.000000
35067 225.000000 0.000000 300.000000
35068 300.000000 0.000000 300.000000
35069 375.000000 0.000000 300.000000
35070 -375.000000 75.000000 300.000000
35071 -300.000000 75.000000 300.000000
35072 -225.000000 75.000000 300.000000
35073 -150.000000 75.000000 300.000000
35074 -75.000000 75.000000 300.000000
35075 0.000000 75.000000 300.000000
35076 0.000000 75.000000 300.000000
35077 0.000000 75.000000 300.000000
35078 0.000000 75.000000 300.000000
35079 0.000000 75.000000 300.000000
35080 0.000000 75.000000 300.000000
35081 0.000000 75.000000 300.000000
35082 0.000000 75.000000 300.000000
35083 0.000000 75.000000 300.000000
35084 0.000000 75.000000 300.000000
35085 0.000000 75.000000 300.000000
35086 0.000000 75.000000 300.000000
35087 0.000000 75.000000 300.000000
35088 0.000000 75.000000 300.000000
35089 0.000000 75.000000 300.000000
35090 0.000000 75.000000 300.000000
35091 0.000000 75.000000 300.000000
35092 0.000000 75.000000 300.000000
35093 0.000000 75.000000 300.000000
35094 0.000000 75.000000 300.000000
35095 0.000000 75.000000 300.000000
35096 0.000000 75.000000 300.000000
35097 0.000000 75.000000 300.000000
35098 0.000000 75.000000 300.000000
35099 0.000000 75.000000 300.000000
35100 0.000000 75.000000 300.000000
35101 0.000000 75.000000 300.000000
35102 0.000000 75.000000 300.000000
35103 0.000000 75.000000 300.000000
35104 0.000000 75.000000 300.000000
35105 0.000000 75.000000 300.000000
35106 0.000000 75.000000 300.000000
35107 75.000000 75.000000 300.000000
35108 150.000000 75.000000 300.000000
35109 225.000000 75.000000 300.000000
35110 300.000000 75.000000 300.000000
35111 375.000000 75.000000 300.000000
35112 -375.000000 150.000000 300.000000
35113 -300.000000 150.000000 300.000000
35114 -225.000000 150.000000 300.000000
35115 -150.000000 150.000000 300.000000
35116 -75.000000 150.000000 300.000000
35117 0.000000 150.000000 300.000000
35118 0.000000 150.000000 300.000000
35119 0.000000 150.000000 300.000000
35120 0.000000 150.000000 300.000000
35121 0.000000 150.000000 300.000000
35122 0.000000 150.000000 300.000000
35123 0.000000 150.000000 300.000000
35124 0.000000 150.000000 300.000000
35125 0.000000 150.000000 300.000000
35126 0.000000 150.000000 300.000000
35127 0.000000 150.000000 300.000000
35128 0.000000 150.000000 300.000000
35129 0.000000 150.000000 300.000000
35130 0.000000 150.000000 300.000000
35131 0.000000 150.000000 300.000000
35132 0.000000 150.000000 300.000000
35133 0.000000 150.000000 300.000000
35134 0.000000 150.000000 300.000000
35135 0.000000 150.000000 300.000000
35136 0.000000 150.000000 300.000000
35137 0.000000 150.000000 300.000000
35138 0.000000 150.000000 300.000000
35139 0.000000 150.000000 300.000000
35140 0.000000 150.000000 300.000000
35141 0.000000 150.000000 300.000000
35142 0.000000 150.000000 300.000000
35143 0.000000 150.000000 300.000000
35144 0.000000 150.000000 300.000000
35145 0.000000 150.000000 300.000000
35146 0.000000 150.000000 300.000000
35147 0.000000 150.000000 300.000000
35148 0.000000 150.000000 300.000000
35149 75.000000 150.000000 300.000000
35150 150.000000 150.000000 300.000000
35151 225.000000 150.000000 300.000000
35152 300.000000 150.000000 300.000000
35153 375.000000 150.000000 300.000000
35154 -375.000000 225.000000 300.000000
35155 -300.000000 225.000000 300.000000
35156 -225.000000 225.000000 300.000000
35157 -150.000000 225.000000 300.000000
35158 -75.000000 225.000000 300.000000
35159 0.000000 225.000000 300.000000
35160 0.000000 225.000000 300.000000
35161 0.000000 225.000000 300.000000
35162 0.000000 225.000000 300.000000
35163 0.000000 225.000000 300.000000
35164 0.000000 225.000000 300.000000
35165 0.000000 225.000000 300.000000
35166 0.000000 225.000000 300.000000
35167 0.000000 225.000000 300.000000
35168 0.000000 225.000000 300.000000
35169 0.000000 225.000000 300.000000
35170 0.000000 225.000000 300.000000
35171 0.000000 225.000000 300.000000
35172 0.000000 225.000000 300.000000
35173 0.000000 225.000000 300.000000
35174 0.000000 225.000000 300.000000
35175 0.000000 225.000000 300.000000
35176 0.000000 225.000000 300.000000
35177 0.000000 225.000000 300.000000
35178 0.000000 225.000000 300.000000
35179 0.000000 225.000000 300.000000
35180 0.000000 225.000000 300.000000
35181 0.000000 225.000000 300.000000
35182 0.000000 225.000000 300.000000
35183 0.000000 225.000000 300.000000
35184 0.000000 225.000000 300.000000
35185 0.000000 225.000000 300.000000
35186 0.000000 225.000000 300.000000
35187 0.000000 225.000000 300.000000
35188 0.000000 225.000000 300.000000
35189 0.000000 225.000000 300.000000
35190 0.000000 225.000000 300.000000
35191 75.000000 225.000000 300.000000
35192 150.000000 225.000000 300.000000
35193 225.000000 225.000000 300.000000
35194 300.000000 225.000000 300.000000
35195 375.000000 225.000000 300.000000
35196 -375.000000 300.000000 300.000000
35197 -300.000000 300.000000 300.000000
35198 -225.000000 300.000000 300.000000
35199 -150.000000 300.000000 300.000000
35200 -75.000000 300.000000 300.000000
35201 0.000000 300.000000 300.000000
35202 0.000000 300.000000 300.000000
35203 0.000000 300.000000 300.000000
35204 0.000000 300.000000 300.000000
35205 0.000000 300.000000 300.000000
35206 0.000000 300.000000 300.000000
35207 0.000000 300.000000 300.000000
35208 0.000000 300.000000 300.000000
35209 0.000000 300.000000 300.000000
35210 0.000000 300.000000 300.000000
35211 0.000000 300.000000 300.000000
35212 0.000000 300.000000 300.000000
35213 0.000000 300.000000 300.000000
35214 0.000000 300.000000 300.000000
35215 0.000000 300.000000 300.000000
35216 0.000000 300.000000 300.000000
35217 0.000000 300.000000 300.000000
35218 0.000000 300.000000 300.000000
35219 0.000000 300.000000 300.000000
35220 0.000000 300.000000 300.000000
35221 0.000000 300.000000 300.000000
35222 0.000000 300.000000 300.000000
35223 0.000000 300.000000 300.000000
35224 0.000000 300.000000 300.000000
35225 0.000000 300.000000 300.000000
35226 0.000000 300.000000 300.000000
35227 0.000000 300.000000 300.000000
35228 0.000000 300.000000 300.000000
35229 0.000000 300.000000 300.000000
35230 0.000000 300.000000 300.000000
35231 0.000000 300.000000 300.000000
35232 0.000000 300.000000 300.000000
35233 75.000000 300.000000 300.000000
35234 150.000000 300.000000 300.000000
35235 225.000000 300.000000 300.000000
35236 300.000000 300.000000 300.000000
35237 375.000000 300.000000 300.000000
35238 -375.000000 375.000000 300.000000
35239 -300.000000 375.000000 300.000000
35240 -225.000000 375.000000 300.000000
35241 -150.000000 375.000000 300.000000
35242 -75.000000 375.000000 300.000000
35243 0.000000 375.000000 300.000000
35244 0.000000 375.000000 300.000000
35245 0.000000 375.000000 300.000000
35246 0.000000 375.000000 300.000000
35247 0.000000 375.000000 300.000000
35248 0.000000 375.000000 300.000000
35249 0.000000 375.000000 300.000000
35250 0.000000 375.000000 300.000000
35251 0.000000 375.000000 300.000000
35252 0.000000 375.000000 300.000000
35253 0.000000 375.000000 300.000000
35254 0.000000 375.000000 300.000000
35255 0.000000 375.000000 300.000000
35256 0.000000 375.000000 300.000000
35257 0.000000 375.000000 300.000000
35258 0.000000 375.000000 300.000000
35259 0.000000 375.000000 300.000000
35260 0.000000 375.000000 300.000000
35261 0.000000 375.000000 300.000000
35262 0.000000 375.000000 300.000000
35263 0.000000 375.000000 300.000000
35264 0.000000 375.000000 300.000000
35265 0.000000 375.000000 300.000000
35266 0.000000 375.000000 300.000000
35267 0.000000 375.000000 300.000000
35268 0.000000 375.000000 300.000000
35269 0.000000 375.000000 300.000000
35270 0.000000 375.000000 300.000000
35271 0.000000 375.000000 300.000000
35272 0.000000 375.000000 300.000000
35273 0.000000 375.000000 300.000000
35274 0.000000 375.000000 300.000000
35275 75.000000 375.000000 300.000000
35276 150.000000 375.000000 300.000000
35277 225.000000 375.000000 300.000000
35278 300.000000 375.000000 300.000000
35279 375.000000 375.000000 300.000000
35280 -375.000000 -375.000000 375.000000
35281 -300.000000 -375.000000 375.000000
35282 -225.000000 -375.000000 375.000000
35283 -150.000000 -375.000000 375.000000
35284 -75.000000 -375.000000 375.000000
35285 0.000000 -375.000000 375.000000
35286 0.000000 -375.000000 375.000000
35287 0.000000 -375.000000 375.000000
35288 0.000000 -375.000000 375.000000
35289 0.000000 -375.000000 375.000000
35290 0.000000 -375.000000 375.000000
35291 0.000000 -375.000000 375.000000
35292 0.000000 -375.000000 375.000000
35293 0.000000 -375.000000 375.000000
35294 0.000000 -375.000000 375.000000
35295 0.000000 -375.000000 375.000000
35296 0.000000 -375.000000 375.000000
35297 0.000000 -375.000000 375.000000
35298 0.000000 -375.000000 375.000000
35299 0.000000 -375.000000 375.000000
35300 0.000000 -375.000000 375.000000
35301 0.000000 -375.000000 375.000000
35302 0.000000 -375.000000 375.000000
35303 0.000000 -375.000000 375.000000
35304 0.000000 -375.000000 375.000000
35305 0.000000 -375.000000 375.000000
35306 0.000000 -375.000000 375.000000
35307 0.000000 -375.000000 375.000000
35308 0.000000 -375.000000 375.000000
35309 0.000000 -375.000000 375.000000
35310 0.000000 -375.000000 375.000000
35311 0.000000 -375.000000 375.000000
35312 0.000000 -375.000000 375.000000
35313 0.000000 -375.000000 375.000000
35314 0.000000 -375.000000 375.000000
35315 0.000000 -375.000000 375.000000
35316 0.000000 -375.000000 375.000000
35317 75.000000 -375.000000 375.000000
35318 150.000000 -375.000000 375.000000
35319 225.000000 -375.000000 375.000000
35320 300.000000 -375.000000 375.000000
35321 375.000000 -375.000000 375.000000
35322 -375.000000 -300.000000 375.000000
35323 -300.000000 -300.000000 375.000000
35324 -225.000000 -300.000000 375.000000
35325 -150.000000 -300.000000 375.000000
35326 -75.000000 -300.000000 375.000000
35327 0.000000 -300.000000 375.000000
35328 0.000000 -300.000000 375.000000
35329 0.000000 -300.000000 375.000000
35330 0.000000 -300.000000 375.000000
35331 0.000000 -300.000000 375.000000
35332 0.000000 -300.000000 375.000000
35333 0.000000 -300.000000 375.000000
35334 0.000000 -300.000000 375.000000
35335 0.000000 -300.000000 375.000000
35336 0.000000 -300.000000 375.000000
35337 0.000000 -300.000000 375.000000
35338 0.000000 -300.000000 375.000000
35339 0.000000 -300.000000 375.000000
35340 0.000000 -300.000000 375.000000
35341 0.000000 -300.000000 375.000000
35342 0.000000 -300.000000 375.000000
35343 0.000000 -300.000000 375.000000
35344 0.000000 -300.000000 375.000000
35345 0.000000 -300.000000 375.000000
35346 0.000000 -300.000000 375.000000
35347 0.000000 -300.000000 375.000000
35348 0.000000 -300.000000 375.000000
35349 0.000000 -300.000000 375.000000
35350 0.000000 -300.000000 375.000000
35351 0.000000 -300.000000 375.000000
35352 0.000000 -300.000000 375.000000
35353 0.000000 -300.000000 375.000000
35354 0.000000 -300.000000 375.000000
35355 0.000000 -300.000000 375.000000
35356 0.000000 -300.000000 375.000000
35357 0.000000 -300.000000 375.000000
35358 0.000000 -300.000000 375.000000
35359 75.000000 -300.000000 375.000000
35360 150.000000 -300.000000 375.000000
35361 225.000000 -300.000000 375.000000
35362 300.000000 -300.000000 375.000000
35363 375.000000 -300.000000 375.000000
35364 -375.000000 -225.000000 375.000000
35365 -300.000000 -225.000000 375.000000
35366 -225.000000 -225.000000 375.000000
35367 -150.000000 -225.000000 375.000000
35368 -75.000000 -225.000000 375.000000
35369 0.000000 -225.000000 375.000000
35370 0.000000 -225.000000 375.000000
35371 0.000000 -225.000000 375.000000
35372 0.000000 -225.000000 375.000000
35373 0.000000 -225.000000 375.000000
35374 0.000000 -225.000000 375.000000
35375 0.000000 -225.000000 375.000000
35376 0.000000 -225.000000 375.000000
35377 0.000000 -225.000000 375.000000
35378 0.000000 -225.000000 375.000000
35379 0.000000 -225.000000 375.000000
35380 0.000000 -225.000000 375.000000
35381 0.000000 -225.000000 375.000000
35382 0.000000 -225.000000 375.000000
35383 0.000000 -225.000000 375.000000
35384 0.000000 -225.000000 375.000000
35385 0.000000 -225.000000 375.000000
35386 0.000000 -225.000000 375.000000
35387 0.000000 -225.000000 375.000000
35388 0.000000 -225.000000 375.000000
35389 0.000000 -225.000000 375.000000
35390 0.000000 -225.000000 375.000000
35391 0.000000 -225.000000 375.000000
35392 0.000000 -225.000000 375.000000
35393 0.000000 -225.000000 375.000000
35394 0.000000 -225.000000 375.000000
35395 0.000000 -225.000000 375.000000
35396 0.000000 -225.000000 375.000000
35397 0.000000 -225.000000 375.000000
35398 0.000000 -225.000000 375.000000
35399 0.000000 -225.000000 375.000000
35400 0.000000 -225.000000 375.000000
35401 75.000000 -225.000000 375.000000
35402 150.000000 -225.000000 375.000000
35403 225.000000 -225.000000 375.000000
35404 300.000000 -225.000000 375.000000
35405 375.000000 -225.000000 375.000000
35406 -375.000000 -150.000000 375.000000
35407 -300.000000 -150.000000 375.000000
35408 -225.000000 -150.000000 375.000000
35409 -150.000000 -150.000000 375.000000
35410 -75.000000 -150.000000 375.000000
35411 0.000000 -150.000000 375.000000
35412 0.000000 -150.000000 375.000000
35413 0.000000 -150.000000 375.000000
35414 0.000000 -150.000000 375.000000
35415 0.000000 -150.000000 375.000000
35416 0.000000 -150.000000 375.000000
35417 0.000000 -150.000000 375.000000
35418 0.000000 -150.000000 375.000000
35419 0.000000 -150.000000 375.000000
35420 0.000000 -150.000000 375.000000
35421 0.000000 -150.000000 375.000000
35422 0.000000 -150.000000 375.000000
35423 0.000000 -150.000000 375.000000
35424 0.000000 -150.000000 375.000000
35425 0.000000 -150.000000 375.000000
35426 0.000000 -150.000000 375.000000
35427 0.000000 -150.000000 375.000000
35428 0.000000 -150.000000 375.000000
35429 0.000000 -150.000000 375.000000
35430 0.000000 -150.000000 375.000000
35431 0.000000 -150.000000 375.000000
35432 0.000000 -150.000000 375.000000
35433 0.000000 -150.000000 375.000000
35434 0.000000 -150.000000 375.000000
35435 0.000000 -150.000000 375.000000
35436 0.000000 -150.000000 375.000000
35437 0.000000 -150.000000 375.000000
35438 0.000000 -150.000000 375.000000
35439 0.000000 -150.000000 375.000000
35440 0.000000 -150.000000 375.000000
35441 0.000000 -150.000000 375.000000
35442 0.000000 -150.000000 375.000000
35443 75.000000 -150.000000 375.000000
35444 150.000000 -150.000000 375.000000
35445 225.000000 -150.000000 375.000000
35446 300.000000 -150.000000 375.000000
35447 375.000000 -150.000000 375.000000
35448 -375.000000 -75.000000 375.000000
35449 -300.000000 -75.000000 375.000000
35450 -225.000000 -75.000000 375.000000
35451 -150.000000 -75.000000 375.000000
35452 -75.000000 -75.000000 375.000000
35453 0.000000 -75.000000 375.000000
35454 0.000000 -75.000000 375.000000
35455 0.000000 -75.000000 375.000000
35456 0.000000 -75.000000 375.000000
35457 0.000000 -75.000000 375.000000
35458 0.000000 -75.000000 375.000000
35459 0.000000 -75.000000 375.000000
35460 0.000000 -75.000000 375.000000
35461 0.000000 -75.000000 375.000000
35462 0.000000 -75.000000 375.000000
35463 0.000000 -75.000000 375.000000
35464 0.000000 -75.000000 375.000000
35465 0.000000 -75.000000 375.000000
35466 0.000000 -75.000000 375.000000
35467 0.000000 -75.000000 375.000000
35468 0.000000 -75.000000 375.000000
35469 0.000000 -75.000000 375.000000
35470 0.000000 -75.000000 375.000000
35471 0.000000 -75.000000 375.000000
35472 0.000000 -75.000000 375.000000
35473 0.000000 -75.000000 375.000000
35474 0.000000 -75.000000 375.000000
35475 0.000000 -75.000000 375.000000
35476 0.000000 -75.000000 375.000000
35477 0.000000 -75.000000 375.000000
35478 0.000000 -75.000000 375.000000
35479 0.000000 -75.000000 375.000000
35480 0.000000 -75.000000 375.000000
35481 0.000000 -75.000000 375.000000
35482 0.000000 -75.000000 375.000000
35483 0.000000 -75.000000 375.000000
35484 0.000000 -75.000000 375.000000
35485 75.000000 -75.000000 375.000000
35486 150.000000 -75.000000 375.000000
35487 225.000000 -75.000000 375.000000
35488 300.000000 -75.000000 375.000000
35489 375.000000 -75.000000 375.000000
35490 -375.000000 0.000000 375.000000
35491 -300.000000 0.000000 375.000000
35492 -225.000000 0.000000 375.000000
35493 -150.000000 0.000000 375.000000
35494 -75.000000 0.000000 375.000000
35495 0.000000 0.000000 375.000000
35496 0.000000 0.000000 375.000000
35497 0.000000 0.000000 375.000000
35498 0.000000 0.000000 375.000000
35499 0.000000 0.000000 375.000000
35500 0.000000 0.000000 375.000000
35501 0.000000 0.000000 375.000000
35502 0.000000 0.000000 375.000000
35503 0.000000 0.000000 375.000000
35504 0.000000 0.000000 375.000000
35505 0.000000 0.000000 375.000000
35506 0.000000 0.000000 375.000000
35507 0.000000 0.000000 375.000000
35508 0.000000 0.000000 375.000000
35509 0.000000 0.000000 375.000000
35510 0.000000 0.000000 375.000000
35511 0.000000 0.000000 375.000000
35512 0.000000 0.000000 375.000000
35513 0.000000 0.000000 375.000000
35514 0.000000 0.000000 375.000000
35515 0.000000 0.000000 375.000000
35516 0.000000 0.000000 375.000000
35517 0.000000 0.000000 375.000000
35518 0.000000 0.000000 375.000000
35519 0.000000 0.000000 375.000000
35520 0.000000 0.000000 375.000000
35521 0.000000 0.000000 375.000000
35522 0.000000 0.000000 375.000000
35523 0.000000 0.000000 375.000000
35524 0.000000 0.000000 375.000000
35525 0.000000 0.000000 375.000000
35526 0.000000 0.000000 375.000000
35527 75.000000 0.000000 375.000000
35528 150.000000 0.000000 375.000000
35529 225.000000 0.000000 375.000000
35530 300.000000 0.000000 375.000000
35531 375.000000 0.000000 375.000000
35532 -375.000000 0.000000 375.000000
35533 -300.000000 0.000000 375.000000
35534 -225.000000 0.000000 375.000000
35535 -150.000000 0.000000 375.000000
35536 -75.000000 0.000000 375.000000
35537 0.000000 0.000000 375.000000
35538 0.000000 0.000000 375.000000
35539 0.000000 0.000000 375.000000
35540 0.000000 0.000000 375.000000
35541 0.000000 0.000000 375.000000
35542 0.000000 0.000000 375.000000
35543 0.000000 0.000000 375.000000
35544 0.000000 0.000000 375.000000
35545 0.000000 0.000000 375.000000
35546 0.000000 0.000000 375.000000
35547 0.000000 0.000000 375.000000
35548 0.000000 0.000000 375.000000
35549 0.000000 0.000000 375.000000
35550 0.000000 0.000000 375.000000
35551 0.000000 0.000000 375.000000
35552 0.000000 0.000000 375.000000
35553 0.000000 0.000000 375.000000
35554 0.000000 0.000000 375.000000
35555 0.000000 0.000000 375.000000
35556 0.000000 0.000000 375.000000
35557 0.000000 0.000000 375.000000
35558 0.000000 0.000000 375.000000
35559 0.000000 0.000000 375.000000
35560 0.000000 0.000000 375.000000
35561 0.000000 0.000000 375.000000
35562 0.000000 0.000000 375.000000
35563 0.000000 0.000000 375.000000
35564 0.000000 0.000000 375.000000
35565 0.000000 0.000000 375.000000
35566 0.000000 0.000000 375.000000
35567 0.000000 0.000000 375.000000
35568 0.000000 0.000000 375.000000
35569 75.000000 0.000000 375.000000
35570 150.000000 0.000000 375.000000
35571 225.000000 0.000000 375.000000
35572 300.000000 0.000000 375.000000
35573 375.000000 0.000000 375.000000
35574 -375.000000 0.000000 375.000000
35575 -300.000000 0.000000 375.000000
35576 -225.000000 0.000000 375.000000
35577 -150.000000 0.000000 375.000000
35578 -75.000000 0.000000 375.000000
35579 0.000000 0.000000 375.000000
35580 0.000000 0.000000 375.000000
35581 0.000000 0.000000 375.000000
35582 0.000000 0.000000 375.000000
35583 0.000000 0.000000 375.000000
35584 0.000000 0.000000 375.000000
35585 0.000000 0.000000 375.000000
35586 0.000000 0.000000 375.000000
35587 0.000000 0.000000 375.000000
35588 0.000000 0.000000 375.000000
35589 0.000000 0.000000 375.000000
35590 0.000000 0.000000 375.000000
35591 0.000000 0.000000 375.000000
35592 0.000000 0.000000 375.000000
35593 0.000000 0.000000 375.000000
35594 0.000000 0.000000 375.000000
35595 0.000000 0.000000 375.000000
35596 0.000000 0.000000 375.000000
35597 0.000000 0.000000 375.000000
35598 0.000000 0.000000 375.000000
35599 0.000000 0.000000 375.000000
35600 0.000000 0.000000 375.000000
35601 0.000000 0.000000 375.000000
35602 0.000000 0.000000 375.000000
35603 0.000000 0.000000 375.000000
35604 0.000000 0.000000 375.000000
35605 0.000000 0.000000 375.000000
35606 0.000000 0.000000 375.000000
35607 0.000000 0.000000 375.000000
35608 0.000000 0.000000 375.000000
35609 0.000000 0.000000 375.000000
35610 0.000000 0.000000 375.000000
35611 75.000000 0.000000 375.000000
35612 150.000000 0.000000 375.000000
35613 225.000000 0.000000 375.000000
35614 300.000000 0.000000 375.000000
35615 375.000000 0.000000 375.000000
35616 -375.000000 0.000000 375.000000
35617 -300.000000 0.000000 375.000000
35618 -225.000000 0.000000 375.000000
35619 -150.000000 0.000000 375.000000
35620 -75.000000 0.000000 375.000000
35621 0.000000 0.000000 375.000000
35622 0.000000 0.000000 375.000000
35623 0.000000 0.000000 375.000000
35624 0.000000 0.000000 375.000000
35625 0.000000 0.000000 375.000000
35626 0.000000 0.000000 375.000000
35627 0.000000 0.000000 375.000000
35628 0.000000 0.000000 375.000000
35629 0.000000 0.000000 375.000000
35630 0.000000 0.000000 375.000000
35631 0.000000 0.000000 375.000000
35632 0.000000 0.000000 375.000000
35633 0.000000 0.000000 375.000000
35634 0.000000 0.000000 375.000000
35635 0.000000 0.000000 375.000000
35636 0.000000 0.000000 375.000000
35637 0.000000 0.000000 375.000000
35638 0.000000 0.000000 375.000000
35639 0.000000 0.000000 375.000000
35640 0.000000 0.000000 375.000000
35641 0.000000 0.000000 375.000000
35642 0.000000 0.000000 375.000000
35643 0.000000 0.000000 375.000000
35644 0.000000 0.000000 375.000000
35645 0.000000 0.000000 375.000000
35646 0.000000 0.000000 375.000000
35647 0.000000 0.000000 375.000000
35648 0.000000 0.000000 375.000000
35649 0.000000 0.000000 375.000000
35650 0.000000 0.000000 375.000000
35651 0.000000 0.000000 375.000000
35652 0.000000 0.000000 375.000000
35653 75.000000 0.000000 375.000000
35654 150.000000 0.000000 375.000000
35655 225.000000 0.000000 375.000000
35656 300.000000 0.000000 375.000000
35657 375.000000 0.000000 375.000000
35658 -375.000000 0.000000 375.000000
35659 -300.000000 0.000000 375.000000
35660 -225.000000 0.000000 375.000000
35661 -150.000000 0.000000 375.000000
35662 -75.000000 0.000000 375.000000
35663 0.000000 0.000000 375.000000
35664 0.000000 0.000000 375.000000
35665 0.000000 0.000000 375.000000
35666 0.000000 0.000000 375.000000
35667 0.000000 0.000000 375.000000
35668 0.000000 0.000000 375.000000
35669 0.000000 0.000000 375.000000
35670 0.000000 0.000000 375.000000
35671 0.000000 0.000000 375.000000
35672 0.000000 0.000000 375.000000
35673 0.000000 0.000000 375.000000
35674 0.000000 0.000000 375.000000
35675 0.000000 0.000000 375.000000
35676 0.000000 0.000000 375.000000
35677 0.000000 0.000000 375.000000
35678 0.000000 0.000000 375.000000
35679 0.000000 0.000000 375.000000
35680 0.000000 0.000000 375.000000
35681 0.000000 0.000000 375.000000
35682 0.000000 0.000000 375.000000
35683 0.000000 0.000000 375.000000
35684 0.000000 0.000000 375.000000
35685 0.000000 0.000000 375.000000
35686 0.000000 0.000000 375.000000
35687 0.000000 0.000000 375.000000
35688 0.000000 0.000000 375.000000
35689 0.000000 0.000000 375.000000
35690 0.000000 0.000000 375.000000
35691 0.000000 0.000000 375.000000
35692 0.000000 0.000000 375.000000
35693 0.000000 0.000000 375.000000
35694 0.000000 0.000000 375.000000
35695 75.000000 0.000000 375.000000
35696 150.000000 0.000000 375.000000
35697 225.000000 0.000000 375.000000
35698 300.000000 0.000000 375.000000
35699 375.000000 0.000000 375.000000
35700 -375.000000 0.000000 375.000000
35701 -300.000000 0.000000 375.000000
35702 -225.000000 0.000000 375.000000
35703 -150.000000 0.000000 375.000000
35704 -75.000000 0.000000 375.000000
35705 0.000000 0.000000 375.000000
35706 0.000000 0.000000 375.000000
35707 0.000000 0.000000 375.000000
35708 0.000000 0.000000 375.000000
35709 0.000000 0.000000 375.000000
35710 0.000000 0.000000 375.000000
35711 0.000000 0.000000 375.000000
35712 0.000000 0.000000 375.000000
35713 0.000000 0.000000 375.000000
35714 0.000000 0.000000 375.000000
35715 0.000000 0.000000 375.000000
35716 0.000000 0.000000 375.000000
35717 0.000000 0.000000 375.000000
35718 0.000000 0.000000 375.000000
35719 0.000000 0.000000 375.000000
35720 0.000000 0.000000 375.000000
35721 0.000000 0.000000 375.000000
35722 0.000000 0.000000 375.000000
35723 0.000000 0.000000 375.000000
35724 0.000000 0.000000 375.000000
35725 0.000000 0.000000 375.000000
35726 0.000000 0.000000 375.000000
35727 0.000000 0.000000 375.000000
35728 0.000000 0.000000 375.000000
35729 0.000000 0.000000 375.000000
35730 0.000000 0.000000 375.000000
35731 0.000000 0.000000 375.000000
35732 0.000000 0.000000 375.000000
35733 0.000000 0.000000 375.000000
35734 0.000000 0.000000 375.000000
35735 0.000000 0.000000 375.000000
35736 0.000000 0.000000 375.000000
35737 75.000000 0.000000 375.000000
35738 150.000000 0.000000 375.000000
35739 225.000000 0.000000 375.000000
35740 300.000000 0.000000 375.000000
35741 375.000000 0.000000 375.000000
35742 -375.000000 0.000000 375.000000
35743 -300.000000 0.000000 375.000000
35744 -225.000000 0.000000 375.000000
35745 -150.000000 0.000000 375.000000
35746 -75.000000 0.000000 375.000000
35747 0.000000 0.000000 375.000000
35748 0.000000 0.000000 375.000000
35749 0.000000 0.000000 375.000000
35750 0.000000 0.000000 375.000000
35751 0.000000 0.000000 375.000000
35752 0.000000 0.000000 375.000000
35753 0.000000 0.000000 375.000000
35754 0.000000 0.000000 375.000000
35755 0.000000 0.000000 375.000000
35756 0.000000 0.000000 375.000000
35757 0.000000 0.000000 375.000000
35758 0.000000 0.000000 375.000000
35759 0.000000 0.000000 375.000000
35760 0.000000 0.000000 375.000000
35761 0.000000 0.000000 375.000000
35762 0.000000 0.000000 375.000000
35763 0.000000 0.000000 375.000000
35764 0.000000 0.000000 375.000000
35765 0.000000 0.000000 375.000000
35766 0.000000 0.000000 375.000000
35767 0.000000 0.000000 375.000000
35768 0.000000 0.000000 375.000000
35769 0.000000 0.000000 375.000000
35770 0.000000 0.000000 375.000000
35771 0.000000 0.000000 375.000000
35772 0.000000 0.000000 375.000000
35773 0.000000 0.000000 375.000000
35774 0.000000 0.000000 375.000000
35775 0.000000 0.000000 375.000000
35776 0.000000 0.000000 375.000000
35777 0.000000 0.000000 375.000000
35778 0.000000 0.000000 375.000000
35779 75.000000 0.000000 375.000000
35780 150.000000 0.000000 375.000000
35781 225.000000 0.000000 375.000000
35782 300.000000 0.000000 375.000000
35783 375.000000 0.000000 375.000000
35784 -375.000000 0.000000 375.000000
35785 -300.000000 0.000000 375.000000
35786 -225.000000 0.000000 375.000000
35787 -150.000000 0.000000 375.000000
35788 -75.000000 0.000000 375.000000
35789 0.000000 0.000000 375.000000
35790 0.000000 0.000000 375.000000
35791 0.000000 0.000000 375.000000
35792 0.000000 0.000000 375.000000
35793 0.000000 0.000000 375.000000
35794 0.000000 0.000000 375.000000
35795 0.000000 0.000000 375.000000
35796 0.000000 0.000000 375.000000
35797 0.000000 0.000000 375.000000
35798 0.000000 0.000000 375.000000
35799 0.000000 0.000000 375.000000
35800 0.000000 0.000000 375.000000
35801 0.000000 0.000000 375.000000
35802 0.000000 0.000000 375.000000
35803 0.000000 0.000000 375.000000
35804 0.000000 0.000000 375.000000
35805 0.000000 0.000000 375.000000
35806 0.000000 0.000000 375.000000
35807 0.000000 0.000000 375.000000
35808 0.000000 0.000000 375.000000
35809 0.000000 0.000000 375.000000
35810 0.000000 0.000000 375.000000
35811 0.000000 0.000000 375.000000
35812 0.000000 0.000000 375.000000
35813 0.000000 0.000000 375.000000
35814 0.000000 0.000000 375.000000
35815 0.000000 0.000000 375.000000
35816 0.000000 0.000000 375.000000
35817 0.000000 0.000000 375.000000
35818 0.000000 0.000000 375.000000
35819 0.000000 0.000000 375.000000
35820 0.000000 0.000000 375.000000
35821 75.000000 0.000000 375.000000
35822 150.000000 0.000000 375.000000
35823 225.000000 0.000000 375.000000
35824 300.000000 0.000000 375.000000
35825 375.000000 0.000000 375.000000
35826 -375.000000 0.000000 375.000000
35827 -300.000000 0.000000 375.000000
35828 -225.000000 0.000000 375.000000
35829 -150.000000 0.000000 375.000000
35830 -75.000000 0.000000 375.000000
35831 0.000000 0.000000 375.000000
35832 0.000000 0.000000 375.000000
35833 0.000000 0.000000 375.000000
35834 0.000000 0.000000 375.000000
35835 0.000000 0.000000 375.000000
35836 0.000000 0.000000 375.000000
35837 0.000000 0.000000 375.000000
35838 0.000000 0.000000 375.000000
35839 0.000000 0.000000 375.000000
35840 0.000000 0.000000 375.000000
35841 0.000000 0.000000 375.000000
35842 0.000000 0.000000 375.000000
35843 0.000000 0.000000 375.000000
35844 0.000000 0.000000 375.000000
35845 0.000000 0.000000 375.000000
35846 0.000000 0.000000 375.000000
35847 0.000000 0.000000 375.000000
35848 0.000000 0.000000 375.000000
35849 0.000000 0.000000 375.000000
35850 0.000000 0.000000 375.000000
35851 0.000000 0.000000 375.000000
35852 0.000000 0.000000 375.000000
35853 0.000000 0.000000 375.000000
35854 0.000000 0.000000 375.000000
35855 0.000000 0.000000 375.000000
35856 0.000000 0.000000 375.000000
35857 0.000000 0.000000 375.000000
35858 0.000000 0.000000 375.000000
35859 0.000000 0.000000 375.000000
35860 0.000000 0.000000 375.000000
35861 0.000000 0.000000 375.000000
35862 0.000000 0.000000 375.000000
35863 75.000000 0.000000 375.000000
35864 150.000000 0.000000 375.000000
35865 225.000000 0.000000 375.000000
35866 300.000000 0.000000 375.000000
35867 375.000000 0.000000 375.000000
35868 -375.000000 0.000000 375.000000
35869 -300.000000 0.000000 375.000000
35870 -225.000000 0.000000 375.000000
35871 -150.000000 0.000000 375.000000
35872 -75.000000 0.000000 375.000000
35873 0.000000 0.000000 375.000000
35874 0.000000 0.000000 375.000000
35875 0.000000 0.000000 375.000000
35876 0.000000 0.000000 375.000000
35877 0.000000 0.000000 375.000000
35878 0.000000 0.000000 375.000000
35879 0.000000 0.000000 375.000000
35880 0.000000 0.000000 375.000000
35881 0.000000 0.000000 375.000000
35882 0.000000 0.000000 375.000000
35883 0.000000 0.000000 375.000000
35884 0.000000 0.000000 375.000000
35885 0.000000 0.000000 375.000000
35886 0.000000 0.000000 375.000000
35887 0.000000 0.000000 375.000000
35888 0.000000 0.000000 375.000000
35889 0.000000 0.000000 375.000000
35890 0.000000 0.000000 375.000000
35891 0.000000 0.000000 375.000000
35892 0.000000 0.000000 375.000000
35893 0.000000 0.000000 375.000000
35894 0.000000 0.000000 375.000000
35895 0.000000 0.000000 375.000000
35896 0.000000 0.000000 375.000000
35897 0.000000 0.000000 375.000000
35898 0.000000 0.000000 375.000000
35899 0.000000 0.000000 375.000000
35900 0.000000 0.000000 375.000000
35901 0.000000 0.000000 375.000000
35902 0.000000 0.000000 375.000000
35903 0.000000 0.000000 375.000000
35904 0.000000 0.000000 375.000000
35905 75.000000 0.000000 375.000000
35906 150.000000 0.000000 375.000000
35907 225.000000 0.000000 375.000000
35908 300.000000 0.000000 375.000000
35909 375.000000 0.000000 375.000000
35910 -375.000000 0.000000 375.000000
35911 -300.000000 0.000000 375.000000
35912 -225.000000 0.000000 375.000000
35913 -150.000000 0.000000 375.000000
35914 -75.000000 0.000000 375.000000
35915 0.000000 0.000000 375.000000
35916 0.000000 0.000000 375.000000
35917 0.000000 0.000000 375.000000
35918 0.000000 0.000000 375.000000
35919 0.000000 0.000000 375.000000
35920 0.000000 0.000000 375.000000
35921 0.000000 0.000000 375.000000
35922 0.000000 0.000000 375.000000
35923 0.000000 0.000000 375.000000
35924 0.000000 0.000000 375.000000
35925 0.000000 0.000000 375.000000
35926 0.000000 0.000000 375.000000
35927 0.000000 0.000000 375.000000
35928 0.000000 0.000000 375.000000
35929 0.000000 0.000000 375.000000
35930 0.000000 0.000000 375.000000
35931 0.000000 0.000000 375.000000
35932 0.000000 0.000000 375.000000
35933 0.000000 0.000000 375.000000
35934 0.000000 0.000000 375.000000
35935 0.000000 0.000000 375.000000
35936 0.000000 0.000000 375.000000
35937 0.000000 0.000000 375.000000
35938 0.000000 0.000000 375.000000
35939 0.000000 0.000000 375.000000
35940 0.000000 0.000000 375.000000
35941 0.000000 0.000000 375.000000
35942 0.000000 0.000000 375.000000
35943 0.000000 0.000000 375.000000
35944 0.000000 0.000000 375.000000
35945 0.000000 0.000000 375.000000
35946 0.000000 0.000000 375.000000
35947 75.000000 0.000000 375.000000
35948 150.000000 0.000000 375.000000
35949 225.000000 0.000000 375.000000
35950 300.000000 0.000000 375.000000
35951 375.000000 0.000000 375.000000
35952 -375.000000 0.000000 375.000000
35953 -300.000000 0.000000 375.000000
35954 -225.000000 0.000000 375.000000
35955 -150.000000 0.000000 375.000000
35956 -75.000000 0.000000 375.000000
35957 0.000000 0.000000 375.000000
35958 0.000000 0.000000 375.000000
35959 0.000000 0.000000 375.000000
35960 0.000000 0.000000 375.000000
35961 0.000000 0.000000 375.000000
35962 0.000000 0.000000 375.000000
35963 0.000000 0.000000 375.000000
35964 0.000000 0.000000 375.000000
35965 0.000000 0.000000 375.000000
35966 0.000000 0.000000 375.000000
35967 0.000000 0.000000 375.000000
35968 0.000000 0.000000 375.000000
35969 0.000000 0.000000 375.000000
35970 0.000000 0.000000 375.000000
35971 0.000000 0.000000 375.000000
35972 0.000000 0.000000 375.000000
35973 0.000000 0.000000 375.000000
35974 0.000000 0.000000 375.000000
35975 0.000000 0.000000 375.000000
35976 0.000000 0.000000 375.000000
35977 0.000000 0.000000 375.000000
35978 0.000000 0.000000 375.000000
35979 0.000000 0.000000 375.000000
35980 0.000000 0.000000 375.000000
35981 0.000000 0.000000 375.000000
35982 0.000000 0.000000 375.000000
35983 0.000000 0.000000 375.000000
35984 0.000000 0.000000 375.000000
35985 0.000000 0.000000 375.000000
35986 0.000000 0.000000 375.000000
35987 0.000000 0.000000 375.000000
35988 0.000000 0.000000 375.000000
35989 75.000000 0.000000 375.000000
35990 150.000000 0.000000 375.000000
35991 225.000000 0.000000 375.000000
35992 300.000000 0.000000 375.000000
35993 375.000000 0.000000 375.000000
35994 -375.000000 0.000000 375.000000
35995 -300.000000 0.000000 375.000000
35996 -225.000000 0.000000 375.000000
35997 -150.000000 0.000000 375.000000
35998 -75.000000 0.000000 375.000000
35999 0.000000 0.000000 375.000000
36000 0.000000 0.000000 375.000000
36001 0.000000 0.000000 375.000000
36002 0.000000 0.000000 375.000000
36003 0.000000 0.000000 375.000000
36004 0.000000 0.000000 375.000000
36005 0.000000 0.000000 375.000000
36006 0.000000 0.000000 375.000000
36007 0.000000 0.000000 375.000000
36008 0.000000 0.000000 375.000000
36009 0.000000 0.000000 375.000000
36010 0.000000 0.000000 375.000000
36011 0.000000 0.000000 375.000000
36012 0.000000 0.000000 375.000000
36013 0.000000 0.000000 375.000000
36014 0.000000 0.000000 375.000000
36015 0.000000 0.000000 375.000000
36016 0.000000 0.000000 375.000000
36017 0.000000 0.000000 375.000000
36018 0.000000 0.000000 375.000000
36019 0.000000 0.000000 375.000000
36020 0.000000 0.000000 375.000000
36021 0.000000 0.000000 375.000000
36022 0.000000 0.000000 375.000000
36023 0.000000 0.000000 375.000000
36024 0.000000 0.000000 375.000000
36025 0.000000 0.000000 375.000000
36026 0.000000 0.000000 375.000000
36027 0.000000 0.000000 375.000000
36028 0.000000 0.000000 375.000000
36029 0.000000 0.000000 375.000000
36030 0.000000 0.000000 375.000000
36031 75.000000 0.000000 375.000000
36032 150.000000 0.000000 375.000000
36033 225.000000 0.000000 375.000000
36034 300.000000 0.000000 375.000000
36035 375.000000 0.000000 375.000000
36036 -375.000000 0.000000 375.000000
36037 -300.000000 0.000000 375.000000
36038 -225.000000 0.000000 375.000000
36039 -150.000000 0.000000 375.000000
36040 -75.000000 0.000000 375.000000
36041 0.000000 0.000000 375.000000
36042 0.000000 0.000000 375.000000
36043 0.000000 0.000000 375.000000
36044 0.000000 0.000000 375.000000
36045 0.000000 0.000000 375.000000
36046 0.000000 0.000000 375.000000
36047 0.000000 0.000000 375.000000
36048 0.000000 0.000000 375.000000
36049 0.000000 0.000000 375.000000
36050 0.000000 0.000000 375.000000
36051 0.000000 0.000000 375.000000
36052 0.000000 0.000000 375.000000
36053 0.000000 0.000000 375.000000
36054 0.000000 0.000000 375.000000
36055 0.000000 0.000000 375.000000
36056 0.000000 0.000000 375.000000
36057 0.000000 0.000000 375.000000
36058 0.000000 0.000000 375.000000
36059 0.000000 0.000000 375.000000
36060 0.000000 0.000000 375.000000
36061 0.000000 0.000000 375.000000
36062 0.000000 0.000000 375.000000
36063 0.000000 0.000000 375.000000
36064 0.000000 0.000000 375.000000
36065 0.000000 0.000000 375.000000
36066 0.000000 0.000000 375.000000
36067 0.000000 0.000000 375.000000
36068 0.000000 0.000000 375.000000
36069 0.000000 0.000000 375.000000
36070 0.000000 0.000000 375.000000
36071 0.000000 0.000000 375.000000
36072 0.000000 0.000000 375.000000
36073 75.000000 0.000000 375.000000
36074 150.000000 0.000000 375.000000
36075 225.000000 0.000000 375.000000
36076 300.000000 0.000000 375.000000
36077 375.000000 0.000000 375.000000
36078 -375.000000 0.000000 375.000000
36079 -300.000000 0.000000 375.000000
36080 -225.000000 0.000000 375.000000
36081 -150.000000 0.000000 375.000000
36082 -75.000000 0.000000 375.000000
36083 0.000000 0.000000 375.000000
36084 0.000000 0.000000 375.000000
36085 0.000000 0.000000 375.000000
36086 0.000000 0.000000 375.000000
36087 0.000000 0.000000 375.000000
36088 0.000000 0.000000 375.000000
36089 0.000000 0.000000 375.000000
36090 0.000000 0.000000 375.000000
36091 0.000000 0.000000 375.000000
36092 0.000000 0.000000 375.000000
36093 0.000000 0.000000 375.000000
36094 0.000000 0.000000 375.000000
36095 0.000000 0.000000 375.000000
36096 0.000000 0.000000 375.000000
36097 0.000000 0.000000 375.000000
36098 0.000000 0.000000 375.000000
36099 0.000000 0.000000 375.000000
36100 0.000000 0.000000 375.000000
36101 0.000000 0.000000 375.000000
36102 0.000000 0.000000 375.000000
36103 0.000000 0.000000 375.000000
36104 0.000000 0.000000 375.000000
36105 0.000000 0.000000 375.000000
36106 0.000000 0.000000 375.000000
36107 0.000000 0.000000 375.000000
36108 0.000000 0.000000 375.000000
36109 0.000000 0.000000 375.000000
36110 0.000000 0.000000 375.000000
36111 0.000000 0.000000 375.000000
36112 0.000000 0.000000 375.000000
36113 0.000000 0.000000 375.000000
36114 0.000000 0.000000 375.000000
36115 75.000000 0.000000 375.000000
36116 150.000000 0.000000 375.000000
36117 225.000000 0.000000 375.000000
36118 300.000000 0.000000 375.000000
36119 375.000000 0.000000 375.000000
36120 -375.000000 0.000000 375.000000
36121 -300.000000 0.000000 375.000000
36122 -225.000000 0.000000 375.000000
36123 -150.000000 0.000000 375.000000
36124 -75.000000 0.000000 375.000000
36125 0.000000 0.000000 375.000000
36126 0.000000 0.000000 375.000000
36127 0.000000 0.000000 375.000000
36128 0.000000 0.000000 375.000000
36129 0.000000 0.000000 375.000000
36130 0.000000 0.000000 375.000000
36131 0.000000 0.000000 375.000000
36132 0.000000 0.000000 375.000000
36133 0.000000 0.000000 375.000000
36134 0.000000 0.000000 375.000000
36135 0.000000 0.000000 375.000000
36136 0.000000 0.000000 375.000000
36137 0.000000 0.000000 375.000000
36138 0.000000 0.000000 375.000000
36139 0.000000 0.000000 375.000000
36140 0.000000 0.000000 375.000000
36141 0.000000 0.000000 375.000000
36142 0.000000 0.000000 375.000000
36143 0.000000 0.000000 375.000000
36144 0.000000 0.000000 375.000000
36145 0.000000 0.000000 375.000000
36146 0.000000 0.000000 375.000000
36147 0.000000 0.000000 375.000000
36148 0.000000 0.000000 375.000000
36149 0.000000 0.000000 375.000000
36150 0.000000 0.000000 375.000000
36151 0.000000 0.000000 375.000000
36152 0.000000 0.000000 375.000000
36153 0.000000 0.000000 375.000000
36154 0.000000 0.000000 375.000000
36155 0.000000 0.000000 375.000000
36156 0.000000 0.000000 375.000000
36157 75.000000 0.000000 375.000000
36158 150.000000 0.000000 375.000000
36159 225.000000 0.000000 375.000000
36160 300.000000 0.000000 375.000000
36161 375.000000 0.000000 375.000000
36162 -375.000000 0.000000 375.000000
36163 -300.000000 0.000000 375.000000
36164 -225.000000 0.000000 375.000000
36165 -150.000000 0.000000 375.000000
36166 -75.000000 0.000000 375.000000
36167 0.000000 0.000000 375.000000
36168 0.000000 0.000000 375.000000
36169 0.000000 0.000000 375.000000
36170 0.000000 0.000000 375.000000
36171 0.000000 0.000000 375.000000
36172 0.000000 0.000000 375.000000
36173 0.000000 0.000000 375.000000
36174 0.000000 0.000000 375.000000
36175 0.000000 0.000000 375.000000
36176 0.000000 0.000000 375.000000
36177 0.000000 0.000000 375.000000
36178 0.000000 0.000000 375.000000
36179 0.000000 0.000000 375.000000
36180 0.000000 0.000000 375.000000
36181 0.000000 0.000000 375.000000
36182 0.000000 0.000000 375.000000
36183 0.000000 0.000000 375.000000
36184 0.000000 0.000000 375.000000
36185 0.000000 0.000000 375.000000
36186 0.000000 0.000000 375.000000
36187 0.000000 0.000000 375.000000
36188 0.000000 0.000000 375.000000
36189 0.000000 0.000000 375.000000
36190 0.000000 0.000000 375.000000
36191 0.000000 0.000000 375.000000
36192 0.000000 0.000000 375.000000
36193 0.000000 0.000000 375.000000
36194 0.000000 0.000000 375.000000
36195 0.000000 0.000000 375.000000
36196 0.000000 0.000000 375.000000
36197 0.000000 0.000000 375.000000
36198 0.000000 0.000000 375.000000
36199 75.000000 0.000000 375.000000
36200 150.000000 0.000000 375.000000
36201 225.000000 0.000000 375.000000
36202 300.000000 0.000000 375.000000
36203 375.000000 0.000000 375.000000
36204 -375.000000 0.000000 375.000000
36205 -300.000000 0.000000 375.000000
36206 -225.000000 0.000000 375.000000
36207 -150.000000 0.000000 375.000000
36208 -75.000000 0.000000 375.000000
36209 0.000000 0.000000 375.000000
36210 0.000000 0.000000 375.000000
36211 0.000000 0.000000 375.000000
36212 0.000000 0.000000 375.000000
36213 0.000000 0.000000 375.000000
36214 0.000000 0.000000 375.000000
36215 0.000000 0.000000 375.000000
36216 0.000000 0.000000 375.000000
36217 0.000000 0.000000 375.000000
36218 0.000000 0.000000 375.000000
36219 0.000000 0.000000 375.000000
36220 0.000000 0.000000 375.000000
36221 0.000000 0.000000 375.000000
36222 0.000000 0.000000 375.000000
36223 0.000000 0.000000 375.000000
36224 0.000000 0.000000 375.000000
36225 0.000000 0.000000 375.000000
36226 0.000000 0.000000 375.000000
36227 0.000000 0.000000 375.000000
36228 0.000000 0.000000 375.000000
36229 0.000000 0.000000 375.000000
36230 0.000000 0.000000 375.000000
36231 0.000000 0.000000 375.000000
36232 0.000000 0.000000 375.000000
36233 0.000000 0.000000 375.000000
36234 0.000000 0.000000 375.000000
36235 0.000000 0.000000 375.000000
36236 0.000000 0.000000 375.000000
36237 0.000000 0.000000 375.000000
36238 0.000000 0.000000 375.000000
36239 0.000000 0.000000 375.000000
36240 0.000000 0.000000 375.000000
36241 75.000000 0.000000 375.000000
36242 150.000000 0.000000 375.000000
36243 225.000000 0.000000 375.000000
36244 300.000000 0.000000 375.000000
36245 375.000000 0.000000 375.000000
36246 -375.000000 0.000000 375.000000
36247 -300.000000 0.000000 375.000000
36248 -225.000000 0.000000 375.000000
36249 -150.000000 0.000000 375.000000
36250 -75.000000 0.000000 375.000000
36251 0.000000 0.000000 375.000000
36252 0.000000 0.000000 375.000000
36253 0.000000 0.000000 375.000000
36254 0.000000 0.000000 375.000000
36255 0.000000 0.000000 375.000000
36256 0.000000 0.000000 375.000000
36257 0.000000 0.000000 375.000000
36258 0.000000 0.000000 375.000000
36259 0.000000 0.000000 375.000000
36260 0.000000 0.000000 375.000000
36261 0.000000 0.000000 375.000000
36262 0.000000 0.000000 375.000000
36263 0.000000 0.000000 375.000000
36264 0.000000 0.000000 375.000000
36265 0.000000 0.000000 375.000000
36266 0.000000 0.000000 375.000000
36267 0.000000 0.000000 375.000000
36268 0.000000 0.000000 375.000000
36269 0.000000 0.000000 375.000000
36270 0.000000 0.000000 375.000000
36271 0.000000 0.000000 375.000000
36272 0.000000 0.000000 375.000000
36273 0.000000 0.000000 375.000000
36274 0.000000 0.000000 375.000000
36275 0.000000 0.000000 375.000000
36276 0.000000 0.000000 375.000000
36277 0.000000 0.000000 375.000000
36278 0.000000 0.000000 375.000000
36279 0.000000 0.000000 375.000000
36280 0.000000 0.000000 375.000000
36281 0.000000 0.000000 375.000000
36282 0.000000 0.000000 375.000000
36283 75.000000 0.000000 375.000000
36284 150.000000 0.000000 375.000000
36285 225.000000 0.000000 375.000000
36286 300.000000 0.000000 375.000000
36287 375.000000 0.000000 375.000000
36288 -375.000000 0.000000 375.000000
36289 -300.000000 0.000000 375.000000
36290 -225.000000 0.000000 375.000000
36291 -150.000000 0.000000 375.000000
36292 -75.000000 0.000000 375.000000
36293 0.000000 0.000000 375.000000
36294 0.000000 0.000000 375.000000
36295 0.000000 0.000000 375.000000
36296 0.000000 0.000000 375.000000
36297 0.000000 0.000000 375.000000
36298 0.000000 0.000000 375.000000
36299 0.000000 0.000000 375.000000
36300 0.000000 0.000000 375.000000
36301 0.000000 0.000000 375.000000
36302 0.000000 0.000000 375.000000
36303 0.000000 0.000000 375.000000
36304 0.000000 0.000000 375.000000
36305 0.000000 0.000000 375.000000
36306 0.000000 0.000000 375.000000
36307 0.000000 0.000000 375.000000
36308 0.000000 0.000000 375.000000
36309 0.000000 0.000000 375.000000
36310 0.000000 0.000000 375.000000
36311 0.000000 0.000000 375.000000
36312 0.000000 0.000000 375.000000
36313 0.000000 0.000000 375.000000
36314 0.000000 0.000000 375.000000
36315 0.000000 0.000000 375.000000
36316 0.000000 0.000000 375.000000
36317 0.000000 0.000000 375.000000
36318 0.000000 0.000000 375.000000
36319 0.000000 0.000000 375.000000
36320 0.000000 0.000000 375.000000
36321 0.000000 0.000000 375.000000
36322 0.000000 0.000000 375.000000
36323 0.000000 0.000000 375.000000
36324 0.000000 0.000000 375.000000
36325 75.000000 0.000000 375.000000
36326 150.000000 0.000000 375.000000
36327 225.000000 0.000000 375.000000
36328 300.000000 0.000000 375.000000
36329 375.000000 0.000000 375.000000
36330 -375.000000 0.000000 375.000000
36331 -300.000000 0.000000 375.000000
36332 -225.000000 0.000000 375.000000
36333 -150.000000 0.000000 375.000000
36334 -75.000000 0.000000 375.000000
36335 0.000000 0.000000 375.000000
36336 0.000000 0.000000 375.000000
36337 0.000000 0.000000 375.000000
36338 0.000000 0.000000 375.000000
36339 0.000000 0.000000 375.000000
36340 0.000000 0.000000 375.000000
36341 0.000000 0.000000 375.000000
36342 0.000000 0.000000 375.000000
36343 0.000000 0.000000 375.000000
36344 0.000000 0.000000 375.000000
36345 0.000000 0.000000 375.000000
36346 0.000000 0.000000 375.000000
36347 0.000000 0.000000 375.000000
36348 0.000000 0.000000 375.000000
36349 0.000000 0.000000 375.000000
36350 0.000000 0.000000 375.000000
36351 0.000000 0.000000 375.000000
36352 0.000000 0.000000 375.000000
36353 0.000000 0.000000 375.000000
36354 0.000000 0.000000 375.000000
36355 0.000000 0.000000 375.000000
36356 0.000000 0.000000 375.000000
36357 0.000000 0.000000 375.000000
36358 0.000000 0.000000 375.000000
36359 0.000000 0.000000 375.000000
36360 0.000000 0.000000 375.000000
36361 0.000000 0.000000 375.000000
36362 0.000000 0.000000 375.000000
36363 0.000000 0.000000 375.000000
36364 0.000000 0.000000 375.000000
36365 0.000000 0.000000 375.000000
36366 0.000000 0.000000 375.000000
36367 75.000000 0.000000 375.000000
36368 150.000000 0.000000 375.000000
36369 225.000000 0.000000 375.000000
36370 300.000000 0.000000 375.000000
36371 375.000000 0.000000 375.000000
36372 -375.000000 0.000000 375.000000
36373 -300.000000 0.000000 375.000000
36374 -225.000000 0.000000 375.000000
36375 -150.000000 0.000000 375.000000
36376 -75.000000 0.000000 375.000000
36377 0.000000 0.000000 375.000000
36378 0.000000 0.000000 375.000000
36379 0.000000 0.000000 375.000000
36380 0.000000 0.000000 375.000000
36381 0.000000 0.000000 375.000000
36382 0.000000 0.000000 375.000000
36383 0.000000 0.000000 375.000000
36384 0.000000 0.000000 375.000000
36385 0.000000 0.000000 375.000000
36386 0.000000 0.000000 375.000000
36387 0.000000 0.000000 375.000000
36388 0.000000 0.000000 375.000000
36389 0.000000 0.000000 375.000000
36390 0.000000 0.000000 375.000000
36391 0.000000 0.000000 375.000000
36392 0.000000 0.000000 375.000000
36393 0.000000 0.000000 375.000000
36394 0.000000 0.000000 375.000000
36395 0.000000 0.000000 375.000000
36396 0.000000 0.000000 375.000000
36397 0.000000 0.000000 375.000000
36398 0.000000 0.000000 375.000000
36399 0.000000 0.000000 375.000000
36400 0.000000 0.000000 375.000000
36401 0.000000 0.000000 375.000000
36402 0.000000 0.000000 375.000000
36403 0.000000 0.000000 375.000000
36404 0.000000 0.000000 375.000000
36405 0.000000 0.000000 375.000000
36406 0.000000 0.000000 375.000000
36407 0.000000 0.000000 375.000000
36408 0.000000 0.000000 375.000000
36409 75.000000 0.000000 375.000000
36410 150.000000 0.000000 375.000000
36411 225.000000 0.000000 375.000000
36412 300.000000 0.000000 375.000000
36413 375.000000 0.000000 375.000000
36414 -375.000000 0.000000 375.000000
36415 -300.000000 0.000000 375.000000
36416 -225.000000 0.000000 375.000000
36417 -150.000000 0.000000 375.000000
36418 -75.000000 0.000000 375.000000
36419 0.000000 0.000000 375.000000
36420 0.000000 0.000000 375.000000
36421 0.000000 0.000000 375.000000
36422 0.000000 0.000000 375.000000
36423 0.000000 0.000000 375.000000
36424 0.000000 0.000000 375.000000
36425 0.000000 0.000000 375.000000
36426 0.000000 0.000000 375.000000
36427 0.000000 0.000000 375.000000
36428 0.000000 0.000000 375.000000
36429 0.000000 0.000000 375.000000
36430 0.000000 0.000000 375.000000
36431 0.000000 0.000000 375.000000
36432 0.000000 0.000000 375.000000
36433 0.000000 0.000000 375.000000
36434 0.000000 0.000000 375.000000
36435 0.000000 0.000000 375.000000
36436 0.000000 0.000000 375.000000
36437 0.000000 0.000000 375.000000
36438 0.000000 0.000000 375.000000
36439 0.000000 0.000000 375.000000
36440 0.000000 0.000000 375.000000
36441 0.000000 0.000000 375.000000
36442 0.000000 0.000000 375.000000
36443 0.000000 0.000000 375.000000
36444 0.000000 0.000000 375.000000
36445 0.000000 0.000000 375.000000
36446 0.000000 0.000000 375.000000
36447 0.000000 0.000000 375.000000
36448 0.000000 0.000000 375.000000
36449 0.000000 0.000000 375.000000
36450 0.000000 0.000000 375.000000
36451 75.000000 0.000000 375.000000
36452 150.000000 0.000000 375.000000
36453 225.000000 0.000000 375.000000
36454 300.000000 0.000000 375.000000
36455 375.000000 0.000000 375.000000
36456 -375.000000 0.000000 375.000000
36457 -300.000000 0.000000 375.000000
36458 -225.000000 0.000000 375.000000
36459 -150.000000 0.000000 375.000000
36460 -75.000000 0.000000 375.000000
36461 0.000000 0.000000 375.000000
36462 0.000000 0.000000 375.000000
36463 0.000000 0.000000 375.000000
36464 0.000000 0.000000 375.000000
36465 0.000000 0.000000 375.000000
36466 0.000000 0.000000 375.000000
36467 0.000000 0.000000 375.000000
36468 0.000000 0.000000 375.000000
36469 0.000000 0.000000 375.000000
36470 0.000000 0.000000 375.000000
36471 0.000000 0.000000 375.000000
36472 0.000000 0.000000 375.000000
36473 0.000000 0.000000 375.000000
36474 0.000000 0.000000 375.000000
36475 0.000000 0.000000 375.000000
36476 0.000000 0.000000 375.000000
36477 0.000000 0.000000 375.000000
36478 0.000000 0.000000 375.000000
36479 0.000000 0.000000 375.000000
36480 0.000000 0.000000 375.000000
36481 0.000000 0.000000 375.000000
36482 0.000000 0.000000 375.000000
36483 0.000000 0.000000 375.000000
36484 0.000000 0.000000 375.000000
36485 0.000000 0.000000 375.000000
36486 0.000000 0.000000 375.000000
36487 0.000000 0.000000 375.000000
36488 0.000000 0.000000 375.000000
36489 0.000000 0.000000 375.000000
36490 0.000000 0.000000 375.000000
36491 0.000000 0.000000 375.000000
36492 0.000000 0.000000 375.000000
36493 75.000000 0.000000 375.000000
36494 150.000000 0.000000 375.000000
36495 225.000000 0.000000 375.000000
36496 300.000000 0.000000 375.000000
36497 375.000000 0.000000 375.000000
36498 -375.000000 0.000000 375.000000
36499 -300.000000 0.000000 375.000000
36500 -225.000000 0.000000 375.000000
36501 -150.000000 0.000000 375.000000
36502 -75.000000 0.000000 375.000000
36503 0.000000 0.000000 375.000000
36504 0.000000 0.000000 375.000000
36505 0.000000 0.000000 375.000000
36506 0.000000 0.000000 375.000000
36507 0.000000 0.000000 375.000000
36508 0.000000 0.000000 375.000000
36509 0.000000 0.000000 375.000000
36510 0.000000 0.000000 375.000000
36511 0.000000 0.000000 375.000000
36512 0.000000 0.000000 375.000000
36513 0.000000 0.000000 375.000000
36514 0.000000 0.000000 375.000000
36515 0.000000 0.000000 375.000000
36516 0.000000 0.000000 375.000000
36517 0.000000 0.000000 375.000000
36518 0.000000 0.000000 375.000000
36519 0.000000 0.000000 375.000000
36520 0.000000 0.000000 375.000000
36521 0.000000 0.000000 375.000000
36522 0.000000 0.000000 375.000000
36523 0.000000 0.000000 375.000000
36524 0.000000 0.000000 375.000000
36525 0.000000 0.000000 375.000000
36526 0.000000 0.000000 375.000000
36527 0.000000 0.000000 375.000000
36528 0.000000 0.000000 375.000000
36529 0.000000 0.000000 375.000000
36530 0.000000 0.000000 375.000000
36531 0.000000 0.000000 375.000000
36532 0.000000 0.000000 375.000000
36533 0.000000 0.000000 375.000000
36534 0.000000 0.000000 375.000000
36535 75.000000 0.000000 375.000000
36536 150.000000 0.000000 375.000000
36537 225.000000 0.000000 375.000000
36538 300.000000 0.000000 375.000000
36539 375.000000 0.000000 375.000000
36540 -375.000000 0.000000 375.000000
36541 -300.000000 0.000000 375.000000
36542 -225.000000 0.000000 375.000000
36543 -150.000000 0.000000 375.000000
36544 -75.000000 0.000000 375.000000
36545 0.000000 0.000000 375.000000
36546 0.000000 0.000000 375.000000
36547 0.000000 0.000000 375.000000
36548 0.000000 0.000000 375.000000
36549 0.000000 0.000000 375.000000
36550 0.000000 0.000000 375.000000
36551 0.000000 0.000000 375.000000
36552 0.000000 0.000000 375.000000
36553 0.000000 0.000000 375.000000
36554 0.000000 0.000000 375.000000
36555 0.000000 0.000000 375.000000
36556 0.000000 0.000000 375.000000
36557 0.000000 0.000000 375.000000
36558 0.000000 0.000000 375.000000
36559 0.000000 0.000000 375.000000
36560 0.000000 0.000000 375.000000
36561 0.000000 0.000000 375.000000
36562 0.000000 0.000000 375.000000
36563 0.000000 0.000000 375.000000
36564 0.000000 0.000000 375.000000
36565 0.000000 0.000000 375.000000
36566 0.000000 0.000000 375.000000
36567 0.000000 0.000000 375.000000
36568 0.000000 0.000000 375.000000
36569 0.000000 0.000000 375.000000
36570 0.000000 0.000000 375.000000
36571 0.000000 0.000000 375.000000
36572 0.000000 0.000000 375.000000
36573 0.000000 0.000000 375.000000
36574 0.000000 0.000000 375.000000
36575 0.000000 0.000000 375.000000
36576 0.000000 0.000000 375.000000
36577 75.000000 0.000000 375.000000
36578 150.000000 0.000000 375.000000
36579 225.000000 0.000000 375.000000
36580 300.000000 0.000000 375.000000
36581 375.000000 0.000000 375.000000
36582 -375.000000 0.000000 375.000000
36583 -300.000000 0.000000 375.000000
36584 -225.000000 0.000000 375.000000
36585 -150.000000 0.000000 375.000000
36586 -75.000000 0.000000 375.000000
36587 0.000000 0.000000 375.000000
36588 0.000000 0.000000 375.000000
36589 0.000000 0.000000 375.000000
36590 0.000000 0.000000 375.000000
36591 0.000000 0.000000 375.000000
36592 0.000000 0.000000 375.000000
36593 0.000000 0.000000 375.000000
36594 0.000000 0.000000 375.000000
36595 0.000000 0.000000 375.000000
36596 0.000000 0.000000 375.000000
36597 0.000000 0.000000 375.000000
36598 0.000000 0.000000 375.000000
36599 0.000000 0.000000 375.000000
36600 0.000000 0.000000 375.000000
36601 0.000000 0.000000 375.000000
36602 0.000000 0.000000 375.000000
36603 0.000000 0.000000 375.000000
36604 0.000000 0.000000 375.000000
36605 0.000000 0.000000 375.000000
36606 0.000000 0.000000 375.000000
36607 0.000000 0.000000 375.000000
36608 0.000000 0.000000 375.000000
36609 0.000000 0.000000 375.000000
36610 0.000000 0.000000 375.000000
36611 0.000000 0.000000 375.000000
36612 0.000000 0.000000 375.000000
36613 0.000000 0.000000 375.000000
36614 0.000000 0.000000 375.000000
36615 0.000000 0.000000 375.000000
36616 0.000000 0.000000 375.000000
36617 0.000000 0.000000 375.000000
36618 0.000000 0.000000 375.000000
36619 75.000000 0.000000 375.000000
36620 150.000000 0.000000 375.000000
36621 225.000000 0.000000 375.000000
36622 300.000000 0.000000 375.000000
36623 375.000000 0.000000 375.000000
36624 -375.000000 0.000000 375.000000
36625 -300.000000 0.000000 375.000000
36626 -225.000000 0.000000 375.000000
36627 -150.000000 0.000000 375.000000
36628 -75.000000 0.000000 375.000000
36629 0.000000 0.000000 375.000000
36630 0.000000 0.000000 375.000000
36631 0.000000 0.000000 375.000000
36632 0.000000 0.000000 375.000000
36633 0.000000 0.000000 375.000000
36634 0.000000 0.000000 375.000000
36635 0.000000 0.000000 375.000000
36636 0.000000 0.000000 375.000000
36637 0.000000 0.000000 375.000000
36638 0.000000 0.000000 375.000000
36639 0.000000 0.000000 375.000000
36640 0.000000 0.000000 375.000000
36641 0.000000 0.000000 375.000000
36642 0.000000 0.000000 375.000000
36643 0.000000 0.000000 375.000000
36644 0.000000 0.000000 375.000000
36645 0.000000 0.000000 375.000000
36646 0.000000 0.000000 375.000000
36647 0.000000 0.000000 375.000000
36648 0.000000 0.000000 375.000000
36649 0.000000 0.000000 375.000000
36650 0.000000 0.000000 375.000000
36651 0.000000 0.000000 375.000000
36652 0.000000 0.000000 375.000000
36653 0.000000 0.000000 375.000000
36654 0.000000 0.000000 375.000000
36655 0.000000 0.000000 375.000000
36656 0.000000 0.000000 375.000000
36657 0.000000 0.000000 375.000000
36658 0.000000 0.000000 375.000000
36659 0.000000 0.000000 375.000000
36660 0.000000 0.000000 375.000000
36661 75.000000 0.000000 375.000000
36662 150.000000 0.000000 375.000000
36663 225.000000 0.000000 375.000000
36664 300.000000 0.000000 375.000000
36665 375.000000 0.000000 375.000000
36666 -375.000000 0.000000 375.000000
36667 -300.000000 0.000000 375.000000
36668 -225.000000 0.000000 375.000000
36669 -150.000000 0.000000 375.000000
36670 -75.000000 0.000000 375.000000
36671 0.000000 0.000000 375.000000
36672 0.000000 0.000000 375.000000
36673 0.000000 0.000000 375.000000
36674 0.000000 0.000000 375.000000
36675 0.000000 0.000000 375.000000
36676 0.000000 0.000000 375.000000
36677 0.000000 0.000000 375.000000
36678 0.000000 0.000000 375.000000
36679 0.000000 0.000000 375.000000
36680 0.000000 0.000000 375.000000
36681 0.000000 0.000000 375.000000
36682 0.000000 0.000000 375.000000
36683 0.000000 0.000000 375.000000
36684 0.000000 0.000000 375.000000
36685 0.000000 0.000000 375.000000
36686 0.000000 0.000000 375.000000
36687 0.000000 0.000000 375.000000
36688 0.000000 0.000000 375.000000
36689 0.000000 0.000000 375.000000
36690 0.000000 0.000000 375.000000
36691 0.000000 0.000000 375.000000
36692 0.000000 0.000000 375.000000
36693 0.000000 0.000000 375.000000
36694 0.000000 0.000000 375.000000
36695 0.000000 0.000000 375.000000
36696 0.000000 0.000000 375.000000
36697 0.000000 0.000000 375.000000
36698 0.000000 0.000000 375.000000
36699 0.000000 0.000000 375.000000
36700 0.000000 0.000000 375.000000
36701 0.000000 0.000000 375.000000
36702 0.000000 0.000000 375.000000
36703 75.000000 0.000000 375.000000
36704 150.000000 0.000000 375.000000
36705 225.000000 0.000000 375.000000
36706 300.000000 0.000000 375.000000
36707 375.000000 0.000000 375.000000
36708 -375.000000 0.000000 375.000000
36709 -300.000000 0.000000 375.000000
36710 -225.000000 0.000000 375.000000
36711 -150.000000 0.000000 375.000000
36712 -75.000000 0.000000 375.000000
36713 0.000000 0.000000 375.000000
36714 0.000000 0.000000 375.000000
36715 0.000000 0.000000 375.000000
36716 0.000000 0.000000 375.000000
36717 0.000000 0.000000 375.000000
36718 0.000000 0.000000 375.000000
36719 0.000000 0.000000 375.000000
36720 0.000000 0.000000 375.000000
36721 0.000000 0.000000 375.000000
36722 0.000000 0.000000 375.000000
36723 0.000000 0.000000 375.000000
36724 0.000000 0.000000 375.000000
36725 0.000000 0.000000 375.000000
36726 0.000000 0.000000 375.000000
36727 0.000000 0.000000 375.000000
36728 0.000000 0.000000 375.000000
36729 0.000000 0.000000 375.000000
36730 0.000000 0.000000 375.000000
36731 0.000000 0.000000 375.000000
36732 0.000000 0.000000 375.000000
36733 0.000000 0.000000 375.000000
36734 0.000000 0.000000 375.000000
36735 0.000000 0.000000 375.000000
36736 0.000000 0.000000 375.000000
36737 0.000000 0.000000 375.000000
36738 0.000000 0.000000 375.000000
36739 0.000000 0.000000 375.000000
36740 0.000000 0.000000 375.000000
36741 0.000000 0.000000 375.000000
36742 0.000000 0.000000 375.000000
36743 0.000000 0.000000 375.000000
36744 0.000000 0.000000 375.000000
36745 75.000000 0.000000 375.000000
36746 150.000000 0.000000 375.000000
36747 225.000000 0.000000 375.000000
36748 300.000000 0.000000 375.000000
36749 375.000000 0.000000 375.000000
36750 -375.000000 0.000000 375.000000
36751 -300.000000 0.000000 375.000000
36752 -225.000000 0.000000 375.000000
36753 -150.000000 0.000000 375.000000
36754 -75.000000 0.000000 375.000000
36755 0.000000 0.000000 375.000000
36756 0.000000 0.000000 375.000000
36757 0.000000 0.000000 375.000000
36758 0.000000 0.000000 375.000000
36759 0.000000 0.000000 375.000000
36760 0.000000 0.000000 375.000000
36761 0.000000 0.000000 375.000000
36762 0.000000 0.000000 375.000000
36763 0.000000 0.000000 375.000000
36764 0.000000 0.000000 375.000000
36765 0.000000 0.000000 375.000000
36766 0.000000 0.000000 375.000000
36767 0.000000 0.000000 375.000000
36768 0.000000 0.000000 375.000000
36769 0.000000 0.000000 375.000000
36770 0.000000 0.000000 375.000000
36771 0.000000 0.000000 375.000000
36772 0.000000 0.000000 375.000000
36773 0.000000 0.000000 375.000000
36774 0.000000 0.000000 375.000000
36775 0.000000 0.000000 375.000000
36776 0.000000 0.000000 375.000000
36777 0.000000 0.000000 375.000000
36778 0.000000 0.000000 375.000000
36779 0.000000 0.000000 375.000000
36780 0.000000 0.000000 375.000000
36781 0.000000 0.000000 375.000000
36782 0.000000 0.000000 375.000000
36783 0.000000 0.000000 375.000000
36784 0.000000 0.000000 375.000000
36785 0.000000 0.000000 375.000000
36786 0.000000 0.000000 375.000000
36787 75.000000 0.000000 375.000000
36788 150.000000 0.000000 375.000000
36789 225.000000 0.000000 375.000000
36790 300.000000 0.000000 375.000000
36791 375.000000 0.000000 375.000000
36792 -375.000000 0.000000 375.000000
36793 -300.000000 0.000000 375.000000
36794 -225.000000 0.000000 375.000000
36795 -150.000000 0.000000 375.000000
36796 -75.000000 0.000000 375.000000
36797 0.000000 0.000000 375.000000
36798 0.000000 0.000000 375.000000
36799 0.000000 0.000000 375.000000
36800 0.000000 0.000000 375.000000
36801 0.000000 0.000000 375.000000
36802 0.000000 0.000000 375.000000
36803 0.000000 0.000000 375.000000
36804 0.000000 0.000000 375.000000
36805 0.000000 0.000000 375.000000
36806 0.000000 0.000000 375.000000
36807 0.000000 0.000000 375.000000
36808 0.000000 0.000000 375.000000
36809 0.000000 0.000000 375.000000
36810 0.000000 0.000000 375.000000
36811 0.000000 0.000000 375.000000
36812 0.000000 0.000000 375.000000
36813 0.000000 0.000000 375.000000
36814 0.000000 0.000000 375.000000
36815 0.000000 0.000000 375.000000
36816 0.000000 0.000000 375.000000
36817 0.000000 0.000000 375.000000
36818 0.000000 0.000000 375.000000
36819 0.000000 0.000000 375.000000
36820 0.000000 0.000000 375.000000
36821 0.000000 0.000000 375.000000
36822 0.000000 0.000000 375.000000
36823 0.000000 0.000000 375.000000
36824 0.000000 0.000000 375.000000
36825 0.000000 0.000000 375.000000
36826 0.000000 0.000000 375.000000
36827 0.000000 0.000000 375.000000
36828 0.000000 0.000000 375.000000
36829 75.000000 0.000000 375.000000
36830 150.000000 0.000000 375.000000
36831 225.000000 0.000000 375.000000
36832 300.000000 0.000000 375.000000
36833 375.000000 0.000000 375.000000
36834 -375.000000 75.000000 375.000000
36835 -300.000000 75.000000 375.000000
36836 -225.000000 75.000000 375.000000
36837 -150.000000 75.000000 375.000000
36838 -75.000000 75.000000 375.000000
36839 0.000000 75.000000 375.000000
36840 0.000000 75.000000 375.000000
36841 0.000000 75.000000 375.000000
36842 0.000000 75.000000 375.000000
36843 0.000000 75.000000 375.000000
36844 0.000000 75.000000 375.000000
36845 0.000000 75.000000 375.000000
36846 0.000000 75.000000 375.000000
36847 0.000000 75.000000 375.000000
36848 0.000000 75.000000 375.000000
36849 0.000000 75.000000 375.000000
36850 0.000000 75.000000 375.000000
36851 0.000000 75.000000 375.000000
36852 0.000000 75.000000 375.000000
36853 0.000000 75.000000 375.000000
36854 0.000000 75.000000 375.000000
36855 0.000000 75.000000 375.000000
36856 0.000000 75.000000 375.000000
36857 0.000000 75.000000 375.000000
36858 0.000000 75.000000 375.000000
36859 0.000000 75.000000 375.000000
36860 0.000000 75.000000 375.000000
36861 0.000000 75.000000 375.000000
36862 0.000000 75.000000 375.000000
36863 0.000000 75.000000 375.000000
36864 0.000000 75.000000 375.000000
36865 0.000000 75.000000 375.000000
36866 0.000000 75.000000 375.000000
36867 0.000000 75.000000 375.000000
36868 0.000000 75.000000 375.000000
36869 0.000000 75.000000 375.000000
36870 0.000000 75.000000 375.000000
36871 75.000000 75.000000 375.000000
36872 150.000000 75.000000 375.000000
36873 225.000000 75.000000 375.000000
36874 300.000000 75.000000 375.000000
36875 375.000000 75.000000 375.000000
36876 -375.000000 150.000000 375.000000
36877 -300.000000 150.000000 375.000000
36878 -225.000000 150.000000 375.000000
36879 -150.000000 150.000000 375.000000
36880 -75.000000 150.000000 375.000000
36881 0.000000 150.000000 375.000000
36882 0.000000 150.000000 375.000000
36883 0.000000 150.000000 375.000000
36884 0.000000 150.000000 375.000000
36885 0.000000 150.000000 375.000000
36886 0.000000 150.000000 375.000000
36887 0.000000 150.000000 375.000000
36888 0.000000 150.000000 375.000000
36889 0.000000 150.000000 375.000000
36890 0.000000 150.000000 375.000000
36891 0.000000 150.000000 375.000000
36892 0.000000 150.000000 375.000000
36893 0.000000 150.000000 375.000000
36894 0.000000 150.000000 375.000000
36895 0.000000 150.000000 375.000000
36896 0.000000 150.000000 375.000000
36897 0.000000 150.000000 375.000000
36898 0.000000 150.000000 375.000000
36899 0.000000 150.000000 375.000000
36900 0.000000 150.000000 375.000000
36901 0.000000 150.000000 375.000000
36902 0.000000 150.000000 375.000000
36903 0.000000 150.000000 375.000000
36904 0.000000 150.000000 375.000000
36905 0.000000 150.000000 375.000000
36906 0.000000 150.000000 375.000000
36907 0.000000 150.000000 375.000000
36908 0.000000 150.000000 375.000000
36909 0.000000 150.000000 375.000000
36910 0.000000 150.000000 375.000000
36911 0.000000 150.000000 375.000000
36912 0.000000 150.000000 375.000000
36913 75.000000 150.000000 375.000000
36914 150.000000 150.000000 375.000000
36915 225.000000 150.000000 375.000000
36916 300.000000 150.000000 375.000000
36917 375.000000 150.000000 375.000000
36918 -375.000000 225.000000 375.000000
36919 -300.000000 225.000000 375.000000
36920 -225.000000 225.000000 375.000000
36921 -150.000000 225.000000 375.000000
36922 -75.000000 225.000000 375.000000
36923 0.000000 225.000000 375.000000
36924 0.000000 225.000000 375.000000
36925 0.000000 225.000000 375.000000
36926 0.000000 225.000000 375.000000
36927 0.000000 225.000000 375.000000
36928 0.000000 225.000000 375.000000
36929 0.000000 225.000000 375.000000
36930 0.000000 225.000000 375.000000
36931 0.000000 225.000000 375.000000
36932 0.000000 225.000000 375.000000
36933 0.000000 225.000000 375.000000
36934 0.000000 225.000000 375.000000
36935 0.000000 225.000000 375.000000
36936 0.000000 225.000000 375.000000
36937 0.000000 225.000000 375.000000
36938 0.000000 225.000000 375.000000
36939 0.000000 225.000000 375.000000
36940 0.000000 225.000000 375.000000
36941 0.000000 225.000000 375.000000
36942 0.000000 225.000000 375.000000
36943 0.000000 225.000000 375.000000
36944 0.000000 225.000000 375.000000
36945 0.000000 225.000000 375.000000
36946 0.000000 225.000000 375.000000
36947 0.000000 225.000000 375.000000
36948 0.000000 225.000000 375.000000
36949 0.000000 225.000000 375.000000
36950 0.000000 225.000000 375.000000
36951 0.000000 225.000000 375.000000
36952 0.000000 225.000000 375.000000
36953 0.000000 225.000000 375.000000
36954 0.000000 225.000000 375.000000
36955 75.000000 225.000000 375.000000
36956 150.000000 225.000000 375.000000
36957 225.000000 225.000000 375.000000
36958 300.000000 225.000000 375.000000
36959 375.000000 225.000000 375.000000
36960 -375.000000 300.000000 375.000000
36961 -300.000000 300.000000 375.000000
36962 -225.000000 300.000000 375.000000
36963 -150.000000 300.000000 375.000000
36964 -75.000000 300.000000 375.000000
36965 0.000000 300.000000 375.000000
36966 0.000000 300.000000 375.000000
36967 0.000000 300.000000 375.000000
36968 0.000000 300.000000 375.000000
36969 0.000000 300.000000 375.000000
36970 0.000000 300.000000 375.000000
36971 0.000000 300.000000 375.000000
36972 0.000000 300.000000 375.000000
36973 0.000000 300.000000 375.000000
36974 0.000000 300.000000 375.000000
36975 0.000000 300.000000 375.000000
36976 0.000000 300.000000 375.000000
36977 0.000000 300.000000 375.000000
36978 0.000000 300.000000 375.000000
36979 0.000000 300.000000 375.000000
36980 0.000000 300.000000 375.000000
36981 0.000000 300.000000 375.000000
36982 0.000000 300.000000 375.000000
36983 0.000000 300.000000 375.000000
36984 0.000000 300.000000 375.000000
36985 0.000000 300.000000 375.000000
36986 0.000000 300.000000 375.000000
36987 0.000000 300.000000 375.000000
36988 0.000000 300.000000 375.000000
36989 0.000000 300.000000 375.000000
36990 0.000000 300.000000 375.000000
36991 0.000000 300.000000 375.000000
36992 0.000000 300.000000 375.000000
36993 0.000000 300.000000 375.000000
36994 0.000000 300.000000 375.000000
36995 0.000000 300.000000 375.000000
36996 0.000000 300.000000 375.000000
36997 75.000000 300.000000 375.000000
36998 150.000000 300.000000 375.000000
36999 225.000000 300.000000 375.000000
37000 300.000000 300.000000 375.000000
37001 375.000000 300.000000 375.000000
37002 -375.000000 375.000000 375.000000
37003 -300.000000 375.000000 375.000000
37004 -225.000000 375.000000 375.000000
37005 -150.000000 375.000000 375.000000
37006 -75.000000 375.000000 375.000000
37007 0.000000 375.000000 375.000000
37008 0.000000 375.000000 375.000000
37009 0.000000 375.000000 375.000000
37010 0.000000 375.000000 375.000000
37011 0.000000 375.000000 375.000000
37012 0.000000 375.000000 375.000000
37013 0.000000 375.000000 375.000000
37014 0.000000 375.000000 375.000000
37015 0.000000 375.000000 375.000000
37016 0.000000 375.000000 375.000000
37017 0.000000 375.000000 375.000000
37018 0.000000 375.000000 375.000000
37019 0.000000 375.000000 375.000000
37020 0.000000 375.000000 375.000000
37021 0.000000 375.000000 375.000000
37022 0.000000 375.000000 375.000000
37023 0.000000 375.000000 375.000000
37024 0.000000 375.000000 375.000000
37025 0.000000 375.000000 375.000000
37026 0.000000 375.000000 375.000000
37027 0.000000 375.000000 375.000000
37028 0.000000 375.000000 375.000000
37029 0.000000 375.000000 375.000000
37030 0.000000 375.000000 375.000000
37031 0.000000 375.000000 375.000000
37032 0.000000 375.000000 375.000000
37033 0.000000 375.000000 375.000000
37034 0.000000 375.000000 375.000000
37035 0.000000 375.000000 375.000000
37036 0.000000 375.000000 375.000000
37037 0.000000 375.000000 375.000000
37038 0.000000 375.000000 375.000000
37039 75.000000 375.000000 375.000000
37040 150.000000 375.000000 375.000000
37041 225.000000 375.000000 375.000000
37042 300.000000 375.000000 375.000000
37043 375.000000 375.000000 375.000000
