0.000000000000000000e+00 0.000000000000000000e+00
1.666666666666666611e-04 -4.109693523620397534e-15
3.333333333333333222e-04 -3.287754818896319290e-14
5.000000000000000104e-04 2.145598564909358629e-29
6.666666666666666444e-04 2.518420191274582446e-12
8.333333333333332784e-04 2.745855420893424245e-11
1.000000000000000021e-03 2.000000000000000073e-10
1.166666666666666546e-03 8.025938171366548294e-10
1.333333333333333289e-03 2.338558148798266286e-09
1.500000000000000031e-03 6.199999999999999269e-09
1.666666666666666557e-03 1.486770612101863469e-08
1.833333333333333299e-03 3.238977504917961165e-08
2.000000000000000042e-03 6.560000000000000508e-08
2.166666666666666567e-03 1.243226190098137124e-07
2.333333333333333093e-03 2.229420840229426012e-07
2.500000000000000052e-03 3.803999999999999917e-07
2.666666666666666578e-03 6.213672418849325452e-07
2.833333333333333103e-03 9.764932441921874805e-07
3.000000000000000062e-03 1.482000000000000168e-06
3.166666666666666588e-03 2.179542404447111138e-06
3.333333333333333114e-03 3.115186157870018795e-06
3.500000000000000073e-03 4.337899999999999582e-06
3.666666666666666598e-03 5.897757864332273376e-06
3.833333333333333124e-03 7.843313643099076153e-06
4.000000000000000083e-03 1.021949999999999762e-05
4.166666666666666609e-03 1.306489715232015886e-05
4.333333333333333134e-03 1.640864734950912401e-05
4.499999999999999660e-03 2.026810000000000336e-05
4.666666666666666186e-03 2.464690015217068137e-05
4.833333333333333579e-03 2.953306457155044828e-05
5.000000000000000104e-03 3.489750000000000257e-05
5.166666666666666630e-03 4.069431860202355481e-05
5.333333333333333155e-03 4.686069173687761909e-05
5.499999999999999681e-03 5.331800000000000011e-05
5.666666666666666206e-03 5.997392827907829631e-05
5.833333333333332732e-03 6.672482163274882363e-05
6.000000000000000125e-03 7.345909999999999604e-05
6.166666666666666650e-03 8.006070734528336868e-05
6.333333333333333176e-03 8.641300170853790730e-05
6.499999999999999702e-03 9.240310000000000982e-05
6.666666666666666227e-03 9.792553521723870117e-05
6.833333333333332753e-03 1.028864080524669012e-04
7.000000000000000146e-03 1.072064000000000041e-04
7.166666666666666671e-03 1.108240138924128766e-04
7.333333333333333197e-03 1.136972942313653928e-04
7.499999999999999722e-03 1.158054000000000077e-04
7.666666666666666248e-03 1.171494733425057207e-04
7.833333333333332774e-03 1.177519239945365686e-04
8.000000000000000167e-03 1.176557000000000194e-04
8.166666666666665825e-03 1.169221824297526495e-04
8.333333333333333218e-03 1.156289670574924732e-04
8.499999999999998876e-03 1.138666000000000119e-04
8.666666666666666269e-03 1.117352771462079065e-04
8.833333333333333662e-03 1.093409782327670277e-04
8.999999999999999320e-03 1.067916000000000026e-04
9.166666666666666713e-03 1.041931637157207999e-04
9.333333333333332371e-03 1.016464553821408320e-04
9.499999999999999764e-03 9.924339999999999920e-05
9.666666666666667157e-03 9.706428896823026233e-05
9.833333333333332815e-03 9.517586213432712718e-05
1.000000000000000021e-02 9.362930000000000157e-05
1.016666666666666587e-02 9.245925291519029997e-05
1.033333333333333326e-02 9.168387047612963658e-05
1.049999999999999892e-02 9.130459999999999314e-05
1.066666666666666631e-02 9.130762265621791168e-05
1.083333333333333370e-02 9.166521685152174915e-05
1.099999999999999936e-02 9.233730000000000106e-05
1.116666666666666675e-02 9.327447361266300561e-05
1.133333333333333241e-02 9.441987717027179377e-05
1.149999999999999981e-02 9.571240000000000878e-05
1.166666666666666546e-02 9.708917066465511548e-05
1.183333333333333286e-02 9.848793409392262062e-05
1.200000000000000025e-02 9.985000000000000115e-05
1.216666666666666591e-02 1.011220873992463266e-04
1.233333333333333330e-02 1.022580610519635970e-04
1.249999999999999896e-02 1.032203999999999782e-04
1.266666666666666635e-02 1.039813930217368926e-04
1.283333333333333375e-02 1.045231976177600486e-04
1.299999999999999940e-02 1.048382999999999954e-04
1.316666666666666680e-02 1.049290204188006406e-04
1.333333333333333245e-02 1.048067599860569684e-04
1.349999999999999985e-02 1.044910000000000131e-04
1.366666666666666551e-02 1.040079052480850924e-04
1.383333333333333290e-02 1.033888465510670191e-04
1.400000000000000029e-02 1.026688000000000020e-04
1.416666666666666595e-02 1.018846429305647735e-04
1.433333333333333334e-02 1.010734444488244500e-04
1.449999999999999900e-02 1.002710999999999826e-04
1.466666666666666639e-02 9.951071672672873538e-05
1.483333333333333205e-02 9.882134287040026559e-05
1.499999999999999944e-02 9.822740000000000757e-05
1.516666666666666684e-02 9.774746914005109130e-05
1.533333333333333250e-02 9.739430627025931269e-05
1.549999999999999989e-02 9.717449999999999602e-05
1.566666666666666555e-02 9.708858143183560988e-05
1.583333333333333121e-02 9.713148412852695614e-05
1.600000000000000033e-02 9.729289999999999813e-05
1.616666666666666599e-02 9.755843347020691633e-05
1.633333333333333165e-02 9.791006245400808662e-05
1.650000000000000078e-02 9.832730000000001656e-05
1.666666666666666644e-02 9.878831206428644333e-05
1.683333333333333209e-02 9.927086953999831719e-05
1.699999999999999775e-02 9.975319999999999218e-05
1.716666666666666688e-02 1.002147801345562930e-04
1.733333333333333254e-02 1.006375683649965116e-04
1.749999999999999820e-02 1.010062999999999819e-04
1.766666666666666732e-02 1.013086186651105416e-04
1.783333333333333298e-02 1.015361712395531615e-04
1.799999999999999864e-02 1.016841000000000316e-04
1.816666666666666777e-02 1.017512989180097382e-04
1.833333333333333343e-02 1.017400023466633350e-04
1.849999999999999908e-02 1.016558000000000034e-04
1.866666666666666474e-02 1.015069795106540647e-04
1.883333333333333387e-02 1.013037853317471992e-04
1.899999999999999953e-02 1.010584999999999880e-04
1.916666666666666519e-02 1.007839946277270230e-04
1.933333333333333431e-02 1.004938915424290495e-04
1.949999999999999997e-02 1.002013999999999992e-04
1.966666666666666563e-02 9.991913964460592715e-05
1.983333333333333129e-02 9.965822313480485000e-05
2.000000000000000042e-02 9.942850000000000527e-05
2.016666666666666607e-02 9.923766193683454030e-05
2.033333333333333173e-02 9.909127367369292372e-05
2.050000000000000086e-02 9.899269999999999836e-05
2.066666666666666652e-02 9.894309956866485464e-05
2.083333333333333218e-02 9.894147785227948798e-05
2.099999999999999784e-02 9.898479999999998781e-05
2.116666666666666696e-02 9.906837627573208342e-05
2.133333333333333262e-02 9.918617238706711368e-05
2.149999999999999828e-02 9.933100000000000154e-05
2.166666666666666741e-02 9.949500643093906914e-05
2.183333333333333307e-02 9.966996576299356754e-05
2.199999999999999872e-02 9.984790000000001687e-05
2.216666666666666438e-02 1.000209862428957626e-04
2.233333333333333351e-02 1.001823115018801009e-04
2.249999999999999917e-02 1.003256000000000005e-04
2.266666666666666483e-02 1.004461907495624062e-04
2.283333333333333395e-02 1.005402661350853470e-04
2.299999999999999961e-02 1.006054999999999976e-04
2.316666666666666527e-02 1.006410592220849327e-04
2.333333333333333093e-02 1.006471659555794657e-04
2.350000000000000006e-02 1.006255999999999942e-04
2.366666666666666571e-02 1.005790139424118278e-04
2.383333333333333137e-02 1.005108412846465727e-04
2.400000000000000050e-02 1.004254000000000024e-04
2.416666666666666616e-02 1.003274612865692078e-04
2.433333333333333182e-02 1.002218180343906616e-04
2.449999999999999747e-02 1.001135999999999964e-04
2.466666666666666660e-02 1.000074071740733546e-04
2.483333333333333226e-02 9.990775366838290129e-05
2.499999999999999792e-02 9.981829999999999262e-05
2.516666666666666705e-02 9.974216690655110192e-05
2.533333333333333270e-02 9.968190383414372825e-05
2.549999999999999836e-02 9.963890000000000583e-05
2.566666666666666749e-02 9.961401914961914492e-05
2.583333333333333315e-02 9.960701115228605493e-05
2.599999999999999881e-02 9.961720000000000568e-05
2.616666666666666446e-02 9.964295025067247994e-05
2.633333333333333359e-02 9.968220339223176642e-05
2.649999999999999925e-02 9.973239999999998723e-05
2.666666666666666491e-02 9.979089195608419288e-05
2.683333333333333404e-02 9.985451435339991546e-05
2.699999999999999969e-02 9.992040000000000644e-05
2.716666666666666535e-02 9.998542909994192487e-05
2.733333333333333101e-02 1.000470047462196385e-04
2.750000000000000014e-02 1.001028000000000134e-04
2.766666666666666580e-02 1.001507100563197938e-04
2.783333333333333146e-02 1.001892123465459450e-04
2.800000000000000058e-02 1.002174000000000071e-04
2.816666666666666624e-02 1.002345753097141234e-04
2.833333333333333190e-02 1.002407822804532136e-04
2.849999999999999756e-02 1.002364999999999745e-04
2.866666666666666669e-02 1.002224768217668886e-04
2.883333333333333234e-02 1.002000166053272710e-04
2.899999999999999800e-02 1.001705000000000060e-04
2.916666666666666713e-02 1.001357464718038466e-04
2.933333333333333279e-02 1.000974250922187367e-04
2.949999999999999845e-02 1.000575000000000021e-04
2.966666666666666410e-02 1.000175887033567351e-04
2.983333333333333323e-02 9.997963514682280367e-05
2.999999999999999889e-02 9.994489999999999917e-05
3.016666666666666455e-02 9.991477303865392882e-05
3.033333333333333368e-02 9.989025453399687378e-05
3.049999999999999933e-02 9.987190000000000173e-05
3.066666666666666499e-02 9.986016464454548400e-05
3.083333333333333065e-02 9.985514520239681705e-05
3.099999999999999978e-02 9.985659999999998851e-05
3.116666666666666544e-02 9.986412060672670459e-05
3.133333333333333109e-02 9.987695596773780830e-05
3.150000000000000022e-02 9.989420000000001675e-05
3.166666666666666241e-02 9.991483830754480675e-05
3.183333333333333154e-02 9.993784897025339339e-05
3.200000000000000067e-02 9.996209999999998267e-05
3.216666666666666285e-02 9.998639287899549173e-05
3.233333333333333198e-02 1.000098451243719438e-04
3.250000000000000111e-02 1.000314000000000059e-04
3.266666666666666330e-02 1.000502913738271851e-04
3.283333333333333243e-02 1.000659180214916139e-04
3.300000000000000155e-02 1.000777999999999856e-04
3.316666666666666374e-02 1.000856932108761812e-04
3.333333333333333287e-02 1.000895295379337219e-04
3.350000000000000200e-02 1.000893000000000041e-04
3.366666666666666419e-02 1.000853980259207093e-04
3.383333333333333331e-02 1.000782224404401990e-04
3.399999999999999550e-02 1.000681000000000118e-04
3.416666666666666463e-02 1.000558693558825874e-04
3.433333333333333376e-02 1.000420680278299261e-04
3.449999999999999595e-02 1.000274000000000107e-04
3.466666666666666508e-02 1.000125475743584051e-04
3.483333333333333420e-02 9.999819948478089432e-05
3.499999999999999639e-02 9.998480000000001212e-05
3.516666666666666552e-02 9.997296458642458022e-05
3.533333333333333465e-02 9.996300128711894885e-05
3.549999999999999684e-02 9.995540000000001542e-05
3.566666666666666596e-02 9.995005481722922351e-05
3.583333333333333509e-02 9.994734271520643064e-05
3.599999999999999728e-02 9.994700000000001055e-05
3.616666666666666641e-02 9.994894033222021044e-05
3.633333333333333554e-02 9.995306919974426580e-05
3.649999999999999772e-02 9.995890000000000276e-05
3.666666666666666685e-02 9.996612984053532117e-05
3.683333333333332904e-02 9.997430111440186093e-05
3.699999999999999817e-02 9.998319999999999506e-05
3.716666666666666730e-02 9.999227363872814601e-05
3.733333333333332948e-02 1.000011202696202925e-04
3.749999999999999861e-02 1.000093999999999847e-04
3.766666666666666774e-02 1.000167742388110426e-04
3.783333333333332993e-02 1.000230607175579492e-04
3.799999999999999906e-02 1.000279999999999984e-04
3.816666666666666818e-02 1.000314922768925132e-04
3.833333333333333037e-02 1.000334646628921165e-04
3.849999999999999950e-02 1.000339000000000046e-04
3.866666666666666863e-02 1.000329469206498359e-04
3.883333333333333082e-02 1.000307566818910441e-04
3.899999999999999994e-02 1.000273000000000172e-04
3.916666666666666213e-02 1.000230556911412206e-04
3.933333333333333126e-02 1.000181569072549877e-04
3.950000000000000039e-02 1.000128000000000058e-04
3.966666666666666258e-02 1.000073030634879675e-04
3.983333333333333171e-02 1.000018535766162832e-04
4.000000000000000083e-02 9.999669999999999078e-05
4.016666666666666302e-02 9.999214856580862260e-05
4.033333333333333215e-02 9.998816473367474556e-05
4.050000000000000128e-02 9.998499999999999901e-05
4.066666666666666347e-02 9.998272788368625966e-05
4.083333333333333259e-02 9.998140146510569714e-05
4.100000000000000172e-02 9.998089999999999679e-05
4.116666666666666391e-02 9.998133031201854499e-05
4.133333333333333304e-02 9.998261527056209806e-05
4.149999999999999523e-02 9.998450000000000469e-05
4.166666666666666435e-02 9.998702251120778568e-05
4.183333333333333348e-02 9.998990931460547283e-05
4.199999999999999567e-02 9.999320000000001699e-05
4.216666666666666480e-02 9.999653083281571529e-05
4.233333333333333393e-02 9.999984095509642848e-05
4.249999999999999611e-02 1.000030000000000249e-04
4.266666666666666524e-02 1.000058804561475127e-04
4.283333333333333437e-02 1.000083503067245277e-04
4.299999999999999656e-02 1.000104000000000005e-04
4.316666666666666569e-02 1.000118448423290316e-04
4.333333333333333481e-02 1.000128221615573172e-04
4.349999999999999700e-02 1.000132000000000202e-04
4.366666666666666613e-02 1.000129833272677196e-04
4.383333333333333526e-02 1.000123454665256432e-04
4.399999999999999745e-02 1.000112999999999957e-04
4.416666666666666657e-02 1.000098151047421226e-04
4.433333333333332876e-02 1.000080341479736828e-04
4.449999999999999789e-02 1.000060999999999978e-04
4.466666666666666702e-02 1.000041104690745075e-04
4.483333333333332921e-02 1.000019832524012722e-04
4.499999999999999833e-02 1.000000999999999982e-04
4.516666666666666746e-02 9.999833121123705322e-05
4.533333333333332965e-02 9.999670963202906540e-05
4.549999999999999878e-02 9.999549999999998815e-05
4.566666666666666791e-02 9.999443703974688605e-05
4.583333333333333010e-02 9.999389130672053060e-05
4.599999999999999922e-02 9.999360000000000431e-05
4.616666666666666835e-02 9.999353719720816089e-05
4.633333333333333054e-02 9.999399911713515192e-05
4.649999999999999967e-02 9.999460000000000650e-05
4.666666666666666186e-02 9.999542847785529540e-05
4.683333333333333098e-02 9.999642936891456444e-05
4.700000000000000011e-02 9.999760000000001308e-05
4.716666666666666230e-02 9.999886335407318333e-05
4.733333333333333143e-02 1.000001451961262045e-04
4.750000000000000056e-02 1.000013000000000009e-04
4.766666666666666274e-02 1.000024031731758028e-04
4.783333333333333187e-02 1.000033745616439330e-04
4.800000000000000100e-02 1.000041999999999869e-04
4.816666666666666319e-02 1.000048022296069495e-04
4.833333333333333232e-02 1.000052795810814192e-04
4.850000000000000144e-02 1.000054999999999965e-04
4.866666666666666363e-02 1.000055048136224383e-04
4.883333333333333276e-02 1.000053383650526131e-04
4.899999999999999495e-02 1.000050000000000293e-04
4.916666666666666408e-02 1.000044275225762735e-04
4.933333333333333320e-02 1.000038848615800565e-04
4.949999999999999539e-02 1.000031000000000184e-04
4.966666666666666452e-02 1.000024429152416422e-04
4.983333333333333365e-02 1.000016255547070404e-04
4.999999999999999584e-02 1.000009000000000135e-04
5.016666666666666496e-02 1.000002351758371832e-04
5.033333333333333409e-02 9.999959130831240261e-05
5.049999999999999628e-02 9.999910000000002315e-05
5.066666666666666541e-02 9.999864903790626504e-05
5.083333333333333454e-02 9.999843019008732915e-05
5.099999999999999672e-02 9.999829999999999429e-05
5.116666666666666585e-02 9.999818360226907655e-05
5.133333333333333498e-02 9.999833625366368029e-05
5.149999999999999717e-02 9.999849999999999473e-05
5.166666666666666630e-02 9.999883403040443243e-05
5.183333333333332849e-02 9.999915919446380694e-05
5.199999999999999761e-02 9.999960000000000392e-05
5.216666666666666674e-02 9.999999319974182651e-05
5.233333333333332893e-02 1.000005069545561521e-04
5.249999999999999806e-02 1.000009000000000000e-04
5.266666666666666718e-02 1.000013300972583453e-04
5.283333333333332937e-02 1.000017760772673852e-04
5.299999999999999850e-02 1.000021000000000026e-04
5.316666666666666763e-02 1.000023349037299609e-04
5.333333333333332982e-02 1.000025353260988341e-04
5.349999999999999895e-02 1.000025999999999969e-04
5.366666666666666807e-02 1.000026810837276875e-04
5.383333333333333026e-02 1.000025922716487941e-04
5.399999999999999939e-02 1.000025000000000035e-04
5.416666666666666158e-02 1.000023308478131850e-04
5.433333333333333071e-02 1.000021340742584863e-04
5.449999999999999983e-02 1.000019000000000022e-04
5.466666666666666202e-02 1.000016332476887223e-04
5.483333333333333115e-02 1.000013231503820842e-04
5.500000000000000028e-02 1.000011000000000140e-04
5.516666666666666247e-02 1.000007570848137229e-04
5.533333333333333159e-02 1.000005754194906524e-04
5.550000000000000072e-02 1.000002999999999987e-04
5.566666666666666291e-02 1.000002040138612565e-04
5.583333333333333204e-02 1.000000583235936266e-04
5.600000000000000117e-02 1.000000000000000048e-04
5.616666666666666335e-02 9.999999984262652802e-05
5.633333333333333248e-02 1.000000020024475968e-04
5.649999999999999467e-02 1.000000000000000454e-04
5.666666666666666380e-02 1.000000988134509025e-04
5.683333333333333293e-02 1.000002363487984610e-04
5.699999999999999512e-02 1.000004000000000192e-04
5.716666666666666424e-02 1.000005666263389801e-04
5.733333333333333337e-02 1.000007333193434048e-04
5.749999999999999556e-02 1.000009000000000135e-04
5.766666666666666469e-02 1.000010674208487232e-04
5.783333333333333381e-02 1.000012404466074287e-04
5.799999999999999600e-02 1.000013000000000144e-04
5.816666666666666513e-02 1.000014762347585176e-04
5.833333333333333426e-02 1.000014907443019866e-04
5.849999999999999645e-02 1.000016000000000354e-04
5.866666666666666557e-02 1.000015978732640600e-04
5.883333333333333470e-02 1.000015977158106776e-04
5.899999999999999689e-02 1.000015999999999947e-04
5.916666666666666602e-02 1.000015042628013491e-04
5.933333333333332821e-02 1.000013963421146390e-04
5.949999999999999734e-02 1.000013000000000009e-04
5.966666666666666646e-02 1.000012306733921648e-04
5.983333333333332865e-02 1.000011802228232036e-04
5.999999999999999778e-02 1.000009999999999934e-04
6.016666666666666691e-02 1.000009289420222000e-04
6.033333333333332910e-02 1.000008704820442120e-04
6.049999999999999822e-02 1.000008000000000201e-04
6.066666666666666735e-02 1.000006893765985084e-04
6.083333333333332954e-02 1.000006685549667226e-04
6.099999999999999867e-02 1.000006000000000061e-04
6.116666666666666780e-02 1.000005994377015480e-04
6.133333333333332998e-02 1.000005994257704181e-04
6.149999999999999911e-02 1.000006000000000061e-04
6.166666666666666130e-02 1.000006695793409522e-04
6.183333333333333043e-02 1.000006990391233983e-04
6.199999999999999956e-02 1.000007000000000131e-04
6.216666666666666174e-02 1.000008103046579175e-04
6.233333333333333087e-02 1.000008332859270675e-04
6.250000000000000000e-02 1.000009000000000135e-04
6.266666666666666219e-02 1.000010105890958100e-04
6.283333333333332438e-02 1.000010315793055837e-04
6.300000000000000044e-02 1.000011000000000004e-04
6.316666666666666263e-02 1.000010898566479404e-04
6.333333333333332482e-02 1.000012107042539240e-04
6.350000000000000089e-02 1.000011999999999803e-04
6.366666666666666308e-02 1.000011998644777716e-04
6.383333333333332527e-02 1.000012000223435033e-04
6.400000000000000133e-02 1.000011999999999939e-04
6.416666666666666352e-02 1.000011971503525011e-04
6.433333333333332571e-02 1.000011694153581191e-04
6.450000000000000178e-02 1.000011000000000004e-04
6.466666666666666397e-02 1.000010966136365587e-04
6.483333333333332615e-02 1.000010691843206194e-04
6.500000000000000222e-02 1.000010000000000070e-04
6.516666666666666441e-02 1.000010101323418177e-04
6.533333333333332660e-02 1.000008892846767587e-04
6.550000000000000266e-02 1.000009000000000135e-04
6.566666666666666485e-02 1.000009009042220640e-04
6.583333333333332704e-02 1.000009072282465928e-04
6.600000000000000311e-02 1.000008000000000065e-04
6.616666666666666530e-02 1.000008018775558024e-04
6.633333333333332749e-02 1.000007996870252763e-04
6.650000000000000355e-02 1.000008000000000201e-04
6.666666666666666574e-02 1.000008693750137969e-04
6.683333333333332793e-02 1.000008971432454942e-04
6.700000000000000400e-02 1.000009000000000000e-04
6.716666666666666619e-02 1.000009002420760803e-04
6.733333333333332837e-02 1.000009019365775395e-04
6.750000000000000444e-02 1.000009000000000000e-04
6.766666666666666663e-02 1.000010072137496648e-04
6.783333333333332882e-02 1.000010007746306785e-04
6.799999999999999101e-02 1.000010000000000205e-04
6.816666666666666707e-02 1.000009992253840264e-04
6.833333333333332926e-02 1.000009927863906178e-04
6.849999999999999145e-02 1.000011000000000411e-04
6.866666666666666752e-02 1.000010980526538804e-04
6.883333333333332971e-02 1.000010996563497620e-04
6.899999999999999190e-02 1.000011000000000275e-04
6.916666666666666796e-02 1.000011106532036208e-04
6.933333333333333015e-02 1.000009893497446982e-04
6.949999999999999234e-02 1.000010000000000341e-04
6.966666666666666841e-02 1.000010001390373075e-04
6.983333333333333059e-02 1.000010000173797272e-04
6.999999999999999278e-02 1.000010000000000205e-04
7.016666666666666885e-02 1.000009997949145738e-04
7.033333333333333104e-02 1.000009980673305149e-04
7.049999999999999323e-02 1.000009999999999934e-04
7.066666666666666929e-02 1.000008927872554247e-04
7.083333333333333148e-02 1.000008992353263430e-04
7.099999999999999367e-02 1.000009000000000000e-04
7.116666666666666974e-02 1.000009000099420797e-04
7.133333333333333193e-02 1.000009000008645564e-04
7.149999999999999412e-02 1.000009000000000000e-04
7.166666666666667018e-02 1.000009000146969703e-04
7.183333333333333237e-02 1.000009001387565464e-04
7.199999999999999456e-02 1.000009000000000000e-04
7.216666666666667063e-02 1.000008893494654143e-04
7.233333333333333282e-02 1.000010106505346333e-04
7.249999999999999500e-02 1.000009999999999934e-04
7.266666666666667107e-02 1.000009998612420511e-04
7.283333333333333326e-02 1.000009999852892944e-04
7.299999999999999545e-02 1.000010000000000070e-04
7.316666666666665764e-02 1.000010000001916397e-04
7.333333333333333370e-02 1.000010000000203358e-04
7.349999999999999589e-02 1.000009999999999934e-04
7.366666666666665808e-02 1.000009999999997359e-04
7.383333333333333415e-02 1.000009999999999934e-04
7.399999999999999634e-02 1.000009999999999799e-04
7.416666666666665853e-02 1.000010000000000070e-04
7.433333333333333459e-02 1.000010000000000070e-04
7.449999999999999678e-02 1.000009999999999934e-04
7.466666666666665897e-02 1.000010000000000070e-04
7.483333333333333504e-02 1.000010000000000070e-04
7.499999999999999722e-02 1.000009999999999934e-04
7.516666666666665941e-02 1.000010000000000070e-04
7.533333333333333548e-02 1.000010000000000070e-04
7.549999999999999767e-02 1.000009999999999934e-04
7.566666666666665986e-02 1.000010000000000070e-04
7.583333333333333592e-02 1.000010000000000070e-04
7.599999999999999811e-02 1.000009999999999934e-04
7.616666666666666030e-02 1.000010000000000070e-04
7.633333333333333637e-02 1.000010000000000070e-04
7.649999999999999856e-02 1.000009999999999934e-04
7.666666666666666075e-02 1.000010000000000205e-04
7.683333333333333681e-02 1.000009999999999934e-04
7.699999999999999900e-02 1.000009999999999934e-04
7.716666666666666119e-02 1.000010000000000205e-04
7.733333333333333726e-02 1.000009999999999934e-04
7.749999999999999944e-02 1.000009999999999934e-04
7.766666666666666163e-02 1.000010000000000205e-04
7.783333333333332382e-02 1.000010000000000070e-04
7.799999999999999989e-02 1.000009999999999934e-04
7.816666666666666208e-02 1.000010000000000205e-04
7.833333333333332427e-02 1.000010000000000070e-04
7.850000000000000033e-02 1.000009999999999934e-04
7.866666666666666252e-02 1.000010000000000205e-04
7.883333333333332471e-02 1.000010000000000070e-04
7.900000000000000078e-02 1.000009999999999934e-04
7.916666666666666297e-02 1.000010000000000205e-04
7.933333333333332515e-02 1.000010000000000070e-04
7.950000000000000122e-02 1.000009999999999934e-04
7.966666666666666341e-02 1.000009999999999934e-04
7.983333333333332560e-02 1.000010000000000070e-04
8.000000000000000167e-02 1.000009999999999934e-04
8.016666666666666385e-02 1.000009999999999934e-04
8.033333333333332604e-02 1.000010000000000070e-04
8.050000000000000211e-02 1.000009999999999934e-04
8.066666666666666430e-02 1.000009999999999934e-04
8.083333333333332649e-02 1.000010000000000070e-04
8.100000000000000255e-02 1.000009999999999934e-04
8.116666666666666474e-02 1.000009999999999934e-04
8.133333333333332693e-02 1.000010000000000070e-04
8.150000000000000300e-02 1.000009999999999934e-04
8.166666666666666519e-02 1.000009999999999934e-04
8.183333333333332738e-02 1.000010000000000070e-04
8.200000000000000344e-02 1.000009999999999934e-04
8.216666666666666563e-02 1.000009999999999934e-04
8.233333333333332782e-02 1.000010000000000070e-04
8.250000000000000389e-02 1.000009999999999934e-04
8.266666666666666607e-02 1.000009999999999934e-04
8.283333333333332826e-02 1.000010000000000070e-04
8.299999999999999045e-02 1.000010000000000205e-04
8.316666666666666652e-02 1.000009999999999934e-04
8.333333333333332871e-02 1.000010000000000070e-04
8.349999999999999090e-02 1.000010000000000205e-04
8.366666666666666696e-02 1.000009999999999934e-04
8.383333333333332915e-02 1.000010000000000070e-04
8.399999999999999134e-02 1.000010000000000205e-04
8.416666666666666741e-02 1.000009999999999934e-04
8.433333333333332960e-02 1.000010000000000070e-04
8.449999999999999178e-02 1.000010000000000205e-04
8.466666666666666785e-02 1.000009999999999934e-04
8.483333333333333004e-02 1.000010000000000070e-04
8.499999999999999223e-02 1.000010000000000205e-04
8.516666666666666829e-02 1.000009999999999934e-04
8.533333333333333048e-02 1.000010000000000070e-04
8.549999999999999267e-02 1.000010000000000205e-04
8.566666666666666874e-02 1.000009999999999934e-04
8.583333333333333093e-02 1.000010000000000070e-04
8.599999999999999312e-02 1.000009999999999934e-04
8.616666666666666918e-02 1.000010000000000070e-04
8.633333333333333137e-02 1.000010000000000205e-04
8.649999999999999356e-02 1.000009999999999934e-04
8.666666666666666963e-02 1.000010000000000070e-04
8.683333333333333182e-02 1.000010000000000205e-04
8.699999999999999400e-02 1.000009999999999934e-04
8.716666666666667007e-02 1.000010000000000070e-04
8.733333333333333226e-02 1.000010000000000205e-04
8.749999999999999445e-02 1.000009999999999934e-04
8.766666666666667052e-02 1.000010000000000070e-04
8.783333333333333270e-02 1.000010000000000205e-04
8.799999999999999489e-02 1.000009999999999934e-04
8.816666666666665708e-02 1.000010000000000070e-04
8.833333333333333315e-02 1.000010000000000205e-04
8.849999999999999534e-02 1.000009999999999934e-04
8.866666666666665753e-02 1.000010000000000070e-04
8.883333333333333359e-02 1.000010000000000205e-04
8.899999999999999578e-02 1.000009999999999934e-04
8.916666666666665797e-02 1.000010000000000070e-04
8.933333333333333404e-02 1.000010000000000070e-04
8.949999999999999623e-02 1.000009999999999934e-04
8.966666666666665841e-02 1.000010000000000070e-04
8.983333333333333448e-02 1.000010000000000070e-04
8.999999999999999667e-02 1.000009999999999934e-04
9.016666666666665886e-02 1.000010000000000070e-04
9.033333333333333492e-02 1.000010000000000070e-04
9.049999999999999711e-02 1.000009999999999934e-04
9.066666666666665930e-02 1.000010000000000070e-04
9.083333333333333537e-02 1.000010000000000070e-04
9.099999999999999756e-02 1.000009999999999934e-04
9.116666666666665975e-02 1.000010000000000070e-04
9.133333333333333581e-02 1.000010000000000070e-04
9.149999999999999800e-02 1.000009999999999934e-04
9.166666666666666019e-02 1.000010000000000070e-04
9.183333333333333626e-02 1.000010000000000070e-04
9.199999999999999845e-02 1.000009999999999934e-04
9.216666666666666063e-02 1.000010000000000205e-04
9.233333333333333670e-02 1.000009999999999934e-04
9.249999999999999889e-02 1.000009999999999934e-04
9.266666666666666108e-02 1.000010000000000205e-04
9.283333333333333715e-02 1.000009999999999934e-04
9.299999999999999933e-02 1.000009999999999934e-04
9.316666666666666152e-02 1.000010000000000205e-04
9.333333333333332371e-02 1.000010000000000070e-04
9.349999999999999978e-02 1.000009999999999934e-04
9.366666666666666197e-02 1.000010000000000205e-04
9.383333333333332416e-02 1.000010000000000070e-04
9.400000000000000022e-02 1.000009999999999934e-04
9.416666666666666241e-02 1.000010000000000205e-04
9.433333333333332460e-02 1.000010000000000070e-04
9.450000000000000067e-02 1.000009999999999934e-04
9.466666666666666285e-02 1.000010000000000205e-04
9.483333333333332504e-02 1.000010000000000070e-04
9.500000000000000111e-02 1.000009999999999934e-04
9.516666666666666330e-02 1.000010000000000205e-04
9.533333333333332549e-02 1.000010000000000070e-04
9.550000000000000155e-02 1.000009999999999934e-04
9.566666666666666374e-02 1.000009999999999934e-04
9.583333333333332593e-02 1.000010000000000070e-04
9.600000000000000200e-02 1.000009999999999934e-04
9.616666666666666419e-02 1.000009999999999934e-04
9.633333333333332638e-02 1.000010000000000070e-04
9.650000000000000244e-02 1.000009999999999934e-04
9.666666666666666463e-02 1.000009999999999934e-04
9.683333333333332682e-02 1.000010000000000070e-04
9.700000000000000289e-02 1.000009999999999934e-04
9.716666666666666508e-02 1.000009999999999934e-04
9.733333333333332726e-02 1.000010000000000070e-04
9.750000000000000333e-02 1.000009999999999934e-04
9.766666666666666552e-02 1.000009999999999934e-04
9.783333333333332771e-02 1.000010000000000070e-04
9.799999999999998990e-02 1.000009999999999934e-04
9.816666666666666596e-02 1.000009999999999934e-04
9.833333333333332815e-02 1.000010000000000070e-04
9.849999999999999034e-02 1.000010000000000205e-04
9.866666666666666641e-02 1.000009999999999934e-04
9.883333333333332860e-02 1.000010000000000070e-04
9.899999999999999079e-02 1.000010000000000205e-04
9.916666666666666685e-02 1.000009999999999934e-04
9.933333333333332904e-02 1.000010000000000070e-04
9.949999999999999123e-02 1.000010000000000205e-04
9.966666666666666730e-02 1.000009999999999934e-04
9.983333333333332948e-02 1.000010000000000070e-04
9.999999999999999167e-02 1.000010000000000205e-04
1.001666666666666677e-01 1.000009999999999934e-04
1.003333333333333299e-01 1.000010000000000070e-04
1.004999999999999921e-01 1.000010000000000205e-04
1.006666666666666682e-01 1.000009999999999934e-04
1.008333333333333304e-01 1.000010000000000070e-04
1.009999999999999926e-01 1.000010000000000205e-04
1.011666666666666686e-01 1.000009999999999934e-04
1.013333333333333308e-01 1.000010000000000070e-04
1.014999999999999930e-01 1.000010000000000205e-04
1.016666666666666691e-01 1.000009999999999934e-04
1.018333333333333313e-01 1.000010000000000070e-04
1.019999999999999934e-01 1.000009999999999934e-04
1.021666666666666695e-01 1.000010000000000070e-04
1.023333333333333317e-01 1.000010000000000205e-04
1.024999999999999939e-01 1.000009999999999934e-04
1.026666666666666700e-01 1.000010000000000070e-04
1.028333333333333321e-01 1.000010000000000205e-04
1.029999999999999943e-01 1.000009999999999934e-04
1.031666666666666565e-01 1.000010000000000070e-04
1.033333333333333326e-01 1.000010000000000205e-04
1.034999999999999948e-01 1.000009999999999934e-04
1.036666666666666570e-01 1.000010000000000070e-04
1.038333333333333330e-01 1.000010000000000205e-04
1.039999999999999952e-01 1.000009999999999934e-04
1.041666666666666574e-01 1.000010000000000070e-04
1.043333333333333335e-01 1.000010000000000205e-04
1.044999999999999957e-01 1.000009999999999934e-04
1.046666666666666579e-01 1.000010000000000070e-04
1.048333333333333339e-01 1.000010000000000070e-04
1.049999999999999961e-01 1.000009999999999934e-04
1.051666666666666583e-01 1.000010000000000070e-04
1.053333333333333344e-01 1.000010000000000070e-04
1.054999999999999966e-01 1.000009999999999934e-04
1.056666666666666587e-01 1.000010000000000070e-04
1.058333333333333348e-01 1.000010000000000070e-04
1.059999999999999970e-01 1.000009999999999934e-04
1.061666666666666592e-01 1.000010000000000070e-04
1.063333333333333353e-01 1.000010000000000070e-04
1.064999999999999974e-01 1.000009999999999934e-04
1.066666666666666596e-01 1.000010000000000070e-04
1.068333333333333357e-01 1.000010000000000070e-04
1.069999999999999979e-01 1.000009999999999934e-04
1.071666666666666601e-01 1.000010000000000070e-04
1.073333333333333361e-01 1.000010000000000070e-04
1.074999999999999983e-01 1.000009999999999934e-04
1.076666666666666605e-01 1.000010000000000070e-04
1.078333333333333366e-01 1.000010000000000070e-04
1.079999999999999988e-01 1.000009999999999934e-04
1.081666666666666610e-01 1.000010000000000205e-04
1.083333333333333232e-01 1.000010000000000070e-04
1.084999999999999992e-01 1.000009999999999934e-04
1.086666666666666614e-01 1.000010000000000205e-04
1.088333333333333236e-01 1.000010000000000070e-04
1.089999999999999997e-01 1.000009999999999934e-04
1.091666666666666619e-01 1.000010000000000205e-04
1.093333333333333240e-01 1.000010000000000070e-04
1.095000000000000001e-01 1.000009999999999934e-04
1.096666666666666623e-01 1.000010000000000205e-04
1.098333333333333245e-01 1.000010000000000070e-04
1.100000000000000006e-01 1.000009999999999934e-04
1.101666666666666627e-01 1.000010000000000205e-04
1.103333333333333249e-01 1.000010000000000070e-04
1.105000000000000010e-01 1.000009999999999934e-04
1.106666666666666632e-01 1.000010000000000205e-04
1.108333333333333254e-01 1.000010000000000070e-04
1.110000000000000014e-01 1.000009999999999934e-04
1.111666666666666636e-01 1.000009999999999934e-04
1.113333333333333258e-01 1.000010000000000070e-04
1.115000000000000019e-01 1.000009999999999934e-04
1.116666666666666641e-01 1.000009999999999934e-04
1.118333333333333263e-01 1.000010000000000070e-04
1.120000000000000023e-01 1.000009999999999934e-04
1.121666666666666645e-01 1.000009999999999934e-04
1.123333333333333267e-01 1.000010000000000070e-04
1.125000000000000028e-01 1.000009999999999934e-04
1.126666666666666650e-01 1.000009999999999934e-04
1.128333333333333272e-01 1.000010000000000070e-04
1.129999999999999893e-01 1.000009999999999934e-04
1.131666666666666654e-01 1.000009999999999934e-04
1.133333333333333276e-01 1.000010000000000070e-04
1.134999999999999898e-01 1.000009999999999934e-04
1.136666666666666659e-01 1.000009999999999934e-04
1.138333333333333280e-01 1.000010000000000070e-04
1.139999999999999902e-01 1.000010000000000205e-04
1.141666666666666663e-01 1.000009999999999934e-04
1.143333333333333285e-01 1.000010000000000070e-04
1.144999999999999907e-01 1.000010000000000205e-04
1.146666666666666667e-01 1.000009999999999934e-04
1.148333333333333289e-01 1.000010000000000070e-04
1.149999999999999911e-01 1.000010000000000205e-04
1.151666666666666672e-01 1.000009999999999934e-04
1.153333333333333294e-01 1.000010000000000070e-04
1.154999999999999916e-01 1.000010000000000205e-04
1.156666666666666676e-01 1.000009999999999934e-04
1.158333333333333298e-01 1.000010000000000070e-04
1.159999999999999920e-01 1.000010000000000205e-04
1.161666666666666681e-01 1.000009999999999934e-04
1.163333333333333303e-01 1.000010000000000070e-04
1.164999999999999925e-01 1.000010000000000205e-04
1.166666666666666685e-01 1.000009999999999934e-04
1.168333333333333307e-01 1.000010000000000070e-04
1.169999999999999929e-01 1.000010000000000205e-04
1.171666666666666690e-01 1.000009999999999934e-04
1.173333333333333311e-01 1.000010000000000070e-04
1.174999999999999933e-01 1.000009999999999934e-04
1.176666666666666694e-01 1.000010000000000070e-04
1.178333333333333316e-01 1.000010000000000205e-04
1.179999999999999938e-01 1.000009999999999934e-04
1.181666666666666560e-01 1.000010000000000070e-04
1.183333333333333320e-01 1.000010000000000205e-04
1.184999999999999942e-01 1.000009999999999934e-04
1.186666666666666564e-01 1.000010000000000070e-04
1.188333333333333325e-01 1.000010000000000205e-04
1.189999999999999947e-01 1.000009999999999934e-04
1.191666666666666569e-01 1.000010000000000070e-04
1.193333333333333329e-01 1.000010000000000205e-04
1.194999999999999951e-01 1.000009999999999934e-04
1.196666666666666573e-01 1.000010000000000070e-04
1.198333333333333334e-01 1.000010000000000205e-04
1.199999999999999956e-01 1.000009999999999934e-04
1.201666666666666577e-01 1.000010000000000070e-04
1.203333333333333338e-01 1.000010000000000070e-04
1.204999999999999960e-01 1.000009999999999934e-04
1.206666666666666582e-01 1.000010000000000070e-04
1.208333333333333343e-01 1.000010000000000070e-04
1.209999999999999964e-01 1.000009999999999934e-04
1.211666666666666586e-01 1.000010000000000070e-04
1.213333333333333347e-01 1.000010000000000070e-04
1.214999999999999969e-01 1.000009999999999934e-04
1.216666666666666591e-01 1.000010000000000070e-04
1.218333333333333351e-01 1.000010000000000070e-04
1.219999999999999973e-01 1.000009999999999934e-04
1.221666666666666595e-01 1.000010000000000070e-04
1.223333333333333356e-01 1.000010000000000070e-04
1.224999999999999978e-01 1.000009999999999934e-04
1.226666666666666600e-01 1.000010000000000070e-04
1.228333333333333360e-01 1.000010000000000070e-04
1.229999999999999982e-01 1.000009999999999934e-04
1.231666666666666604e-01 1.000010000000000070e-04
1.233333333333333226e-01 1.000009999999999934e-04
1.234999999999999987e-01 1.000009999999999934e-04
1.236666666666666609e-01 1.000010000000000205e-04
1.238333333333333230e-01 1.000010000000000070e-04
1.239999999999999991e-01 1.000009999999999934e-04
1.241666666666666613e-01 1.000010000000000205e-04
1.243333333333333235e-01 1.000010000000000070e-04
1.244999999999999996e-01 1.000009999999999934e-04
1.246666666666666617e-01 1.000010000000000205e-04
1.248333333333333239e-01 1.000010000000000070e-04
1.250000000000000000e-01 1.000009999999999934e-04
1.251666666666666761e-01 1.000009999999999934e-04
1.253333333333333244e-01 1.000009999999999934e-04
1.255000000000000004e-01 1.000009999999999934e-04
1.256666666666666488e-01 1.000009999999999934e-04
1.258333333333333248e-01 1.000009999999999934e-04
1.260000000000000009e-01 1.000009999999999934e-04
1.261666666666666492e-01 1.000009999999999934e-04
1.263333333333333253e-01 1.000009999999999799e-04
1.265000000000000013e-01 1.000009999999999934e-04
1.266666666666666496e-01 1.000009999999999934e-04
1.268333333333333257e-01 1.000009999999999934e-04
1.270000000000000018e-01 1.000009999999999934e-04
1.271666666666666501e-01 1.000009999999999934e-04
1.273333333333333262e-01 1.000009999999999799e-04
1.275000000000000022e-01 1.000009999999999934e-04
1.276666666666666505e-01 1.000009999999999934e-04
1.278333333333333266e-01 1.000009999999999934e-04
1.280000000000000027e-01 1.000009999999999934e-04
1.281666666666666510e-01 1.000009999999999934e-04
1.283333333333333270e-01 1.000009999999999663e-04
1.285000000000000031e-01 1.000009999999999934e-04
1.286666666666666514e-01 1.000009999999999934e-04
1.288333333333333275e-01 1.000009999999999663e-04
1.290000000000000036e-01 1.000009999999999934e-04
1.291666666666666519e-01 1.000009999999999934e-04
1.293333333333333279e-01 1.000009999999999663e-04
1.295000000000000040e-01 1.000009999999999934e-04
1.296666666666666523e-01 1.000009999999999934e-04
1.298333333333333284e-01 1.000009999999999663e-04
1.300000000000000044e-01 1.000009999999999934e-04
1.301666666666666528e-01 1.000009999999999934e-04
1.303333333333333288e-01 1.000009999999999663e-04
1.305000000000000049e-01 1.000009999999999934e-04
1.306666666666666532e-01 1.000009999999999934e-04
1.308333333333333293e-01 1.000009999999999663e-04
1.310000000000000053e-01 1.000009999999999934e-04
1.311666666666666536e-01 1.000009999999999934e-04
1.313333333333333297e-01 1.000009999999999663e-04
1.315000000000000058e-01 1.000009999999999934e-04
1.316666666666666541e-01 1.000009999999999934e-04
1.318333333333333302e-01 1.000009999999999663e-04
1.320000000000000062e-01 1.000009999999999934e-04
1.321666666666666545e-01 1.000009999999999934e-04
1.323333333333333306e-01 1.000009999999999663e-04
1.325000000000000067e-01 1.000009999999999934e-04
1.326666666666666550e-01 1.000009999999999934e-04
1.328333333333333310e-01 1.000009999999999663e-04
1.330000000000000071e-01 1.000009999999999934e-04
1.331666666666666554e-01 1.000009999999999934e-04
1.333333333333333315e-01 1.000009999999999663e-04
1.335000000000000075e-01 1.000009999999999934e-04
1.336666666666666559e-01 1.000009999999999934e-04
1.338333333333333319e-01 1.000009999999999663e-04
1.340000000000000080e-01 1.000009999999999934e-04
1.341666666666666563e-01 1.000009999999999934e-04
1.343333333333333324e-01 1.000009999999999799e-04
1.345000000000000084e-01 1.000009999999999934e-04
1.346666666666666567e-01 1.000009999999999799e-04
1.348333333333333328e-01 1.000009999999999799e-04
1.350000000000000089e-01 1.000010000000000070e-04
1.351666666666666572e-01 1.000009999999999799e-04
1.353333333333333333e-01 1.000009999999999934e-04
1.355000000000000093e-01 1.000009999999999934e-04
1.356666666666666576e-01 1.000009999999999799e-04
1.358333333333333337e-01 1.000009999999999799e-04
1.359999999999999820e-01 1.000010000000000205e-04
1.361666666666666581e-01 1.000009999999999799e-04
1.363333333333333341e-01 1.000009999999999934e-04
1.364999999999999825e-01 1.000010000000000070e-04
1.366666666666666585e-01 1.000009999999999799e-04
1.368333333333333346e-01 1.000009999999999799e-04
1.369999999999999829e-01 1.000010000000000205e-04
1.371666666666666590e-01 1.000009999999999799e-04
1.373333333333333350e-01 1.000009999999999934e-04
1.374999999999999833e-01 1.000010000000000070e-04
1.376666666666666594e-01 1.000009999999999799e-04
1.378333333333333355e-01 1.000009999999999799e-04
1.379999999999999838e-01 1.000010000000000205e-04
1.381666666666666599e-01 1.000009999999999799e-04
1.383333333333333359e-01 1.000009999999999934e-04
1.384999999999999842e-01 1.000010000000000070e-04
1.386666666666666603e-01 1.000009999999999799e-04
1.388333333333333364e-01 1.000009999999999799e-04
1.389999999999999847e-01 1.000010000000000205e-04
1.391666666666666607e-01 1.000009999999999799e-04
1.393333333333333368e-01 1.000009999999999934e-04
1.394999999999999851e-01 1.000010000000000070e-04
1.396666666666666612e-01 1.000009999999999799e-04
1.398333333333333373e-01 1.000009999999999799e-04
1.399999999999999856e-01 1.000010000000000205e-04
1.401666666666666616e-01 1.000009999999999799e-04
1.403333333333333377e-01 1.000009999999999934e-04
1.404999999999999860e-01 1.000010000000000070e-04
1.406666666666666621e-01 1.000009999999999799e-04
1.408333333333333381e-01 1.000010000000000205e-04
1.409999999999999865e-01 1.000009999999999934e-04
1.411666666666666625e-01 1.000009999999999934e-04
1.413333333333333386e-01 1.000009999999999934e-04
1.414999999999999869e-01 1.000009999999999934e-04
1.416666666666666630e-01 1.000009999999999799e-04
1.418333333333333390e-01 1.000010000000000070e-04
1.419999999999999873e-01 1.000009999999999934e-04
1.421666666666666634e-01 1.000009999999999934e-04
1.423333333333333395e-01 1.000009999999999934e-04
1.424999999999999878e-01 1.000009999999999934e-04
1.426666666666666639e-01 1.000009999999999799e-04
1.428333333333333399e-01 1.000010000000000070e-04
1.429999999999999882e-01 1.000009999999999934e-04
1.431666666666666643e-01 1.000009999999999934e-04
1.433333333333333404e-01 1.000009999999999934e-04
1.434999999999999887e-01 1.000009999999999934e-04
1.436666666666666647e-01 1.000009999999999799e-04
1.438333333333333408e-01 1.000010000000000070e-04
1.439999999999999891e-01 1.000009999999999934e-04
1.441666666666666652e-01 1.000009999999999934e-04
1.443333333333333413e-01 1.000009999999999934e-04
1.444999999999999896e-01 1.000009999999999934e-04
1.446666666666666656e-01 1.000009999999999799e-04
1.448333333333333417e-01 1.000010000000000070e-04
1.449999999999999900e-01 1.000009999999999934e-04
1.451666666666666661e-01 1.000009999999999934e-04
1.453333333333333421e-01 1.000009999999999934e-04
1.454999999999999905e-01 1.000009999999999934e-04
1.456666666666666665e-01 1.000009999999999799e-04
1.458333333333333148e-01 1.000010000000000070e-04
1.459999999999999909e-01 1.000009999999999934e-04
1.461666666666666670e-01 1.000009999999999934e-04
1.463333333333333153e-01 1.000009999999999934e-04
1.464999999999999913e-01 1.000009999999999934e-04
1.466666666666666674e-01 1.000009999999999799e-04
1.468333333333333157e-01 1.000009999999999934e-04
1.469999999999999918e-01 1.000009999999999799e-04
1.471666666666666679e-01 1.000009999999999934e-04
1.473333333333333162e-01 1.000009999999999934e-04
1.474999999999999922e-01 1.000009999999999799e-04
1.476666666666666683e-01 1.000010000000000070e-04
1.478333333333333166e-01 1.000009999999999934e-04
1.479999999999999927e-01 1.000009999999999934e-04
1.481666666666666687e-01 1.000009999999999934e-04
1.483333333333333171e-01 1.000009999999999934e-04
1.484999999999999931e-01 1.000009999999999799e-04
1.486666666666666692e-01 1.000010000000000070e-04
1.488333333333333175e-01 1.000009999999999934e-04
1.489999999999999936e-01 1.000009999999999934e-04
1.491666666666666696e-01 1.000009999999999934e-04
1.493333333333333179e-01 1.000009999999999934e-04
1.494999999999999940e-01 1.000009999999999799e-04
1.496666666666666701e-01 1.000010000000000070e-04
1.498333333333333184e-01 1.000009999999999934e-04
1.499999999999999944e-01 1.000009999999999934e-04
1.501666666666666705e-01 1.000009999999999934e-04
1.503333333333333188e-01 1.000009999999999934e-04
1.504999999999999949e-01 1.000009999999999799e-04
1.506666666666666710e-01 1.000010000000000070e-04
1.508333333333333193e-01 1.000009999999999934e-04
1.509999999999999953e-01 1.000009999999999934e-04
1.511666666666666714e-01 1.000009999999999934e-04
1.513333333333333197e-01 1.000009999999999934e-04
1.514999999999999958e-01 1.000009999999999799e-04
1.516666666666666718e-01 1.000010000000000070e-04
1.518333333333333202e-01 1.000009999999999934e-04
1.519999999999999962e-01 1.000009999999999934e-04
1.521666666666666723e-01 1.000009999999999934e-04
1.523333333333333206e-01 1.000009999999999934e-04
1.524999999999999967e-01 1.000009999999999799e-04
1.526666666666666727e-01 1.000010000000000070e-04
1.528333333333333210e-01 1.000009999999999934e-04
1.529999999999999971e-01 1.000009999999999934e-04
1.531666666666666732e-01 1.000009999999999934e-04
1.533333333333333215e-01 1.000009999999999934e-04
1.534999999999999976e-01 1.000009999999999934e-04
1.536666666666666736e-01 1.000009999999999934e-04
1.538333333333333219e-01 1.000009999999999934e-04
1.539999999999999980e-01 1.000009999999999934e-04
1.541666666666666741e-01 1.000009999999999934e-04
1.543333333333333224e-01 1.000009999999999799e-04
1.544999999999999984e-01 1.000009999999999934e-04
1.546666666666666745e-01 1.000009999999999934e-04
1.548333333333333228e-01 1.000009999999999934e-04
1.549999999999999989e-01 1.000009999999999934e-04
1.551666666666666750e-01 1.000009999999999934e-04
1.553333333333333233e-01 1.000009999999999799e-04
1.554999999999999993e-01 1.000009999999999934e-04
1.556666666666666476e-01 1.000009999999999934e-04
1.558333333333333237e-01 1.000009999999999934e-04
1.559999999999999998e-01 1.000009999999999934e-04
1.561666666666666481e-01 1.000009999999999934e-04
1.563333333333333242e-01 1.000009999999999799e-04
1.565000000000000002e-01 1.000009999999999934e-04
1.566666666666666485e-01 1.000009999999999934e-04
1.568333333333333246e-01 1.000009999999999934e-04
1.570000000000000007e-01 1.000009999999999934e-04
1.571666666666666490e-01 1.000009999999999934e-04
1.573333333333333250e-01 1.000009999999999799e-04
1.575000000000000011e-01 1.000009999999999934e-04
1.576666666666666494e-01 1.000009999999999934e-04
1.578333333333333255e-01 1.000009999999999934e-04
1.580000000000000016e-01 1.000009999999999934e-04
1.581666666666666499e-01 1.000009999999999934e-04
1.583333333333333259e-01 1.000009999999999799e-04
1.585000000000000020e-01 1.000009999999999934e-04
1.586666666666666503e-01 1.000009999999999934e-04
1.588333333333333264e-01 1.000009999999999934e-04
1.590000000000000024e-01 1.000009999999999934e-04
1.591666666666666508e-01 1.000009999999999934e-04
1.593333333333333268e-01 1.000009999999999663e-04
1.595000000000000029e-01 1.000009999999999934e-04
1.596666666666666512e-01 1.000009999999999934e-04
1.598333333333333273e-01 1.000009999999999663e-04
1.600000000000000033e-01 1.000009999999999934e-04
1.601666666666666516e-01 1.000009999999999934e-04
1.603333333333333277e-01 1.000009999999999663e-04
1.605000000000000038e-01 1.000009999999999934e-04
1.606666666666666521e-01 1.000009999999999934e-04
1.608333333333333282e-01 1.000009999999999663e-04
1.610000000000000042e-01 1.000009999999999934e-04
1.611666666666666525e-01 1.000009999999999934e-04
1.613333333333333286e-01 1.000009999999999663e-04
1.615000000000000047e-01 1.000009999999999934e-04
1.616666666666666530e-01 1.000009999999999934e-04
1.618333333333333290e-01 1.000009999999999663e-04
1.620000000000000051e-01 1.000009999999999934e-04
1.621666666666666534e-01 1.000009999999999934e-04
1.623333333333333295e-01 1.000009999999999663e-04
1.625000000000000056e-01 1.000009999999999934e-04
1.626666666666666539e-01 1.000009999999999934e-04
1.628333333333333299e-01 1.000009999999999663e-04
1.630000000000000060e-01 1.000009999999999934e-04
1.631666666666666543e-01 1.000009999999999934e-04
1.633333333333333304e-01 1.000009999999999663e-04
1.635000000000000064e-01 1.000009999999999934e-04
1.636666666666666548e-01 1.000009999999999934e-04
1.638333333333333308e-01 1.000009999999999663e-04
1.640000000000000069e-01 1.000009999999999934e-04
1.641666666666666552e-01 1.000009999999999934e-04
1.643333333333333313e-01 1.000009999999999663e-04
1.645000000000000073e-01 1.000009999999999934e-04
1.646666666666666556e-01 1.000009999999999934e-04
1.648333333333333317e-01 1.000009999999999663e-04
1.650000000000000078e-01 1.000009999999999934e-04
1.651666666666666561e-01 1.000009999999999934e-04
1.653333333333333321e-01 1.000009999999999799e-04
1.655000000000000082e-01 1.000009999999999934e-04
1.656666666666666565e-01 1.000009999999999799e-04
1.658333333333333326e-01 1.000009999999999799e-04
1.659999999999999809e-01 1.000010000000000205e-04
1.661666666666666570e-01 1.000009999999999799e-04
1.663333333333333330e-01 1.000009999999999934e-04
1.664999999999999813e-01 1.000010000000000070e-04
1.666666666666666574e-01 1.000009999999999799e-04
1.668333333333333335e-01 1.000009999999999799e-04
1.669999999999999818e-01 1.000010000000000205e-04
1.671666666666666579e-01 1.000009999999999799e-04
1.673333333333333339e-01 1.000009999999999934e-04
1.674999999999999822e-01 1.000010000000000070e-04
1.676666666666666583e-01 1.000009999999999799e-04
1.678333333333333344e-01 1.000009999999999799e-04
1.679999999999999827e-01 1.000010000000000205e-04
1.681666666666666587e-01 1.000009999999999799e-04
1.683333333333333348e-01 1.000009999999999934e-04
1.684999999999999831e-01 1.000010000000000070e-04
1.686666666666666592e-01 1.000009999999999799e-04
1.688333333333333353e-01 1.000009999999999799e-04
1.689999999999999836e-01 1.000010000000000205e-04
1.691666666666666596e-01 1.000009999999999799e-04
1.693333333333333357e-01 1.000009999999999934e-04
1.694999999999999840e-01 1.000010000000000070e-04
1.696666666666666601e-01 1.000009999999999799e-04
1.698333333333333361e-01 1.000009999999999799e-04
1.699999999999999845e-01 1.000010000000000205e-04
1.701666666666666605e-01 1.000009999999999799e-04
1.703333333333333366e-01 1.000009999999999934e-04
1.704999999999999849e-01 1.000010000000000070e-04
1.706666666666666610e-01 1.000009999999999799e-04
1.708333333333333370e-01 1.000009999999999799e-04
1.709999999999999853e-01 1.000010000000000205e-04
1.711666666666666614e-01 1.000009999999999799e-04
1.713333333333333375e-01 1.000009999999999934e-04
1.714999999999999858e-01 1.000010000000000070e-04
1.716666666666666619e-01 1.000009999999999799e-04
1.718333333333333379e-01 1.000010000000000205e-04
1.719999999999999862e-01 1.000009999999999934e-04
1.721666666666666623e-01 1.000009999999999934e-04
1.723333333333333384e-01 1.000009999999999934e-04
1.724999999999999867e-01 1.000009999999999934e-04
1.726666666666666627e-01 1.000009999999999799e-04
1.728333333333333388e-01 1.000010000000000070e-04
1.729999999999999871e-01 1.000009999999999934e-04
1.731666666666666632e-01 1.000009999999999934e-04
1.733333333333333393e-01 1.000009999999999934e-04
1.734999999999999876e-01 1.000009999999999934e-04
1.736666666666666636e-01 1.000009999999999799e-04
1.738333333333333397e-01 1.000010000000000070e-04
1.739999999999999880e-01 1.000009999999999934e-04
1.741666666666666641e-01 1.000009999999999934e-04
1.743333333333333401e-01 1.000009999999999934e-04
1.744999999999999885e-01 1.000009999999999934e-04
1.746666666666666645e-01 1.000009999999999799e-04
1.748333333333333406e-01 1.000010000000000070e-04
1.749999999999999889e-01 1.000009999999999934e-04
1.751666666666666650e-01 1.000009999999999934e-04
1.753333333333333410e-01 1.000009999999999934e-04
1.754999999999999893e-01 1.000009999999999934e-04
1.756666666666666654e-01 1.000009999999999799e-04
1.758333333333333137e-01 1.000010000000000070e-04
1.759999999999999898e-01 1.000009999999999934e-04
1.761666666666666659e-01 1.000009999999999934e-04
1.763333333333333142e-01 1.000009999999999934e-04
1.764999999999999902e-01 1.000009999999999934e-04
1.766666666666666663e-01 1.000009999999999799e-04
1.768333333333333146e-01 1.000010000000000070e-04
1.769999999999999907e-01 1.000009999999999934e-04
1.771666666666666667e-01 1.000009999999999934e-04
1.773333333333333151e-01 1.000009999999999934e-04
1.774999999999999911e-01 1.000009999999999934e-04
1.776666666666666672e-01 1.000009999999999799e-04
1.778333333333333155e-01 1.000009999999999934e-04
1.779999999999999916e-01 1.000009999999999799e-04
1.781666666666666676e-01 1.000009999999999934e-04
1.783333333333333159e-01 1.000009999999999934e-04
1.784999999999999920e-01 1.000009999999999799e-04
1.786666666666666681e-01 1.000010000000000070e-04
1.788333333333333164e-01 1.000009999999999934e-04
1.789999999999999925e-01 1.000009999999999934e-04
1.791666666666666685e-01 1.000009999999999934e-04
1.793333333333333168e-01 1.000009999999999934e-04
1.794999999999999929e-01 1.000009999999999799e-04
1.796666666666666690e-01 1.000010000000000070e-04
1.798333333333333173e-01 1.000009999999999934e-04
1.799999999999999933e-01 1.000009999999999934e-04
1.801666666666666694e-01 1.000009999999999934e-04
1.803333333333333177e-01 1.000009999999999934e-04
1.804999999999999938e-01 1.000009999999999799e-04
1.806666666666666698e-01 1.000010000000000070e-04
1.808333333333333182e-01 1.000009999999999934e-04
1.809999999999999942e-01 1.000009999999999934e-04
1.811666666666666703e-01 1.000009999999999934e-04
1.813333333333333186e-01 1.000009999999999934e-04
1.814999999999999947e-01 1.000009999999999799e-04
1.816666666666666707e-01 1.000010000000000070e-04
1.818333333333333190e-01 1.000009999999999934e-04
1.819999999999999951e-01 1.000009999999999934e-04
1.821666666666666712e-01 1.000009999999999934e-04
1.823333333333333195e-01 1.000009999999999934e-04
1.824999999999999956e-01 1.000009999999999799e-04
1.826666666666666716e-01 1.000010000000000070e-04
1.828333333333333199e-01 1.000009999999999934e-04
1.829999999999999960e-01 1.000009999999999934e-04
1.831666666666666721e-01 1.000009999999999934e-04
1.833333333333333204e-01 1.000009999999999934e-04
1.834999999999999964e-01 1.000009999999999799e-04
1.836666666666666725e-01 1.000010000000000070e-04
1.838333333333333208e-01 1.000009999999999934e-04
1.839999999999999969e-01 1.000009999999999934e-04
1.841666666666666730e-01 1.000009999999999934e-04
1.843333333333333213e-01 1.000009999999999934e-04
1.844999999999999973e-01 1.000009999999999934e-04
1.846666666666666734e-01 1.000009999999999934e-04
1.848333333333333217e-01 1.000009999999999934e-04
1.849999999999999978e-01 1.000009999999999934e-04
1.851666666666666738e-01 1.000009999999999934e-04
1.853333333333333222e-01 1.000009999999999799e-04
1.854999999999999982e-01 1.000009999999999934e-04
1.856666666666666743e-01 1.000009999999999934e-04
1.858333333333333226e-01 1.000009999999999934e-04
1.859999999999999987e-01 1.000009999999999934e-04
1.861666666666666470e-01 1.000009999999999934e-04
1.863333333333333230e-01 1.000009999999999799e-04
1.864999999999999991e-01 1.000009999999999934e-04
1.866666666666666474e-01 1.000009999999999934e-04
1.868333333333333235e-01 1.000009999999999934e-04
1.869999999999999996e-01 1.000009999999999934e-04
1.871666666666666479e-01 1.000009999999999934e-04
1.873333333333333239e-01 1.000009999999999799e-04
1.875000000000000000e-01 1.000009999999999934e-04
1.876666666666666483e-01 1.000009999999999934e-04
1.878333333333333244e-01 1.000009999999999934e-04
1.880000000000000004e-01 1.000009999999999934e-04
1.881666666666666488e-01 1.000009999999999934e-04
1.883333333333333248e-01 1.000009999999999799e-04
1.885000000000000009e-01 1.000009999999999934e-04
1.886666666666666492e-01 1.000009999999999934e-04
1.888333333333333253e-01 1.000009999999999934e-04
1.890000000000000013e-01 1.000009999999999934e-04
1.891666666666666496e-01 1.000009999999999934e-04
1.893333333333333257e-01 1.000009999999999799e-04
1.895000000000000018e-01 1.000009999999999934e-04
1.896666666666666501e-01 1.000009999999999934e-04
1.898333333333333262e-01 1.000009999999999934e-04
1.900000000000000022e-01 1.000009999999999934e-04
1.901666666666666505e-01 1.000009999999999934e-04
1.903333333333333266e-01 1.000009999999999799e-04
1.905000000000000027e-01 1.000009999999999934e-04
1.906666666666666510e-01 1.000009999999999934e-04
1.908333333333333270e-01 1.000009999999999663e-04
1.910000000000000031e-01 1.000009999999999934e-04
1.911666666666666514e-01 1.000009999999999934e-04
1.913333333333333275e-01 1.000009999999999663e-04
1.915000000000000036e-01 1.000009999999999934e-04
1.916666666666666519e-01 1.000009999999999934e-04
1.918333333333333279e-01 1.000009999999999663e-04
1.920000000000000040e-01 1.000009999999999934e-04
1.921666666666666523e-01 1.000009999999999934e-04
1.923333333333333284e-01 1.000009999999999663e-04
1.925000000000000044e-01 1.000009999999999934e-04
1.926666666666666528e-01 1.000009999999999934e-04
1.928333333333333288e-01 1.000009999999999663e-04
1.930000000000000049e-01 1.000009999999999934e-04
1.931666666666666532e-01 1.000009999999999934e-04
1.933333333333333293e-01 1.000009999999999663e-04
1.935000000000000053e-01 1.000009999999999934e-04
1.936666666666666536e-01 1.000009999999999934e-04
1.938333333333333297e-01 1.000009999999999663e-04
1.940000000000000058e-01 1.000009999999999934e-04
1.941666666666666541e-01 1.000009999999999934e-04
1.943333333333333302e-01 1.000009999999999663e-04
1.945000000000000062e-01 1.000009999999999934e-04
1.946666666666666545e-01 1.000009999999999934e-04
1.948333333333333306e-01 1.000009999999999663e-04
1.950000000000000067e-01 1.000009999999999934e-04
1.951666666666666550e-01 1.000009999999999934e-04
1.953333333333333310e-01 1.000009999999999663e-04
1.955000000000000071e-01 1.000009999999999934e-04
1.956666666666666554e-01 1.000009999999999934e-04
1.958333333333333315e-01 1.000009999999999663e-04
1.959999999999999798e-01 1.000010000000000070e-04
1.961666666666666559e-01 1.000009999999999934e-04
1.963333333333333319e-01 1.000009999999999663e-04
1.964999999999999802e-01 1.000010000000000070e-04
1.966666666666666563e-01 1.000009999999999934e-04
1.968333333333333324e-01 1.000009999999999663e-04
1.969999999999999807e-01 1.000010000000000205e-04
1.971666666666666567e-01 1.000009999999999799e-04
1.973333333333333328e-01 1.000009999999999934e-04
1.974999999999999811e-01 1.000010000000000070e-04
1.976666666666666572e-01 1.000009999999999799e-04
1.978333333333333333e-01 1.000009999999999799e-04
1.979999999999999816e-01 1.000010000000000205e-04
1.981666666666666576e-01 1.000009999999999799e-04
1.983333333333333337e-01 1.000009999999999934e-04
1.984999999999999820e-01 1.000010000000000070e-04
1.986666666666666581e-01 1.000009999999999799e-04
1.988333333333333341e-01 1.000009999999999799e-04
1.989999999999999825e-01 1.000010000000000205e-04
1.991666666666666585e-01 1.000009999999999799e-04
1.993333333333333346e-01 1.000009999999999934e-04
1.994999999999999829e-01 1.000010000000000070e-04
1.996666666666666590e-01 1.000009999999999799e-04
1.998333333333333350e-01 1.000009999999999799e-04
1.999999999999999833e-01 1.000010000000000205e-04
2.001666666666666594e-01 1.000009999999999799e-04
2.003333333333333355e-01 1.000009999999999934e-04
2.004999999999999838e-01 1.000010000000000070e-04
2.006666666666666599e-01 1.000009999999999799e-04
2.008333333333333359e-01 1.000009999999999799e-04
2.009999999999999842e-01 1.000010000000000205e-04
2.011666666666666603e-01 1.000009999999999799e-04
2.013333333333333364e-01 1.000009999999999934e-04
2.014999999999999847e-01 1.000010000000000070e-04
2.016666666666666607e-01 1.000009999999999799e-04
2.018333333333333368e-01 1.000009999999999799e-04
2.019999999999999851e-01 1.000010000000000205e-04
2.021666666666666612e-01 1.000009999999999799e-04
2.023333333333333373e-01 1.000009999999999934e-04
2.024999999999999856e-01 1.000010000000000070e-04
2.026666666666666616e-01 1.000009999999999799e-04
2.028333333333333377e-01 1.000009999999999799e-04
2.029999999999999860e-01 1.000010000000000205e-04
2.031666666666666621e-01 1.000009999999999934e-04
2.033333333333333381e-01 1.000010000000000070e-04
2.034999999999999865e-01 1.000009999999999934e-04
2.036666666666666625e-01 1.000009999999999799e-04
2.038333333333333386e-01 1.000010000000000070e-04
2.039999999999999869e-01 1.000009999999999934e-04
2.041666666666666630e-01 1.000009999999999934e-04
2.043333333333333390e-01 1.000009999999999934e-04
2.044999999999999873e-01 1.000009999999999934e-04
2.046666666666666634e-01 1.000009999999999799e-04
2.048333333333333395e-01 1.000010000000000070e-04
2.049999999999999878e-01 1.000009999999999934e-04
2.051666666666666639e-01 1.000009999999999934e-04
2.053333333333333399e-01 1.000009999999999934e-04
2.054999999999999882e-01 1.000009999999999934e-04
2.056666666666666643e-01 1.000009999999999799e-04
2.058333333333333126e-01 1.000010000000000070e-04
2.059999999999999887e-01 1.000009999999999934e-04
2.061666666666666647e-01 1.000009999999999934e-04
2.063333333333333131e-01 1.000009999999999934e-04
2.064999999999999891e-01 1.000009999999999934e-04
2.066666666666666652e-01 1.000009999999999799e-04
2.068333333333333135e-01 1.000010000000000070e-04
2.069999999999999896e-01 1.000009999999999934e-04
2.071666666666666656e-01 1.000009999999999934e-04
2.073333333333333139e-01 1.000009999999999934e-04
2.074999999999999900e-01 1.000009999999999934e-04
2.076666666666666661e-01 1.000009999999999799e-04
2.078333333333333144e-01 1.000010000000000070e-04
2.079999999999999905e-01 1.000009999999999934e-04
2.081666666666666665e-01 1.000009999999999934e-04
2.083333333333333148e-01 1.000009999999999934e-04
2.084999999999999909e-01 1.000009999999999934e-04
2.086666666666666670e-01 1.000009999999999799e-04
2.088333333333333153e-01 1.000010000000000070e-04
2.089999999999999913e-01 1.000009999999999934e-04
2.091666666666666674e-01 1.000009999999999934e-04
2.093333333333333157e-01 1.000009999999999934e-04
2.094999999999999918e-01 1.000009999999999934e-04
2.096666666666666679e-01 1.000010000000000070e-04
2.098333333333333162e-01 1.000009999999999934e-04
2.099999999999999922e-01 1.000009999999999934e-04
2.101666666666666683e-01 1.000009999999999934e-04
2.103333333333333166e-01 1.000009999999999934e-04
2.104999999999999927e-01 1.000009999999999799e-04
2.106666666666666687e-01 1.000010000000000070e-04
2.108333333333333171e-01 1.000009999999999934e-04
2.109999999999999931e-01 1.000009999999999934e-04
2.111666666666666692e-01 1.000009999999999934e-04
2.113333333333333175e-01 1.000009999999999934e-04
2.114999999999999936e-01 1.000009999999999799e-04
2.116666666666666696e-01 1.000010000000000070e-04
2.118333333333333179e-01 1.000009999999999934e-04
2.119999999999999940e-01 1.000009999999999934e-04
2.121666666666666701e-01 1.000009999999999934e-04
2.123333333333333184e-01 1.000009999999999934e-04
2.124999999999999944e-01 1.000009999999999799e-04
2.126666666666666705e-01 1.000010000000000070e-04
2.128333333333333188e-01 1.000009999999999934e-04
2.129999999999999949e-01 1.000009999999999934e-04
2.131666666666666710e-01 1.000009999999999934e-04
2.133333333333333193e-01 1.000009999999999934e-04
2.134999999999999953e-01 1.000009999999999799e-04
2.136666666666666714e-01 1.000010000000000070e-04
2.138333333333333197e-01 1.000009999999999934e-04
2.139999999999999958e-01 1.000009999999999934e-04
2.141666666666666718e-01 1.000009999999999934e-04
2.143333333333333202e-01 1.000009999999999934e-04
2.144999999999999962e-01 1.000009999999999799e-04
2.146666666666666723e-01 1.000010000000000070e-04
2.148333333333333206e-01 1.000009999999999934e-04
2.149999999999999967e-01 1.000009999999999934e-04
2.151666666666666727e-01 1.000009999999999934e-04
2.153333333333333210e-01 1.000009999999999934e-04
2.154999999999999971e-01 1.000009999999999799e-04
2.156666666666666732e-01 1.000009999999999934e-04
2.158333333333333215e-01 1.000009999999999934e-04
2.159999999999999976e-01 1.000009999999999934e-04
2.161666666666666459e-01 1.000009999999999934e-04
2.163333333333333219e-01 1.000009999999999799e-04
2.164999999999999980e-01 1.000009999999999934e-04
2.166666666666666463e-01 1.000009999999999934e-04
2.168333333333333224e-01 1.000009999999999934e-04
2.169999999999999984e-01 1.000009999999999934e-04
2.171666666666666468e-01 1.000009999999999934e-04
2.173333333333333228e-01 1.000009999999999799e-04
2.174999999999999989e-01 1.000009999999999934e-04
2.176666666666666472e-01 1.000009999999999934e-04
2.178333333333333233e-01 1.000009999999999934e-04
2.179999999999999993e-01 1.000009999999999934e-04
2.181666666666666476e-01 1.000009999999999934e-04
2.183333333333333237e-01 1.000009999999999799e-04
2.184999999999999998e-01 1.000009999999999934e-04
2.186666666666666481e-01 1.000009999999999934e-04
2.188333333333333242e-01 1.000009999999999934e-04
2.190000000000000002e-01 1.000009999999999934e-04
2.191666666666666485e-01 1.000009999999999934e-04
2.193333333333333246e-01 1.000009999999999799e-04
2.195000000000000007e-01 1.000009999999999934e-04
2.196666666666666490e-01 1.000009999999999934e-04
2.198333333333333250e-01 1.000009999999999934e-04
2.200000000000000011e-01 1.000009999999999934e-04
2.201666666666666494e-01 1.000009999999999934e-04
2.203333333333333255e-01 1.000009999999999799e-04
2.205000000000000016e-01 1.000009999999999934e-04
2.206666666666666499e-01 1.000009999999999934e-04
2.208333333333333259e-01 1.000009999999999934e-04
2.210000000000000020e-01 1.000009999999999934e-04
2.211666666666666503e-01 1.000009999999999934e-04
2.213333333333333264e-01 1.000009999999999799e-04
2.215000000000000024e-01 1.000009999999999934e-04
2.216666666666666508e-01 1.000009999999999934e-04
2.218333333333333268e-01 1.000009999999999663e-04
2.220000000000000029e-01 1.000009999999999934e-04
2.221666666666666512e-01 1.000009999999999934e-04
2.223333333333333273e-01 1.000009999999999663e-04
2.225000000000000033e-01 1.000009999999999934e-04
2.226666666666666516e-01 1.000009999999999934e-04
2.228333333333333277e-01 1.000009999999999663e-04
2.230000000000000038e-01 1.000009999999999934e-04
2.231666666666666521e-01 1.000009999999999934e-04
2.233333333333333282e-01 1.000009999999999663e-04
2.235000000000000042e-01 1.000009999999999934e-04
2.236666666666666525e-01 1.000009999999999934e-04
2.238333333333333286e-01 1.000009999999999663e-04
2.240000000000000047e-01 1.000009999999999934e-04
2.241666666666666530e-01 1.000009999999999934e-04
2.243333333333333290e-01 1.000009999999999663e-04
2.245000000000000051e-01 1.000009999999999934e-04
2.246666666666666534e-01 1.000009999999999934e-04
2.248333333333333295e-01 1.000009999999999663e-04
2.250000000000000056e-01 1.000009999999999934e-04
2.251666666666666539e-01 1.000009999999999934e-04
2.253333333333333299e-01 1.000009999999999663e-04
2.255000000000000060e-01 1.000009999999999934e-04
2.256666666666666543e-01 1.000009999999999934e-04
2.258333333333333304e-01 1.000009999999999663e-04
2.259999999999999787e-01 1.000010000000000070e-04
2.261666666666666548e-01 1.000009999999999934e-04
2.263333333333333308e-01 1.000009999999999663e-04
2.264999999999999791e-01 1.000010000000000070e-04
2.266666666666666552e-01 1.000009999999999934e-04
2.268333333333333313e-01 1.000009999999999663e-04
2.269999999999999796e-01 1.000010000000000070e-04
2.271666666666666556e-01 1.000009999999999934e-04
2.273333333333333317e-01 1.000009999999999663e-04
2.274999999999999800e-01 1.000010000000000070e-04
2.276666666666666561e-01 1.000009999999999934e-04
2.278333333333333321e-01 1.000009999999999663e-04
2.279999999999999805e-01 1.000010000000000205e-04
2.281666666666666565e-01 1.000009999999999799e-04
2.283333333333333326e-01 1.000009999999999934e-04
2.284999999999999809e-01 1.000010000000000070e-04
2.286666666666666570e-01 1.000009999999999799e-04
2.288333333333333330e-01 1.000009999999999799e-04
2.289999999999999813e-01 1.000010000000000205e-04
2.291666666666666574e-01 1.000009999999999799e-04
2.293333333333333335e-01 1.000009999999999934e-04
2.294999999999999818e-01 1.000010000000000070e-04
2.296666666666666579e-01 1.000009999999999799e-04
2.298333333333333339e-01 1.000009999999999799e-04
2.299999999999999822e-01 1.000010000000000205e-04
2.301666666666666583e-01 1.000009999999999799e-04
2.303333333333333344e-01 1.000009999999999934e-04
2.304999999999999827e-01 1.000010000000000070e-04
2.306666666666666587e-01 1.000009999999999799e-04
2.308333333333333348e-01 1.000009999999999799e-04
2.309999999999999831e-01 1.000010000000000205e-04
2.311666666666666592e-01 1.000009999999999799e-04
2.313333333333333353e-01 1.000009999999999934e-04
2.314999999999999836e-01 1.000010000000000070e-04
2.316666666666666596e-01 1.000009999999999799e-04
2.318333333333333357e-01 1.000009999999999799e-04
2.319999999999999840e-01 1.000010000000000205e-04
2.321666666666666601e-01 1.000009999999999799e-04
2.323333333333333361e-01 1.000009999999999934e-04
2.324999999999999845e-01 1.000010000000000070e-04
2.326666666666666605e-01 1.000009999999999799e-04
2.328333333333333366e-01 1.000009999999999799e-04
2.329999999999999849e-01 1.000010000000000205e-04
2.331666666666666610e-01 1.000009999999999799e-04
2.333333333333333370e-01 1.000009999999999934e-04
2.334999999999999853e-01 1.000010000000000070e-04
2.336666666666666614e-01 1.000009999999999799e-04
2.338333333333333375e-01 1.000009999999999799e-04
2.339999999999999858e-01 1.000010000000000205e-04
2.341666666666666619e-01 1.000009999999999934e-04
2.343333333333333379e-01 1.000010000000000070e-04
2.344999999999999862e-01 1.000009999999999934e-04
2.346666666666666623e-01 1.000009999999999799e-04
2.348333333333333384e-01 1.000010000000000070e-04
2.349999999999999867e-01 1.000009999999999934e-04
2.351666666666666627e-01 1.000009999999999934e-04
2.353333333333333388e-01 1.000009999999999934e-04
2.354999999999999871e-01 1.000009999999999934e-04
2.356666666666666632e-01 1.000009999999999799e-04
2.358333333333333393e-01 1.000010000000000070e-04
2.359999999999999876e-01 1.000009999999999934e-04
2.361666666666666636e-01 1.000009999999999934e-04
2.363333333333333119e-01 1.000009999999999934e-04
2.364999999999999880e-01 1.000009999999999934e-04
2.366666666666666641e-01 1.000009999999999799e-04
2.368333333333333124e-01 1.000010000000000070e-04
2.369999999999999885e-01 1.000009999999999934e-04
2.371666666666666645e-01 1.000009999999999934e-04
2.373333333333333128e-01 1.000009999999999934e-04
2.374999999999999889e-01 1.000009999999999934e-04
2.376666666666666650e-01 1.000009999999999799e-04
2.378333333333333133e-01 1.000010000000000070e-04
2.379999999999999893e-01 1.000009999999999934e-04
2.381666666666666654e-01 1.000009999999999934e-04
2.383333333333333137e-01 1.000009999999999934e-04
2.384999999999999898e-01 1.000009999999999934e-04
2.386666666666666659e-01 1.000009999999999799e-04
2.388333333333333142e-01 1.000010000000000070e-04
2.389999999999999902e-01 1.000009999999999934e-04
2.391666666666666663e-01 1.000009999999999934e-04
2.393333333333333146e-01 1.000009999999999934e-04
2.394999999999999907e-01 1.000009999999999934e-04
2.396666666666666667e-01 1.000009999999999799e-04
2.398333333333333151e-01 1.000010000000000070e-04
2.399999999999999911e-01 1.000009999999999934e-04
2.401666666666666672e-01 1.000009999999999934e-04
2.403333333333333155e-01 1.000009999999999934e-04
2.404999999999999916e-01 1.000009999999999934e-04
2.406666666666666676e-01 1.000010000000000070e-04
2.408333333333333159e-01 1.000009999999999934e-04
2.409999999999999920e-01 1.000009999999999934e-04
2.411666666666666681e-01 1.000009999999999934e-04
2.413333333333333164e-01 1.000009999999999934e-04
2.414999999999999925e-01 1.000009999999999799e-04
2.416666666666666685e-01 1.000010000000000070e-04
2.418333333333333168e-01 1.000009999999999934e-04
2.419999999999999929e-01 1.000009999999999934e-04
2.421666666666666690e-01 1.000009999999999934e-04
2.423333333333333173e-01 1.000009999999999934e-04
2.424999999999999933e-01 1.000009999999999799e-04
2.426666666666666694e-01 1.000010000000000070e-04
2.428333333333333177e-01 1.000009999999999934e-04
2.429999999999999938e-01 1.000009999999999934e-04
2.431666666666666698e-01 1.000009999999999934e-04
2.433333333333333182e-01 1.000009999999999934e-04
2.434999999999999942e-01 1.000009999999999799e-04
2.436666666666666703e-01 1.000010000000000070e-04
2.438333333333333186e-01 1.000009999999999934e-04
2.439999999999999947e-01 1.000009999999999934e-04
2.441666666666666707e-01 1.000009999999999934e-04
2.443333333333333190e-01 1.000009999999999934e-04
2.444999999999999951e-01 1.000009999999999799e-04
2.446666666666666712e-01 1.000010000000000070e-04
2.448333333333333195e-01 1.000009999999999934e-04
2.449999999999999956e-01 1.000009999999999934e-04
2.451666666666666716e-01 1.000009999999999934e-04
2.453333333333333199e-01 1.000009999999999934e-04
2.454999999999999960e-01 1.000009999999999799e-04
2.456666666666666721e-01 1.000010000000000070e-04
2.458333333333333204e-01 1.000009999999999934e-04
2.459999999999999964e-01 1.000009999999999934e-04
2.461666666666666448e-01 1.000009999999999934e-04
2.463333333333333208e-01 1.000009999999999934e-04
2.464999999999999969e-01 1.000009999999999799e-04
2.466666666666666452e-01 1.000009999999999934e-04
2.468333333333333213e-01 1.000009999999999934e-04
2.469999999999999973e-01 1.000009999999999934e-04
2.471666666666666456e-01 1.000009999999999934e-04
2.473333333333333217e-01 1.000009999999999799e-04
2.474999999999999978e-01 1.000009999999999934e-04
2.476666666666666461e-01 1.000009999999999934e-04
2.478333333333333222e-01 1.000009999999999934e-04
2.479999999999999982e-01 1.000009999999999934e-04
2.481666666666666465e-01 1.000009999999999934e-04
2.483333333333333226e-01 1.000009999999999799e-04
2.484999999999999987e-01 1.000009999999999934e-04
2.486666666666666470e-01 1.000009999999999934e-04
2.488333333333333230e-01 1.000009999999999934e-04
2.489999999999999991e-01 1.000009999999999934e-04
2.491666666666666474e-01 1.000009999999999934e-04
2.493333333333333235e-01 1.000009999999999799e-04
2.494999999999999996e-01 1.000009999999999934e-04
2.496666666666666479e-01 1.000009999999999934e-04
2.498333333333333239e-01 1.000009999999999799e-04
2.500000000000000000e-01 1.000009999999999934e-04
2.501666666666666483e-01 1.000009999999999934e-04
2.503333333333333521e-01 1.000009999999999934e-04
2.505000000000000004e-01 1.000010000000000070e-04
2.506666666666666488e-01 1.000009999999999934e-04
2.508333333333333526e-01 1.000009999999999799e-04
2.510000000000000009e-01 1.000010000000000070e-04
2.511666666666666492e-01 1.000009999999999934e-04
2.513333333333332975e-01 1.000009999999999934e-04
2.515000000000000013e-01 1.000010000000000070e-04
2.516666666666666496e-01 1.000009999999999934e-04
2.518333333333332980e-01 1.000009999999999799e-04
2.520000000000000018e-01 1.000010000000000070e-04
2.521666666666666501e-01 1.000009999999999934e-04
2.523333333333332984e-01 1.000009999999999934e-04
2.525000000000000022e-01 1.000010000000000070e-04
2.526666666666666505e-01 1.000009999999999934e-04
2.528333333333332988e-01 1.000009999999999799e-04
2.530000000000000027e-01 1.000010000000000070e-04
2.531666666666666510e-01 1.000009999999999934e-04
2.533333333333332993e-01 1.000009999999999934e-04
2.535000000000000031e-01 1.000010000000000070e-04
2.536666666666666514e-01 1.000009999999999934e-04
2.538333333333332997e-01 1.000009999999999799e-04
2.540000000000000036e-01 1.000010000000000070e-04
2.541666666666666519e-01 1.000009999999999934e-04
2.543333333333333002e-01 1.000009999999999934e-04
2.545000000000000040e-01 1.000010000000000070e-04
2.546666666666666523e-01 1.000009999999999934e-04
2.548333333333333006e-01 1.000009999999999799e-04
2.550000000000000044e-01 1.000010000000000070e-04
2.551666666666666528e-01 1.000009999999999934e-04
2.553333333333333011e-01 1.000009999999999934e-04
2.555000000000000049e-01 1.000010000000000070e-04
2.556666666666666532e-01 1.000009999999999934e-04
2.558333333333333015e-01 1.000009999999999799e-04
2.560000000000000053e-01 1.000010000000000070e-04
2.561666666666666536e-01 1.000009999999999934e-04
2.563333333333333020e-01 1.000009999999999934e-04
2.565000000000000058e-01 1.000009999999999934e-04
2.566666666666666541e-01 1.000010000000000070e-04
2.568333333333333024e-01 1.000010000000000070e-04
2.570000000000000062e-01 1.000009999999999934e-04
2.571666666666666545e-01 1.000010000000000070e-04
2.573333333333333028e-01 1.000009999999999934e-04
2.575000000000000067e-01 1.000009999999999934e-04
2.576666666666666550e-01 1.000010000000000070e-04
2.578333333333333033e-01 1.000010000000000070e-04
2.580000000000000071e-01 1.000009999999999934e-04
2.581666666666666554e-01 1.000010000000000070e-04
2.583333333333333037e-01 1.000009999999999934e-04
2.585000000000000075e-01 1.000009999999999934e-04
2.586666666666666559e-01 1.000010000000000070e-04
2.588333333333333042e-01 1.000010000000000070e-04
2.590000000000000080e-01 1.000009999999999934e-04
2.591666666666666563e-01 1.000010000000000070e-04
2.593333333333333046e-01 1.000009999999999934e-04
2.595000000000000084e-01 1.000009999999999934e-04
2.596666666666666567e-01 1.000010000000000070e-04
2.598333333333333051e-01 1.000010000000000070e-04
2.600000000000000089e-01 1.000009999999999934e-04
2.601666666666666572e-01 1.000010000000000070e-04
2.603333333333333055e-01 1.000009999999999934e-04
2.605000000000000093e-01 1.000009999999999934e-04
2.606666666666666576e-01 1.000010000000000070e-04
2.608333333333333059e-01 1.000010000000000070e-04
2.610000000000000098e-01 1.000009999999999934e-04
2.611666666666666581e-01 1.000010000000000070e-04
2.613333333333333064e-01 1.000009999999999934e-04
2.615000000000000102e-01 1.000009999999999934e-04
2.616666666666666585e-01 1.000010000000000070e-04
2.618333333333333068e-01 1.000010000000000070e-04
2.620000000000000107e-01 1.000009999999999934e-04
2.621666666666666590e-01 1.000010000000000070e-04
2.623333333333333073e-01 1.000009999999999934e-04
2.625000000000000111e-01 1.000009999999999934e-04
2.626666666666666594e-01 1.000010000000000070e-04
2.628333333333333077e-01 1.000010000000000070e-04
2.630000000000000115e-01 1.000009999999999934e-04
2.631666666666666599e-01 1.000010000000000070e-04
2.633333333333333082e-01 1.000009999999999934e-04
2.635000000000000120e-01 1.000009999999999934e-04
2.636666666666666603e-01 1.000010000000000070e-04
2.638333333333333086e-01 1.000010000000000070e-04
2.640000000000000124e-01 1.000009999999999934e-04
2.641666666666666607e-01 1.000010000000000070e-04
2.643333333333333091e-01 1.000009999999999934e-04
2.645000000000000129e-01 1.000009999999999934e-04
2.646666666666666612e-01 1.000010000000000070e-04
2.648333333333333095e-01 1.000010000000000070e-04
2.650000000000000133e-01 1.000009999999999934e-04
2.651666666666666616e-01 1.000010000000000070e-04
2.653333333333333099e-01 1.000009999999999934e-04
2.655000000000000138e-01 1.000009999999999934e-04
2.656666666666666621e-01 1.000010000000000070e-04
2.658333333333333104e-01 1.000010000000000070e-04
2.660000000000000142e-01 1.000009999999999934e-04
2.661666666666666625e-01 1.000010000000000070e-04
2.663333333333333108e-01 1.000009999999999934e-04
2.665000000000000147e-01 1.000009999999999934e-04
2.666666666666666630e-01 1.000010000000000070e-04
2.668333333333333113e-01 1.000010000000000070e-04
2.670000000000000151e-01 1.000009999999999934e-04
2.671666666666666634e-01 1.000010000000000070e-04
2.673333333333333117e-01 1.000009999999999934e-04
2.675000000000000155e-01 1.000009999999999934e-04
2.676666666666666639e-01 1.000010000000000070e-04
2.678333333333333122e-01 1.000010000000000070e-04
2.680000000000000160e-01 1.000009999999999934e-04
2.681666666666666643e-01 1.000010000000000070e-04
2.683333333333333126e-01 1.000009999999999934e-04
2.685000000000000164e-01 1.000009999999999934e-04
2.686666666666666647e-01 1.000010000000000070e-04
2.688333333333333131e-01 1.000009999999999934e-04
2.690000000000000169e-01 1.000009999999999663e-04
2.691666666666666652e-01 1.000010000000000070e-04
2.693333333333333135e-01 1.000010000000000070e-04
2.695000000000000173e-01 1.000009999999999934e-04
2.696666666666666656e-01 1.000010000000000070e-04
2.698333333333333139e-01 1.000010000000000070e-04
2.700000000000000178e-01 1.000009999999999663e-04
2.701666666666666661e-01 1.000010000000000070e-04
2.703333333333333144e-01 1.000010000000000070e-04
2.705000000000000182e-01 1.000009999999999934e-04
2.706666666666666665e-01 1.000010000000000070e-04
2.708333333333333148e-01 1.000010000000000070e-04
2.710000000000000187e-01 1.000009999999999663e-04
2.711666666666666670e-01 1.000010000000000070e-04
2.713333333333333153e-01 1.000010000000000070e-04
2.714999999999999636e-01 1.000009999999999934e-04
2.716666666666666674e-01 1.000010000000000070e-04
2.718333333333333157e-01 1.000010000000000070e-04
2.719999999999999640e-01 1.000009999999999663e-04
2.721666666666666679e-01 1.000010000000000070e-04
2.723333333333333162e-01 1.000010000000000070e-04
2.724999999999999645e-01 1.000009999999999934e-04
2.726666666666666683e-01 1.000010000000000070e-04
2.728333333333333166e-01 1.000010000000000070e-04
2.729999999999999649e-01 1.000009999999999663e-04
2.731666666666666687e-01 1.000010000000000070e-04
2.733333333333333171e-01 1.000010000000000070e-04
2.734999999999999654e-01 1.000009999999999934e-04
2.736666666666666692e-01 1.000010000000000070e-04
2.738333333333333175e-01 1.000010000000000070e-04
2.739999999999999658e-01 1.000009999999999663e-04
2.741666666666666696e-01 1.000010000000000070e-04
2.743333333333333179e-01 1.000010000000000070e-04
2.744999999999999662e-01 1.000009999999999934e-04
2.746666666666666701e-01 1.000010000000000070e-04
2.748333333333333184e-01 1.000010000000000070e-04
2.749999999999999667e-01 1.000009999999999663e-04
2.751666666666666705e-01 1.000010000000000070e-04
2.753333333333333188e-01 1.000010000000000070e-04
2.754999999999999671e-01 1.000009999999999934e-04
2.756666666666666710e-01 1.000010000000000070e-04
2.758333333333333193e-01 1.000010000000000070e-04
2.759999999999999676e-01 1.000009999999999663e-04
2.761666666666666714e-01 1.000010000000000070e-04
2.763333333333333197e-01 1.000010000000000070e-04
2.764999999999999680e-01 1.000009999999999934e-04
2.766666666666666718e-01 1.000010000000000070e-04
2.768333333333333202e-01 1.000010000000000070e-04
2.769999999999999685e-01 1.000009999999999663e-04
2.771666666666666723e-01 1.000010000000000070e-04
2.773333333333333206e-01 1.000010000000000070e-04
2.774999999999999689e-01 1.000009999999999934e-04
2.776666666666666727e-01 1.000010000000000070e-04
2.778333333333333210e-01 1.000010000000000070e-04
2.779999999999999694e-01 1.000009999999999663e-04
2.781666666666666732e-01 1.000010000000000070e-04
2.783333333333333215e-01 1.000010000000000070e-04
2.784999999999999698e-01 1.000009999999999934e-04
2.786666666666666736e-01 1.000010000000000070e-04
2.788333333333333219e-01 1.000010000000000070e-04
2.789999999999999702e-01 1.000009999999999663e-04
2.791666666666666741e-01 1.000010000000000070e-04
2.793333333333333224e-01 1.000010000000000070e-04
2.794999999999999707e-01 1.000009999999999934e-04
2.796666666666666745e-01 1.000010000000000070e-04
2.798333333333333228e-01 1.000010000000000070e-04
2.799999999999999711e-01 1.000009999999999663e-04
2.801666666666666750e-01 1.000010000000000070e-04
2.803333333333333233e-01 1.000010000000000070e-04
2.804999999999999716e-01 1.000009999999999934e-04
2.806666666666666754e-01 1.000010000000000070e-04
2.808333333333333237e-01 1.000010000000000070e-04
2.809999999999999720e-01 1.000009999999999663e-04
2.811666666666666758e-01 1.000010000000000070e-04
2.813333333333333242e-01 1.000009999999999799e-04
2.814999999999999725e-01 1.000009999999999934e-04
2.816666666666666763e-01 1.000009999999999934e-04
2.818333333333333246e-01 1.000009999999999934e-04
2.819999999999999729e-01 1.000010000000000070e-04
2.821666666666666767e-01 1.000009999999999934e-04
2.823333333333333250e-01 1.000009999999999934e-04
2.824999999999999734e-01 1.000010000000000070e-04
2.826666666666666772e-01 1.000009999999999934e-04
2.828333333333333255e-01 1.000009999999999934e-04
2.829999999999999738e-01 1.000010000000000070e-04
2.831666666666666776e-01 1.000009999999999934e-04
2.833333333333333259e-01 1.000009999999999934e-04
2.834999999999999742e-01 1.000010000000000070e-04
2.836666666666666781e-01 1.000009999999999934e-04
2.838333333333333264e-01 1.000009999999999934e-04
2.839999999999999747e-01 1.000010000000000070e-04
2.841666666666666785e-01 1.000009999999999934e-04
2.843333333333333268e-01 1.000009999999999934e-04
2.844999999999999751e-01 1.000010000000000070e-04
2.846666666666666790e-01 1.000009999999999934e-04
2.848333333333333273e-01 1.000009999999999934e-04
2.849999999999999756e-01 1.000010000000000070e-04
2.851666666666666794e-01 1.000009999999999934e-04
2.853333333333333277e-01 1.000009999999999934e-04
2.854999999999999760e-01 1.000010000000000070e-04
2.856666666666666798e-01 1.000009999999999934e-04
2.858333333333333282e-01 1.000009999999999934e-04
2.859999999999999765e-01 1.000010000000000070e-04
2.861666666666666803e-01 1.000009999999999934e-04
2.863333333333333286e-01 1.000009999999999934e-04
2.864999999999999769e-01 1.000010000000000070e-04
2.866666666666666807e-01 1.000009999999999934e-04
2.868333333333333290e-01 1.000009999999999934e-04
2.869999999999999774e-01 1.000010000000000070e-04
2.871666666666666812e-01 1.000009999999999934e-04
2.873333333333333295e-01 1.000009999999999934e-04
2.874999999999999778e-01 1.000010000000000070e-04
2.876666666666666816e-01 1.000009999999999934e-04
2.878333333333333299e-01 1.000009999999999934e-04
2.879999999999999782e-01 1.000010000000000070e-04
2.881666666666666821e-01 1.000009999999999934e-04
2.883333333333333304e-01 1.000009999999999934e-04
2.884999999999999787e-01 1.000010000000000070e-04
2.886666666666666825e-01 1.000009999999999934e-04
2.888333333333333308e-01 1.000009999999999934e-04
2.889999999999999791e-01 1.000010000000000070e-04
2.891666666666666829e-01 1.000009999999999934e-04
2.893333333333333313e-01 1.000009999999999934e-04
2.894999999999999796e-01 1.000010000000000070e-04
2.896666666666666834e-01 1.000009999999999934e-04
2.898333333333333317e-01 1.000009999999999934e-04
2.899999999999999800e-01 1.000010000000000070e-04
2.901666666666666838e-01 1.000009999999999934e-04
2.903333333333333321e-01 1.000009999999999934e-04
2.904999999999999805e-01 1.000010000000000070e-04
2.906666666666666843e-01 1.000009999999999934e-04
2.908333333333333326e-01 1.000009999999999934e-04
2.909999999999999809e-01 1.000010000000000070e-04
2.911666666666666292e-01 1.000009999999999934e-04
2.913333333333333330e-01 1.000009999999999934e-04
2.914999999999999813e-01 1.000010000000000070e-04
2.916666666666666297e-01 1.000009999999999799e-04
2.918333333333333335e-01 1.000009999999999934e-04
2.919999999999999818e-01 1.000010000000000070e-04
2.921666666666666301e-01 1.000009999999999934e-04
2.923333333333333339e-01 1.000009999999999934e-04
2.924999999999999822e-01 1.000010000000000070e-04
2.926666666666666305e-01 1.000009999999999799e-04
2.928333333333333344e-01 1.000009999999999934e-04
2.929999999999999827e-01 1.000010000000000070e-04
2.931666666666666310e-01 1.000009999999999934e-04
2.933333333333333348e-01 1.000009999999999934e-04
2.934999999999999831e-01 1.000010000000000070e-04
2.936666666666666314e-01 1.000009999999999799e-04
2.938333333333333353e-01 1.000009999999999934e-04
2.939999999999999836e-01 1.000009999999999799e-04
2.941666666666666319e-01 1.000009999999999799e-04
2.943333333333333357e-01 1.000009999999999934e-04
2.944999999999999840e-01 1.000009999999999934e-04
2.946666666666666323e-01 1.000009999999999934e-04
2.948333333333333361e-01 1.000009999999999934e-04
2.949999999999999845e-01 1.000009999999999934e-04
2.951666666666666328e-01 1.000009999999999799e-04
2.953333333333333366e-01 1.000009999999999934e-04
2.954999999999999849e-01 1.000009999999999934e-04
2.956666666666666332e-01 1.000009999999999934e-04
2.958333333333333370e-01 1.000009999999999934e-04
2.959999999999999853e-01 1.000009999999999934e-04
2.961666666666666337e-01 1.000009999999999799e-04
2.963333333333333375e-01 1.000009999999999934e-04
2.964999999999999858e-01 1.000009999999999934e-04
2.966666666666666341e-01 1.000009999999999934e-04
2.968333333333333379e-01 1.000009999999999934e-04
2.969999999999999862e-01 1.000009999999999934e-04
2.971666666666666345e-01 1.000009999999999799e-04
2.973333333333333384e-01 1.000009999999999934e-04
2.974999999999999867e-01 1.000009999999999934e-04
2.976666666666666350e-01 1.000009999999999934e-04
2.978333333333333388e-01 1.000009999999999934e-04
2.979999999999999871e-01 1.000009999999999934e-04
2.981666666666666354e-01 1.000009999999999799e-04
2.983333333333333393e-01 1.000009999999999934e-04
2.984999999999999876e-01 1.000009999999999934e-04
2.986666666666666359e-01 1.000009999999999934e-04
2.988333333333333397e-01 1.000009999999999934e-04
2.989999999999999880e-01 1.000009999999999934e-04
2.991666666666666363e-01 1.000009999999999799e-04
2.993333333333333401e-01 1.000009999999999934e-04
2.994999999999999885e-01 1.000009999999999934e-04
2.996666666666666368e-01 1.000009999999999934e-04
2.998333333333333406e-01 1.000009999999999934e-04
2.999999999999999889e-01 1.000009999999999934e-04
3.001666666666666372e-01 1.000009999999999799e-04
3.003333333333333410e-01 1.000009999999999934e-04
3.004999999999999893e-01 1.000009999999999934e-04
3.006666666666666377e-01 1.000009999999999934e-04
3.008333333333333415e-01 1.000009999999999934e-04
3.009999999999999898e-01 1.000009999999999934e-04
3.011666666666666381e-01 1.000009999999999799e-04
3.013333333333333419e-01 1.000009999999999934e-04
3.014999999999999902e-01 1.000009999999999934e-04
3.016666666666666385e-01 1.000009999999999934e-04
3.018333333333333424e-01 1.000009999999999934e-04
3.019999999999999907e-01 1.000009999999999934e-04
3.021666666666666390e-01 1.000009999999999799e-04
3.023333333333333428e-01 1.000009999999999934e-04
3.024999999999999911e-01 1.000009999999999934e-04
3.026666666666666394e-01 1.000009999999999934e-04
3.028333333333333433e-01 1.000009999999999934e-04
3.029999999999999916e-01 1.000009999999999934e-04
3.031666666666666399e-01 1.000009999999999799e-04
3.033333333333333437e-01 1.000009999999999934e-04
3.034999999999999920e-01 1.000009999999999934e-04
3.036666666666666403e-01 1.000009999999999934e-04
3.038333333333333441e-01 1.000009999999999934e-04
3.039999999999999925e-01 1.000009999999999934e-04
3.041666666666666408e-01 1.000009999999999799e-04
3.043333333333333446e-01 1.000009999999999934e-04
3.044999999999999929e-01 1.000009999999999934e-04
3.046666666666666412e-01 1.000009999999999934e-04
3.048333333333333450e-01 1.000009999999999934e-04
3.049999999999999933e-01 1.000009999999999934e-04
3.051666666666666416e-01 1.000009999999999799e-04
3.053333333333333455e-01 1.000009999999999934e-04
3.054999999999999938e-01 1.000009999999999934e-04
3.056666666666666421e-01 1.000009999999999934e-04
3.058333333333333459e-01 1.000009999999999934e-04
3.059999999999999942e-01 1.000009999999999934e-04
3.061666666666666425e-01 1.000009999999999799e-04
3.063333333333333464e-01 1.000009999999999934e-04
3.064999999999999947e-01 1.000010000000000070e-04
3.066666666666666430e-01 1.000009999999999934e-04
3.068333333333333468e-01 1.000009999999999799e-04
3.069999999999999951e-01 1.000010000000000070e-04
3.071666666666666434e-01 1.000009999999999934e-04
3.073333333333333472e-01 1.000009999999999934e-04
3.074999999999999956e-01 1.000010000000000070e-04
3.076666666666666439e-01 1.000009999999999934e-04
3.078333333333333477e-01 1.000009999999999799e-04
3.079999999999999960e-01 1.000010000000000070e-04
3.081666666666666443e-01 1.000009999999999934e-04
3.083333333333333481e-01 1.000009999999999934e-04
3.084999999999999964e-01 1.000010000000000070e-04
3.086666666666666448e-01 1.000009999999999934e-04
3.088333333333333486e-01 1.000009999999999799e-04
3.089999999999999969e-01 1.000010000000000070e-04
3.091666666666666452e-01 1.000009999999999934e-04
3.093333333333333490e-01 1.000009999999999934e-04
3.094999999999999973e-01 1.000010000000000070e-04
3.096666666666666456e-01 1.000009999999999934e-04
3.098333333333333495e-01 1.000009999999999799e-04
3.099999999999999978e-01 1.000010000000000070e-04
3.101666666666666461e-01 1.000009999999999934e-04
3.103333333333333499e-01 1.000009999999999934e-04
3.104999999999999982e-01 1.000010000000000070e-04
3.106666666666666465e-01 1.000009999999999934e-04
3.108333333333333504e-01 1.000009999999999799e-04
3.109999999999999987e-01 1.000010000000000070e-04
3.111666666666666470e-01 1.000009999999999934e-04
3.113333333333332953e-01 1.000009999999999934e-04
3.114999999999999991e-01 1.000010000000000070e-04
3.116666666666666474e-01 1.000009999999999934e-04
3.118333333333332957e-01 1.000009999999999799e-04
3.119999999999999996e-01 1.000010000000000070e-04
3.121666666666666479e-01 1.000009999999999934e-04
3.123333333333332962e-01 1.000009999999999934e-04
3.125000000000000000e-01 1.000010000000000070e-04
3.126666666666666483e-01 1.000009999999999934e-04
3.128333333333332966e-01 1.000009999999999799e-04
3.130000000000000004e-01 1.000010000000000070e-04
3.131666666666666488e-01 1.000009999999999934e-04
3.133333333333332971e-01 1.000009999999999934e-04
3.135000000000000009e-01 1.000010000000000070e-04
3.136666666666666492e-01 1.000009999999999934e-04
3.138333333333332975e-01 1.000009999999999799e-04
3.140000000000000013e-01 1.000010000000000070e-04
3.141666666666666496e-01 1.000009999999999934e-04
3.143333333333332980e-01 1.000009999999999934e-04
3.145000000000000018e-01 1.000010000000000070e-04
3.146666666666666501e-01 1.000009999999999934e-04
3.148333333333332984e-01 1.000009999999999799e-04
3.150000000000000022e-01 1.000010000000000070e-04
3.151666666666666505e-01 1.000009999999999934e-04
3.153333333333332988e-01 1.000009999999999934e-04
3.155000000000000027e-01 1.000010000000000070e-04
3.156666666666666510e-01 1.000009999999999934e-04
3.158333333333332993e-01 1.000009999999999799e-04
3.160000000000000031e-01 1.000010000000000070e-04
3.161666666666666514e-01 1.000009999999999934e-04
3.163333333333332997e-01 1.000009999999999934e-04
3.165000000000000036e-01 1.000010000000000070e-04
3.166666666666666519e-01 1.000009999999999934e-04
3.168333333333333002e-01 1.000009999999999799e-04
3.170000000000000040e-01 1.000010000000000070e-04
3.171666666666666523e-01 1.000009999999999934e-04
3.173333333333333006e-01 1.000009999999999934e-04
3.175000000000000044e-01 1.000010000000000070e-04
3.176666666666666528e-01 1.000009999999999934e-04
3.178333333333333011e-01 1.000009999999999799e-04
3.180000000000000049e-01 1.000010000000000070e-04
3.181666666666666532e-01 1.000009999999999934e-04
3.183333333333333015e-01 1.000009999999999934e-04
3.185000000000000053e-01 1.000010000000000070e-04
3.186666666666666536e-01 1.000009999999999934e-04
3.188333333333333020e-01 1.000010000000000070e-04
3.190000000000000058e-01 1.000009999999999934e-04
3.191666666666666541e-01 1.000010000000000070e-04
3.193333333333333024e-01 1.000009999999999934e-04
3.195000000000000062e-01 1.000009999999999934e-04
3.196666666666666545e-01 1.000010000000000070e-04
3.198333333333333028e-01 1.000010000000000070e-04
3.200000000000000067e-01 1.000009999999999934e-04
3.201666666666666550e-01 1.000010000000000070e-04
3.203333333333333033e-01 1.000009999999999934e-04
3.205000000000000071e-01 1.000009999999999934e-04
3.206666666666666554e-01 1.000010000000000070e-04
3.208333333333333037e-01 1.000010000000000070e-04
3.210000000000000075e-01 1.000009999999999934e-04
3.211666666666666559e-01 1.000010000000000070e-04
3.213333333333333042e-01 1.000009999999999934e-04
3.215000000000000080e-01 1.000009999999999934e-04
3.216666666666666563e-01 1.000010000000000070e-04
3.218333333333333046e-01 1.000010000000000070e-04
3.220000000000000084e-01 1.000009999999999934e-04
3.221666666666666567e-01 1.000010000000000070e-04
3.223333333333333051e-01 1.000009999999999934e-04
3.225000000000000089e-01 1.000009999999999934e-04
3.226666666666666572e-01 1.000010000000000070e-04
3.228333333333333055e-01 1.000010000000000070e-04
3.230000000000000093e-01 1.000009999999999934e-04
3.231666666666666576e-01 1.000010000000000070e-04
3.233333333333333059e-01 1.000009999999999934e-04
3.235000000000000098e-01 1.000009999999999934e-04
3.236666666666666581e-01 1.000010000000000070e-04
3.238333333333333064e-01 1.000010000000000070e-04
3.240000000000000102e-01 1.000009999999999934e-04
3.241666666666666585e-01 1.000010000000000070e-04
3.243333333333333068e-01 1.000009999999999934e-04
3.245000000000000107e-01 1.000009999999999934e-04
3.246666666666666590e-01 1.000010000000000070e-04
3.248333333333333073e-01 1.000010000000000070e-04
3.250000000000000111e-01 1.000009999999999934e-04
3.251666666666666594e-01 1.000010000000000070e-04
3.253333333333333077e-01 1.000009999999999934e-04
3.255000000000000115e-01 1.000009999999999934e-04
3.256666666666666599e-01 1.000010000000000070e-04
3.258333333333333082e-01 1.000010000000000070e-04
3.260000000000000120e-01 1.000009999999999934e-04
3.261666666666666603e-01 1.000010000000000070e-04
3.263333333333333086e-01 1.000009999999999934e-04
3.265000000000000124e-01 1.000009999999999934e-04
3.266666666666666607e-01 1.000010000000000070e-04
3.268333333333333091e-01 1.000010000000000070e-04
3.270000000000000129e-01 1.000009999999999934e-04
3.271666666666666612e-01 1.000010000000000070e-04
3.273333333333333095e-01 1.000009999999999934e-04
3.275000000000000133e-01 1.000009999999999934e-04
3.276666666666666616e-01 1.000010000000000070e-04
3.278333333333333099e-01 1.000010000000000070e-04
3.280000000000000138e-01 1.000009999999999934e-04
3.281666666666666621e-01 1.000010000000000070e-04
3.283333333333333104e-01 1.000009999999999934e-04
3.285000000000000142e-01 1.000009999999999934e-04
3.286666666666666625e-01 1.000010000000000070e-04
3.288333333333333108e-01 1.000010000000000070e-04
3.290000000000000147e-01 1.000009999999999934e-04
3.291666666666666630e-01 1.000010000000000070e-04
3.293333333333333113e-01 1.000009999999999934e-04
3.295000000000000151e-01 1.000009999999999934e-04
3.296666666666666634e-01 1.000010000000000070e-04
3.298333333333333117e-01 1.000010000000000070e-04
3.300000000000000155e-01 1.000009999999999934e-04
3.301666666666666639e-01 1.000010000000000070e-04
3.303333333333333122e-01 1.000009999999999934e-04
3.305000000000000160e-01 1.000009999999999934e-04
3.306666666666666643e-01 1.000010000000000070e-04
3.308333333333333126e-01 1.000010000000000070e-04
3.310000000000000164e-01 1.000009999999999934e-04
3.311666666666666647e-01 1.000010000000000070e-04
3.313333333333333131e-01 1.000009999999999934e-04
3.314999999999999614e-01 1.000009999999999934e-04
3.316666666666666652e-01 1.000010000000000070e-04
3.318333333333333135e-01 1.000010000000000070e-04
3.319999999999999618e-01 1.000009999999999663e-04
3.321666666666666656e-01 1.000010000000000070e-04
3.323333333333333139e-01 1.000010000000000070e-04
3.324999999999999623e-01 1.000009999999999934e-04
3.326666666666666661e-01 1.000010000000000070e-04
3.328333333333333144e-01 1.000010000000000070e-04
3.329999999999999627e-01 1.000009999999999663e-04
3.331666666666666665e-01 1.000010000000000070e-04
3.333333333333333148e-01 1.000010000000000070e-04
3.334999999999999631e-01 1.000009999999999934e-04
3.336666666666666670e-01 1.000010000000000070e-04
3.338333333333333153e-01 1.000010000000000070e-04
3.339999999999999636e-01 1.000009999999999663e-04
3.341666666666666674e-01 1.000010000000000070e-04
3.343333333333333157e-01 1.000010000000000070e-04
3.344999999999999640e-01 1.000009999999999934e-04
3.346666666666666679e-01 1.000010000000000070e-04
3.348333333333333162e-01 1.000010000000000070e-04
3.349999999999999645e-01 1.000009999999999663e-04
3.351666666666666683e-01 1.000010000000000070e-04
3.353333333333333166e-01 1.000010000000000070e-04
3.354999999999999649e-01 1.000009999999999934e-04
3.356666666666666687e-01 1.000010000000000070e-04
3.358333333333333171e-01 1.000010000000000070e-04
3.359999999999999654e-01 1.000009999999999663e-04
3.361666666666666692e-01 1.000010000000000070e-04
3.363333333333333175e-01 1.000010000000000070e-04
3.364999999999999658e-01 1.000009999999999934e-04
3.366666666666666696e-01 1.000010000000000070e-04
3.368333333333333179e-01 1.000010000000000070e-04
3.369999999999999662e-01 1.000009999999999663e-04
3.371666666666666701e-01 1.000010000000000070e-04
3.373333333333333184e-01 1.000010000000000070e-04
3.374999999999999667e-01 1.000009999999999934e-04
3.376666666666666705e-01 1.000010000000000070e-04
3.378333333333333188e-01 1.000010000000000070e-04
3.379999999999999671e-01 1.000009999999999663e-04
3.381666666666666710e-01 1.000010000000000070e-04
3.383333333333333193e-01 1.000010000000000070e-04
3.384999999999999676e-01 1.000009999999999934e-04
3.386666666666666714e-01 1.000010000000000070e-04
3.388333333333333197e-01 1.000010000000000070e-04
3.389999999999999680e-01 1.000009999999999663e-04
3.391666666666666718e-01 1.000010000000000070e-04
3.393333333333333202e-01 1.000010000000000070e-04
3.394999999999999685e-01 1.000009999999999934e-04
3.396666666666666723e-01 1.000010000000000070e-04
3.398333333333333206e-01 1.000010000000000070e-04
3.399999999999999689e-01 1.000009999999999663e-04
3.401666666666666727e-01 1.000010000000000070e-04
3.403333333333333210e-01 1.000010000000000070e-04
3.404999999999999694e-01 1.000009999999999934e-04
3.406666666666666732e-01 1.000010000000000070e-04
3.408333333333333215e-01 1.000010000000000070e-04
3.409999999999999698e-01 1.000009999999999663e-04
3.411666666666666736e-01 1.000010000000000070e-04
3.413333333333333219e-01 1.000010000000000070e-04
3.414999999999999702e-01 1.000009999999999934e-04
3.416666666666666741e-01 1.000010000000000070e-04
3.418333333333333224e-01 1.000010000000000070e-04
3.419999999999999707e-01 1.000009999999999663e-04
3.421666666666666745e-01 1.000010000000000070e-04
3.423333333333333228e-01 1.000010000000000070e-04
3.424999999999999711e-01 1.000009999999999934e-04
3.426666666666666750e-01 1.000010000000000070e-04
3.428333333333333233e-01 1.000010000000000070e-04
3.429999999999999716e-01 1.000009999999999663e-04
3.431666666666666754e-01 1.000010000000000070e-04
3.433333333333333237e-01 1.000010000000000070e-04
3.434999999999999720e-01 1.000009999999999934e-04
3.436666666666666758e-01 1.000010000000000070e-04
3.438333333333333242e-01 1.000009999999999799e-04
3.439999999999999725e-01 1.000009999999999934e-04
3.441666666666666763e-01 1.000009999999999934e-04
3.443333333333333246e-01 1.000009999999999934e-04
3.444999999999999729e-01 1.000010000000000070e-04
3.446666666666666767e-01 1.000009999999999934e-04
3.448333333333333250e-01 1.000009999999999934e-04
3.449999999999999734e-01 1.000010000000000070e-04
3.451666666666666772e-01 1.000009999999999934e-04
3.453333333333333255e-01 1.000009999999999934e-04
3.454999999999999738e-01 1.000010000000000070e-04
3.456666666666666776e-01 1.000009999999999934e-04
3.458333333333333259e-01 1.000009999999999934e-04
3.459999999999999742e-01 1.000010000000000070e-04
3.461666666666666781e-01 1.000009999999999934e-04
3.463333333333333264e-01 1.000009999999999934e-04
3.464999999999999747e-01 1.000010000000000070e-04
3.466666666666666785e-01 1.000009999999999934e-04
3.468333333333333268e-01 1.000009999999999934e-04
3.469999999999999751e-01 1.000010000000000070e-04
3.471666666666666790e-01 1.000009999999999934e-04
3.473333333333333273e-01 1.000009999999999934e-04
3.474999999999999756e-01 1.000010000000000070e-04
3.476666666666666794e-01 1.000009999999999934e-04
3.478333333333333277e-01 1.000009999999999934e-04
3.479999999999999760e-01 1.000010000000000070e-04
3.481666666666666798e-01 1.000009999999999934e-04
3.483333333333333282e-01 1.000009999999999934e-04
3.484999999999999765e-01 1.000010000000000070e-04
3.486666666666666803e-01 1.000009999999999934e-04
3.488333333333333286e-01 1.000009999999999934e-04
3.489999999999999769e-01 1.000010000000000070e-04
3.491666666666666807e-01 1.000009999999999934e-04
3.493333333333333290e-01 1.000009999999999934e-04
3.494999999999999774e-01 1.000010000000000070e-04
3.496666666666666812e-01 1.000009999999999934e-04
3.498333333333333295e-01 1.000009999999999934e-04
3.499999999999999778e-01 1.000010000000000070e-04
3.501666666666666816e-01 1.000009999999999934e-04
3.503333333333333299e-01 1.000009999999999934e-04
3.504999999999999782e-01 1.000010000000000070e-04
3.506666666666666821e-01 1.000009999999999934e-04
3.508333333333333304e-01 1.000009999999999934e-04
3.509999999999999787e-01 1.000010000000000070e-04
3.511666666666666825e-01 1.000009999999999934e-04
3.513333333333333308e-01 1.000009999999999934e-04
3.514999999999999791e-01 1.000010000000000070e-04
3.516666666666666274e-01 1.000009999999999799e-04
3.518333333333333313e-01 1.000009999999999934e-04
3.519999999999999796e-01 1.000010000000000070e-04
3.521666666666666279e-01 1.000009999999999934e-04
3.523333333333333317e-01 1.000009999999999934e-04
3.524999999999999800e-01 1.000010000000000070e-04
3.526666666666666283e-01 1.000009999999999799e-04
3.528333333333333321e-01 1.000009999999999934e-04
3.529999999999999805e-01 1.000010000000000070e-04
3.531666666666666288e-01 1.000009999999999934e-04
3.533333333333333326e-01 1.000009999999999934e-04
3.534999999999999809e-01 1.000010000000000070e-04
3.536666666666666292e-01 1.000009999999999799e-04
3.538333333333333330e-01 1.000009999999999934e-04
3.539999999999999813e-01 1.000010000000000070e-04
3.541666666666666297e-01 1.000009999999999934e-04
3.543333333333333335e-01 1.000009999999999934e-04
3.544999999999999818e-01 1.000010000000000070e-04
3.546666666666666301e-01 1.000009999999999799e-04
3.548333333333333339e-01 1.000009999999999934e-04
3.549999999999999822e-01 1.000010000000000070e-04
3.551666666666666305e-01 1.000009999999999934e-04
3.553333333333333344e-01 1.000009999999999934e-04
3.554999999999999827e-01 1.000010000000000070e-04
3.556666666666666310e-01 1.000009999999999799e-04
3.558333333333333348e-01 1.000009999999999934e-04
3.559999999999999831e-01 1.000010000000000070e-04
3.561666666666666314e-01 1.000009999999999934e-04
3.563333333333333353e-01 1.000009999999999934e-04
3.564999999999999836e-01 1.000009999999999799e-04
3.566666666666666319e-01 1.000009999999999934e-04
3.568333333333333357e-01 1.000009999999999934e-04
3.569999999999999840e-01 1.000009999999999934e-04
3.571666666666666323e-01 1.000009999999999799e-04
3.573333333333333361e-01 1.000009999999999934e-04
3.574999999999999845e-01 1.000009999999999934e-04
3.576666666666666328e-01 1.000009999999999934e-04
3.578333333333333366e-01 1.000009999999999934e-04
3.579999999999999849e-01 1.000009999999999934e-04
3.581666666666666332e-01 1.000009999999999799e-04
3.583333333333333370e-01 1.000009999999999934e-04
3.584999999999999853e-01 1.000009999999999934e-04
3.586666666666666337e-01 1.000009999999999934e-04
3.588333333333333375e-01 1.000009999999999934e-04
3.589999999999999858e-01 1.000009999999999934e-04
3.591666666666666341e-01 1.000009999999999799e-04
3.593333333333333379e-01 1.000009999999999934e-04
3.594999999999999862e-01 1.000009999999999934e-04
3.596666666666666345e-01 1.000009999999999934e-04
3.598333333333333384e-01 1.000009999999999934e-04
3.599999999999999867e-01 1.000009999999999934e-04
3.601666666666666350e-01 1.000009999999999799e-04
3.603333333333333388e-01 1.000009999999999934e-04
3.604999999999999871e-01 1.000009999999999934e-04
3.606666666666666354e-01 1.000009999999999934e-04
3.608333333333333393e-01 1.000009999999999934e-04
3.609999999999999876e-01 1.000009999999999934e-04
3.611666666666666359e-01 1.000009999999999799e-04
3.613333333333333397e-01 1.000009999999999934e-04
3.614999999999999880e-01 1.000009999999999934e-04
3.616666666666666363e-01 1.000009999999999934e-04
3.618333333333333401e-01 1.000009999999999934e-04
3.619999999999999885e-01 1.000009999999999934e-04
3.621666666666666368e-01 1.000009999999999799e-04
3.623333333333333406e-01 1.000009999999999934e-04
3.624999999999999889e-01 1.000009999999999934e-04
3.626666666666666372e-01 1.000009999999999934e-04
3.628333333333333410e-01 1.000009999999999934e-04
3.629999999999999893e-01 1.000009999999999934e-04
3.631666666666666377e-01 1.000009999999999799e-04
3.633333333333333415e-01 1.000009999999999934e-04
3.634999999999999898e-01 1.000009999999999934e-04
3.636666666666666381e-01 1.000009999999999934e-04
3.638333333333333419e-01 1.000009999999999934e-04
3.639999999999999902e-01 1.000009999999999934e-04
3.641666666666666385e-01 1.000009999999999799e-04
3.643333333333333424e-01 1.000009999999999934e-04
3.644999999999999907e-01 1.000009999999999934e-04
3.646666666666666390e-01 1.000009999999999934e-04
3.648333333333333428e-01 1.000009999999999934e-04
3.649999999999999911e-01 1.000009999999999934e-04
3.651666666666666394e-01 1.000009999999999799e-04
3.653333333333333433e-01 1.000009999999999934e-04
3.654999999999999916e-01 1.000009999999999934e-04
3.656666666666666399e-01 1.000009999999999934e-04
3.658333333333333437e-01 1.000009999999999934e-04
3.659999999999999920e-01 1.000009999999999934e-04
3.661666666666666403e-01 1.000009999999999799e-04
3.663333333333333441e-01 1.000009999999999934e-04
3.664999999999999925e-01 1.000009999999999934e-04
3.666666666666666408e-01 1.000009999999999934e-04
3.668333333333333446e-01 1.000009999999999934e-04
3.669999999999999929e-01 1.000009999999999934e-04
3.671666666666666412e-01 1.000009999999999799e-04
3.673333333333333450e-01 1.000009999999999934e-04
3.674999999999999933e-01 1.000009999999999934e-04
3.676666666666666416e-01 1.000009999999999934e-04
3.678333333333333455e-01 1.000009999999999934e-04
3.679999999999999938e-01 1.000009999999999934e-04
3.681666666666666421e-01 1.000009999999999799e-04
3.683333333333333459e-01 1.000009999999999934e-04
3.684999999999999942e-01 1.000009999999999934e-04
3.686666666666666425e-01 1.000009999999999934e-04
3.688333333333333464e-01 1.000009999999999934e-04
3.689999999999999947e-01 1.000010000000000070e-04
3.691666666666666430e-01 1.000009999999999934e-04
3.693333333333333468e-01 1.000009999999999934e-04
3.694999999999999951e-01 1.000010000000000070e-04
3.696666666666666434e-01 1.000009999999999934e-04
3.698333333333333472e-01 1.000009999999999799e-04
3.699999999999999956e-01 1.000010000000000070e-04
3.701666666666666439e-01 1.000009999999999934e-04
3.703333333333333477e-01 1.000009999999999934e-04
3.704999999999999960e-01 1.000010000000000070e-04
3.706666666666666443e-01 1.000009999999999934e-04
3.708333333333333481e-01 1.000009999999999799e-04
3.709999999999999964e-01 1.000010000000000070e-04
3.711666666666666448e-01 1.000009999999999934e-04
3.713333333333333486e-01 1.000009999999999934e-04
3.714999999999999969e-01 1.000010000000000070e-04
3.716666666666666452e-01 1.000009999999999934e-04
3.718333333333332935e-01 1.000009999999999799e-04
3.719999999999999973e-01 1.000010000000000070e-04
3.721666666666666456e-01 1.000009999999999934e-04
3.723333333333332940e-01 1.000009999999999934e-04
3.724999999999999978e-01 1.000010000000000070e-04
3.726666666666666461e-01 1.000009999999999934e-04
3.728333333333332944e-01 1.000009999999999799e-04
3.729999999999999982e-01 1.000010000000000070e-04
3.731666666666666465e-01 1.000009999999999934e-04
3.733333333333332948e-01 1.000009999999999934e-04
3.734999999999999987e-01 1.000010000000000070e-04
3.736666666666666470e-01 1.000009999999999934e-04
3.738333333333332953e-01 1.000009999999999799e-04
3.739999999999999991e-01 1.000010000000000070e-04
3.741666666666666474e-01 1.000009999999999934e-04
3.743333333333332957e-01 1.000009999999999934e-04
3.744999999999999996e-01 1.000010000000000070e-04
3.746666666666666479e-01 1.000009999999999934e-04
3.748333333333332962e-01 1.000009999999999799e-04
3.750000000000000000e-01 1.000010000000000070e-04
3.751666666666666483e-01 1.000009999999999934e-04
3.753333333333332966e-01 1.000009999999999934e-04
3.755000000000000004e-01 1.000010000000000070e-04
3.756666666666666488e-01 1.000009999999999934e-04
3.758333333333332971e-01 1.000009999999999799e-04
3.760000000000000009e-01 1.000010000000000070e-04
3.761666666666666492e-01 1.000009999999999934e-04
3.763333333333332975e-01 1.000009999999999934e-04
3.765000000000000013e-01 1.000010000000000070e-04
3.766666666666666496e-01 1.000009999999999934e-04
3.768333333333332980e-01 1.000009999999999799e-04
3.770000000000000018e-01 1.000010000000000070e-04
3.771666666666666501e-01 1.000009999999999934e-04
3.773333333333332984e-01 1.000009999999999934e-04
3.775000000000000022e-01 1.000010000000000070e-04
3.776666666666666505e-01 1.000009999999999934e-04
3.778333333333332988e-01 1.000009999999999799e-04
3.780000000000000027e-01 1.000010000000000070e-04
3.781666666666666510e-01 1.000009999999999934e-04
3.783333333333332993e-01 1.000009999999999934e-04
3.785000000000000031e-01 1.000010000000000070e-04
3.786666666666666514e-01 1.000009999999999934e-04
3.788333333333332997e-01 1.000009999999999799e-04
3.790000000000000036e-01 1.000010000000000070e-04
3.791666666666666519e-01 1.000009999999999934e-04
3.793333333333333002e-01 1.000009999999999934e-04
3.795000000000000040e-01 1.000010000000000070e-04
3.796666666666666523e-01 1.000009999999999934e-04
3.798333333333333006e-01 1.000009999999999799e-04
3.800000000000000044e-01 1.000010000000000070e-04
3.801666666666666528e-01 1.000009999999999934e-04
3.803333333333333011e-01 1.000009999999999934e-04
3.805000000000000049e-01 1.000010000000000070e-04
3.806666666666666532e-01 1.000009999999999934e-04
3.808333333333333015e-01 1.000009999999999799e-04
3.810000000000000053e-01 1.000010000000000070e-04
3.811666666666666536e-01 1.000009999999999934e-04
3.813333333333333020e-01 1.000009999999999934e-04
3.815000000000000058e-01 1.000009999999999934e-04
3.816666666666666541e-01 1.000010000000000070e-04
3.818333333333333024e-01 1.000010000000000070e-04
3.820000000000000062e-01 1.000009999999999934e-04
3.821666666666666545e-01 1.000010000000000070e-04
3.823333333333333028e-01 1.000009999999999934e-04
3.825000000000000067e-01 1.000009999999999934e-04
3.826666666666666550e-01 1.000010000000000070e-04
3.828333333333333033e-01 1.000010000000000070e-04
3.830000000000000071e-01 1.000009999999999934e-04
3.831666666666666554e-01 1.000010000000000070e-04
3.833333333333333037e-01 1.000009999999999934e-04
3.835000000000000075e-01 1.000009999999999934e-04
3.836666666666666559e-01 1.000010000000000070e-04
3.838333333333333042e-01 1.000010000000000070e-04
3.840000000000000080e-01 1.000009999999999934e-04
3.841666666666666563e-01 1.000010000000000070e-04
3.843333333333333046e-01 1.000009999999999934e-04
3.845000000000000084e-01 1.000009999999999934e-04
3.846666666666666567e-01 1.000010000000000070e-04
3.848333333333333051e-01 1.000010000000000070e-04
3.850000000000000089e-01 1.000009999999999934e-04
3.851666666666666572e-01 1.000010000000000070e-04
3.853333333333333055e-01 1.000009999999999934e-04
3.855000000000000093e-01 1.000009999999999934e-04
3.856666666666666576e-01 1.000010000000000070e-04
3.858333333333333059e-01 1.000010000000000070e-04
3.860000000000000098e-01 1.000009999999999934e-04
3.861666666666666581e-01 1.000010000000000070e-04
3.863333333333333064e-01 1.000009999999999934e-04
3.865000000000000102e-01 1.000009999999999934e-04
3.866666666666666585e-01 1.000010000000000070e-04
3.868333333333333068e-01 1.000010000000000070e-04
3.870000000000000107e-01 1.000009999999999934e-04
3.871666666666666590e-01 1.000010000000000070e-04
3.873333333333333073e-01 1.000009999999999934e-04
3.875000000000000111e-01 1.000009999999999934e-04
3.876666666666666594e-01 1.000010000000000070e-04
3.878333333333333077e-01 1.000010000000000070e-04
3.880000000000000115e-01 1.000009999999999934e-04
3.881666666666666599e-01 1.000010000000000070e-04
3.883333333333333082e-01 1.000009999999999934e-04
3.885000000000000120e-01 1.000009999999999934e-04
3.886666666666666603e-01 1.000010000000000070e-04
3.888333333333333086e-01 1.000010000000000070e-04
3.890000000000000124e-01 1.000009999999999934e-04
3.891666666666666607e-01 1.000010000000000070e-04
3.893333333333333091e-01 1.000009999999999934e-04
3.895000000000000129e-01 1.000009999999999934e-04
3.896666666666666612e-01 1.000010000000000070e-04
3.898333333333333095e-01 1.000010000000000070e-04
3.900000000000000133e-01 1.000009999999999934e-04
3.901666666666666616e-01 1.000010000000000070e-04
3.903333333333333099e-01 1.000009999999999934e-04
3.905000000000000138e-01 1.000009999999999934e-04
3.906666666666666621e-01 1.000010000000000070e-04
3.908333333333333104e-01 1.000010000000000070e-04
3.910000000000000142e-01 1.000009999999999934e-04
3.911666666666666625e-01 1.000010000000000070e-04
3.913333333333333108e-01 1.000009999999999934e-04
3.915000000000000147e-01 1.000009999999999934e-04
3.916666666666666630e-01 1.000010000000000070e-04
3.918333333333333113e-01 1.000010000000000070e-04
3.919999999999999596e-01 1.000009999999999934e-04
3.921666666666666634e-01 1.000010000000000070e-04
3.923333333333333117e-01 1.000009999999999934e-04
3.924999999999999600e-01 1.000009999999999934e-04
3.926666666666666639e-01 1.000010000000000070e-04
3.928333333333333122e-01 1.000010000000000070e-04
3.929999999999999605e-01 1.000009999999999934e-04
3.931666666666666643e-01 1.000010000000000070e-04
3.933333333333333126e-01 1.000009999999999934e-04
3.934999999999999609e-01 1.000009999999999934e-04
3.936666666666666647e-01 1.000010000000000070e-04
3.938333333333333131e-01 1.000009999999999934e-04
3.939999999999999614e-01 1.000009999999999663e-04
3.941666666666666652e-01 1.000010000000000070e-04
3.943333333333333135e-01 1.000010000000000070e-04
3.944999999999999618e-01 1.000009999999999934e-04
3.946666666666666656e-01 1.000010000000000070e-04
3.948333333333333139e-01 1.000010000000000070e-04
3.949999999999999623e-01 1.000009999999999663e-04
3.951666666666666661e-01 1.000010000000000070e-04
3.953333333333333144e-01 1.000010000000000070e-04
3.954999999999999627e-01 1.000009999999999934e-04
3.956666666666666665e-01 1.000010000000000070e-04
3.958333333333333148e-01 1.000010000000000070e-04
3.959999999999999631e-01 1.000009999999999663e-04
3.961666666666666670e-01 1.000010000000000070e-04
3.963333333333333153e-01 1.000010000000000070e-04
3.964999999999999636e-01 1.000009999999999934e-04
3.966666666666666674e-01 1.000010000000000070e-04
3.968333333333333157e-01 1.000010000000000070e-04
3.969999999999999640e-01 1.000009999999999663e-04
3.971666666666666679e-01 1.000010000000000070e-04
3.973333333333333162e-01 1.000010000000000070e-04
3.974999999999999645e-01 1.000009999999999934e-04
3.976666666666666683e-01 1.000010000000000070e-04
3.978333333333333166e-01 1.000010000000000070e-04
3.979999999999999649e-01 1.000009999999999663e-04
3.981666666666666687e-01 1.000010000000000070e-04
3.983333333333333171e-01 1.000010000000000070e-04
3.984999999999999654e-01 1.000009999999999934e-04
3.986666666666666692e-01 1.000010000000000070e-04
3.988333333333333175e-01 1.000010000000000070e-04
3.989999999999999658e-01 1.000009999999999663e-04
3.991666666666666696e-01 1.000010000000000070e-04
3.993333333333333179e-01 1.000010000000000070e-04
3.994999999999999662e-01 1.000009999999999934e-04
3.996666666666666701e-01 1.000010000000000070e-04
3.998333333333333184e-01 1.000010000000000070e-04
3.999999999999999667e-01 1.000009999999999663e-04
4.001666666666666705e-01 1.000010000000000070e-04
4.003333333333333188e-01 1.000010000000000070e-04
4.004999999999999671e-01 1.000009999999999934e-04
4.006666666666666710e-01 1.000010000000000070e-04
4.008333333333333193e-01 1.000010000000000070e-04
4.009999999999999676e-01 1.000009999999999663e-04
4.011666666666666714e-01 1.000010000000000070e-04
4.013333333333333197e-01 1.000010000000000070e-04
4.014999999999999680e-01 1.000009999999999934e-04
4.016666666666666718e-01 1.000010000000000070e-04
4.018333333333333202e-01 1.000010000000000070e-04
4.019999999999999685e-01 1.000009999999999663e-04
4.021666666666666723e-01 1.000010000000000070e-04
4.023333333333333206e-01 1.000010000000000070e-04
4.024999999999999689e-01 1.000009999999999934e-04
4.026666666666666727e-01 1.000010000000000070e-04
4.028333333333333210e-01 1.000010000000000070e-04
4.029999999999999694e-01 1.000009999999999663e-04
4.031666666666666732e-01 1.000010000000000070e-04
4.033333333333333215e-01 1.000010000000000070e-04
4.034999999999999698e-01 1.000009999999999934e-04
4.036666666666666736e-01 1.000010000000000070e-04
4.038333333333333219e-01 1.000010000000000070e-04
4.039999999999999702e-01 1.000009999999999663e-04
4.041666666666666741e-01 1.000010000000000070e-04
4.043333333333333224e-01 1.000010000000000070e-04
4.044999999999999707e-01 1.000009999999999934e-04
4.046666666666666745e-01 1.000010000000000070e-04
4.048333333333333228e-01 1.000010000000000070e-04
4.049999999999999711e-01 1.000009999999999663e-04
4.051666666666666750e-01 1.000010000000000070e-04
4.053333333333333233e-01 1.000010000000000070e-04
4.054999999999999716e-01 1.000009999999999934e-04
4.056666666666666754e-01 1.000010000000000070e-04
4.058333333333333237e-01 1.000010000000000070e-04
4.059999999999999720e-01 1.000009999999999663e-04
4.061666666666666758e-01 1.000010000000000070e-04
4.063333333333333242e-01 1.000009999999999799e-04
4.064999999999999725e-01 1.000009999999999934e-04
4.066666666666666763e-01 1.000009999999999934e-04
4.068333333333333246e-01 1.000009999999999934e-04
4.069999999999999729e-01 1.000010000000000070e-04
4.071666666666666767e-01 1.000009999999999934e-04
4.073333333333333250e-01 1.000009999999999934e-04
4.074999999999999734e-01 1.000010000000000070e-04
4.076666666666666772e-01 1.000009999999999934e-04
4.078333333333333255e-01 1.000009999999999934e-04
4.079999999999999738e-01 1.000010000000000070e-04
4.081666666666666776e-01 1.000009999999999934e-04
4.083333333333333259e-01 1.000009999999999934e-04
4.084999999999999742e-01 1.000010000000000070e-04
4.086666666666666781e-01 1.000009999999999934e-04
4.088333333333333264e-01 1.000009999999999934e-04
4.089999999999999747e-01 1.000010000000000070e-04
4.091666666666666785e-01 1.000009999999999934e-04
4.093333333333333268e-01 1.000009999999999934e-04
4.094999999999999751e-01 1.000010000000000070e-04
4.096666666666666790e-01 1.000009999999999934e-04
4.098333333333333273e-01 1.000009999999999934e-04
4.099999999999999756e-01 1.000010000000000070e-04
4.101666666666666794e-01 1.000009999999999934e-04
4.103333333333333277e-01 1.000009999999999934e-04
4.104999999999999760e-01 1.000010000000000070e-04
4.106666666666666798e-01 1.000009999999999934e-04
4.108333333333333282e-01 1.000009999999999934e-04
4.109999999999999765e-01 1.000010000000000070e-04
4.111666666666666803e-01 1.000009999999999934e-04
4.113333333333333286e-01 1.000009999999999934e-04
4.114999999999999769e-01 1.000010000000000070e-04
4.116666666666666252e-01 1.000009999999999799e-04
4.118333333333333290e-01 1.000009999999999934e-04
4.119999999999999774e-01 1.000010000000000070e-04
4.121666666666666257e-01 1.000009999999999934e-04
4.123333333333333295e-01 1.000009999999999934e-04
4.124999999999999778e-01 1.000010000000000070e-04
4.126666666666666261e-01 1.000009999999999799e-04
4.128333333333333299e-01 1.000009999999999934e-04
4.129999999999999782e-01 1.000010000000000070e-04
4.131666666666666266e-01 1.000009999999999934e-04
4.133333333333333304e-01 1.000009999999999934e-04
4.134999999999999787e-01 1.000010000000000070e-04
4.136666666666666270e-01 1.000009999999999799e-04
4.138333333333333308e-01 1.000009999999999934e-04
4.139999999999999791e-01 1.000010000000000070e-04
4.141666666666666274e-01 1.000009999999999934e-04
4.143333333333333313e-01 1.000009999999999934e-04
4.144999999999999796e-01 1.000010000000000070e-04
4.146666666666666279e-01 1.000009999999999799e-04
4.148333333333333317e-01 1.000009999999999934e-04
4.149999999999999800e-01 1.000010000000000070e-04
4.151666666666666283e-01 1.000009999999999934e-04
4.153333333333333321e-01 1.000009999999999934e-04
4.154999999999999805e-01 1.000010000000000070e-04
4.156666666666666288e-01 1.000009999999999799e-04
4.158333333333333326e-01 1.000009999999999934e-04
4.159999999999999809e-01 1.000010000000000070e-04
4.161666666666666292e-01 1.000009999999999934e-04
4.163333333333333330e-01 1.000009999999999934e-04
4.164999999999999813e-01 1.000010000000000070e-04
4.166666666666666297e-01 1.000009999999999799e-04
4.168333333333333335e-01 1.000009999999999934e-04
4.169999999999999818e-01 1.000010000000000070e-04
4.171666666666666301e-01 1.000009999999999934e-04
4.173333333333333339e-01 1.000009999999999934e-04
4.174999999999999822e-01 1.000010000000000070e-04
4.176666666666666305e-01 1.000009999999999799e-04
4.178333333333333344e-01 1.000009999999999934e-04
4.179999999999999827e-01 1.000010000000000070e-04
4.181666666666666310e-01 1.000009999999999934e-04
4.183333333333333348e-01 1.000009999999999934e-04
4.184999999999999831e-01 1.000010000000000070e-04
4.186666666666666314e-01 1.000009999999999799e-04
4.188333333333333353e-01 1.000009999999999934e-04
4.189999999999999836e-01 1.000009999999999799e-04
4.191666666666666319e-01 1.000009999999999799e-04
4.193333333333333357e-01 1.000009999999999934e-04
4.194999999999999840e-01 1.000009999999999934e-04
4.196666666666666323e-01 1.000009999999999934e-04
4.198333333333333361e-01 1.000009999999999934e-04
4.199999999999999845e-01 1.000009999999999934e-04
4.201666666666666328e-01 1.000009999999999799e-04
4.203333333333333366e-01 1.000009999999999934e-04
4.204999999999999849e-01 1.000009999999999934e-04
4.206666666666666332e-01 1.000009999999999934e-04
4.208333333333333370e-01 1.000009999999999934e-04
4.209999999999999853e-01 1.000009999999999934e-04
4.211666666666666337e-01 1.000009999999999799e-04
4.213333333333333375e-01 1.000009999999999934e-04
4.214999999999999858e-01 1.000009999999999934e-04
4.216666666666666341e-01 1.000009999999999934e-04
4.218333333333333379e-01 1.000009999999999934e-04
4.219999999999999862e-01 1.000009999999999934e-04
4.221666666666666345e-01 1.000009999999999799e-04
4.223333333333333384e-01 1.000009999999999934e-04
4.224999999999999867e-01 1.000009999999999934e-04
4.226666666666666350e-01 1.000009999999999934e-04
4.228333333333333388e-01 1.000009999999999934e-04
4.229999999999999871e-01 1.000009999999999934e-04
4.231666666666666354e-01 1.000009999999999799e-04
4.233333333333333393e-01 1.000009999999999934e-04
4.234999999999999876e-01 1.000009999999999934e-04
4.236666666666666359e-01 1.000009999999999934e-04
4.238333333333333397e-01 1.000009999999999934e-04
4.239999999999999880e-01 1.000009999999999934e-04
4.241666666666666363e-01 1.000009999999999799e-04
4.243333333333333401e-01 1.000009999999999934e-04
4.244999999999999885e-01 1.000009999999999934e-04
4.246666666666666368e-01 1.000009999999999934e-04
4.248333333333333406e-01 1.000009999999999934e-04
4.249999999999999889e-01 1.000009999999999934e-04
4.251666666666666372e-01 1.000009999999999799e-04
4.253333333333333410e-01 1.000009999999999934e-04
4.254999999999999893e-01 1.000009999999999934e-04
4.256666666666666377e-01 1.000009999999999934e-04
4.258333333333333415e-01 1.000009999999999934e-04
4.259999999999999898e-01 1.000009999999999934e-04
4.261666666666666381e-01 1.000009999999999799e-04
4.263333333333333419e-01 1.000009999999999934e-04
4.264999999999999902e-01 1.000009999999999934e-04
4.266666666666666385e-01 1.000009999999999934e-04
4.268333333333333424e-01 1.000009999999999934e-04
4.269999999999999907e-01 1.000009999999999934e-04
4.271666666666666390e-01 1.000009999999999799e-04
4.273333333333333428e-01 1.000009999999999934e-04
4.274999999999999911e-01 1.000009999999999934e-04
4.276666666666666394e-01 1.000009999999999934e-04
4.278333333333333433e-01 1.000009999999999934e-04
4.279999999999999916e-01 1.000009999999999934e-04
4.281666666666666399e-01 1.000009999999999799e-04
4.283333333333333437e-01 1.000009999999999934e-04
4.284999999999999920e-01 1.000009999999999934e-04
4.286666666666666403e-01 1.000009999999999934e-04
4.288333333333333441e-01 1.000009999999999934e-04
4.289999999999999925e-01 1.000009999999999934e-04
4.291666666666666408e-01 1.000009999999999799e-04
4.293333333333333446e-01 1.000009999999999934e-04
4.294999999999999929e-01 1.000009999999999934e-04
4.296666666666666412e-01 1.000009999999999934e-04
4.298333333333333450e-01 1.000009999999999934e-04
4.299999999999999933e-01 1.000009999999999934e-04
4.301666666666666416e-01 1.000009999999999799e-04
4.303333333333333455e-01 1.000009999999999934e-04
4.304999999999999938e-01 1.000009999999999934e-04
4.306666666666666421e-01 1.000009999999999934e-04
4.308333333333333459e-01 1.000009999999999934e-04
4.309999999999999942e-01 1.000009999999999934e-04
4.311666666666666425e-01 1.000009999999999799e-04
4.313333333333333464e-01 1.000009999999999934e-04
4.314999999999999947e-01 1.000010000000000070e-04
4.316666666666666430e-01 1.000009999999999934e-04
4.318333333333332913e-01 1.000009999999999799e-04
4.319999999999999951e-01 1.000010000000000070e-04
4.321666666666666434e-01 1.000009999999999934e-04
4.323333333333332917e-01 1.000009999999999934e-04
4.324999999999999956e-01 1.000010000000000070e-04
4.326666666666666439e-01 1.000009999999999934e-04
4.328333333333332922e-01 1.000009999999999799e-04
4.329999999999999960e-01 1.000010000000000070e-04
4.331666666666666443e-01 1.000009999999999934e-04
4.333333333333332926e-01 1.000009999999999934e-04
4.334999999999999964e-01 1.000010000000000070e-04
4.336666666666666448e-01 1.000009999999999934e-04
4.338333333333332931e-01 1.000009999999999799e-04
4.339999999999999969e-01 1.000010000000000070e-04
4.341666666666666452e-01 1.000009999999999934e-04
4.343333333333332935e-01 1.000009999999999934e-04
4.344999999999999973e-01 1.000010000000000070e-04
4.346666666666666456e-01 1.000009999999999934e-04
4.348333333333332940e-01 1.000009999999999799e-04
4.349999999999999978e-01 1.000010000000000070e-04
4.351666666666666461e-01 1.000009999999999934e-04
4.353333333333332944e-01 1.000009999999999934e-04
4.354999999999999982e-01 1.000010000000000070e-04
4.356666666666666465e-01 1.000009999999999934e-04
4.358333333333332948e-01 1.000009999999999799e-04
4.359999999999999987e-01 1.000010000000000070e-04
4.361666666666666470e-01 1.000009999999999934e-04
4.363333333333332953e-01 1.000009999999999934e-04
4.364999999999999991e-01 1.000010000000000070e-04
4.366666666666666474e-01 1.000009999999999934e-04
4.368333333333332957e-01 1.000009999999999799e-04
4.369999999999999996e-01 1.000010000000000070e-04
4.371666666666666479e-01 1.000009999999999934e-04
4.373333333333332962e-01 1.000009999999999934e-04
4.375000000000000000e-01 1.000010000000000070e-04
4.376666666666666483e-01 1.000009999999999934e-04
4.378333333333332966e-01 1.000009999999999799e-04
4.380000000000000004e-01 1.000010000000000070e-04
4.381666666666666488e-01 1.000009999999999934e-04
4.383333333333332971e-01 1.000009999999999934e-04
4.385000000000000009e-01 1.000010000000000070e-04
4.386666666666666492e-01 1.000009999999999934e-04
4.388333333333332975e-01 1.000009999999999799e-04
4.390000000000000013e-01 1.000010000000000070e-04
4.391666666666666496e-01 1.000009999999999934e-04
4.393333333333332980e-01 1.000009999999999934e-04
4.395000000000000018e-01 1.000010000000000070e-04
4.396666666666666501e-01 1.000009999999999934e-04
4.398333333333332984e-01 1.000009999999999799e-04
4.400000000000000022e-01 1.000010000000000070e-04
4.401666666666666505e-01 1.000009999999999934e-04
4.403333333333332988e-01 1.000009999999999934e-04
4.405000000000000027e-01 1.000010000000000070e-04
4.406666666666666510e-01 1.000009999999999934e-04
4.408333333333332993e-01 1.000009999999999799e-04
4.410000000000000031e-01 1.000010000000000070e-04
4.411666666666666514e-01 1.000009999999999934e-04
4.413333333333332997e-01 1.000009999999999934e-04
4.415000000000000036e-01 1.000010000000000070e-04
4.416666666666666519e-01 1.000009999999999934e-04
4.418333333333333002e-01 1.000009999999999799e-04
4.420000000000000040e-01 1.000010000000000070e-04
4.421666666666666523e-01 1.000009999999999934e-04
4.423333333333333006e-01 1.000009999999999934e-04
4.425000000000000044e-01 1.000010000000000070e-04
4.426666666666666528e-01 1.000009999999999934e-04
4.428333333333333011e-01 1.000009999999999799e-04
4.430000000000000049e-01 1.000010000000000070e-04
4.431666666666666532e-01 1.000009999999999934e-04
4.433333333333333015e-01 1.000009999999999934e-04
4.435000000000000053e-01 1.000010000000000070e-04
4.436666666666666536e-01 1.000009999999999934e-04
4.438333333333333020e-01 1.000010000000000070e-04
4.440000000000000058e-01 1.000009999999999934e-04
4.441666666666666541e-01 1.000010000000000070e-04
4.443333333333333024e-01 1.000009999999999934e-04
4.445000000000000062e-01 1.000009999999999934e-04
4.446666666666666545e-01 1.000010000000000070e-04
4.448333333333333028e-01 1.000010000000000070e-04
4.450000000000000067e-01 1.000009999999999934e-04
4.451666666666666550e-01 1.000010000000000070e-04
4.453333333333333033e-01 1.000009999999999934e-04
4.455000000000000071e-01 1.000009999999999934e-04
4.456666666666666554e-01 1.000010000000000070e-04
4.458333333333333037e-01 1.000010000000000070e-04
4.460000000000000075e-01 1.000009999999999934e-04
4.461666666666666559e-01 1.000010000000000070e-04
4.463333333333333042e-01 1.000009999999999934e-04
4.465000000000000080e-01 1.000009999999999934e-04
4.466666666666666563e-01 1.000010000000000070e-04
4.468333333333333046e-01 1.000010000000000070e-04
4.470000000000000084e-01 1.000009999999999934e-04
4.471666666666666567e-01 1.000010000000000070e-04
4.473333333333333051e-01 1.000009999999999934e-04
4.475000000000000089e-01 1.000009999999999934e-04
4.476666666666666572e-01 1.000010000000000070e-04
4.478333333333333055e-01 1.000010000000000070e-04
4.480000000000000093e-01 1.000009999999999934e-04
4.481666666666666576e-01 1.000010000000000070e-04
4.483333333333333059e-01 1.000009999999999934e-04
4.485000000000000098e-01 1.000009999999999934e-04
4.486666666666666581e-01 1.000010000000000070e-04
4.488333333333333064e-01 1.000010000000000070e-04
4.490000000000000102e-01 1.000009999999999934e-04
4.491666666666666585e-01 1.000010000000000070e-04
4.493333333333333068e-01 1.000009999999999934e-04
4.495000000000000107e-01 1.000009999999999934e-04
4.496666666666666590e-01 1.000010000000000070e-04
4.498333333333333073e-01 1.000010000000000070e-04
4.500000000000000111e-01 1.000009999999999934e-04
4.501666666666666594e-01 1.000010000000000070e-04
4.503333333333333077e-01 1.000009999999999934e-04
4.505000000000000115e-01 1.000009999999999934e-04
4.506666666666666599e-01 1.000010000000000070e-04
4.508333333333333082e-01 1.000010000000000070e-04
4.510000000000000120e-01 1.000009999999999934e-04
4.511666666666666603e-01 1.000010000000000070e-04
4.513333333333333086e-01 1.000009999999999934e-04
4.515000000000000124e-01 1.000009999999999934e-04
4.516666666666666607e-01 1.000010000000000070e-04
4.518333333333333091e-01 1.000010000000000070e-04
4.519999999999999574e-01 1.000009999999999934e-04
4.521666666666666612e-01 1.000010000000000070e-04
4.523333333333333095e-01 1.000009999999999934e-04
4.524999999999999578e-01 1.000009999999999934e-04
4.526666666666666616e-01 1.000010000000000070e-04
4.528333333333333099e-01 1.000010000000000070e-04
4.529999999999999583e-01 1.000009999999999934e-04
4.531666666666666621e-01 1.000010000000000070e-04
4.533333333333333104e-01 1.000009999999999934e-04
4.534999999999999587e-01 1.000009999999999934e-04
4.536666666666666625e-01 1.000010000000000070e-04
4.538333333333333108e-01 1.000010000000000070e-04
4.539999999999999591e-01 1.000009999999999934e-04
4.541666666666666630e-01 1.000010000000000070e-04
4.543333333333333113e-01 1.000009999999999934e-04
4.544999999999999596e-01 1.000009999999999934e-04
4.546666666666666634e-01 1.000010000000000070e-04
4.548333333333333117e-01 1.000010000000000070e-04
4.549999999999999600e-01 1.000009999999999934e-04
4.551666666666666639e-01 1.000010000000000070e-04
4.553333333333333122e-01 1.000009999999999934e-04
4.554999999999999605e-01 1.000009999999999934e-04
4.556666666666666643e-01 1.000010000000000070e-04
4.558333333333333126e-01 1.000010000000000070e-04
4.559999999999999609e-01 1.000009999999999934e-04
4.561666666666666647e-01 1.000010000000000070e-04
4.563333333333333131e-01 1.000009999999999934e-04
4.564999999999999614e-01 1.000009999999999934e-04
4.566666666666666652e-01 1.000010000000000070e-04
4.568333333333333135e-01 1.000010000000000070e-04
4.569999999999999618e-01 1.000009999999999663e-04
4.571666666666666656e-01 1.000010000000000070e-04
4.573333333333333139e-01 1.000010000000000070e-04
4.574999999999999623e-01 1.000009999999999934e-04
4.576666666666666661e-01 1.000010000000000070e-04
4.578333333333333144e-01 1.000010000000000070e-04
4.579999999999999627e-01 1.000009999999999663e-04
4.581666666666666665e-01 1.000010000000000070e-04
4.583333333333333148e-01 1.000010000000000070e-04
4.584999999999999631e-01 1.000009999999999934e-04
4.586666666666666670e-01 1.000010000000000070e-04
4.588333333333333153e-01 1.000010000000000070e-04
4.589999999999999636e-01 1.000009999999999663e-04
4.591666666666666674e-01 1.000010000000000070e-04
4.593333333333333157e-01 1.000010000000000070e-04
4.594999999999999640e-01 1.000009999999999934e-04
4.596666666666666679e-01 1.000010000000000070e-04
4.598333333333333162e-01 1.000010000000000070e-04
4.599999999999999645e-01 1.000009999999999663e-04
4.601666666666666683e-01 1.000010000000000070e-04
4.603333333333333166e-01 1.000010000000000070e-04
4.604999999999999649e-01 1.000009999999999934e-04
4.606666666666666687e-01 1.000010000000000070e-04
4.608333333333333171e-01 1.000010000000000070e-04
4.609999999999999654e-01 1.000009999999999663e-04
4.611666666666666692e-01 1.000010000000000070e-04
4.613333333333333175e-01 1.000010000000000070e-04
4.614999999999999658e-01 1.000009999999999934e-04
4.616666666666666696e-01 1.000010000000000070e-04
4.618333333333333179e-01 1.000010000000000070e-04
4.619999999999999662e-01 1.000009999999999663e-04
4.621666666666666701e-01 1.000010000000000070e-04
4.623333333333333184e-01 1.000010000000000070e-04
4.624999999999999667e-01 1.000009999999999934e-04
4.626666666666666705e-01 1.000010000000000070e-04
4.628333333333333188e-01 1.000010000000000070e-04
4.629999999999999671e-01 1.000009999999999663e-04
4.631666666666666710e-01 1.000010000000000070e-04
4.633333333333333193e-01 1.000010000000000070e-04
4.634999999999999676e-01 1.000009999999999934e-04
4.636666666666666714e-01 1.000010000000000070e-04
4.638333333333333197e-01 1.000010000000000070e-04
4.639999999999999680e-01 1.000009999999999663e-04
4.641666666666666718e-01 1.000010000000000070e-04
4.643333333333333202e-01 1.000010000000000070e-04
4.644999999999999685e-01 1.000009999999999934e-04
4.646666666666666723e-01 1.000010000000000070e-04
4.648333333333333206e-01 1.000010000000000070e-04
4.649999999999999689e-01 1.000009999999999663e-04
4.651666666666666727e-01 1.000010000000000070e-04
4.653333333333333210e-01 1.000010000000000070e-04
4.654999999999999694e-01 1.000009999999999934e-04
4.656666666666666732e-01 1.000010000000000070e-04
4.658333333333333215e-01 1.000010000000000070e-04
4.659999999999999698e-01 1.000009999999999663e-04
4.661666666666666736e-01 1.000010000000000070e-04
4.663333333333333219e-01 1.000010000000000070e-04
4.664999999999999702e-01 1.000009999999999934e-04
4.666666666666666741e-01 1.000010000000000070e-04
4.668333333333333224e-01 1.000010000000000070e-04
4.669999999999999707e-01 1.000009999999999663e-04
4.671666666666666745e-01 1.000010000000000070e-04
4.673333333333333228e-01 1.000010000000000070e-04
4.674999999999999711e-01 1.000009999999999934e-04
4.676666666666666750e-01 1.000010000000000070e-04
4.678333333333333233e-01 1.000010000000000070e-04
4.679999999999999716e-01 1.000009999999999663e-04
4.681666666666666754e-01 1.000010000000000070e-04
4.683333333333333237e-01 1.000010000000000070e-04
4.684999999999999720e-01 1.000009999999999934e-04
4.686666666666666758e-01 1.000010000000000070e-04
4.688333333333333242e-01 1.000009999999999799e-04
4.689999999999999725e-01 1.000009999999999934e-04
4.691666666666666763e-01 1.000009999999999934e-04
4.693333333333333246e-01 1.000009999999999934e-04
4.694999999999999729e-01 1.000010000000000070e-04
4.696666666666666767e-01 1.000009999999999934e-04
4.698333333333333250e-01 1.000009999999999934e-04
4.699999999999999734e-01 1.000010000000000070e-04
4.701666666666666772e-01 1.000009999999999934e-04
4.703333333333333255e-01 1.000009999999999934e-04
4.704999999999999738e-01 1.000010000000000070e-04
4.706666666666666776e-01 1.000009999999999934e-04
4.708333333333333259e-01 1.000009999999999934e-04
4.709999999999999742e-01 1.000010000000000070e-04
4.711666666666666781e-01 1.000009999999999934e-04
4.713333333333333264e-01 1.000009999999999934e-04
4.714999999999999747e-01 1.000010000000000070e-04
4.716666666666666785e-01 1.000009999999999934e-04
4.718333333333333268e-01 1.000009999999999934e-04
4.719999999999999751e-01 1.000010000000000070e-04
4.721666666666666234e-01 1.000009999999999934e-04
4.723333333333333273e-01 1.000009999999999934e-04
4.724999999999999756e-01 1.000010000000000070e-04
4.726666666666666239e-01 1.000009999999999799e-04
4.728333333333333277e-01 1.000009999999999934e-04
4.729999999999999760e-01 1.000010000000000070e-04
4.731666666666666243e-01 1.000009999999999934e-04
4.733333333333333282e-01 1.000009999999999934e-04
4.734999999999999765e-01 1.000010000000000070e-04
4.736666666666666248e-01 1.000009999999999799e-04
4.738333333333333286e-01 1.000009999999999934e-04
4.739999999999999769e-01 1.000010000000000070e-04
4.741666666666666252e-01 1.000009999999999934e-04
4.743333333333333290e-01 1.000009999999999934e-04
4.744999999999999774e-01 1.000010000000000070e-04
4.746666666666666257e-01 1.000009999999999799e-04
4.748333333333333295e-01 1.000009999999999934e-04
4.749999999999999778e-01 1.000010000000000070e-04
4.751666666666666261e-01 1.000009999999999934e-04
4.753333333333333299e-01 1.000009999999999934e-04
4.754999999999999782e-01 1.000010000000000070e-04
4.756666666666666266e-01 1.000009999999999799e-04
4.758333333333333304e-01 1.000009999999999934e-04
4.759999999999999787e-01 1.000010000000000070e-04
4.761666666666666270e-01 1.000009999999999934e-04
4.763333333333333308e-01 1.000009999999999934e-04
4.764999999999999791e-01 1.000010000000000070e-04
4.766666666666666274e-01 1.000009999999999799e-04
4.768333333333333313e-01 1.000009999999999934e-04
4.769999999999999796e-01 1.000010000000000070e-04
4.771666666666666279e-01 1.000009999999999934e-04
4.773333333333333317e-01 1.000009999999999934e-04
4.774999999999999800e-01 1.000010000000000070e-04
4.776666666666666283e-01 1.000009999999999799e-04
4.778333333333333321e-01 1.000009999999999934e-04
4.779999999999999805e-01 1.000010000000000070e-04
4.781666666666666288e-01 1.000009999999999934e-04
4.783333333333333326e-01 1.000009999999999934e-04
4.784999999999999809e-01 1.000010000000000070e-04
4.786666666666666292e-01 1.000009999999999799e-04
4.788333333333333330e-01 1.000009999999999934e-04
4.789999999999999813e-01 1.000010000000000070e-04
4.791666666666666297e-01 1.000009999999999934e-04
4.793333333333333335e-01 1.000009999999999934e-04
4.794999999999999818e-01 1.000010000000000070e-04
4.796666666666666301e-01 1.000009999999999799e-04
4.798333333333333339e-01 1.000009999999999934e-04
4.799999999999999822e-01 1.000010000000000070e-04
4.801666666666666305e-01 1.000009999999999934e-04
4.803333333333333344e-01 1.000009999999999934e-04
4.804999999999999827e-01 1.000010000000000070e-04
4.806666666666666310e-01 1.000009999999999799e-04
4.808333333333333348e-01 1.000009999999999934e-04
4.809999999999999831e-01 1.000010000000000070e-04
4.811666666666666314e-01 1.000009999999999934e-04
4.813333333333333353e-01 1.000009999999999934e-04
4.814999999999999836e-01 1.000009999999999799e-04
4.816666666666666319e-01 1.000009999999999934e-04
4.818333333333333357e-01 1.000009999999999934e-04
4.819999999999999840e-01 1.000009999999999934e-04
4.821666666666666323e-01 1.000009999999999799e-04
4.823333333333333361e-01 1.000009999999999934e-04
4.824999999999999845e-01 1.000009999999999934e-04
4.826666666666666328e-01 1.000009999999999934e-04
4.828333333333333366e-01 1.000009999999999934e-04
4.829999999999999849e-01 1.000009999999999934e-04
4.831666666666666332e-01 1.000009999999999799e-04
4.833333333333333370e-01 1.000009999999999934e-04
4.834999999999999853e-01 1.000009999999999934e-04
4.836666666666666337e-01 1.000009999999999934e-04
4.838333333333333375e-01 1.000009999999999934e-04
4.839999999999999858e-01 1.000009999999999934e-04
4.841666666666666341e-01 1.000009999999999799e-04
4.843333333333333379e-01 1.000009999999999934e-04
4.844999999999999862e-01 1.000009999999999934e-04
4.846666666666666345e-01 1.000009999999999934e-04
4.848333333333333384e-01 1.000009999999999934e-04
4.849999999999999867e-01 1.000009999999999934e-04
4.851666666666666350e-01 1.000009999999999799e-04
4.853333333333333388e-01 1.000009999999999934e-04
4.854999999999999871e-01 1.000009999999999934e-04
4.856666666666666354e-01 1.000009999999999934e-04
4.858333333333333393e-01 1.000009999999999934e-04
4.859999999999999876e-01 1.000009999999999934e-04
4.861666666666666359e-01 1.000009999999999799e-04
4.863333333333333397e-01 1.000009999999999934e-04
4.864999999999999880e-01 1.000009999999999934e-04
4.866666666666666363e-01 1.000009999999999934e-04
4.868333333333333401e-01 1.000009999999999934e-04
4.869999999999999885e-01 1.000009999999999934e-04
4.871666666666666368e-01 1.000009999999999799e-04
4.873333333333333406e-01 1.000009999999999934e-04
4.874999999999999889e-01 1.000009999999999934e-04
4.876666666666666372e-01 1.000009999999999934e-04
4.878333333333333410e-01 1.000009999999999934e-04
4.879999999999999893e-01 1.000009999999999934e-04
4.881666666666666377e-01 1.000009999999999799e-04
4.883333333333333415e-01 1.000009999999999934e-04
4.884999999999999898e-01 1.000009999999999934e-04
4.886666666666666381e-01 1.000009999999999934e-04
4.888333333333333419e-01 1.000009999999999934e-04
4.889999999999999902e-01 1.000009999999999934e-04
4.891666666666666385e-01 1.000009999999999799e-04
4.893333333333333424e-01 1.000009999999999934e-04
4.894999999999999907e-01 1.000009999999999934e-04
4.896666666666666390e-01 1.000009999999999934e-04
4.898333333333333428e-01 1.000009999999999934e-04
4.899999999999999911e-01 1.000009999999999934e-04
4.901666666666666394e-01 1.000009999999999799e-04
4.903333333333333433e-01 1.000009999999999934e-04
4.904999999999999916e-01 1.000009999999999934e-04
4.906666666666666399e-01 1.000009999999999934e-04
4.908333333333333437e-01 1.000009999999999934e-04
4.909999999999999920e-01 1.000009999999999934e-04
4.911666666666666403e-01 1.000009999999999799e-04
4.913333333333333441e-01 1.000009999999999934e-04
4.914999999999999925e-01 1.000009999999999934e-04
4.916666666666666408e-01 1.000009999999999934e-04
4.918333333333333446e-01 1.000009999999999934e-04
4.919999999999999929e-01 1.000009999999999934e-04
4.921666666666666412e-01 1.000009999999999799e-04
4.923333333333332895e-01 1.000009999999999934e-04
4.924999999999999933e-01 1.000009999999999934e-04
4.926666666666666416e-01 1.000009999999999934e-04
4.928333333333332900e-01 1.000009999999999934e-04
4.929999999999999938e-01 1.000009999999999934e-04
4.931666666666666421e-01 1.000009999999999799e-04
4.933333333333332904e-01 1.000009999999999934e-04
4.934999999999999942e-01 1.000009999999999934e-04
4.936666666666666425e-01 1.000009999999999934e-04
4.938333333333332908e-01 1.000009999999999934e-04
4.939999999999999947e-01 1.000010000000000070e-04
4.941666666666666430e-01 1.000009999999999934e-04
4.943333333333332913e-01 1.000009999999999934e-04
4.944999999999999951e-01 1.000010000000000070e-04
4.946666666666666434e-01 1.000009999999999934e-04
4.948333333333332917e-01 1.000009999999999799e-04
4.949999999999999956e-01 1.000010000000000070e-04
4.951666666666666439e-01 1.000009999999999934e-04
4.953333333333332922e-01 1.000009999999999934e-04
4.954999999999999960e-01 1.000010000000000070e-04
4.956666666666666443e-01 1.000009999999999934e-04
4.958333333333332926e-01 1.000009999999999799e-04
4.959999999999999964e-01 1.000010000000000070e-04
4.961666666666666448e-01 1.000009999999999934e-04
4.963333333333332931e-01 1.000009999999999934e-04
4.964999999999999969e-01 1.000010000000000070e-04
4.966666666666666452e-01 1.000009999999999934e-04
4.968333333333332935e-01 1.000009999999999799e-04
4.969999999999999973e-01 1.000010000000000070e-04
4.971666666666666456e-01 1.000009999999999934e-04
4.973333333333332940e-01 1.000009999999999934e-04
4.974999999999999978e-01 1.000010000000000070e-04
4.976666666666666461e-01 1.000009999999999934e-04
4.978333333333332944e-01 1.000009999999999799e-04
4.979999999999999982e-01 1.000010000000000070e-04
4.981666666666666465e-01 1.000009999999999934e-04
4.983333333333332948e-01 1.000009999999999934e-04
4.984999999999999987e-01 1.000010000000000070e-04
4.986666666666666470e-01 1.000009999999999934e-04
4.988333333333332953e-01 1.000009999999999799e-04
4.989999999999999991e-01 1.000010000000000070e-04
4.991666666666666474e-01 1.000009999999999934e-04
4.993333333333332957e-01 1.000009999999999934e-04
4.994999999999999996e-01 1.000010000000000070e-04
4.996666666666666479e-01 1.000010000000000205e-04
4.998333333333332962e-01 1.000009999999999799e-04
5.000000000000000000e-01 1.000009999999999934e-04
5.001666666666666483e-01 1.000009999999994920e-04
5.003333333333332966e-01 1.000009999999982858e-04
5.004999999999999449e-01 1.000009999999953585e-04
5.006666666666667043e-01 1.000009999999899375e-04
5.008333333333333526e-01 1.000009999999850043e-04
5.010000000000000009e-01 1.000009999999731459e-04
5.011666666666666492e-01 1.000009999999677926e-04
5.013333333333332975e-01 1.000009999999496051e-04
5.014999999999999458e-01 1.000009999999346703e-04
5.016666666666667052e-01 1.000009999998841600e-04
5.018333333333333535e-01 1.000009999998442749e-04
5.020000000000000018e-01 1.000009999998367668e-04
5.021666666666666501e-01 1.000009999997964074e-04
5.023333333333332984e-01 1.000009999997235625e-04
5.024999999999999467e-01 1.000009999996575211e-04
5.026666666666665950e-01 1.000009999995446421e-04
5.028333333333333544e-01 1.000009999994898899e-04
5.030000000000000027e-01 1.000009999995506729e-04
5.031666666666666510e-01 1.000009999994637877e-04
5.033333333333332993e-01 1.000009999992558513e-04
5.034999999999999476e-01 1.000009999991300296e-04
5.036666666666665959e-01 1.000009999990332917e-04
5.038333333333333552e-01 1.000009999991122894e-04
5.040000000000000036e-01 1.000009999984990104e-04
5.041666666666666519e-01 1.000009999985456717e-04
5.043333333333333002e-01 1.000009999982235553e-04
5.044999999999999485e-01 1.000009999982614617e-04
5.046666666666665968e-01 1.000009999978338930e-04
5.048333333333333561e-01 1.000009999979819273e-04
5.050000000000000044e-01 1.000009999976243574e-04
5.051666666666666528e-01 1.000009999973318396e-04
5.053333333333333011e-01 1.000009999964770547e-04
5.054999999999999494e-01 1.000009999962567583e-04
5.056666666666665977e-01 1.000009999955995556e-04
5.058333333333333570e-01 1.000009999963932729e-04
5.060000000000000053e-01 1.000009999960099939e-04
5.061666666666666536e-01 1.000009999960439972e-04
5.063333333333333020e-01 1.000009999958115172e-04
5.064999999999999503e-01 1.000009999957954981e-04
5.066666666666665986e-01 1.000009999944666728e-04
5.068333333333333579e-01 1.000009999943826878e-04
5.070000000000000062e-01 1.000009999929458624e-04
5.071666666666666545e-01 1.000009999915321170e-04
5.073333333333333028e-01 1.000009999928071929e-04
5.074999999999999512e-01 1.000009999930590260e-04
5.076666666666665995e-01 1.000009999896242600e-04
5.078333333333333588e-01 1.000009999892229019e-04
5.080000000000000071e-01 1.000009999919219148e-04
5.081666666666666554e-01 1.000009999887551770e-04
5.083333333333333037e-01 1.000009999908737623e-04
5.084999999999999520e-01 1.000009999876207628e-04
5.086666666666666003e-01 1.000009999876332853e-04
5.088333333333333597e-01 1.000009999902949745e-04
5.090000000000000080e-01 1.000009999873381248e-04
5.091666666666666563e-01 1.000009999846647533e-04
5.093333333333333046e-01 1.000009999819548848e-04
5.094999999999999529e-01 1.000009999850305767e-04
5.096666666666666012e-01 1.000009999822513870e-04
5.098333333333333606e-01 1.000009999833629382e-04
5.100000000000000089e-01 1.000009999831285472e-04
5.101666666666666572e-01 1.000009999793110172e-04
5.103333333333333055e-01 1.000009999777323646e-04
5.104999999999999538e-01 1.000009999790360906e-04
5.106666666666666021e-01 1.000009999814470716e-04
5.108333333333333615e-01 1.000009999780110859e-04
5.110000000000000098e-01 1.000009999752336445e-04
5.111666666666666581e-01 1.000009999717907063e-04
5.113333333333333064e-01 1.000009999699516148e-04
5.114999999999999547e-01 1.000009999710021525e-04
5.116666666666666030e-01 1.000009999713908254e-04
5.118333333333333623e-01 1.000009999725232475e-04
5.120000000000000107e-01 1.000009999687215197e-04
5.121666666666666590e-01 1.000009999613511404e-04
5.123333333333333073e-01 1.000009999620549638e-04
5.124999999999999556e-01 1.000009999585502532e-04
5.126666666666666039e-01 1.000009999614963422e-04
5.128333333333333632e-01 1.000009999601753638e-04
5.130000000000000115e-01 1.000009999583032584e-04
5.131666666666666599e-01 1.000009999690476206e-04
5.133333333333333082e-01 1.000009999555578010e-04
5.134999999999999565e-01 1.000009999456144338e-04
5.136666666666666048e-01 1.000009999570223955e-04
5.138333333333333641e-01 1.000009999474706828e-04
5.140000000000000124e-01 1.000009999518068409e-04
5.141666666666666607e-01 1.000009999464669149e-04
5.143333333333333091e-01 1.000009999391998601e-04
5.144999999999999574e-01 1.000009999377546050e-04
5.146666666666666057e-01 1.000009999331000302e-04
5.148333333333333650e-01 1.000009999367575998e-04
5.150000000000000133e-01 1.000009999308665331e-04
5.151666666666666616e-01 1.000009999256636908e-04
5.153333333333333099e-01 1.000009999385726491e-04
5.154999999999999583e-01 1.000009999314581551e-04
5.156666666666666066e-01 1.000009999444249014e-04
5.158333333333333659e-01 1.000009999354827407e-04
5.160000000000000142e-01 1.000009999162365800e-04
5.161666666666666625e-01 1.000009999196043559e-04
5.163333333333333108e-01 1.000009999075310600e-04
5.164999999999999591e-01 1.000009999180741401e-04
5.166666666666666075e-01 1.000009999144631505e-04
5.168333333333333668e-01 1.000009999040042452e-04
5.170000000000000151e-01 1.000009999082582073e-04
5.171666666666666634e-01 1.000009999254587495e-04
5.173333333333333117e-01 1.000009999123321918e-04
5.174999999999999600e-01 1.000009998818461208e-04
5.176666666666666083e-01 1.000009999075851075e-04
5.178333333333333677e-01 1.000009998801574759e-04
5.180000000000000160e-01 1.000009998827849992e-04
5.181666666666666643e-01 1.000009998951147225e-04
5.183333333333333126e-01 1.000009998849124343e-04
5.184999999999999609e-01 1.000009999012750508e-04
5.186666666666666092e-01 1.000009998756785961e-04
5.188333333333333686e-01 1.000009998733561266e-04
5.190000000000000169e-01 1.000009998505152123e-04
5.191666666666666652e-01 1.000009998761625026e-04
5.193333333333333135e-01 1.000009998547171463e-04
5.194999999999999618e-01 1.000009998611285352e-04
5.196666666666666101e-01 1.000009998450175890e-04
5.198333333333333695e-01 1.000009998252112211e-04
5.200000000000000178e-01 1.000009998570720876e-04
5.201666666666666661e-01 1.000009998793004005e-04
5.203333333333333144e-01 1.000009998298754046e-04
5.204999999999999627e-01 1.000009998303130971e-04
5.206666666666666110e-01 1.000009998598605065e-04
5.208333333333333703e-01 1.000009998458970261e-04
5.210000000000000187e-01 1.000009998420996486e-04
5.211666666666666670e-01 1.000009998350999581e-04
5.213333333333333153e-01 1.000009998495072025e-04
5.214999999999999636e-01 1.000009997923096967e-04
5.216666666666666119e-01 1.000009997887970579e-04
5.218333333333333712e-01 1.000009998337898217e-04
5.220000000000000195e-01 1.000009998188653587e-04
5.221666666666666679e-01 1.000009997581935135e-04
5.223333333333333162e-01 1.000009998106239856e-04
5.224999999999999645e-01 1.000009997733923068e-04
5.226666666666666128e-01 1.000009998002097765e-04
5.228333333333332611e-01 1.000009997321488767e-04
5.230000000000000204e-01 1.000009997542305784e-04
5.231666666666666687e-01 1.000009998078911321e-04
5.233333333333333171e-01 1.000009997679214227e-04
5.234999999999999654e-01 1.000009996952204764e-04
5.236666666666666137e-01 1.000009997691916197e-04
5.238333333333332620e-01 1.000009997689255158e-04
5.240000000000000213e-01 1.000009997325170718e-04
5.241666666666666696e-01 1.000009997428692781e-04
5.243333333333333179e-01 1.000009997062453081e-04
5.244999999999999662e-01 1.000009997013681602e-04
5.246666666666666146e-01 1.000009997011420227e-04
5.248333333333332629e-01 1.000009997223080750e-04
5.250000000000000222e-01 1.000009997618539020e-04
5.251666666666666705e-01 1.000009997393785536e-04
5.253333333333333188e-01 1.000009997189898472e-04
5.254999999999999671e-01 1.000009997639955537e-04
5.256666666666666154e-01 1.000009996870464323e-04
5.258333333333332638e-01 1.000009997038356417e-04
5.260000000000000231e-01 1.000009996616950072e-04
5.261666666666666714e-01 1.000009997175532251e-04
5.263333333333333197e-01 1.000009996903204382e-04
5.264999999999999680e-01 1.000009996895501126e-04
5.266666666666666163e-01 1.000009996470391552e-04
5.268333333333332646e-01 1.000009996699322739e-04
5.270000000000000240e-01 1.000009996418510988e-04
5.271666666666666723e-01 1.000009996211318055e-04
5.273333333333333206e-01 1.000009995506482289e-04
5.274999999999999689e-01 1.000009996361375295e-04
5.276666666666666172e-01 1.000009996539607426e-04
5.278333333333332655e-01 1.000009995872988837e-04
5.280000000000000249e-01 1.000009996094499879e-04
5.281666666666666732e-01 1.000009995199043210e-04
5.283333333333333215e-01 1.000009995590801369e-04
5.284999999999999698e-01 1.000009995136152843e-04
5.286666666666666181e-01 1.000009995789701239e-04
5.288333333333332664e-01 1.000009995520593180e-04
5.290000000000000258e-01 1.000009995342431116e-04
5.291666666666666741e-01 1.000009995825741339e-04
5.293333333333333224e-01 1.000009995813158224e-04
5.294999999999999707e-01 1.000009995033723656e-04
5.296666666666666190e-01 1.000009994921782357e-04
5.298333333333332673e-01 1.000009994377812784e-04
5.300000000000000266e-01 1.000009993696039895e-04
5.301666666666666750e-01 1.000009994940338477e-04
5.303333333333333233e-01 1.000009994474069201e-04
5.304999999999999716e-01 1.000009994971213438e-04
5.306666666666666199e-01 1.000009993784308317e-04
5.308333333333332682e-01 1.000009995655535557e-04
5.310000000000000275e-01 1.000009994057909446e-04
5.311666666666666758e-01 1.000009994356724238e-04
5.313333333333333242e-01 1.000009993332831218e-04
5.314999999999999725e-01 1.000009994694311998e-04
5.316666666666666208e-01 1.000009993985632735e-04
5.318333333333332691e-01 1.000009993463284186e-04
5.320000000000000284e-01 1.000009994311065368e-04
5.321666666666666767e-01 1.000009994594558893e-04
5.323333333333333250e-01 1.000009993169233920e-04
5.324999999999999734e-01 1.000009994517142927e-04
5.326666666666666217e-01 1.000009994853954262e-04
5.328333333333332700e-01 1.000009992148814819e-04
5.330000000000000293e-01 1.000009993578170178e-04
5.331666666666666776e-01 1.000009992351824493e-04
5.333333333333333259e-01 1.000009992126432685e-04
5.334999999999999742e-01 1.000009991911659011e-04
5.336666666666666226e-01 1.000009993087255225e-04
5.338333333333332709e-01 1.000009994348163243e-04
5.340000000000000302e-01 1.000009992590838081e-04
5.341666666666666785e-01 1.000009992332757307e-04
5.343333333333333268e-01 1.000009992018317264e-04
5.344999999999999751e-01 1.000009992979094268e-04
5.346666666666666234e-01 1.000009992773161991e-04
5.348333333333332718e-01 1.000009990506535435e-04
5.350000000000000311e-01 1.000009992074266162e-04
5.351666666666666794e-01 1.000009992837873682e-04
5.353333333333333277e-01 1.000009990830681662e-04
5.354999999999999760e-01 1.000009991883564486e-04
5.356666666666666243e-01 1.000009991897468837e-04
5.358333333333332726e-01 1.000009991841073112e-04
5.360000000000000320e-01 1.000009991102941226e-04
5.361666666666666803e-01 1.000009991647431216e-04
5.363333333333333286e-01 1.000009990069110951e-04
5.364999999999999769e-01 1.000009990541727959e-04
5.366666666666666252e-01 1.000009990828892186e-04
5.368333333333332735e-01 1.000009989625545953e-04
5.370000000000000329e-01 1.000009992004594517e-04
5.371666666666666812e-01 1.000009990109653607e-04
5.373333333333333295e-01 1.000009989630238244e-04
5.374999999999999778e-01 1.000009988644680987e-04
5.376666666666666261e-01 1.000009990600933936e-04
5.378333333333332744e-01 1.000009989852001770e-04
5.380000000000000338e-01 1.000009990648644388e-04
5.381666666666666821e-01 1.000009990189374315e-04
5.383333333333333304e-01 1.000009988177477806e-04
5.384999999999999787e-01 1.000009990334643312e-04
5.386666666666666270e-01 1.000009989877007809e-04
5.388333333333332753e-01 1.000009988499045123e-04
5.390000000000000346e-01 1.000009987040910024e-04
5.391666666666666829e-01 1.000009988070734308e-04
5.393333333333333313e-01 1.000009987470126284e-04
5.394999999999999796e-01 1.000009989618369754e-04
5.396666666666666279e-01 1.000009990210874451e-04
5.398333333333332762e-01 1.000009988873914259e-04
5.400000000000000355e-01 1.000009989350825385e-04
5.401666666666666838e-01 1.000009986649898880e-04
5.403333333333333321e-01 1.000009985445802650e-04
5.404999999999999805e-01 1.000009988049620419e-04
5.406666666666666288e-01 1.000009988088561709e-04
5.408333333333332771e-01 1.000009986434954580e-04
5.410000000000000364e-01 1.000009986311876356e-04
5.411666666666666847e-01 1.000009984275559548e-04
5.413333333333333330e-01 1.000009988411277196e-04
5.414999999999999813e-01 1.000009986045287440e-04
5.416666666666666297e-01 1.000009984967479350e-04
5.418333333333332780e-01 1.000009986557604680e-04
5.420000000000000373e-01 1.000009987339551480e-04
5.421666666666666856e-01 1.000009983432808793e-04
5.423333333333333339e-01 1.000009986140553439e-04
5.424999999999999822e-01 1.000009985884926621e-04
5.426666666666666305e-01 1.000009982086665409e-04
5.428333333333332789e-01 1.000009985946264274e-04
5.429999999999999272e-01 1.000009984789981089e-04
5.431666666666666865e-01 1.000009985469870312e-04
5.433333333333333348e-01 1.000009983597997159e-04
5.434999999999999831e-01 1.000009983437956314e-04
5.436666666666666314e-01 1.000009982862544065e-04
5.438333333333332797e-01 1.000009981703570703e-04
5.439999999999999281e-01 1.000009982888729445e-04
5.441666666666666874e-01 1.000009985119294488e-04
5.443333333333333357e-01 1.000009979748909227e-04
5.444999999999999840e-01 1.000009985942478918e-04
5.446666666666666323e-01 1.000009984712475135e-04
5.448333333333332806e-01 1.000009985615100006e-04
5.449999999999999289e-01 1.000009982894172546e-04
5.451666666666666883e-01 1.000009984345914376e-04
5.453333333333333366e-01 1.000009983597705373e-04
5.454999999999999849e-01 1.000009985131512363e-04
5.456666666666666332e-01 1.000009983409526500e-04
5.458333333333332815e-01 1.000009984044250436e-04
5.459999999999999298e-01 1.000009981497875189e-04
5.461666666666666892e-01 1.000009980059666370e-04
5.463333333333333375e-01 1.000009983877871210e-04
5.464999999999999858e-01 1.000009979874007319e-04
5.466666666666666341e-01 1.000009981740677522e-04
5.468333333333332824e-01 1.000009978955855588e-04
5.469999999999999307e-01 1.000009977157714823e-04
5.471666666666666901e-01 1.000009979595003340e-04
5.473333333333333384e-01 1.000009979869430495e-04
5.474999999999999867e-01 1.000009977722788392e-04
5.476666666666666350e-01 1.000009978985951956e-04
5.478333333333332833e-01 1.000009979765403736e-04
5.479999999999999316e-01 1.000009980933471928e-04
5.481666666666666909e-01 1.000009975821811728e-04
5.483333333333333393e-01 1.000009978084690063e-04
5.484999999999999876e-01 1.000009979191098186e-04
5.486666666666666359e-01 1.000009976288036823e-04
5.488333333333332842e-01 1.000009979342781187e-04
5.489999999999999325e-01 1.000009978051676649e-04
5.491666666666666918e-01 1.000009979196097578e-04
5.493333333333333401e-01 1.000009983391664812e-04
5.494999999999999885e-01 1.000009974052940356e-04
5.496666666666666368e-01 1.000009976652283623e-04
5.498333333333332851e-01 1.000009975516420843e-04
5.499999999999999334e-01 1.000009978120518337e-04
5.501666666666666927e-01 1.000009972863355495e-04
5.503333333333333410e-01 1.000009975839966694e-04
5.504999999999999893e-01 1.000009978956086523e-04
5.506666666666666377e-01 1.000009973359651614e-04
5.508333333333332860e-01 1.000009978112884062e-04
5.509999999999999343e-01 1.000009976090919246e-04
5.511666666666666936e-01 1.000009978429903693e-04
5.513333333333333419e-01 1.000009972077367060e-04
5.514999999999999902e-01 1.000009968991602045e-04
5.516666666666666385e-01 1.000009970867082746e-04
5.518333333333332869e-01 1.000009975043510829e-04
5.519999999999999352e-01 1.000009970202384957e-04
5.521666666666666945e-01 1.000009975752652776e-04
5.523333333333333428e-01 1.000009974068699642e-04
5.524999999999999911e-01 1.000009970724351595e-04
5.526666666666666394e-01 1.000009969058374669e-04
5.528333333333332877e-01 1.000009972409535028e-04
5.529999999999999361e-01 1.000009966556149489e-04
5.531666666666666954e-01 1.000009974439792365e-04
5.533333333333333437e-01 1.000009964985129428e-04
5.534999999999999920e-01 1.000009970421382953e-04
5.536666666666666403e-01 1.000009971979396383e-04
5.538333333333332886e-01 1.000009964532433686e-04
5.539999999999999369e-01 1.000009969609154793e-04
5.541666666666666963e-01 1.000009966950135684e-04
5.543333333333333446e-01 1.000009976953841718e-04
5.544999999999999929e-01 1.000009972102894600e-04
5.546666666666666412e-01 1.000009966089897019e-04
5.548333333333332895e-01 1.000009969704270495e-04
5.549999999999999378e-01 1.000009972642360126e-04
5.551666666666666972e-01 1.000009971383045479e-04
5.553333333333333455e-01 1.000009970601335306e-04
5.554999999999999938e-01 1.000009964309670933e-04
5.556666666666666421e-01 1.000009970311385087e-04
5.558333333333332904e-01 1.000009971288911659e-04
5.559999999999999387e-01 1.000009968936724881e-04
5.561666666666666980e-01 1.000009970472943001e-04
5.563333333333333464e-01 1.000009966930154380e-04
5.564999999999999947e-01 1.000009962237893125e-04
5.566666666666666430e-01 1.000009967185580757e-04
5.568333333333332913e-01 1.000009966922089000e-04
5.569999999999999396e-01 1.000009959416564613e-04
5.571666666666666989e-01 1.000009967225179479e-04
5.573333333333333472e-01 1.000009971412087732e-04
5.574999999999999956e-01 1.000009960620111289e-04
5.576666666666666439e-01 1.000009962184273229e-04
5.578333333333332922e-01 1.000009957528118074e-04
5.579999999999999405e-01 1.000009964891722158e-04
5.581666666666666998e-01 1.000009963386216505e-04
5.583333333333333481e-01 1.000009962234083645e-04
5.584999999999999964e-01 1.000009964105968318e-04
5.586666666666666448e-01 1.000009959957105533e-04
5.588333333333332931e-01 1.000009958932624604e-04
5.589999999999999414e-01 1.000009963934547823e-04
5.591666666666667007e-01 1.000009962398148912e-04
5.593333333333333490e-01 1.000009963494568824e-04
5.594999999999999973e-01 1.000009964961576491e-04
5.596666666666666456e-01 1.000009955673371521e-04
5.598333333333332940e-01 1.000009962964976991e-04
5.599999999999999423e-01 1.000009967437791661e-04
5.601666666666667016e-01 1.000009961459964649e-04
5.603333333333333499e-01 1.000009962475438297e-04
5.604999999999999982e-01 1.000009962030215960e-04
5.606666666666666465e-01 1.000009966366245109e-04
5.608333333333332948e-01 1.000009955262778466e-04
5.609999999999999432e-01 1.000009953151657807e-04
5.611666666666667025e-01 1.000009959851687471e-04
5.613333333333333508e-01 1.000009960537751226e-04
5.614999999999999991e-01 1.000009964123600698e-04
5.616666666666666474e-01 1.000009952469524014e-04
5.618333333333332957e-01 1.000009954554836460e-04
5.619999999999999440e-01 1.000009957994847729e-04
5.621666666666667034e-01 1.000009957675486764e-04
5.623333333333333517e-01 1.000009954058349656e-04
5.625000000000000000e-01 1.000009953976152495e-04
5.626666666666666483e-01 1.000009955834785372e-04
5.628333333333332966e-01 1.000009950589483566e-04
5.629999999999999449e-01 1.000009951059362422e-04
5.631666666666665932e-01 1.000009949458546859e-04
5.633333333333333526e-01 1.000009949331168689e-04
5.635000000000000009e-01 1.000009957330589991e-04
5.636666666666666492e-01 1.000009949716101389e-04
5.638333333333332975e-01 1.000009950919544658e-04
5.639999999999999458e-01 1.000009945704389636e-04
5.641666666666665941e-01 1.000009952259371210e-04
5.643333333333333535e-01 1.000009958071104276e-04
5.645000000000000018e-01 1.000009955277042636e-04
5.646666666666666501e-01 1.000009947421318373e-04
5.648333333333332984e-01 1.000009943263658506e-04
5.649999999999999467e-01 1.000009947787120867e-04
5.651666666666665950e-01 1.000009950688051096e-04
5.653333333333333544e-01 1.000009939838466519e-04
5.655000000000000027e-01 1.000009942933462973e-04
5.656666666666666510e-01 1.000009934202637259e-04
5.658333333333332993e-01 1.000009945913888531e-04
5.659999999999999476e-01 1.000009941737610745e-04
5.661666666666665959e-01 1.000009949394229546e-04
5.663333333333333552e-01 1.000009944372231375e-04
5.665000000000000036e-01 1.000009951463530630e-04
5.666666666666666519e-01 1.000009940735652626e-04
5.668333333333333002e-01 1.000009949877457506e-04
5.669999999999999485e-01 1.000009944589033456e-04
5.671666666666665968e-01 1.000009949302222253e-04
5.673333333333333561e-01 1.000009949859346993e-04
5.675000000000000044e-01 1.000009936702228234e-04
5.676666666666666528e-01 1.000009940274436545e-04
5.678333333333333011e-01 1.000009953175499142e-04
5.679999999999999494e-01 1.000009938690408091e-04
5.681666666666665977e-01 1.000009938567411453e-04
5.683333333333333570e-01 1.000009940293124396e-04
5.685000000000000053e-01 1.000009935568257116e-04
5.686666666666666536e-01 1.000009929195831064e-04
5.688333333333333020e-01 1.000009946866577793e-04
5.689999999999999503e-01 1.000009932416705288e-04
5.691666666666665986e-01 1.000009945784356051e-04
5.693333333333333579e-01 1.000009943882720329e-04
5.695000000000000062e-01 1.000009934084622666e-04
5.696666666666666545e-01 1.000009938612174502e-04
5.698333333333333028e-01 1.000009930616118969e-04
5.699999999999999512e-01 1.000009925433351099e-04
5.701666666666665995e-01 1.000009936756473308e-04
5.703333333333333588e-01 1.000009937170790732e-04
5.705000000000000071e-01 1.000009941499783002e-04
5.706666666666666554e-01 1.000009929779410337e-04
5.708333333333333037e-01 1.000009935536461125e-04
5.709999999999999520e-01 1.000009926988803372e-04
5.711666666666666003e-01 1.000009924406207234e-04
5.713333333333333597e-01 1.000009930176598181e-04
5.715000000000000080e-01 1.000009930194322989e-04
5.716666666666666563e-01 1.000009930906695181e-04
5.718333333333333046e-01 1.000009926172131609e-04
5.719999999999999529e-01 1.000009933845306449e-04
5.721666666666666012e-01 1.000009933654130571e-04
5.723333333333333606e-01 1.000009935437184527e-04
5.725000000000000089e-01 1.000009919282451946e-04
5.726666666666666572e-01 1.000009932179105634e-04
5.728333333333333055e-01 1.000009933250066446e-04
5.729999999999999538e-01 1.000009932899353199e-04
5.731666666666666021e-01 1.000009919949823920e-04
5.733333333333333615e-01 1.000009917497077390e-04
5.735000000000000098e-01 1.000009921301211997e-04
5.736666666666666581e-01 1.000009931232373521e-04
5.738333333333333064e-01 1.000009937860395085e-04
5.739999999999999547e-01 1.000009934170206061e-04
5.741666666666666030e-01 1.000009917308806903e-04
5.743333333333333623e-01 1.000009921111035482e-04
5.745000000000000107e-01 1.000009922273608395e-04
5.746666666666666590e-01 1.000009921540159178e-04
5.748333333333333073e-01 1.000009920219759767e-04
5.749999999999999556e-01 1.000009909653047603e-04
5.751666666666666039e-01 1.000009908465501177e-04
5.753333333333333632e-01 1.000009919918533032e-04
5.755000000000000115e-01 1.000009925641736112e-04
5.756666666666666599e-01 1.000009912350920723e-04
5.758333333333333082e-01 1.000009913572875796e-04
5.759999999999999565e-01 1.000009911553291752e-04
5.761666666666666048e-01 1.000009910889824126e-04
5.763333333333333641e-01 1.000009918132469737e-04
5.765000000000000124e-01 1.000009906689361449e-04
5.766666666666666607e-01 1.000009932644619221e-04
5.768333333333333091e-01 1.000009919614863182e-04
5.769999999999999574e-01 1.000009911866120942e-04
5.771666666666666057e-01 1.000009920573215910e-04
5.773333333333333650e-01 1.000009912617772558e-04
5.775000000000000133e-01 1.000009911815535050e-04
5.776666666666666616e-01 1.000009915621552780e-04
5.778333333333333099e-01 1.000009912858683772e-04
5.779999999999999583e-01 1.000009911515850727e-04
5.781666666666666066e-01 1.000009914443734493e-04
5.783333333333333659e-01 1.000009909231632991e-04
5.785000000000000142e-01 1.000009915533218898e-04
5.786666666666666625e-01 1.000009928285762332e-04
5.788333333333333108e-01 1.000009896746432671e-04
5.789999999999999591e-01 1.000009909782504866e-04
5.791666666666666075e-01 1.000009923228316035e-04
5.793333333333333668e-01 1.000009905609782585e-04
5.795000000000000151e-01 1.000009912960365266e-04
5.796666666666666634e-01 1.000009922027440292e-04
5.798333333333333117e-01 1.000009889518831721e-04
5.799999999999999600e-01 1.000009913396761926e-04
5.801666666666666083e-01 1.000009913115779820e-04
5.803333333333333677e-01 1.000009911771484051e-04
5.805000000000000160e-01 1.000009895926342690e-04
5.806666666666666643e-01 1.000009906865848827e-04
5.808333333333333126e-01 1.000009929353472027e-04
5.809999999999999609e-01 1.000009891065220741e-04
5.811666666666666092e-01 1.000009899931751704e-04
5.813333333333333686e-01 1.000009908806866703e-04
5.815000000000000169e-01 1.000009905897326147e-04
5.816666666666666652e-01 1.000009923393675704e-04
5.818333333333333135e-01 1.000009909679597003e-04
5.819999999999999618e-01 1.000009908147630447e-04
5.821666666666666101e-01 1.000009890406910258e-04
5.823333333333332584e-01 1.000009909715728312e-04
5.825000000000000178e-01 1.000009887583657017e-04
5.826666666666666661e-01 1.000009894842784398e-04
5.828333333333333144e-01 1.000009902536806413e-04
5.829999999999999627e-01 1.000009905294944098e-04
5.831666666666666110e-01 1.000009908588341012e-04
5.833333333333332593e-01 1.000009892144907889e-04
5.835000000000000187e-01 1.000009902285696245e-04
5.836666666666666670e-01 1.000009909798376908e-04
5.838333333333333153e-01 1.000009885726645836e-04
5.839999999999999636e-01 1.000009888364353190e-04
5.841666666666666119e-01 1.000009877707907303e-04
5.843333333333332602e-01 1.000009887284096836e-04
5.845000000000000195e-01 1.000009879812475044e-04
5.846666666666666679e-01 1.000009901358068316e-04
5.848333333333333162e-01 1.000009883296200668e-04
5.849999999999999645e-01 1.000009889727085545e-04
5.851666666666666128e-01 1.000009890512882618e-04
5.853333333333332611e-01 1.000009876994229326e-04
5.855000000000000204e-01 1.000009898009956462e-04
5.856666666666666687e-01 1.000009868031077789e-04
5.858333333333333171e-01 1.000009866469848887e-04
5.859999999999999654e-01 1.000009875571960312e-04
5.861666666666666137e-01 1.000009898290775802e-04
5.863333333333332620e-01 1.000009871397250825e-04
5.865000000000000213e-01 1.000009868497277676e-04
5.866666666666666696e-01 1.000009888434172693e-04
5.868333333333333179e-01 1.000009846911145272e-04
5.869999999999999662e-01 1.000009878270205585e-04
5.871666666666666146e-01 1.000009873036769695e-04
5.873333333333332629e-01 1.000009870543989407e-04
5.875000000000000222e-01 1.000009872408985466e-04
5.876666666666666705e-01 1.000009870897906471e-04
5.878333333333333188e-01 1.000009861050705698e-04
5.879999999999999671e-01 1.000009867299224653e-04
5.881666666666666154e-01 1.000009874406933172e-04
5.883333333333332638e-01 1.000009877003052563e-04
5.885000000000000231e-01 1.000009878451678667e-04
5.886666666666666714e-01 1.000009865983401118e-04
5.888333333333333197e-01 1.000009852828067226e-04
5.889999999999999680e-01 1.000009850263183428e-04
5.891666666666666163e-01 1.000009874396448666e-04
5.893333333333332646e-01 1.000009865287402276e-04
5.895000000000000240e-01 1.000009837912866397e-04
5.896666666666666723e-01 1.000009885354211005e-04
5.898333333333333206e-01 1.000009860420821099e-04
5.899999999999999689e-01 1.000009881782592229e-04
5.901666666666666172e-01 1.000009851577666483e-04
5.903333333333332655e-01 1.000009843772009185e-04
5.905000000000000249e-01 1.000009840251237864e-04
5.906666666666666732e-01 1.000009879527040933e-04
5.908333333333333215e-01 1.000009872267068823e-04
5.909999999999999698e-01 1.000009869417200044e-04
5.911666666666666181e-01 1.000009880507965801e-04
5.913333333333332664e-01 1.000009857211631864e-04
5.915000000000000258e-01 1.000009860750559776e-04
5.916666666666666741e-01 1.000009860165445273e-04
5.918333333333333224e-01 1.000009847207657896e-04
5.919999999999999707e-01 1.000009867787517056e-04
5.921666666666666190e-01 1.000009863711536780e-04
5.923333333333332673e-01 1.000009847798832548e-04
5.925000000000000266e-01 1.000009853216120260e-04
5.926666666666666750e-01 1.000009868735599001e-04
5.928333333333333233e-01 1.000009839863098230e-04
5.929999999999999716e-01 1.000009839022974361e-04
5.931666666666666199e-01 1.000009839365970527e-04
5.933333333333332682e-01 1.000009835521308173e-04
5.935000000000000275e-01 1.000009868979846034e-04
5.936666666666666758e-01 1.000009862331374384e-04
5.938333333333333242e-01 1.000009833841298960e-04
5.939999999999999725e-01 1.000009798075710200e-04
5.941666666666666208e-01 1.000009825711989153e-04
5.943333333333332691e-01 1.000009846943923685e-04
5.945000000000000284e-01 1.000009837079963857e-04
5.946666666666666767e-01 1.000009831137848025e-04
5.948333333333333250e-01 1.000009840805814458e-04
5.949999999999999734e-01 1.000009822791687484e-04
5.951666666666666217e-01 1.000009839448705860e-04
5.953333333333332700e-01 1.000009857350445114e-04
5.955000000000000293e-01 1.000009838651020374e-04
5.956666666666666776e-01 1.000009831522505067e-04
5.958333333333333259e-01 1.000009841075969992e-04
5.959999999999999742e-01 1.000009815695096645e-04
5.961666666666666226e-01 1.000009826057266616e-04
5.963333333333332709e-01 1.000009832158887696e-04
5.965000000000000302e-01 1.000009827498304118e-04
5.966666666666666785e-01 1.000009823867801644e-04
5.968333333333333268e-01 1.000009819801283200e-04
5.969999999999999751e-01 1.000009800062218488e-04
5.971666666666666234e-01 1.000009835327988827e-04
5.973333333333332718e-01 1.000009840891071509e-04
5.975000000000000311e-01 1.000009833475263768e-04
5.976666666666666794e-01 1.000009813260124662e-04
5.978333333333333277e-01 1.000009793680867420e-04
5.979999999999999760e-01 1.000009802457917552e-04
5.981666666666666243e-01 1.000009830931912496e-04
5.983333333333332726e-01 1.000009797683913416e-04
5.985000000000000320e-01 1.000009831865665625e-04
5.986666666666666803e-01 1.000009826264338796e-04
5.988333333333333286e-01 1.000009817335232833e-04
5.989999999999999769e-01 1.000009804743128011e-04
5.991666666666666252e-01 1.000009803054114228e-04
5.993333333333332735e-01 1.000009808439021971e-04
5.995000000000000329e-01 1.000009784798940786e-04
5.996666666666666812e-01 1.000009826551483914e-04
5.998333333333333295e-01 1.000009801612712298e-04
5.999999999999999778e-01 1.000009798849901295e-04
6.001666666666666261e-01 1.000009821216414640e-04
6.003333333333332744e-01 1.000009780716145893e-04
6.005000000000000338e-01 1.000009761796909598e-04
6.006666666666666821e-01 1.000009787863717544e-04
6.008333333333333304e-01 1.000009845837746632e-04
6.009999999999999787e-01 1.000009817920269681e-04
6.011666666666666270e-01 1.000009819492598916e-04
6.013333333333332753e-01 1.000009802226999701e-04
6.015000000000000346e-01 1.000009834128367370e-04
6.016666666666666829e-01 1.000009797912754207e-04
6.018333333333333313e-01 1.000009783063533585e-04
6.019999999999999796e-01 1.000009785956901503e-04
6.021666666666666279e-01 1.000009819411973305e-04
6.023333333333332762e-01 1.000009750728712051e-04
6.024999999999999245e-01 1.000009794562042300e-04
6.026666666666666838e-01 1.000009813792466303e-04
6.028333333333333321e-01 1.000009820212269414e-04
6.029999999999999805e-01 1.000009767651424198e-04
6.031666666666666288e-01 1.000009847539402348e-04
6.033333333333332771e-01 1.000009795016716034e-04
6.034999999999999254e-01 1.000009808090004552e-04
6.036666666666666847e-01 1.000009804209452260e-04
6.038333333333333330e-01 1.000009776977450748e-04
6.039999999999999813e-01 1.000009806011621649e-04
6.041666666666666297e-01 1.000009763442120665e-04
6.043333333333332780e-01 1.000009741630172936e-04
6.044999999999999263e-01 1.000009779908930406e-04
6.046666666666666856e-01 1.000009813918471195e-04
6.048333333333333339e-01 1.000009802423007868e-04
6.049999999999999822e-01 1.000009752280585915e-04
6.051666666666666305e-01 1.000009787196659583e-04
6.053333333333332789e-01 1.000009736344429170e-04
6.054999999999999272e-01 1.000009741619243094e-04
6.056666666666666865e-01 1.000009785112084936e-04
6.058333333333333348e-01 1.000009736179306128e-04
6.059999999999999831e-01 1.000009806803345242e-04
6.061666666666666314e-01 1.000009758433384726e-04
6.063333333333332797e-01 1.000009818878684750e-04
6.064999999999999281e-01 1.000009731398533724e-04
6.066666666666666874e-01 1.000009803960399230e-04
6.068333333333333357e-01 1.000009791745709521e-04
6.069999999999999840e-01 1.000009743027856853e-04
6.071666666666666323e-01 1.000009806279357380e-04
6.073333333333332806e-01 1.000009737913834989e-04
6.074999999999999289e-01 1.000009782388834709e-04
6.076666666666666883e-01 1.000009764663461537e-04
6.078333333333333366e-01 1.000009735993007262e-04
6.079999999999999849e-01 1.000009774453484469e-04
6.081666666666666332e-01 1.000009709218093189e-04
6.083333333333332815e-01 1.000009768096093456e-04
6.084999999999999298e-01 1.000009793825752338e-04
6.086666666666666892e-01 1.000009753391377604e-04
6.088333333333333375e-01 1.000009782420563343e-04
6.089999999999999858e-01 1.000009740710593853e-04
6.091666666666666341e-01 1.000009753508532289e-04
6.093333333333332824e-01 1.000009782352395893e-04
6.094999999999999307e-01 1.000009719514575280e-04
6.096666666666666901e-01 1.000009743680938771e-04
6.098333333333333384e-01 1.000009709511893411e-04
6.099999999999999867e-01 1.000009734546457947e-04
6.101666666666666350e-01 1.000009730788525668e-04
6.103333333333332833e-01 1.000009749183975219e-04
6.104999999999999316e-01 1.000009731539320358e-04
6.106666666666666909e-01 1.000009735788339165e-04
6.108333333333333393e-01 1.000009745462305708e-04
6.109999999999999876e-01 1.000009679963744815e-04
6.111666666666666359e-01 1.000009695883949558e-04
6.113333333333332842e-01 1.000009711803981100e-04
6.114999999999999325e-01 1.000009742289929474e-04
6.116666666666666918e-01 1.000009739630158335e-04
6.118333333333333401e-01 1.000009713664612297e-04
6.119999999999999885e-01 1.000009692935180670e-04
6.121666666666666368e-01 1.000009731470959649e-04
6.123333333333332851e-01 1.000009757924127918e-04
6.124999999999999334e-01 1.000009770212490656e-04
6.126666666666666927e-01 1.000009720624411245e-04
6.128333333333333410e-01 1.000009714984863171e-04
6.129999999999999893e-01 1.000009735384830423e-04
6.131666666666666377e-01 1.000009723630827026e-04
6.133333333333332860e-01 1.000009756977401904e-04
6.134999999999999343e-01 1.000009740851280876e-04
6.136666666666666936e-01 1.000009759905644540e-04
6.138333333333333419e-01 1.000009691615620432e-04
6.139999999999999902e-01 1.000009686816797554e-04
6.141666666666666385e-01 1.000009730272645740e-04
6.143333333333332869e-01 1.000009740564226153e-04
6.144999999999999352e-01 1.000009722186511710e-04
6.146666666666666945e-01 1.000009726906844315e-04
6.148333333333333428e-01 1.000009724691430861e-04
6.149999999999999911e-01 1.000009707702372724e-04
6.151666666666666394e-01 1.000009673857474947e-04
6.153333333333332877e-01 1.000009693834118848e-04
6.154999999999999361e-01 1.000009745818606391e-04
6.156666666666666954e-01 1.000009755790630411e-04
6.158333333333333437e-01 1.000009773053141683e-04
6.159999999999999920e-01 1.000009733656950431e-04
6.161666666666666403e-01 1.000009721433773045e-04
6.163333333333332886e-01 1.000009770681202774e-04
6.164999999999999369e-01 1.000009730714674559e-04
6.166666666666666963e-01 1.000009735721492138e-04
6.168333333333333446e-01 1.000009669753950921e-04
6.169999999999999929e-01 1.000009743252880710e-04
6.171666666666666412e-01 1.000009692900402311e-04
6.173333333333332895e-01 1.000009705090428995e-04
6.174999999999999378e-01 1.000009672095351242e-04
6.176666666666666972e-01 1.000009728102472926e-04
6.178333333333333455e-01 1.000009757164089456e-04
6.179999999999999938e-01 1.000009688753843319e-04
6.181666666666666421e-01 1.000009705771698001e-04
6.183333333333332904e-01 1.000009707067211584e-04
6.184999999999999387e-01 1.000009664249518833e-04
6.186666666666666980e-01 1.000009651900682416e-04
6.188333333333333464e-01 1.000009726311552676e-04
6.189999999999999947e-01 1.000009684180223327e-04
6.191666666666666430e-01 1.000009665860433875e-04
6.193333333333332913e-01 1.000009699072609831e-04
6.194999999999999396e-01 1.000009636215403954e-04
6.196666666666666989e-01 1.000009707461148854e-04
6.198333333333333472e-01 1.000009697793893386e-04
6.199999999999999956e-01 1.000009632261576942e-04
6.201666666666666439e-01 1.000009677526609713e-04
6.203333333333332922e-01 1.000009702635929447e-04
6.204999999999999405e-01 1.000009698930173855e-04
6.206666666666666998e-01 1.000009625274873789e-04
6.208333333333333481e-01 1.000009653677411543e-04
6.209999999999999964e-01 1.000009670243741963e-04
6.211666666666666448e-01 1.000009646582999408e-04
6.213333333333332931e-01 1.000009676598017928e-04
6.214999999999999414e-01 1.000009668798741431e-04
6.216666666666667007e-01 1.000009661798176752e-04
6.218333333333333490e-01 1.000009675096653926e-04
6.219999999999999973e-01 1.000009684207989338e-04
6.221666666666666456e-01 1.000009654164149743e-04
6.223333333333332940e-01 1.000009612685560652e-04
6.224999999999999423e-01 1.000009630449603249e-04
6.226666666666665906e-01 1.000009619460171228e-04
6.228333333333333499e-01 1.000009638061774369e-04
6.229999999999999982e-01 1.000009682529289976e-04
6.231666666666666465e-01 1.000009672265243554e-04
6.233333333333332948e-01 1.000009638484009993e-04
6.234999999999999432e-01 1.000009641791853359e-04
6.236666666666665915e-01 1.000009683600528343e-04
6.238333333333333508e-01 1.000009630284486983e-04
6.239999999999999991e-01 1.000009627131708922e-04
6.241666666666666474e-01 1.000009623347339728e-04
6.243333333333332957e-01 1.000009686114810664e-04
6.244999999999999440e-01 1.000009711200462265e-04
6.246666666666665924e-01 1.000009643494026375e-04
6.248333333333333517e-01 1.000009597451304060e-04
6.250000000000000000e-01 1.000009668826151282e-04
6.251666666666666483e-01 1.000009578473867657e-04
6.253333333333332966e-01 1.000009608773395328e-04
6.254999999999999449e-01 1.000009628771672180e-04
6.256666666666665932e-01 1.000009623232168049e-04
6.258333333333333526e-01 1.000009670230895523e-04
6.260000000000000009e-01 1.000009660397317750e-04
6.261666666666666492e-01 1.000009562668083241e-04
6.263333333333332975e-01 1.000009642773848741e-04
6.264999999999999458e-01 1.000009614582014701e-04
6.266666666666665941e-01 1.000009654415376462e-04
6.268333333333333535e-01 1.000009632142335981e-04
6.270000000000000018e-01 1.000009719359543314e-04
6.271666666666666501e-01 1.000009574233839461e-04
6.273333333333332984e-01 1.000009618086151108e-04
6.274999999999999467e-01 1.000009617401219532e-04
6.276666666666665950e-01 1.000009583251185115e-04
6.278333333333333544e-01 1.000009650234083699e-04
6.280000000000000027e-01 1.000009579697779173e-04
6.281666666666666510e-01 1.000009588660268805e-04
6.283333333333332993e-01 1.000009519859819932e-04
6.284999999999999476e-01 1.000009566267513430e-04
6.286666666666665959e-01 1.000009567127666714e-04
6.288333333333333552e-01 1.000009646967197832e-04
6.290000000000000036e-01 1.000009639893547221e-04
6.291666666666666519e-01 1.000009548139933372e-04
6.293333333333333002e-01 1.000009544945934216e-04
6.294999999999999485e-01 1.000009572118063645e-04
6.296666666666665968e-01 1.000009574546053772e-04
6.298333333333333561e-01 1.000009504928999816e-04
6.300000000000000044e-01 1.000009597552010721e-04
6.301666666666666528e-01 1.000009540384547683e-04
6.303333333333333011e-01 1.000009543045976839e-04
6.304999999999999494e-01 1.000009656482176291e-04
6.306666666666665977e-01 1.000009630529602326e-04
6.308333333333333570e-01 1.000009599786290648e-04
6.310000000000000053e-01 1.000009619721627666e-04
6.311666666666666536e-01 1.000009580346249979e-04
6.313333333333333020e-01 1.000009522534918438e-04
6.314999999999999503e-01 1.000009559921970036e-04
6.316666666666665986e-01 1.000009501949101722e-04
6.318333333333333579e-01 1.000009651958954352e-04
6.320000000000000062e-01 1.000009652088910213e-04
6.321666666666666545e-01 1.000009554106311344e-04
6.323333333333333028e-01 1.000009699995340690e-04
6.324999999999999512e-01 1.000009558625267219e-04
6.326666666666665995e-01 1.000009607428308770e-04
6.328333333333333588e-01 1.000009643513290886e-04
6.330000000000000071e-01 1.000009524213106463e-04
6.331666666666666554e-01 1.000009628713190044e-04
6.333333333333333037e-01 1.000009657315874772e-04
6.334999999999999520e-01 1.000009502293551126e-04
6.336666666666666003e-01 1.000009449108379066e-04
6.338333333333333597e-01 1.000009582824270887e-04
6.340000000000000080e-01 1.000009496044485598e-04
6.341666666666666563e-01 1.000009471969428735e-04
6.343333333333333046e-01 1.000009522081972922e-04
6.344999999999999529e-01 1.000009521595491814e-04
6.346666666666666012e-01 1.000009614357674569e-04
6.348333333333333606e-01 1.000009527800988407e-04
6.350000000000000089e-01 1.000009565886900734e-04
6.351666666666666572e-01 1.000009541961790387e-04
6.353333333333333055e-01 1.000009490733982042e-04
6.354999999999999538e-01 1.000009502612360368e-04
6.356666666666666021e-01 1.000009568937562535e-04
6.358333333333333615e-01 1.000009533269319680e-04
6.360000000000000098e-01 1.000009487456806283e-04
6.361666666666666581e-01 1.000009433733241245e-04
6.363333333333333064e-01 1.000009492720860857e-04
6.364999999999999547e-01 1.000009490098915498e-04
6.366666666666666030e-01 1.000009585952647622e-04
6.368333333333333623e-01 1.000009501548088813e-04
6.370000000000000107e-01 1.000009570238594842e-04
6.371666666666666590e-01 1.000009615441661799e-04
6.373333333333333073e-01 1.000009552655133028e-04
6.374999999999999556e-01 1.000009528809915914e-04
6.376666666666666039e-01 1.000009491878960251e-04
6.378333333333333632e-01 1.000009596602536389e-04
6.380000000000000115e-01 1.000009584186273574e-04
6.381666666666666599e-01 1.000009480088843164e-04
6.383333333333333082e-01 1.000009566689187302e-04
6.384999999999999565e-01 1.000009484684397923e-04
6.386666666666666048e-01 1.000009476990411145e-04
6.388333333333333641e-01 1.000009522614992867e-04
6.390000000000000124e-01 1.000009412297895748e-04
6.391666666666666607e-01 1.000009568592241974e-04
6.393333333333333091e-01 1.000009460367300650e-04
6.394999999999999574e-01 1.000009482224595948e-04
6.396666666666666057e-01 1.000009394071701540e-04
6.398333333333333650e-01 1.000009472942587464e-04
6.400000000000000133e-01 1.000009535885677060e-04
6.401666666666666616e-01 1.000009462840489134e-04
6.403333333333333099e-01 1.000009496722960073e-04
6.404999999999999583e-01 1.000009496508910239e-04
6.406666666666666066e-01 1.000009539452888555e-04
6.408333333333333659e-01 1.000009551945319554e-04
6.410000000000000142e-01 1.000009397485532037e-04
6.411666666666666625e-01 1.000009452175742731e-04
6.413333333333333108e-01 1.000009429472619983e-04
6.414999999999999591e-01 1.000009499532523635e-04
6.416666666666666075e-01 1.000009534485609390e-04
6.418333333333333668e-01 1.000009427425731798e-04
6.420000000000000151e-01 1.000009412637999805e-04
6.421666666666666634e-01 1.000009495438849858e-04
6.423333333333333117e-01 1.000009482186761358e-04
6.424999999999999600e-01 1.000009377376706951e-04
6.426666666666666083e-01 1.000009450233293437e-04
6.428333333333332567e-01 1.000009414213188759e-04
6.430000000000000160e-01 1.000009387676875601e-04
6.431666666666666643e-01 1.000009445414511481e-04
6.433333333333333126e-01 1.000009401593938903e-04
6.434999999999999609e-01 1.000009393074947591e-04
6.436666666666666092e-01 1.000009450661180872e-04
6.438333333333332575e-01 1.000009453470694290e-04
6.440000000000000169e-01 1.000009341048247721e-04
6.441666666666666652e-01 1.000009380154056427e-04
6.443333333333333135e-01 1.000009470869874531e-04
6.444999999999999618e-01 1.000009386257611047e-04
6.446666666666666101e-01 1.000009435004878527e-04
6.448333333333332584e-01 1.000009423470156239e-04
6.450000000000000178e-01 1.000009535785603167e-04
6.451666666666666661e-01 1.000009516240066374e-04
6.453333333333333144e-01 1.000009456885357726e-04
6.454999999999999627e-01 1.000009375370785345e-04
6.456666666666666110e-01 1.000009375259568563e-04
6.458333333333332593e-01 1.000009335669762927e-04
6.460000000000000187e-01 1.000009533635338337e-04
6.461666666666666670e-01 1.000009349647261149e-04
6.463333333333333153e-01 1.000009549914299616e-04
6.464999999999999636e-01 1.000009398181329624e-04
6.466666666666666119e-01 1.000009342488680509e-04
6.468333333333332602e-01 1.000009446936565719e-04
6.470000000000000195e-01 1.000009267129629777e-04
6.471666666666666679e-01 1.000009440613868091e-04
6.473333333333333162e-01 1.000009444067913273e-04
6.474999999999999645e-01 1.000009360912750017e-04
6.476666666666666128e-01 1.000009414743543193e-04
6.478333333333332611e-01 1.000009517153454798e-04
6.480000000000000204e-01 1.000009303494604529e-04
6.481666666666666687e-01 1.000009477084664770e-04
6.483333333333333171e-01 1.000009475139262245e-04
6.484999999999999654e-01 1.000009308319805098e-04
6.486666666666666137e-01 1.000009418500187033e-04
6.488333333333332620e-01 1.000009465698271097e-04
6.490000000000000213e-01 1.000009336841475936e-04
6.491666666666666696e-01 1.000009503814410031e-04
6.493333333333333179e-01 1.000009324085224260e-04
6.494999999999999662e-01 1.000009503435982138e-04
6.496666666666666146e-01 1.000009365216800487e-04
6.498333333333332629e-01 1.000009522307931904e-04
6.500000000000000222e-01 1.000009326011091224e-04
6.501666666666666705e-01 1.000009313982563907e-04
6.503333333333333188e-01 1.000009300390192185e-04
6.504999999999999671e-01 1.000009435248101124e-04
6.506666666666666154e-01 1.000009418858623865e-04
6.508333333333332638e-01 1.000009401235885066e-04
6.510000000000000231e-01 1.000009401672120722e-04
6.511666666666666714e-01 1.000009276678759791e-04
6.513333333333333197e-01 1.000009402358019136e-04
6.514999999999999680e-01 1.000009307184408661e-04
6.516666666666666163e-01 1.000009213931629573e-04
6.518333333333332646e-01 1.000009378669953331e-04
6.520000000000000240e-01 1.000009291232347618e-04
6.521666666666666723e-01 1.000009330601610134e-04
6.523333333333333206e-01 1.000009396859494459e-04
6.524999999999999689e-01 1.000009197296233441e-04
6.526666666666666172e-01 1.000009350958515044e-04
6.528333333333332655e-01 1.000009367000078331e-04
6.530000000000000249e-01 1.000009297188265343e-04
6.531666666666666732e-01 1.000009348678050544e-04
6.533333333333333215e-01 1.000009335637276571e-04
6.534999999999999698e-01 1.000009335320492347e-04
6.536666666666666181e-01 1.000009352222670518e-04
6.538333333333332664e-01 1.000009252307531150e-04
6.540000000000000258e-01 1.000009305621144847e-04
6.541666666666666741e-01 1.000009230143687853e-04
6.543333333333333224e-01 1.000009269612559952e-04
6.544999999999999707e-01 1.000009375905392967e-04
6.546666666666666190e-01 1.000009361547101529e-04
6.548333333333332673e-01 1.000009238020558124e-04
6.550000000000000266e-01 1.000009334977074020e-04
6.551666666666666750e-01 1.000009370396825732e-04
6.553333333333333233e-01 1.000009237373667543e-04
6.554999999999999716e-01 1.000009304200452940e-04
6.556666666666666199e-01 1.000009251858743957e-04
6.558333333333332682e-01 1.000009269825671273e-04
6.560000000000000275e-01 1.000009297645994901e-04
6.561666666666666758e-01 1.000009297887290599e-04
6.563333333333333242e-01 1.000009157476976744e-04
6.564999999999999725e-01 1.000009297325248189e-04
6.566666666666666208e-01 1.000009398413666831e-04
6.568333333333332691e-01 1.000009081297089693e-04
6.570000000000000284e-01 1.000009178777425264e-04
6.571666666666666767e-01 1.000009243173463137e-04
6.573333333333333250e-01 1.000009240338633462e-04
6.574999999999999734e-01 1.000009300966290599e-04
6.576666666666666217e-01 1.000009237581349179e-04
6.578333333333332700e-01 1.000009246648839997e-04
6.580000000000000293e-01 1.000009301010093180e-04
6.581666666666666776e-01 1.000009223879967570e-04
6.583333333333333259e-01 1.000009358885573576e-04
6.584999999999999742e-01 1.000009280130863032e-04
6.586666666666666226e-01 1.000009105154854415e-04
6.588333333333332709e-01 1.000009241713407238e-04
6.590000000000000302e-01 1.000009285695635579e-04
6.591666666666666785e-01 1.000009093612968532e-04
6.593333333333333268e-01 1.000009259846351521e-04
6.594999999999999751e-01 1.000009346166864569e-04
6.596666666666666234e-01 1.000009204562428601e-04
6.598333333333332718e-01 1.000009329524278280e-04
6.600000000000000311e-01 1.000009237194052106e-04
6.601666666666666794e-01 1.000009267091541483e-04
6.603333333333333277e-01 1.000009299156265623e-04
6.604999999999999760e-01 1.000009053832792174e-04
6.606666666666666243e-01 1.000009190452279327e-04
6.608333333333332726e-01 1.000009204192666736e-04
6.610000000000000320e-01 1.000009319470583207e-04
6.611666666666666803e-01 1.000009121079924380e-04
6.613333333333333286e-01 1.000009217377434548e-04
6.614999999999999769e-01 1.000009109707489404e-04
6.616666666666666252e-01 1.000009292561323474e-04
6.618333333333332735e-01 1.000009042838148122e-04
6.620000000000000329e-01 1.000009292408118660e-04
6.621666666666666812e-01 1.000009328860390525e-04
6.623333333333333295e-01 1.000009151344964393e-04
6.624999999999999778e-01 1.000009062383017046e-04
6.626666666666666261e-01 1.000009079623856878e-04
6.628333333333332744e-01 1.000009254013361858e-04
6.629999999999999227e-01 1.000009093883807250e-04
6.631666666666666821e-01 1.000009319814519377e-04
6.633333333333333304e-01 1.000009258857659564e-04
6.634999999999999787e-01 1.000009174892862508e-04
6.636666666666666270e-01 1.000009132020341924e-04
6.638333333333332753e-01 1.000009168031640576e-04
6.639999999999999236e-01 1.000009254125161127e-04
6.641666666666666829e-01 1.000009257907551245e-04
6.643333333333333313e-01 1.000009141124922485e-04
6.644999999999999796e-01 1.000009094897333535e-04
6.646666666666666279e-01 1.000009177158562071e-04
6.648333333333332762e-01 1.000009047926471412e-04
6.649999999999999245e-01 1.000009274451872226e-04
6.651666666666666838e-01 1.000009320259061783e-04
6.653333333333333321e-01 1.000009385515114975e-04
6.654999999999999805e-01 1.000009006503905216e-04
6.656666666666666288e-01 1.000009166891465111e-04
6.658333333333332771e-01 1.000009156731341501e-04
6.659999999999999254e-01 1.000008987506406600e-04
6.661666666666666847e-01 1.000009068615447390e-04
6.663333333333333330e-01 1.000009117217176720e-04
6.664999999999999813e-01 1.000009298122982193e-04
6.666666666666666297e-01 1.000008947837316105e-04
6.668333333333332780e-01 1.000009050026211472e-04
6.669999999999999263e-01 1.000009040262366872e-04
6.671666666666666856e-01 1.000009103499405362e-04
6.673333333333333339e-01 1.000009181341203718e-04
6.674999999999999822e-01 1.000009214153985615e-04
6.676666666666666305e-01 1.000009047759236209e-04
6.678333333333332789e-01 1.000009142530156378e-04
6.679999999999999272e-01 1.000009040917055036e-04
6.681666666666666865e-01 1.000009158485154796e-04
6.683333333333333348e-01 1.000009278986309017e-04
6.684999999999999831e-01 1.000008991321731935e-04
6.686666666666666314e-01 1.000009060878728138e-04
6.688333333333332797e-01 1.000008989823136985e-04
6.689999999999999281e-01 1.000009060533900212e-04
6.691666666666666874e-01 1.000009152950537164e-04
6.693333333333333357e-01 1.000009269103629218e-04
6.694999999999999840e-01 1.000009090796202073e-04
6.696666666666666323e-01 1.000009019617679063e-04
6.698333333333332806e-01 1.000009291496097144e-04
6.699999999999999289e-01 1.000009216627237388e-04
6.701666666666666883e-01 1.000008939680253298e-04
6.703333333333333366e-01 1.000009091213240574e-04
6.704999999999999849e-01 1.000009187367837852e-04
6.706666666666666332e-01 1.000009146725106430e-04
6.708333333333332815e-01 1.000009099978400260e-04
6.709999999999999298e-01 1.000008899115640133e-04
6.711666666666666892e-01 1.000009046437424218e-04
6.713333333333333375e-01 1.000009206485123731e-04
6.714999999999999858e-01 1.000009040919529592e-04
6.716666666666666341e-01 1.000009070540546874e-04
6.718333333333332824e-01 1.000009141169660868e-04
6.719999999999999307e-01 1.000009098628356729e-04
6.721666666666666901e-01 1.000009107728022466e-04
6.723333333333333384e-01 1.000009077597428266e-04
6.724999999999999867e-01 1.000009007386575075e-04
6.726666666666666350e-01 1.000009153165734354e-04
6.728333333333332833e-01 1.000008897890263589e-04
6.729999999999999316e-01 1.000008986805232456e-04
6.731666666666666909e-01 1.000009168306806751e-04
6.733333333333333393e-01 1.000009159553699056e-04
6.734999999999999876e-01 1.000008939553675540e-04
6.736666666666666359e-01 1.000009049248876190e-04
6.738333333333332842e-01 1.000008996971576134e-04
6.739999999999999325e-01 1.000008992341141372e-04
6.741666666666666918e-01 1.000008975723795310e-04
6.743333333333333401e-01 1.000008921198521582e-04
6.744999999999999885e-01 1.000009074145647304e-04
6.746666666666666368e-01 1.000009120891706476e-04
6.748333333333332851e-01 1.000009145679147321e-04
6.749999999999999334e-01 1.000008994329455129e-04
6.751666666666666927e-01 1.000009070074981110e-04
6.753333333333333410e-01 1.000009029647733243e-04
6.754999999999999893e-01 1.000008972908886766e-04
6.756666666666666377e-01 1.000009168261584543e-04
6.758333333333332860e-01 1.000008879450702595e-04
6.759999999999999343e-01 1.000008892005780151e-04
6.761666666666666936e-01 1.000008814970266630e-04
6.763333333333333419e-01 1.000009165858212174e-04
6.764999999999999902e-01 1.000008945327786656e-04
6.766666666666666385e-01 1.000009096760552858e-04
6.768333333333332869e-01 1.000009017087667815e-04
6.769999999999999352e-01 1.000009067614085175e-04
6.771666666666666945e-01 1.000008976593736229e-04
6.773333333333333428e-01 1.000008970502366552e-04
6.774999999999999911e-01 1.000008844187047670e-04
6.776666666666666394e-01 1.000009064187415962e-04
6.778333333333332877e-01 1.000008974817286826e-04
6.779999999999999361e-01 1.000008937381614453e-04
6.781666666666666954e-01 1.000009116691786442e-04
6.783333333333333437e-01 1.000008773206824018e-04
6.784999999999999920e-01 1.000008787001004795e-04
6.786666666666666403e-01 1.000009068846026969e-04
6.788333333333332886e-01 1.000008843845224068e-04
6.789999999999999369e-01 1.000009055380159415e-04
6.791666666666666963e-01 1.000008942529965816e-04
6.793333333333333446e-01 1.000008956215553174e-04
6.794999999999999929e-01 1.000009063111815849e-04
6.796666666666666412e-01 1.000008963521086712e-04
6.798333333333332895e-01 1.000008767994484940e-04
6.799999999999999378e-01 1.000008957047445916e-04
6.801666666666666972e-01 1.000008888969584453e-04
6.803333333333333455e-01 1.000008869162657900e-04
6.804999999999999938e-01 1.000009009820713036e-04
6.806666666666666421e-01 1.000009011246082597e-04
6.808333333333332904e-01 1.000008719260252009e-04
6.809999999999999387e-01 1.000009024627442826e-04
6.811666666666666980e-01 1.000008703560660589e-04
6.813333333333333464e-01 1.000008815366094884e-04
6.814999999999999947e-01 1.000008863852512673e-04
6.816666666666666430e-01 1.000009012188374225e-04
6.818333333333332913e-01 1.000008934367341729e-04
6.819999999999999396e-01 1.000008648038723443e-04
6.821666666666666989e-01 1.000008847473175008e-04
6.823333333333333472e-01 1.000008819438388060e-04
6.824999999999999956e-01 1.000008940858043260e-04
6.826666666666666439e-01 1.000008528094357724e-04
6.828333333333332922e-01 1.000008855851668897e-04
6.829999999999999405e-01 1.000008989738359287e-04
6.831666666666665888e-01 1.000009026329748792e-04
6.833333333333333481e-01 1.000008998893872278e-04
6.834999999999999964e-01 1.000008921794182798e-04
6.836666666666666448e-01 1.000008695112434068e-04
6.838333333333332931e-01 1.000008985167683852e-04
6.839999999999999414e-01 1.000009003087466941e-04
6.841666666666665897e-01 1.000008845447103234e-04
6.843333333333333490e-01 1.000008862861602709e-04
6.844999999999999973e-01 1.000008950483936685e-04
6.846666666666666456e-01 1.000008757642024406e-04
6.848333333333332940e-01 1.000008857753112445e-04
6.849999999999999423e-01 1.000008805600381256e-04
6.851666666666665906e-01 1.000008618833139095e-04
6.853333333333333499e-01 1.000008700683737036e-04
6.854999999999999982e-01 1.000008748168652883e-04
6.856666666666666465e-01 1.000009045309756245e-04
6.858333333333332948e-01 1.000008643739630623e-04
6.859999999999999432e-01 1.000008898731552705e-04
6.861666666666665915e-01 1.000008635830014058e-04
6.863333333333333508e-01 1.000008749085091575e-04
6.864999999999999991e-01 1.000008828635653134e-04
6.866666666666666474e-01 1.000008669328770127e-04
6.868333333333332957e-01 1.000008911174829230e-04
6.869999999999999440e-01 1.000008896844718781e-04
6.871666666666665924e-01 1.000008643987746631e-04
6.873333333333333517e-01 1.000008741639885963e-04
6.875000000000000000e-01 1.000008846533145026e-04
6.876666666666666483e-01 1.000008607995442794e-04
6.878333333333332966e-01 1.000008797580519490e-04
6.879999999999999449e-01 1.000008652724580451e-04
6.881666666666665932e-01 1.000008667918860476e-04
6.883333333333333526e-01 1.000008716936442868e-04
6.885000000000000009e-01 1.000009012277274059e-04
6.886666666666666492e-01 1.000008964848310091e-04
6.888333333333332975e-01 1.000008871004291977e-04
6.889999999999999458e-01 1.000008562590905731e-04
6.891666666666665941e-01 1.000008534099386149e-04
6.893333333333333535e-01 1.000008845106438508e-04
6.895000000000000018e-01 1.000008675502144385e-04
6.896666666666666501e-01 1.000008561705135595e-04
6.898333333333332984e-01 1.000008772118555139e-04
6.899999999999999467e-01 1.000008584463078044e-04
6.901666666666665950e-01 1.000008624773292249e-04
6.903333333333333544e-01 1.000008423166635397e-04
6.905000000000000027e-01 1.000008840812803291e-04
6.906666666666666510e-01 1.000008785468154749e-04
6.908333333333332993e-01 1.000008606104772015e-04
6.909999999999999476e-01 1.000008637718938594e-04
6.911666666666665959e-01 1.000008792725279880e-04
6.913333333333333552e-01 1.000008746760385527e-04
6.915000000000000036e-01 1.000008566805050091e-04
6.916666666666666519e-01 1.000008708708965873e-04
6.918333333333333002e-01 1.000008476501478721e-04
6.919999999999999485e-01 1.000008839872822234e-04
6.921666666666665968e-01 1.000008692603556089e-04
6.923333333333333561e-01 1.000008848174817664e-04
6.925000000000000044e-01 1.000008817799462655e-04
6.926666666666666528e-01 1.000008687362867157e-04
6.928333333333333011e-01 1.000008818169985088e-04
6.929999999999999494e-01 1.000008778979796044e-04
6.931666666666665977e-01 1.000008759269431247e-04
6.933333333333333570e-01 1.000008408366809536e-04
6.935000000000000053e-01 1.000008811886791450e-04
6.936666666666666536e-01 1.000008824968394308e-04
6.938333333333333020e-01 1.000008452928054421e-04
6.939999999999999503e-01 1.000008665456005795e-04
6.941666666666665986e-01 1.000008501851960119e-04
6.943333333333333579e-01 1.000008563484762253e-04
6.945000000000000062e-01 1.000008547370889728e-04
6.946666666666666545e-01 1.000008670939072053e-04
6.948333333333333028e-01 1.000008595850099741e-04
6.949999999999999512e-01 1.000008762334938758e-04
6.951666666666665995e-01 1.000008672559428327e-04
6.953333333333333588e-01 1.000008796349060030e-04
6.955000000000000071e-01 1.000008697534030927e-04
6.956666666666666554e-01 1.000008607518869397e-04
6.958333333333333037e-01 1.000008372125060459e-04
6.959999999999999520e-01 1.000008657671661743e-04
6.961666666666666003e-01 1.000008727903549404e-04
6.963333333333333597e-01 1.000008430285135929e-04
6.965000000000000080e-01 1.000008704912129574e-04
6.966666666666666563e-01 1.000008473516687894e-04
6.968333333333333046e-01 1.000008521628350117e-04
6.969999999999999529e-01 1.000008681092802394e-04
6.971666666666666012e-01 1.000008546977695001e-04
6.973333333333333606e-01 1.000008668034531431e-04
6.975000000000000089e-01 1.000008581784838063e-04
6.976666666666666572e-01 1.000008400422661674e-04
6.978333333333333055e-01 1.000008565821895561e-04
6.979999999999999538e-01 1.000008592481250623e-04
6.981666666666666021e-01 1.000008736470998048e-04
6.983333333333333615e-01 1.000008568193045441e-04
6.985000000000000098e-01 1.000008722728996805e-04
6.986666666666666581e-01 1.000008386540643851e-04
6.988333333333333064e-01 1.000008516985348910e-04
6.989999999999999547e-01 1.000008747772304348e-04
6.991666666666666030e-01 1.000008502141337609e-04
6.993333333333333623e-01 1.000008434078634783e-04
6.995000000000000107e-01 1.000008438737167186e-04
6.996666666666666590e-01 1.000008575693640096e-04
6.998333333333333073e-01 1.000008426039904782e-04
6.999999999999999556e-01 1.000008391365385125e-04
7.001666666666666039e-01 1.000008463010718291e-04
7.003333333333333632e-01 1.000008846071761978e-04
7.005000000000000115e-01 1.000008403091622511e-04
7.006666666666666599e-01 1.000008648838528137e-04
7.008333333333333082e-01 1.000008477093038400e-04
7.009999999999999565e-01 1.000008712026234615e-04
7.011666666666666048e-01 1.000008314011816831e-04
7.013333333333333641e-01 1.000008228074275568e-04
7.015000000000000124e-01 1.000008401983923509e-04
7.016666666666666607e-01 1.000008379833997166e-04
7.018333333333333091e-01 1.000008310817157938e-04
7.019999999999999574e-01 1.000008319460324010e-04
7.021666666666666057e-01 1.000008304202321628e-04
7.023333333333333650e-01 1.000008126483362830e-04
7.025000000000000133e-01 1.000008474002392984e-04
7.026666666666666616e-01 1.000008282467369195e-04
7.028333333333333099e-01 1.000008812606829493e-04
7.029999999999999583e-01 1.000008495335206023e-04
7.031666666666666066e-01 1.000008102206239007e-04
7.033333333333332549e-01 1.000008273230315256e-04
7.035000000000000142e-01 1.000008154584756790e-04
7.036666666666666625e-01 1.000008686365271460e-04
7.038333333333333108e-01 1.000008353746560376e-04
7.039999999999999591e-01 1.000008338531149793e-04
7.041666666666666075e-01 1.000008288404031218e-04
7.043333333333332558e-01 1.000008459435476111e-04
7.045000000000000151e-01 1.000008460668933892e-04
7.046666666666666634e-01 1.000008571197491498e-04
7.048333333333333117e-01 1.000008440349068039e-04
7.049999999999999600e-01 1.000008310218135832e-04
7.051666666666666083e-01 1.000007895082826890e-04
7.053333333333332567e-01 1.000008813303124322e-04
7.055000000000000160e-01 1.000008292998699777e-04
7.056666666666666643e-01 1.000008094762833713e-04
7.058333333333333126e-01 1.000008462332925915e-04
7.059999999999999609e-01 1.000008422675816667e-04
7.061666666666666092e-01 1.000008296811990199e-04
7.063333333333332575e-01 1.000008142675224185e-04
7.065000000000000169e-01 1.000008628227503992e-04
7.066666666666666652e-01 1.000008074219796227e-04
7.068333333333333135e-01 1.000008260149963296e-04
7.069999999999999618e-01 1.000008249983459969e-04
7.071666666666666101e-01 1.000008089321192516e-04
7.073333333333332584e-01 1.000008523408230478e-04
7.075000000000000178e-01 1.000008619495883964e-04
7.076666666666666661e-01 1.000008311378666244e-04
7.078333333333333144e-01 1.000008598341337073e-04
7.079999999999999627e-01 1.000008374164455723e-04
7.081666666666666110e-01 1.000008105387658843e-04
7.083333333333332593e-01 1.000008670442296716e-04
7.085000000000000187e-01 1.000008065328271829e-04
7.086666666666666670e-01 1.000008022687266763e-04
7.088333333333333153e-01 1.000008510837103207e-04
7.089999999999999636e-01 1.000008448224083782e-04
7.091666666666666119e-01 1.000008474858595571e-04
7.093333333333332602e-01 1.000008503155263965e-04
7.095000000000000195e-01 1.000008142157538383e-04
7.096666666666666679e-01 1.000008319628255406e-04
7.098333333333333162e-01 1.000008074867126859e-04
7.099999999999999645e-01 1.000008629961148687e-04
7.101666666666666128e-01 1.000008627937045688e-04
7.103333333333332611e-01 1.000008389815301957e-04
7.105000000000000204e-01 1.000008623842372547e-04
7.106666666666666687e-01 1.000008576501479134e-04
7.108333333333333171e-01 1.000008042639693247e-04
7.109999999999999654e-01 1.000008111157730221e-04
7.111666666666666137e-01 1.000008205295417504e-04
7.113333333333332620e-01 1.000008144565569569e-04
7.115000000000000213e-01 1.000008463743890766e-04
7.116666666666666696e-01 1.000008396980731502e-04
7.118333333333333179e-01 1.000008135396150195e-04
7.119999999999999662e-01 1.000008371617875291e-04
7.121666666666666146e-01 1.000008528885733966e-04
7.123333333333332629e-01 1.000008002487955518e-04
7.125000000000000222e-01 1.000008175649415055e-04
7.126666666666666705e-01 1.000008307186205927e-04
7.128333333333333188e-01 1.000008139328058162e-04
7.129999999999999671e-01 1.000007875527902126e-04
7.131666666666666154e-01 1.000007969992502521e-04
7.133333333333332638e-01 1.000008109048393075e-04
7.135000000000000231e-01 1.000008446817017994e-04
7.136666666666666714e-01 1.000008359682024627e-04
7.138333333333333197e-01 1.000008398037843934e-04
7.139999999999999680e-01 1.000008248211009781e-04
7.141666666666666163e-01 1.000007862900617383e-04
7.143333333333332646e-01 1.000008197821101471e-04
7.145000000000000240e-01 1.000007951902383003e-04
7.146666666666666723e-01 1.000007956719632305e-04
7.148333333333333206e-01 1.000008564530787092e-04
7.149999999999999689e-01 1.000008244891821188e-04
7.151666666666666172e-01 1.000008086703450339e-04
7.153333333333332655e-01 1.000007909478488880e-04
7.155000000000000249e-01 1.000007972573063204e-04
7.156666666666666732e-01 1.000008222114558663e-04
7.158333333333333215e-01 1.000007818256096014e-04
7.159999999999999698e-01 1.000008140936695295e-04
7.161666666666666181e-01 1.000008560778842590e-04
7.163333333333332664e-01 1.000007785759475466e-04
7.165000000000000258e-01 1.000007793512949571e-04
7.166666666666666741e-01 1.000008319697285068e-04
7.168333333333333224e-01 1.000008087908145862e-04
7.169999999999999707e-01 1.000008425467210763e-04
7.171666666666666190e-01 1.000007842214923557e-04
7.173333333333332673e-01 1.000007903893926391e-04
7.175000000000000266e-01 1.000007916176492577e-04
7.176666666666666750e-01 1.000007574436172182e-04
7.178333333333333233e-01 1.000007970859535745e-04
7.179999999999999716e-01 1.000008209696507999e-04
7.181666666666666199e-01 1.000008243646184023e-04
7.183333333333332682e-01 1.000007851936908737e-04
7.185000000000000275e-01 1.000008284607276370e-04
7.186666666666666758e-01 1.000008298965710787e-04
7.188333333333333242e-01 1.000008033514929043e-04
7.189999999999999725e-01 1.000007796942543826e-04
7.191666666666666208e-01 1.000008031122448705e-04
7.193333333333332691e-01 1.000007549266263707e-04
7.195000000000000284e-01 1.000007920402485641e-04
7.196666666666666767e-01 1.000007688084318251e-04
7.198333333333333250e-01 1.000007811312051336e-04
7.199999999999999734e-01 1.000008375971060584e-04
7.201666666666666217e-01 1.000008300507648887e-04
7.203333333333332700e-01 1.000008277549544285e-04
7.205000000000000293e-01 1.000007944091794619e-04
7.206666666666666776e-01 1.000007723103711236e-04
7.208333333333333259e-01 1.000008177312597044e-04
7.209999999999999742e-01 1.000007881509108732e-04
7.211666666666666226e-01 1.000007847310877191e-04
7.213333333333332709e-01 1.000008104700082084e-04
7.215000000000000302e-01 1.000007470174198507e-04
7.216666666666666785e-01 1.000007821894061322e-04
7.218333333333333268e-01 1.000007923739803991e-04
7.219999999999999751e-01 1.000007833645204594e-04
7.221666666666666234e-01 1.000008163669051793e-04
7.223333333333332718e-01 1.000008046012868467e-04
7.225000000000000311e-01 1.000008334442261819e-04
7.226666666666666794e-01 1.000007916166081119e-04
7.228333333333333277e-01 1.000008149743458259e-04
7.229999999999999760e-01 1.000008058855378590e-04
7.231666666666666243e-01 1.000007992473924356e-04
7.233333333333332726e-01 1.000007612259886340e-04
7.234999999999999210e-01 1.000007926545040367e-04
7.236666666666666803e-01 1.000007727161118451e-04
7.238333333333333286e-01 1.000007991202443469e-04
7.239999999999999769e-01 1.000008250429380261e-04
7.241666666666666252e-01 1.000007556474512190e-04
7.243333333333332735e-01 1.000008057157090405e-04
7.244999999999999218e-01 1.000008169415747908e-04
7.246666666666666812e-01 1.000007873901178062e-04
7.248333333333333295e-01 1.000007832003655826e-04
7.249999999999999778e-01 1.000008076991215931e-04
7.251666666666666261e-01 1.000007898917405080e-04
7.253333333333332744e-01 1.000008123596232327e-04
7.254999999999999227e-01 1.000007774708682617e-04
7.256666666666666821e-01 1.000008263431229343e-04
7.258333333333333304e-01 1.000007894896112775e-04
7.259999999999999787e-01 1.000007708672561818e-04
7.261666666666666270e-01 1.000007285852428014e-04
7.263333333333332753e-01 1.000007610101743969e-04
7.264999999999999236e-01 1.000008209895019725e-04
7.266666666666666829e-01 1.000007715926108404e-04
7.268333333333333313e-01 1.000007901121162005e-04
7.269999999999999796e-01 1.000007739829679448e-04
7.271666666666666279e-01 1.000007872062047814e-04
7.273333333333332762e-01 1.000007959479057615e-04
7.274999999999999245e-01 1.000007607838303340e-04
7.276666666666666838e-01 1.000007937277953542e-04
7.278333333333333321e-01 1.000007887624198991e-04
7.279999999999999805e-01 1.000007625331354890e-04
7.281666666666666288e-01 1.000007737792467225e-04
7.283333333333332771e-01 1.000007487109484281e-04
7.284999999999999254e-01 1.000008123321000287e-04
7.286666666666666847e-01 1.000007800278941960e-04
7.288333333333333330e-01 1.000007866684875853e-04
7.289999999999999813e-01 1.000007854299167211e-04
7.291666666666666297e-01 1.000007449448349491e-04
7.293333333333332780e-01 1.000008217875064979e-04
7.294999999999999263e-01 1.000007545551008877e-04
7.296666666666666856e-01 1.000007846667993685e-04
7.298333333333333339e-01 1.000007797965503891e-04
7.299999999999999822e-01 1.000007590563597911e-04
7.301666666666666305e-01 1.000008078227882950e-04
7.303333333333332789e-01 1.000007702562734954e-04
7.304999999999999272e-01 1.000007685655150003e-04
7.306666666666666865e-01 1.000007902921139138e-04
7.308333333333333348e-01 1.000007532607856333e-04
7.309999999999999831e-01 1.000007561667189262e-04
7.311666666666666314e-01 1.000007862229293899e-04
7.313333333333332797e-01 1.000007538544094840e-04
7.314999999999999281e-01 1.000007549611881745e-04
7.316666666666666874e-01 1.000007609710786629e-04
7.318333333333333357e-01 1.000008089192779882e-04
7.319999999999999840e-01 1.000008148210982533e-04
7.321666666666666323e-01 1.000008030502794502e-04
7.323333333333332806e-01 1.000007713433053949e-04
7.324999999999999289e-01 1.000007598591184617e-04
7.326666666666666883e-01 1.000007322972234076e-04
7.328333333333333366e-01 1.000007123741892244e-04
7.329999999999999849e-01 1.000007511010119984e-04
7.331666666666666332e-01 1.000007483792159839e-04
7.333333333333332815e-01 1.000007734715739713e-04
7.334999999999999298e-01 1.000007792255369648e-04
7.336666666666666892e-01 1.000007346023438576e-04
7.338333333333333375e-01 1.000007453683208618e-04
7.339999999999999858e-01 1.000007619043446599e-04
7.341666666666666341e-01 1.000007265343979830e-04
7.343333333333332824e-01 1.000007614671804526e-04
7.344999999999999307e-01 1.000008062315149715e-04
7.346666666666666901e-01 1.000007663192454101e-04
7.348333333333333384e-01 1.000007766005284236e-04
7.349999999999999867e-01 1.000007478289419919e-04
7.351666666666666350e-01 1.000007731093552663e-04
7.353333333333332833e-01 1.000007867088570265e-04
7.354999999999999316e-01 1.000007758404628563e-04
7.356666666666666909e-01 1.000007757299665139e-04
7.358333333333333393e-01 1.000007862518406438e-04
7.359999999999999876e-01 1.000007974142606176e-04
7.361666666666666359e-01 1.000007357560068246e-04
7.363333333333332842e-01 1.000007340092470918e-04
7.364999999999999325e-01 1.000007608066348327e-04
7.366666666666666918e-01 1.000007640624724081e-04
7.368333333333333401e-01 1.000007541747007086e-04
7.369999999999999885e-01 1.000007292083890842e-04
7.371666666666666368e-01 1.000007798018323781e-04
7.373333333333332851e-01 1.000007420585742471e-04
7.374999999999999334e-01 1.000007409824741142e-04
7.376666666666666927e-01 1.000007350113026131e-04
7.378333333333333410e-01 1.000007741702993506e-04
7.379999999999999893e-01 1.000007376426375417e-04
7.381666666666666377e-01 1.000007209997606458e-04
7.383333333333332860e-01 1.000007538771427641e-04
7.384999999999999343e-01 1.000007600184044440e-04
7.386666666666666936e-01 1.000007718541796154e-04
7.388333333333333419e-01 1.000007152660775997e-04
7.389999999999999902e-01 1.000007443617883173e-04
7.391666666666666385e-01 1.000007723614640154e-04
7.393333333333332869e-01 1.000007282704593780e-04
7.394999999999999352e-01 1.000007686630385926e-04
7.396666666666666945e-01 1.000007646654809366e-04
7.398333333333333428e-01 1.000007954068564463e-04
7.399999999999999911e-01 1.000007400703383501e-04
7.401666666666666394e-01 1.000007128077323048e-04
7.403333333333332877e-01 1.000007299358843374e-04
7.404999999999999361e-01 1.000007576208735398e-04
7.406666666666666954e-01 1.000007753474070241e-04
7.408333333333333437e-01 1.000007195205624257e-04
7.409999999999999920e-01 1.000007575666576578e-04
7.411666666666666403e-01 1.000006862905232084e-04
7.413333333333332886e-01 1.000007176789243640e-04
7.414999999999999369e-01 1.000007596902792624e-04
7.416666666666666963e-01 1.000006834508671808e-04
7.418333333333333446e-01 1.000007427127409094e-04
7.419999999999999929e-01 1.000007346093164295e-04
7.421666666666666412e-01 1.000007336651006817e-04
7.423333333333332895e-01 1.000007905625042862e-04
7.424999999999999378e-01 1.000007073680918404e-04
7.426666666666666972e-01 1.000007440814067779e-04
7.428333333333333455e-01 1.000007445343012002e-04
7.429999999999999938e-01 1.000007649995053843e-04
7.431666666666666421e-01 1.000007106402776532e-04
7.433333333333332904e-01 1.000007513495102825e-04
7.434999999999999387e-01 1.000007393445348183e-04
7.436666666666665870e-01 1.000006909421973010e-04
7.438333333333333464e-01 1.000007234180487091e-04
7.439999999999999947e-01 1.000007360164422424e-04
7.441666666666666430e-01 1.000007453828094485e-04
7.443333333333332913e-01 1.000007334684317880e-04
7.444999999999999396e-01 1.000007218518894110e-04
7.446666666666665879e-01 1.000007745342210256e-04
7.448333333333333472e-01 1.000006805919486481e-04
7.449999999999999956e-01 1.000007309378494634e-04
7.451666666666666439e-01 1.000007093867113920e-04
7.453333333333332922e-01 1.000007300903400906e-04
7.454999999999999405e-01 1.000007486913463646e-04
7.456666666666665888e-01 1.000007310272237721e-04
7.458333333333333481e-01 1.000007151189258726e-04
7.459999999999999964e-01 1.000007376730642256e-04
7.461666666666666448e-01 1.000007308187387959e-04
7.463333333333332931e-01 1.000007505000943537e-04
7.464999999999999414e-01 1.000007257224855560e-04
7.466666666666665897e-01 1.000006913831206405e-04
7.468333333333333490e-01 1.000007090164639937e-04
7.469999999999999973e-01 1.000006939806566913e-04
7.471666666666666456e-01 1.000006997532691954e-04
7.473333333333332940e-01 1.000007268659451506e-04
7.474999999999999423e-01 1.000007176426672746e-04
7.476666666666665906e-01 1.000007227658462281e-04
7.478333333333333499e-01 1.000007403005513207e-04
7.479999999999999982e-01 1.000007357556906306e-04
7.481666666666666465e-01 1.000007548805261485e-04
7.483333333333332948e-01 1.000007028383162108e-04
7.484999999999999432e-01 1.000007256798567595e-04
7.486666666666665915e-01 1.000007152497780566e-04
7.488333333333333508e-01 1.000006857269373416e-04
7.489999999999999991e-01 1.000007162404046641e-04
7.491666666666666474e-01 1.000007175437580176e-04
7.493333333333332957e-01 1.000007006921093062e-04
7.494999999999999440e-01 1.000007244247630878e-04
7.496666666666665924e-01 1.000006595394131194e-04
7.498333333333333517e-01 1.000006973044736752e-04
7.500000000000000000e-01 1.000007422260321051e-04
7.501666666666666483e-01 1.000007131145603135e-04
7.503333333333332966e-01 1.000006739710969811e-04
7.504999999999999449e-01 1.000007336857136690e-04
7.506666666666665932e-01 1.000007392140078000e-04
7.508333333333333526e-01 1.000006279468134622e-04
7.510000000000000009e-01 1.000007118438444133e-04
7.511666666666666492e-01 1.000007165122276064e-04
7.513333333333332975e-01 1.000006873726395386e-04
7.514999999999999458e-01 1.000006645840225707e-04
7.516666666666665941e-01 1.000006725201167083e-04
7.518333333333333535e-01 1.000007250311936565e-04
7.520000000000000018e-01 1.000007294185005670e-04
7.521666666666666501e-01 1.000007419547676896e-04
7.523333333333332984e-01 1.000007235443399798e-04
7.524999999999999467e-01 1.000006877089036362e-04
7.526666666666665950e-01 1.000007170298595642e-04
7.528333333333333544e-01 1.000007012138492247e-04
7.530000000000000027e-01 1.000006717057500406e-04
7.531666666666666510e-01 1.000006980969203092e-04
7.533333333333332993e-01 1.000007570769073954e-04
7.534999999999999476e-01 1.000007432855013357e-04
7.536666666666665959e-01 1.000007365089432477e-04
7.538333333333333552e-01 1.000007772347609854e-04
7.540000000000000036e-01 1.000006907144444530e-04
7.541666666666666519e-01 1.000006840016103206e-04
7.543333333333333002e-01 1.000006808398791220e-04
7.544999999999999485e-01 1.000006579187981951e-04
7.546666666666665968e-01 1.000006897628744670e-04
7.548333333333333561e-01 1.000006713404835484e-04
7.550000000000000044e-01 1.000006474151309097e-04
7.551666666666666528e-01 1.000006875781748751e-04
7.553333333333333011e-01 1.000007313584383878e-04
7.554999999999999494e-01 1.000006867143395859e-04
7.556666666666665977e-01 1.000007102201426571e-04
7.558333333333333570e-01 1.000007231528938405e-04
7.560000000000000053e-01 1.000006461324683620e-04
7.561666666666666536e-01 1.000007258397815808e-04
7.563333333333333020e-01 1.000006479260762810e-04
7.564999999999999503e-01 1.000007039613006474e-04
7.566666666666665986e-01 1.000006693747631424e-04
7.568333333333333579e-01 1.000007329683037457e-04
7.570000000000000062e-01 1.000006695140598519e-04
7.571666666666666545e-01 1.000007179646384434e-04
7.573333333333333028e-01 1.000006803866040634e-04
7.574999999999999512e-01 1.000006365661978297e-04
7.576666666666665995e-01 1.000006796082888663e-04
7.578333333333333588e-01 1.000006859008905599e-04
7.580000000000000071e-01 1.000006367381133714e-04
7.581666666666666554e-01 1.000006651807106614e-04
7.583333333333333037e-01 1.000007426564956313e-04
7.584999999999999520e-01 1.000006684368730231e-04
7.586666666666666003e-01 1.000006573037679787e-04
7.588333333333333597e-01 1.000006652283767967e-04
7.590000000000000080e-01 1.000006282871915785e-04
7.591666666666666563e-01 1.000007061782218334e-04
7.593333333333333046e-01 1.000006108613809604e-04
7.594999999999999529e-01 1.000006339066171848e-04
7.596666666666666012e-01 1.000007095810193000e-04
7.598333333333333606e-01 1.000006984873982966e-04
7.600000000000000089e-01 1.000006797548242651e-04
7.601666666666666572e-01 1.000006886090909367e-04
7.603333333333333055e-01 1.000006196899883883e-04
7.604999999999999538e-01 1.000006400952490807e-04
7.606666666666666021e-01 1.000006735684935477e-04
7.608333333333333615e-01 1.000007076513228799e-04
7.610000000000000098e-01 1.000006072225256842e-04
7.611666666666666581e-01 1.000007195931367778e-04
7.613333333333333064e-01 1.000007041057283030e-04
7.614999999999999547e-01 1.000006615934778285e-04
7.616666666666666030e-01 1.000007090033508395e-04
7.618333333333333623e-01 1.000006778343278833e-04
7.620000000000000107e-01 1.000006787858837882e-04
7.621666666666666590e-01 1.000006362588101152e-04
7.623333333333333073e-01 1.000006430293905088e-04
7.624999999999999556e-01 1.000006785823321216e-04
7.626666666666666039e-01 1.000005923398066579e-04
7.628333333333333632e-01 1.000006393682089756e-04
7.630000000000000115e-01 1.000006579090715329e-04
7.631666666666666599e-01 1.000006751312941365e-04
7.633333333333333082e-01 1.000006228353912582e-04
7.634999999999999565e-01 1.000006284917966424e-04
7.636666666666666048e-01 1.000006263675990825e-04
7.638333333333332531e-01 1.000006089375482852e-04
7.640000000000000124e-01 1.000006591116306490e-04
7.641666666666666607e-01 1.000007104997639810e-04
7.643333333333333091e-01 1.000005760205665905e-04
7.644999999999999574e-01 1.000006264985841490e-04
7.646666666666666057e-01 1.000006401582848931e-04
7.648333333333332540e-01 1.000006943193356188e-04
7.650000000000000133e-01 1.000006415276533518e-04
7.651666666666666616e-01 1.000006587472678123e-04
7.653333333333333099e-01 1.000006542651826449e-04
7.654999999999999583e-01 1.000006286130415077e-04
7.656666666666666066e-01 1.000007117278524534e-04
7.658333333333332549e-01 1.000007189948081402e-04
7.660000000000000142e-01 1.000006775828083479e-04
7.661666666666666625e-01 1.000006560974549074e-04
7.663333333333333108e-01 1.000006315568806363e-04
7.664999999999999591e-01 1.000005964358352550e-04
7.666666666666666075e-01 1.000006119401976431e-04
7.668333333333332558e-01 1.000006470312066669e-04
7.670000000000000151e-01 1.000006811935694791e-04
7.671666666666666634e-01 1.000006957213965406e-04
7.673333333333333117e-01 1.000006886797571607e-04
7.674999999999999600e-01 1.000007082844876652e-04
7.676666666666666083e-01 1.000006225381219825e-04
7.678333333333332567e-01 1.000005855483500193e-04
7.680000000000000160e-01 1.000005953802410850e-04
7.681666666666666643e-01 1.000006729552043567e-04
7.683333333333333126e-01 1.000006497722203818e-04
7.684999999999999609e-01 1.000006929290215939e-04
7.686666666666666092e-01 1.000006970653980701e-04
7.688333333333332575e-01 1.000006336091630390e-04
7.690000000000000169e-01 1.000006170407076369e-04
7.691666666666666652e-01 1.000006577579727813e-04
7.693333333333333135e-01 1.000006163637694629e-04
7.694999999999999618e-01 1.000006704792984018e-04
7.696666666666666101e-01 1.000006354897522428e-04
7.698333333333332584e-01 1.000006202852025332e-04
7.700000000000000178e-01 1.000006124072503363e-04
7.701666666666666661e-01 1.000006513576670266e-04
7.703333333333333144e-01 1.000006769938610270e-04
7.704999999999999627e-01 1.000005920125163661e-04
7.706666666666666110e-01 1.000006427659629233e-04
7.708333333333332593e-01 1.000006050120946273e-04
7.710000000000000187e-01 1.000006223351331252e-04
7.711666666666666670e-01 1.000006469253583805e-04
7.713333333333333153e-01 1.000006105832848920e-04
7.714999999999999636e-01 1.000006277893038232e-04
7.716666666666666119e-01 1.000005454990125970e-04
7.718333333333332602e-01 1.000006181216350309e-04
7.720000000000000195e-01 1.000005421604676617e-04
7.721666666666666679e-01 1.000006190517559336e-04
7.723333333333333162e-01 1.000006220868194807e-04
7.724999999999999645e-01 1.000006205284311339e-04
7.726666666666666128e-01 1.000006675255758352e-04
7.728333333333332611e-01 1.000006924121937346e-04
7.730000000000000204e-01 1.000006641495237389e-04
7.731666666666666687e-01 1.000006352293797494e-04
7.733333333333333171e-01 1.000006278875129702e-04
7.734999999999999654e-01 1.000005578106499701e-04
7.736666666666666137e-01 1.000005047850318398e-04
7.738333333333332620e-01 1.000005566537935940e-04
7.740000000000000213e-01 1.000006613312376207e-04
7.741666666666666696e-01 1.000006279550659212e-04
7.743333333333333179e-01 1.000005604822014132e-04
7.744999999999999662e-01 1.000005733930352600e-04
7.746666666666666146e-01 1.000005743174001198e-04
7.748333333333332629e-01 1.000005346831091805e-04
7.750000000000000222e-01 1.000006141881719650e-04
7.751666666666666705e-01 1.000006244368647828e-04
7.753333333333333188e-01 1.000006062453010354e-04
7.754999999999999671e-01 1.000005545548047239e-04
7.756666666666666154e-01 1.000006841473009633e-04
7.758333333333332638e-01 1.000006357849996577e-04
7.760000000000000231e-01 1.000005821559529111e-04
7.761666666666666714e-01 1.000007082810843410e-04
7.763333333333333197e-01 1.000005756680064464e-04
7.764999999999999680e-01 1.000006399861819335e-04
7.766666666666666163e-01 1.000006317758863987e-04
7.768333333333332646e-01 1.000005249315073514e-04
7.770000000000000240e-01 1.000005268352469685e-04
7.771666666666666723e-01 1.000005840870655974e-04
7.773333333333333206e-01 1.000006130308608339e-04
7.774999999999999689e-01 1.000006457686811146e-04
7.776666666666666172e-01 1.000005664168482572e-04
7.778333333333332655e-01 1.000005711769251792e-04
7.780000000000000249e-01 1.000006079632142277e-04
7.781666666666666732e-01 1.000005335976100990e-04
7.783333333333333215e-01 1.000005765092514616e-04
7.784999999999999698e-01 1.000005941772040118e-04
7.786666666666666181e-01 1.000006348173040481e-04
7.788333333333332664e-01 1.000006035928099207e-04
7.790000000000000258e-01 1.000005648333458037e-04
7.791666666666666741e-01 1.000005605072573932e-04
7.793333333333333224e-01 1.000006338972323579e-04
7.794999999999999707e-01 1.000005737512072346e-04
7.796666666666666190e-01 1.000006344784058000e-04
7.798333333333332673e-01 1.000006419874890126e-04
7.800000000000000266e-01 1.000006234473566384e-04
7.801666666666666750e-01 1.000006158932057436e-04
7.803333333333333233e-01 1.000005826959555512e-04
7.804999999999999716e-01 1.000004822933767221e-04
7.806666666666666199e-01 1.000005108870321468e-04
7.808333333333332682e-01 1.000005736401801752e-04
7.810000000000000275e-01 1.000006556278475628e-04
7.811666666666666758e-01 1.000006080816093624e-04
7.813333333333333242e-01 1.000005591290703050e-04
7.814999999999999725e-01 1.000005990799397406e-04
7.816666666666666208e-01 1.000005643663468328e-04
7.818333333333332691e-01 1.000005929821935719e-04
7.820000000000000284e-01 1.000005535871849137e-04
7.821666666666666767e-01 1.000006150884565997e-04
7.823333333333333250e-01 1.000005774145843991e-04
7.824999999999999734e-01 1.000005413987459213e-04
7.826666666666666217e-01 1.000005868271822433e-04
7.828333333333332700e-01 1.000006244534713313e-04
7.830000000000000293e-01 1.000006337623203111e-04
7.831666666666666776e-01 1.000005985144139650e-04
7.833333333333333259e-01 1.000006096766326296e-04
7.834999999999999742e-01 1.000006306198955412e-04
7.836666666666666226e-01 1.000006352385902230e-04
7.838333333333332709e-01 1.000004971255702332e-04
7.839999999999999192e-01 1.000005871053812295e-04
7.841666666666666785e-01 1.000005620540210191e-04
7.843333333333333268e-01 1.000005698316888247e-04
7.844999999999999751e-01 1.000005106684943802e-04
7.846666666666666234e-01 1.000004909879348978e-04
7.848333333333332718e-01 1.000005218451222814e-04
7.849999999999999201e-01 1.000004817660587461e-04
7.851666666666666794e-01 1.000004988783490228e-04
7.853333333333333277e-01 1.000005779896143723e-04
7.854999999999999760e-01 1.000005505988353557e-04
7.856666666666666243e-01 1.000004649218482714e-04
7.858333333333332726e-01 1.000005964148134558e-04
7.859999999999999210e-01 1.000005276322799133e-04
7.861666666666666803e-01 1.000005557345154991e-04
7.863333333333333286e-01 1.000005480668831416e-04
7.864999999999999769e-01 1.000004420202169422e-04
7.866666666666666252e-01 1.000005607348699048e-04
7.868333333333332735e-01 1.000005554965201931e-04
7.869999999999999218e-01 1.000004745210041193e-04
7.871666666666666812e-01 1.000005883313334035e-04
7.873333333333333295e-01 1.000005103952907878e-04
7.874999999999999778e-01 1.000005378731441409e-04
7.876666666666666261e-01 1.000006130888761940e-04
7.878333333333332744e-01 1.000005458373599891e-04
7.879999999999999227e-01 1.000005007497536247e-04
7.881666666666666821e-01 1.000004734245521699e-04
7.883333333333333304e-01 1.000006327688913663e-04
7.884999999999999787e-01 1.000006251353007479e-04
7.886666666666666270e-01 1.000004721023604919e-04
7.888333333333332753e-01 1.000005339711479831e-04
7.889999999999999236e-01 1.000005679191949662e-04
7.891666666666666829e-01 1.000004952235476806e-04
7.893333333333333313e-01 1.000005962735150516e-04
7.894999999999999796e-01 1.000005910859044566e-04
7.896666666666666279e-01 1.000006232449375022e-04
7.898333333333332762e-01 1.000005768669360196e-04
7.899999999999999245e-01 1.000005051008849235e-04
7.901666666666666838e-01 1.000005942820499127e-04
7.903333333333333321e-01 1.000005210190232452e-04
7.904999999999999805e-01 1.000005614251362845e-04
7.906666666666666288e-01 1.000005624559864538e-04
7.908333333333332771e-01 1.000005723274100515e-04
7.909999999999999254e-01 1.000006020945190088e-04
7.911666666666666847e-01 1.000005253501668704e-04
7.913333333333333330e-01 1.000006119601943563e-04
7.914999999999999813e-01 1.000006085786649384e-04
7.916666666666666297e-01 1.000005262606905342e-04
7.918333333333332780e-01 1.000005401608975288e-04
7.919999999999999263e-01 1.000005077583516181e-04
7.921666666666666856e-01 1.000005094964648793e-04
7.923333333333333339e-01 1.000005501828585730e-04
7.924999999999999822e-01 1.000004928869180386e-04
7.926666666666666305e-01 1.000005660377819314e-04
7.928333333333332789e-01 1.000004840619379717e-04
7.929999999999999272e-01 1.000005385293343987e-04
7.931666666666666865e-01 1.000004340001616328e-04
7.933333333333333348e-01 1.000004557968772967e-04
7.934999999999999831e-01 1.000004831026545649e-04
7.936666666666666314e-01 1.000005164491370955e-04
7.938333333333332797e-01 1.000005879383733114e-04
7.939999999999999281e-01 1.000004863182997358e-04
7.941666666666666874e-01 1.000005725471647536e-04
7.943333333333333357e-01 1.000004755493680097e-04
7.944999999999999840e-01 1.000005085989652483e-04
7.946666666666666323e-01 1.000004604438929927e-04
7.948333333333332806e-01 1.000005378091823791e-04
7.949999999999999289e-01 1.000004873488969065e-04
7.951666666666666883e-01 1.000005585391117760e-04
7.953333333333333366e-01 1.000005815644655079e-04
7.954999999999999849e-01 1.000005681372410335e-04
7.956666666666666332e-01 1.000004073069087730e-04
7.958333333333332815e-01 1.000005919036558679e-04
7.959999999999999298e-01 1.000004871080045310e-04
7.961666666666666892e-01 1.000005492465884686e-04
7.963333333333333375e-01 1.000004549279999796e-04
7.964999999999999858e-01 1.000005700436361057e-04
7.966666666666666341e-01 1.000005248322384917e-04
7.968333333333332824e-01 1.000004572877091416e-04
7.969999999999999307e-01 1.000004471962891053e-04
7.971666666666666901e-01 1.000005273171978600e-04
7.973333333333333384e-01 1.000005383585421447e-04
7.974999999999999867e-01 1.000005130795414096e-04
7.976666666666666350e-01 1.000004358980514235e-04
7.978333333333332833e-01 1.000004714452303257e-04
7.979999999999999316e-01 1.000004666766755255e-04
7.981666666666666909e-01 1.000004753985429649e-04
7.983333333333333393e-01 1.000004708480491670e-04
7.984999999999999876e-01 1.000005489252230842e-04
7.986666666666666359e-01 1.000004457606599426e-04
7.988333333333332842e-01 1.000005321789053863e-04
7.989999999999999325e-01 1.000005492437032846e-04
7.991666666666666918e-01 1.000004820300804065e-04
7.993333333333333401e-01 1.000005576528334206e-04
7.994999999999999885e-01 1.000004806721527744e-04
7.996666666666666368e-01 1.000004262426648665e-04
7.998333333333332851e-01 1.000005428817399468e-04
7.999999999999999334e-01 1.000004818750562061e-04
8.001666666666666927e-01 1.000004134440913862e-04
8.003333333333333410e-01 1.000004693352568477e-04
8.004999999999999893e-01 1.000006135766428543e-04
8.006666666666666377e-01 1.000004708166714345e-04
8.008333333333332860e-01 1.000004385171443679e-04
8.009999999999999343e-01 1.000004323647882775e-04
8.011666666666666936e-01 1.000004584815664241e-04
8.013333333333333419e-01 1.000005377888879576e-04
8.014999999999999902e-01 1.000004751484773039e-04
8.016666666666666385e-01 1.000005200364096372e-04
8.018333333333332869e-01 1.000005986628798264e-04
8.019999999999999352e-01 1.000005208227608731e-04
8.021666666666666945e-01 1.000004412809136974e-04
8.023333333333333428e-01 1.000004756699617302e-04
8.024999999999999911e-01 1.000004926496099407e-04
8.026666666666666394e-01 1.000004927515019734e-04
8.028333333333332877e-01 1.000005718756667944e-04
8.029999999999999361e-01 1.000004444485921108e-04
8.031666666666665844e-01 1.000004602478870615e-04
8.033333333333333437e-01 1.000004402490639344e-04
8.034999999999999920e-01 1.000004264204683985e-04
8.036666666666666403e-01 1.000004725682563956e-04
8.038333333333332886e-01 1.000004151245571029e-04
8.039999999999999369e-01 1.000005190220625836e-04
8.041666666666665853e-01 1.000004355464510151e-04
8.043333333333333446e-01 1.000003931268610797e-04
8.044999999999999929e-01 1.000004919392993597e-04
8.046666666666666412e-01 1.000005052750854891e-04
8.048333333333332895e-01 1.000004336658631259e-04
8.049999999999999378e-01 1.000005897285169876e-04
8.051666666666665861e-01 1.000004816961472893e-04
8.053333333333333455e-01 1.000004810504706890e-04
8.054999999999999938e-01 1.000004867072548664e-04
8.056666666666666421e-01 1.000004732180583445e-04
8.058333333333332904e-01 1.000004726849295462e-04
8.059999999999999387e-01 1.000003902711268217e-04
8.061666666666665870e-01 1.000004172450644316e-04
8.063333333333333464e-01 1.000003795154033207e-04
8.064999999999999947e-01 1.000004726265353523e-04
8.066666666666666430e-01 1.000004698697801739e-04
8.068333333333332913e-01 1.000004881921032570e-04
8.069999999999999396e-01 1.000004699174873463e-04
8.071666666666665879e-01 1.000004099872564702e-04
8.073333333333333472e-01 1.000003993682909787e-04
8.074999999999999956e-01 1.000004218212756000e-04
8.076666666666666439e-01 1.000004729447053761e-04
8.078333333333332922e-01 1.000004684253069165e-04
8.079999999999999405e-01 1.000004087947238524e-04
8.081666666666665888e-01 1.000004902545191011e-04
8.083333333333333481e-01 1.000004440021392589e-04
8.084999999999999964e-01 1.000004915620613782e-04
8.086666666666666448e-01 1.000004489766491037e-04
8.088333333333332931e-01 1.000004486494848234e-04
8.089999999999999414e-01 1.000004013341464763e-04
8.091666666666665897e-01 1.000004927087287204e-04
8.093333333333333490e-01 1.000003530119732414e-04
8.094999999999999973e-01 1.000005270342373831e-04
8.096666666666666456e-01 1.000004388208753124e-04
8.098333333333332940e-01 1.000004065790913898e-04
8.099999999999999423e-01 1.000004673440826544e-04
8.101666666666665906e-01 1.000004154541052727e-04
8.103333333333333499e-01 1.000004849286175433e-04
8.104999999999999982e-01 1.000003783562969134e-04
8.106666666666666465e-01 1.000004517622431384e-04
8.108333333333332948e-01 1.000005254647975196e-04
8.109999999999999432e-01 1.000003405277038993e-04
8.111666666666665915e-01 1.000005061964712053e-04
8.113333333333333508e-01 1.000004675633901096e-04
8.114999999999999991e-01 1.000003830121281217e-04
8.116666666666666474e-01 1.000004332876312427e-04
8.118333333333332957e-01 1.000004548220286498e-04
8.119999999999999440e-01 1.000004376234957417e-04
8.121666666666665924e-01 1.000004614782735952e-04
8.123333333333333517e-01 1.000004532537280796e-04
8.125000000000000000e-01 1.000004598513534797e-04
8.126666666666666483e-01 1.000004824599644537e-04
8.128333333333332966e-01 1.000004949739485247e-04
8.129999999999999449e-01 1.000003920330957562e-04
8.131666666666665932e-01 1.000004546838861142e-04
8.133333333333333526e-01 1.000003713727221842e-04
8.135000000000000009e-01 1.000004435358494375e-04
8.136666666666666492e-01 1.000005131957166539e-04
8.138333333333332975e-01 1.000004588783260485e-04
8.139999999999999458e-01 1.000003238663652901e-04
8.141666666666665941e-01 1.000003464552703204e-04
8.143333333333333535e-01 1.000004801496631436e-04
8.145000000000000018e-01 1.000003959678164288e-04
8.146666666666666501e-01 1.000004443445103150e-04
8.148333333333332984e-01 1.000004301414692009e-04
8.149999999999999467e-01 1.000004170311462743e-04
8.151666666666665950e-01 1.000004532293778474e-04
8.153333333333333544e-01 1.000003807586127271e-04
8.155000000000000027e-01 1.000004533709037308e-04
8.156666666666666510e-01 1.000003384657168978e-04
8.158333333333332993e-01 1.000005232829197130e-04
8.159999999999999476e-01 1.000003470229492673e-04
8.161666666666665959e-01 1.000004820721240320e-04
8.163333333333333552e-01 1.000004373207152224e-04
8.165000000000000036e-01 1.000003284013462962e-04
8.166666666666666519e-01 1.000003682865390468e-04
8.168333333333333002e-01 1.000004831864883430e-04
8.169999999999999485e-01 1.000004036414697676e-04
8.171666666666665968e-01 1.000003735372388919e-04
8.173333333333333561e-01 1.000004045860786335e-04
8.175000000000000044e-01 1.000003795899687966e-04
8.176666666666666528e-01 1.000004266765141257e-04
8.178333333333333011e-01 1.000004615324412302e-04
8.179999999999999494e-01 1.000003787975401603e-04
8.181666666666665977e-01 1.000005177259518361e-04
8.183333333333333570e-01 1.000005246702057781e-04
8.185000000000000053e-01 1.000004942159889388e-04
8.186666666666666536e-01 1.000002844995380143e-04
8.188333333333333020e-01 1.000005047663619326e-04
8.189999999999999503e-01 1.000004353520658713e-04
8.191666666666665986e-01 1.000003257327250180e-04
8.193333333333333579e-01 1.000004414982024630e-04
8.195000000000000062e-01 1.000004326198343431e-04
8.196666666666666545e-01 1.000004167017571840e-04
8.198333333333333028e-01 1.000003199541658005e-04
8.199999999999999512e-01 1.000003862628157775e-04
8.201666666666665995e-01 1.000004786970924139e-04
8.203333333333333588e-01 1.000003333875909626e-04
8.205000000000000071e-01 1.000004579639443732e-04
8.206666666666666554e-01 1.000003718398921338e-04
8.208333333333333037e-01 1.000004086792554672e-04
8.209999999999999520e-01 1.000002779753734778e-04
8.211666666666666003e-01 1.000003771900479448e-04
8.213333333333333597e-01 1.000002362604866026e-04
8.215000000000000080e-01 1.000004154336636979e-04
8.216666666666666563e-01 1.000004607605748541e-04
8.218333333333333046e-01 1.000004835978658994e-04
8.219999999999999529e-01 1.000004739537122461e-04
8.221666666666666012e-01 1.000004007893527604e-04
8.223333333333333606e-01 1.000004392594138679e-04
8.225000000000000089e-01 1.000003774546610375e-04
8.226666666666666572e-01 1.000004066435085707e-04
8.228333333333333055e-01 1.000003422111491255e-04
8.229999999999999538e-01 1.000003803591455924e-04
8.231666666666666021e-01 1.000002621512418406e-04
8.233333333333332504e-01 1.000002791573860819e-04
8.235000000000000098e-01 1.000003743587320746e-04
8.236666666666666581e-01 1.000002664577451282e-04
8.238333333333333064e-01 1.000005492433173087e-04
8.239999999999999547e-01 1.000004237964563611e-04
8.241666666666666030e-01 1.000002244381545217e-04
8.243333333333332513e-01 1.000003535633622268e-04
8.245000000000000107e-01 1.000003200623506645e-04
8.246666666666666590e-01 1.000003454595968874e-04
8.248333333333333073e-01 1.000002086367401456e-04
8.249999999999999556e-01 1.000005398862258995e-04
8.251666666666666039e-01 1.000003656660791403e-04
8.253333333333332522e-01 1.000005385759207229e-04
8.255000000000000115e-01 1.000004034065073545e-04
8.256666666666666599e-01 1.000003142114257903e-04
8.258333333333333082e-01 1.000004306886855530e-04
8.259999999999999565e-01 1.000003985336451768e-04
8.261666666666666048e-01 1.000002659621409737e-04
8.263333333333332531e-01 1.000003301344407856e-04
8.265000000000000124e-01 1.000003903219493949e-04
8.266666666666666607e-01 1.000003299838176057e-04
8.268333333333333091e-01 1.000002344966061519e-04
8.269999999999999574e-01 1.000003477460705779e-04
8.271666666666666057e-01 1.000002473536112582e-04
8.273333333333332540e-01 1.000003455804758615e-04
8.275000000000000133e-01 1.000002262955554193e-04
8.276666666666666616e-01 1.000003487871192271e-04
8.278333333333333099e-01 1.000002485826946487e-04
8.279999999999999583e-01 1.000003280772320934e-04
8.281666666666666066e-01 1.000002862406023925e-04
8.283333333333332549e-01 1.000004623269464254e-04
8.285000000000000142e-01 1.000003385892792588e-04
8.286666666666666625e-01 1.000001947597388316e-04
8.288333333333333108e-01 1.000004394807661962e-04
8.289999999999999591e-01 1.000003271078813951e-04
8.291666666666666075e-01 1.000003343574836536e-04
8.293333333333332558e-01 1.000003608025116651e-04
8.295000000000000151e-01 1.000003655379070634e-04
8.296666666666666634e-01 1.000002208421814202e-04
8.298333333333333117e-01 1.000003613378609095e-04
8.299999999999999600e-01 1.000002482310240789e-04
8.301666666666666083e-01 1.000004213788797106e-04
8.303333333333332567e-01 1.000002515522696334e-04
8.305000000000000160e-01 1.000003430635541861e-04
8.306666666666666643e-01 1.000003143136647270e-04
8.308333333333333126e-01 1.000003621613351870e-04
8.309999999999999609e-01 1.000004022932921488e-04
8.311666666666666092e-01 1.000003714431987406e-04
8.313333333333332575e-01 1.000003339406791369e-04
8.315000000000000169e-01 1.000002538138236146e-04
8.316666666666666652e-01 1.000004528886431506e-04
8.318333333333333135e-01 1.000003923712162654e-04
8.319999999999999618e-01 1.000001947988281146e-04
8.321666666666666101e-01 1.000003579348143881e-04
8.323333333333332584e-01 1.000003738984874257e-04
8.325000000000000178e-01 1.000002389455132557e-04
8.326666666666666661e-01 1.000002749019028548e-04
8.328333333333333144e-01 1.000002340120393246e-04
8.329999999999999627e-01 1.000003601616782502e-04
8.331666666666666110e-01 1.000002148584321033e-04
8.333333333333332593e-01 1.000003540732975418e-04
8.335000000000000187e-01 1.000003764746114593e-04
8.336666666666666670e-01 1.000003029837829920e-04
8.338333333333333153e-01 1.000002239105214901e-04
8.339999999999999636e-01 1.000002407451755493e-04
8.341666666666666119e-01 1.000003063351961603e-04
8.343333333333332602e-01 1.000002992065855245e-04
8.345000000000000195e-01 1.000003951711410540e-04
8.346666666666666679e-01 1.000001754690697261e-04
8.348333333333333162e-01 1.000003608280536523e-04
8.349999999999999645e-01 1.000001894898250131e-04
8.351666666666666128e-01 1.000003289075536363e-04
8.353333333333332611e-01 1.000002873143397372e-04
8.355000000000000204e-01 1.000003569373025277e-04
8.356666666666666687e-01 1.000002564789073309e-04
8.358333333333333171e-01 1.000003202601464238e-04
8.359999999999999654e-01 1.000002472508906105e-04
8.361666666666666137e-01 1.000001649215736355e-04
8.363333333333332620e-01 1.000002799972266759e-04
8.365000000000000213e-01 1.000002444206988817e-04
8.366666666666666696e-01 1.000003007634038381e-04
8.368333333333333179e-01 1.000002966381099409e-04
8.369999999999999662e-01 1.000003384683144429e-04
8.371666666666666146e-01 1.000002676192951104e-04
8.373333333333332629e-01 1.000003602043833068e-04
8.375000000000000222e-01 1.000002730995768255e-04
8.376666666666666705e-01 1.000000742533064705e-04
8.378333333333333188e-01 1.000002726095472455e-04
8.379999999999999671e-01 1.000002711667167849e-04
8.381666666666666154e-01 1.000002233753339545e-04
8.383333333333332638e-01 1.000003520742178206e-04
8.385000000000000231e-01 1.000001556301713119e-04
8.386666666666666714e-01 1.000002419743613698e-04
8.388333333333333197e-01 1.000003261904466878e-04
8.389999999999999680e-01 1.000001444090225188e-04
8.391666666666666163e-01 1.000004111102803446e-04
8.393333333333332646e-01 1.000002593012697512e-04
8.395000000000000240e-01 1.000002400198387529e-04
8.396666666666666723e-01 1.000001834506258837e-04
8.398333333333333206e-01 1.000003074993015663e-04
8.399999999999999689e-01 1.000001736734783134e-04
8.401666666666666172e-01 1.000003639242378635e-04
8.403333333333332655e-01 1.000002602030613727e-04
8.405000000000000249e-01 1.000001807171532016e-04
8.406666666666666732e-01 1.000002466894564241e-04
8.408333333333333215e-01 1.000003106658881339e-04
8.409999999999999698e-01 1.000001669847044432e-04
8.411666666666666181e-01 1.000003344561776152e-04
8.413333333333332664e-01 1.000002953333227029e-04
8.415000000000000258e-01 1.000002303610857346e-04
8.416666666666666741e-01 1.000004031578167601e-04
8.418333333333333224e-01 1.000002279025727001e-04
8.419999999999999707e-01 1.000002234056257907e-04
8.421666666666666190e-01 1.000002099853173064e-04
8.423333333333332673e-01 1.000003101789323620e-04
8.425000000000000266e-01 1.000002972777905779e-04
8.426666666666666750e-01 1.000000225134670205e-04
8.428333333333333233e-01 1.000003069151777390e-04
8.429999999999999716e-01 1.000001720077991357e-04
8.431666666666666199e-01 1.000002431506280141e-04
8.433333333333332682e-01 1.000001127645106246e-04
8.434999999999999165e-01 1.000004483026168355e-04
8.436666666666666758e-01 1.000003406781231678e-04
8.438333333333333242e-01 1.000001488777650335e-04
8.439999999999999725e-01 1.000004351200296928e-04
8.441666666666666208e-01 1.000003051175395695e-04
8.443333333333332691e-01 1.000002096066087673e-04
8.444999999999999174e-01 1.000001063678368930e-04
8.446666666666666767e-01 1.000002665814066666e-04
8.448333333333333250e-01 1.000001761191397575e-04
8.449999999999999734e-01 1.000001903489649343e-04
8.451666666666666217e-01 1.000001779305871390e-04
8.453333333333332700e-01 1.000001548522669054e-04
8.454999999999999183e-01 1.000003278390353833e-04
8.456666666666666776e-01 1.000002113714834449e-04
8.458333333333333259e-01 1.000001433894099289e-04
8.459999999999999742e-01 1.000002835908243447e-04
8.461666666666666226e-01 1.000003730394705614e-04
8.463333333333332709e-01 1.000001899598168293e-04
8.464999999999999192e-01 1.000002643427746573e-04
8.466666666666666785e-01 1.000002530643418391e-04
8.468333333333333268e-01 1.000003033275466245e-04
8.469999999999999751e-01 1.000002788589453122e-04
8.471666666666666234e-01 1.000002910151837711e-04
8.473333333333332718e-01 1.000002666636278431e-04
8.474999999999999201e-01 1.000001474710892729e-04
8.476666666666666794e-01 1.000001835708142617e-04
8.478333333333333277e-01 1.000001518729290461e-04
8.479999999999999760e-01 1.000002120754431355e-04
8.481666666666666243e-01 1.000001424028247935e-04
8.483333333333332726e-01 1.000000492785712457e-04
8.484999999999999210e-01 1.000001765884380367e-04
8.486666666666666803e-01 1.000001973222108760e-04
8.488333333333333286e-01 1.000001212206596543e-04
8.489999999999999769e-01 1.000001079817938808e-04
8.491666666666666252e-01 1.000001476137889542e-04
8.493333333333332735e-01 1.000000926625619274e-04
8.494999999999999218e-01 1.000002712016144339e-04
8.496666666666666812e-01 1.000001977115372781e-04
8.498333333333333295e-01 1.000002101321293530e-04
8.499999999999999778e-01 1.000001189154346872e-04
8.501666666666666261e-01 1.000000725788235034e-04
8.503333333333332744e-01 1.000001354519200301e-04
8.504999999999999227e-01 1.000001278530655418e-04
8.506666666666666821e-01 1.000003048486548557e-04
8.508333333333333304e-01 1.000003058865558763e-04
8.509999999999999787e-01 1.000001952963927912e-04
8.511666666666666270e-01 1.000003866537553098e-04
8.513333333333332753e-01 1.000001925218243473e-04
8.514999999999999236e-01 1.000002902200670181e-04
8.516666666666666829e-01 1.000003849658447834e-04
8.518333333333333313e-01 1.000002957631569039e-04
8.519999999999999796e-01 1.000001402161398783e-04
8.521666666666666279e-01 1.000002575789345861e-04
8.523333333333332762e-01 1.000001189239168074e-04
8.524999999999999245e-01 1.000000424582909298e-04
8.526666666666666838e-01 1.000002089270029680e-04
8.528333333333333321e-01 1.000003741932426398e-04
8.529999999999999805e-01 1.000001691529226307e-04
8.531666666666666288e-01 1.000002290316370036e-04
8.533333333333332771e-01 1.000001413170833792e-04
8.534999999999999254e-01 1.000002985379149206e-04
8.536666666666666847e-01 1.000001829471467080e-04
8.538333333333333330e-01 1.000002488998994208e-04
8.539999999999999813e-01 1.000000950645099526e-04
8.541666666666666297e-01 1.000000929226949476e-04
8.543333333333332780e-01 1.000002844428000883e-04
8.544999999999999263e-01 1.000000887370308981e-04
8.546666666666666856e-01 1.000000778901719104e-04
8.548333333333333339e-01 1.000002195491199778e-04
8.549999999999999822e-01 9.999993282608065086e-05
8.551666666666666305e-01 9.999994831503328707e-05
8.553333333333332789e-01 1.000000652873826691e-04
8.554999999999999272e-01 1.000000409206605552e-04
8.556666666666666865e-01 1.000001092343252303e-04
8.558333333333333348e-01 1.000000681854394636e-04
8.559999999999999831e-01 1.000000774720127643e-04
8.561666666666666314e-01 1.000000850083474933e-04
8.563333333333332797e-01 1.000000485750432980e-04
8.564999999999999281e-01 1.000002653323680066e-04
8.566666666666666874e-01 1.000001432118878829e-04
8.568333333333333357e-01 1.000001898432359171e-04
8.569999999999999840e-01 1.000002156784561379e-04
8.571666666666666323e-01 1.000001574512116465e-04
8.573333333333332806e-01 9.999998412274132273e-05
8.574999999999999289e-01 1.000001513625078866e-04
8.576666666666666883e-01 1.000001414235263911e-04
8.578333333333333366e-01 1.000001758302738753e-04
8.579999999999999849e-01 1.000002024970527136e-04
8.581666666666666332e-01 1.000001482912287479e-04
8.583333333333332815e-01 1.000000663617869336e-04
8.584999999999999298e-01 1.000000841791610017e-04
8.586666666666666892e-01 1.000002239791021157e-04
8.588333333333333375e-01 1.000000719349658962e-04
8.589999999999999858e-01 1.000001271244300874e-04
8.591666666666666341e-01 1.000001144974506422e-04
8.593333333333332824e-01 1.000000872030125160e-04
8.594999999999999307e-01 1.000001095707398965e-04
8.596666666666666901e-01 1.000000453271891098e-04
8.598333333333333384e-01 1.000001048161979216e-04
8.599999999999999867e-01 1.000002892265809901e-04
8.601666666666666350e-01 1.000000485837776172e-04
8.603333333333332833e-01 9.999998720014808748e-05
8.604999999999999316e-01 1.000000839032285537e-04
8.606666666666666909e-01 1.000000327297412175e-04
8.608333333333333393e-01 1.000001295256119070e-04
8.609999999999999876e-01 1.000001847428846506e-04
8.611666666666666359e-01 1.000001140682860580e-04
8.613333333333332842e-01 1.000002357090204897e-04
8.614999999999999325e-01 1.000000207374637394e-04
8.616666666666666918e-01 1.000001267404884161e-04
8.618333333333333401e-01 1.000000866169378295e-04
8.619999999999999885e-01 1.000001455669095646e-04
8.621666666666666368e-01 9.999995421891077162e-05
8.623333333333332851e-01 1.000002333006236164e-04
8.624999999999999334e-01 1.000002631476532358e-04
8.626666666666666927e-01 1.000001613641361421e-04
8.628333333333333410e-01 1.000003079837442118e-04
8.629999999999999893e-01 1.000002707615805738e-04
8.631666666666666377e-01 1.000000495721178862e-04
8.633333333333332860e-01 1.000001954532041498e-04
8.634999999999999343e-01 1.000001584302786530e-04
8.636666666666665826e-01 9.999997060538983221e-05
8.638333333333333419e-01 1.000001731500884425e-04
8.639999999999999902e-01 1.000000773132134262e-04
8.641666666666666385e-01 1.000002130856762924e-04
8.643333333333332869e-01 1.000001048143651185e-04
8.644999999999999352e-01 1.000002502626156351e-04
8.646666666666665835e-01 1.000000573619941064e-04
8.648333333333333428e-01 1.000000350564755360e-04
8.649999999999999911e-01 1.000000135306984442e-04
8.651666666666666394e-01 1.000000781612235377e-04
8.653333333333332877e-01 1.000000814939678830e-04
8.654999999999999361e-01 1.000001509993652109e-04
8.656666666666665844e-01 1.000000116273714880e-04
8.658333333333333437e-01 1.000000881342156557e-04
8.659999999999999920e-01 1.000000410147021374e-04
8.661666666666666403e-01 1.000001674290987747e-04
8.663333333333332886e-01 1.000001614141277691e-04
8.664999999999999369e-01 1.000001182126471005e-04
8.666666666666665853e-01 1.000002606634757942e-04
8.668333333333333446e-01 1.000001242941412141e-04
8.669999999999999929e-01 1.000000680913787452e-04
8.671666666666666412e-01 1.000001353378760562e-04
8.673333333333332895e-01 1.000001575326136947e-04
8.674999999999999378e-01 9.999985962554764057e-05
8.676666666666665861e-01 9.999997221065726487e-05
8.678333333333333455e-01 1.000000840899822153e-04
8.679999999999999938e-01 1.000002891920384173e-04
8.681666666666666421e-01 9.999996453515841075e-05
8.683333333333332904e-01 1.000001478654139961e-04
8.684999999999999387e-01 1.000000031030885374e-04
8.686666666666665870e-01 1.000000602390935304e-04
8.688333333333333464e-01 1.000001086785365118e-04
8.689999999999999947e-01 1.000000627938020504e-04
8.691666666666666430e-01 9.999984945225600167e-05
8.693333333333332913e-01 9.999988222948804782e-05
8.694999999999999396e-01 9.999996039690295792e-05
8.696666666666665879e-01 1.000002535188074872e-04
8.698333333333333472e-01 9.999992682982699992e-05
8.699999999999999956e-01 1.000001752708861748e-04
8.701666666666666439e-01 1.000000476612885491e-04
8.703333333333332922e-01 1.000001371327551480e-04
8.704999999999999405e-01 9.999993580459829768e-05
8.706666666666665888e-01 9.999999471466602605e-05
8.708333333333333481e-01 9.999998685274400227e-05
8.709999999999999964e-01 1.000000173279874519e-04
8.711666666666666448e-01 1.000000130077622305e-04
8.713333333333332931e-01 1.000001013625020555e-04
8.714999999999999414e-01 1.000000606166752176e-04
8.716666666666665897e-01 1.000001557029737666e-04
8.718333333333333490e-01 1.000002293010175230e-04
8.719999999999999973e-01 9.999988863109859915e-05
8.721666666666666456e-01 1.000001615729915902e-04
8.723333333333332940e-01 1.000001068122972930e-04
8.724999999999999423e-01 9.999995705413197873e-05
8.726666666666665906e-01 9.999994631795398664e-05
8.728333333333333499e-01 9.999988505580733168e-05
8.729999999999999982e-01 9.999986719620796642e-05
8.731666666666666465e-01 9.999983078716101936e-05
8.733333333333332948e-01 9.999992434603672685e-05
8.734999999999999432e-01 1.000000425126251660e-04
8.736666666666665915e-01 1.000000056052676383e-04
8.738333333333333508e-01 1.000000798709982342e-04
8.739999999999999991e-01 9.999993567091858217e-05
8.741666666666666474e-01 1.000000931296429860e-04
8.743333333333332957e-01 1.000002140563178418e-04
8.744999999999999440e-01 9.999988593864078375e-05
8.746666666666665924e-01 9.999998801348880171e-05
8.748333333333333517e-01 1.000001189491987893e-04
8.750000000000000000e-01 9.999986491912633987e-05
8.751666666666666483e-01 9.999982036933454646e-05
8.753333333333332966e-01 9.999998517429601295e-05
8.754999999999999449e-01 1.000001165115425248e-04
8.756666666666665932e-01 1.000000879739276131e-04
8.758333333333333526e-01 1.000000803063973333e-04
8.760000000000000009e-01 9.999988159971718129e-05
8.761666666666666492e-01 9.999996857028635542e-05
8.763333333333332975e-01 9.999996093337828172e-05
8.764999999999999458e-01 9.999991183797788850e-05
8.766666666666665941e-01 1.000000973974165121e-04
8.768333333333333535e-01 1.000001373269675514e-04
8.770000000000000018e-01 9.999990390514257809e-05
8.771666666666666501e-01 1.000002132280090119e-04
8.773333333333332984e-01 9.999993324439703337e-05
8.774999999999999467e-01 9.999991096360784056e-05
8.776666666666665950e-01 9.999988251623667288e-05
8.778333333333333544e-01 9.999996550642000187e-05
8.780000000000000027e-01 9.999990461670829926e-05
8.781666666666666510e-01 1.000000081880086933e-04
8.783333333333332993e-01 1.000000544447894070e-04
8.784999999999999476e-01 1.000000754890989041e-04
8.786666666666665959e-01 1.000000402821760371e-04
8.788333333333333552e-01 9.999993883219621832e-05
8.790000000000000036e-01 9.999983415444162194e-05
8.791666666666666519e-01 1.000001720520777085e-04
8.793333333333333002e-01 9.999995793619296386e-05
8.794999999999999485e-01 9.999994344770330508e-05
8.796666666666665968e-01 9.999996008558923897e-05
8.798333333333333561e-01 1.000000511325384886e-04
8.800000000000000044e-01 9.999999349867727701e-05
8.801666666666666528e-01 9.999996792895163246e-05
8.803333333333333011e-01 9.999992233766391580e-05
8.804999999999999494e-01 9.999996314831136621e-05
8.806666666666665977e-01 9.999993172617177703e-05
8.808333333333333570e-01 1.000000620907034467e-04
8.810000000000000053e-01 9.999987727445246622e-05
8.811666666666666536e-01 9.999998158977913367e-05
8.813333333333333020e-01 1.000000368458298723e-04
8.814999999999999503e-01 9.999990545481899447e-05
8.816666666666665986e-01 9.999993785152665258e-05
8.818333333333333579e-01 9.999996553493338059e-05
8.820000000000000062e-01 9.999999824580906894e-05
8.821666666666666545e-01 9.999986748313426511e-05
8.823333333333333028e-01 9.999989145411332966e-05
8.824999999999999512e-01 9.999994375159984789e-05
8.826666666666665995e-01 1.000000564776422292e-04
8.828333333333333588e-01 9.999999799041147785e-05
8.830000000000000071e-01 9.999986221842354641e-05
8.831666666666666554e-01 1.000000318240343522e-04
8.833333333333333037e-01 9.999995683268317001e-05
8.834999999999999520e-01 9.999984890254980639e-05
8.836666666666666003e-01 9.999986773164375718e-05
8.838333333333332487e-01 1.000001197434622480e-04
8.840000000000000080e-01 9.999985436037670515e-05
8.841666666666666563e-01 1.000000126457316211e-04
8.843333333333333046e-01 9.999984402189840849e-05
8.844999999999999529e-01 1.000000481696226872e-04
8.846666666666666012e-01 1.000000218398314618e-04
8.848333333333332495e-01 9.999995564376800631e-05
8.850000000000000089e-01 9.999997836620807894e-05
8.851666666666666572e-01 9.999979259582910003e-05
8.853333333333333055e-01 9.999979086128424636e-05
8.854999999999999538e-01 9.999996317074890306e-05
8.856666666666666021e-01 9.999987596498421244e-05
8.858333333333332504e-01 9.999975208280918639e-05
8.860000000000000098e-01 1.000000794212623504e-04
8.861666666666666581e-01 9.999993639853895226e-05
8.863333333333333064e-01 9.999983195861398221e-05
8.864999999999999547e-01 9.999983043111165511e-05
8.866666666666666030e-01 1.000000060119534046e-04
8.868333333333332513e-01 9.999988304802733528e-05
8.870000000000000107e-01 9.999992838943541293e-05
8.871666666666666590e-01 1.000000774554987118e-04
8.873333333333333073e-01 9.999972831148626362e-05
8.874999999999999556e-01 9.999996079734293369e-05
8.876666666666666039e-01 9.999995001399130507e-05
8.878333333333332522e-01 9.999998194106000059e-05
8.880000000000000115e-01 9.999999462655412166e-05
8.881666666666666599e-01 9.999996558366778035e-05
8.883333333333333082e-01 1.000000867379862915e-04
8.884999999999999565e-01 9.999985020882194058e-05
8.886666666666666048e-01 1.000000188177299041e-04
8.888333333333332531e-01 9.999985185337882708e-05
8.890000000000000124e-01 9.999977407199766482e-05
8.891666666666666607e-01 9.999993267661465355e-05
8.893333333333333091e-01 9.999976782637182214e-05
8.894999999999999574e-01 9.999975623766839590e-05
8.896666666666666057e-01 9.999979255029443838e-05
8.898333333333332540e-01 9.999998318774718875e-05
8.900000000000000133e-01 9.999994786530005952e-05
8.901666666666666616e-01 1.000000567503276814e-04
8.903333333333333099e-01 9.999983418971811829e-05
8.904999999999999583e-01 9.999983122131942521e-05
8.906666666666666066e-01 9.999988921040938198e-05
8.908333333333332549e-01 9.999979756209549826e-05
8.910000000000000142e-01 9.999999089890398865e-05
8.911666666666666625e-01 9.999975942273724952e-05
8.913333333333333108e-01 9.999974953982861689e-05
8.914999999999999591e-01 9.999979274915865178e-05
8.916666666666666075e-01 9.999980473745393665e-05
8.918333333333332558e-01 9.999981760676289444e-05
8.920000000000000151e-01 9.999981149896367797e-05
8.921666666666666634e-01 9.999999675789403959e-05
8.923333333333333117e-01 9.999980367639880292e-05
8.924999999999999600e-01 1.000001213576521766e-04
8.926666666666666083e-01 9.999981775048431430e-05
8.928333333333332567e-01 9.999981418564524366e-05
8.930000000000000160e-01 9.999978365292064742e-05
8.931666666666666643e-01 9.999983126146573759e-05
8.933333333333333126e-01 9.999976746332454273e-05
8.934999999999999609e-01 9.999995255957444768e-05
8.936666666666666092e-01 9.999979448178172999e-05
8.938333333333332575e-01 9.999979099328210681e-05
8.940000000000000169e-01 9.999992223595373093e-05
8.941666666666666652e-01 9.999991184541055518e-05
8.943333333333333135e-01 9.999973996353070523e-05
8.944999999999999618e-01 9.999988330671343354e-05
8.946666666666666101e-01 9.999990831571982819e-05
8.948333333333332584e-01 9.999980499872530143e-05
8.950000000000000178e-01 9.999982842212468419e-05
8.951666666666666661e-01 9.999982981749298860e-05
8.953333333333333144e-01 9.999995770220049165e-05
8.954999999999999627e-01 9.999988506603287605e-05
8.956666666666666110e-01 9.999995116313102129e-05
8.958333333333332593e-01 9.999974348119256148e-05
8.960000000000000187e-01 9.999972887031944896e-05
8.961666666666666670e-01 1.000000012590276363e-04
8.963333333333333153e-01 1.000000119870984253e-04
8.964999999999999636e-01 9.999988852496554705e-05
8.966666666666666119e-01 9.999970506855046222e-05
8.968333333333332602e-01 9.999974759748173948e-05
8.970000000000000195e-01 9.999992324653076965e-05
8.971666666666666679e-01 9.999977478083809474e-05
8.973333333333333162e-01 9.999955726679854570e-05
8.974999999999999645e-01 9.999983292289942353e-05
8.976666666666666128e-01 1.000000938684530272e-04
8.978333333333332611e-01 1.000000229595422990e-04
8.980000000000000204e-01 9.999979107481600754e-05
8.981666666666666687e-01 9.999992557650164843e-05
8.983333333333333171e-01 9.999969824824913981e-05
8.984999999999999654e-01 9.999992387178392836e-05
8.986666666666666137e-01 9.999985186947742686e-05
8.988333333333332620e-01 9.999965180563637700e-05
8.990000000000000213e-01 9.999982275793855018e-05
8.991666666666666696e-01 9.999993971910026678e-05
8.993333333333333179e-01 1.000000150585754716e-04
8.994999999999999662e-01 9.999974149874435252e-05
8.996666666666666146e-01 9.999979767341599698e-05
8.998333333333332629e-01 9.999977107028806616e-05
9.000000000000000222e-01 9.999958855672638845e-05
9.001666666666666705e-01 9.999972553478818913e-05
9.003333333333333188e-01 9.999990826877143467e-05
9.004999999999999671e-01 9.999969201879796725e-05
9.006666666666666154e-01 9.999987183399875531e-05
9.008333333333332638e-01 9.999979119078847897e-05
9.010000000000000231e-01 9.999998139442067445e-05
9.011666666666666714e-01 9.999980565390452719e-05
9.013333333333333197e-01 9.999978409385432750e-05
9.014999999999999680e-01 9.999987449486966856e-05
9.016666666666666163e-01 9.999979194060927090e-05
9.018333333333332646e-01 9.999991777908705183e-05
9.020000000000000240e-01 9.999980858476686712e-05
9.021666666666666723e-01 9.999978125051107731e-05
9.023333333333333206e-01 9.999968832223672167e-05
9.024999999999999689e-01 9.999975263876285274e-05
9.026666666666666172e-01 9.999971033068470998e-05
9.028333333333332655e-01 9.999984737763087557e-05
9.030000000000000249e-01 9.999993213777238089e-05
9.031666666666666732e-01 9.999957183140131118e-05
9.033333333333333215e-01 9.999965687603392934e-05
9.034999999999999698e-01 9.999971161855833988e-05
9.036666666666666181e-01 9.999953533037928477e-05
9.038333333333332664e-01 9.999987965241269457e-05
9.039999999999999147e-01 9.999983549783510379e-05
9.041666666666666741e-01 9.999953033708024338e-05
9.043333333333333224e-01 9.999974672429779517e-05
9.044999999999999707e-01 9.999985049718097178e-05
9.046666666666666190e-01 9.999988493841746920e-05
9.048333333333332673e-01 9.999978678167038880e-05
9.049999999999999156e-01 9.999974663818301829e-05
9.051666666666666750e-01 9.999961836821442409e-05
9.053333333333333233e-01 9.999985501254327188e-05
9.054999999999999716e-01 9.999996118546316084e-05
9.056666666666666199e-01 9.999999003595901926e-05
9.058333333333332682e-01 9.999966651398681358e-05
9.059999999999999165e-01 9.999984880948702831e-05
9.061666666666666758e-01 9.999976529789455734e-05
9.063333333333333242e-01 9.999967959755946389e-05
9.064999999999999725e-01 9.999986782181307071e-05
9.066666666666666208e-01 9.999994968592879031e-05
9.068333333333332691e-01 9.999966132050186213e-05
9.069999999999999174e-01 9.999981750725770574e-05
9.071666666666666767e-01 9.999998600129947704e-05
9.073333333333333250e-01 9.999979506985576662e-05
9.074999999999999734e-01 9.999938336399961914e-05
9.076666666666666217e-01 9.999968339512029468e-05
9.078333333333332700e-01 9.999957297834517918e-05
9.079999999999999183e-01 9.999988925667825180e-05
9.081666666666666776e-01 9.999988165249092532e-05
9.083333333333333259e-01 1.000000045209038790e-04
9.084999999999999742e-01 9.999957042509805536e-05
9.086666666666666226e-01 9.999991439694051959e-05
9.088333333333332709e-01 9.999977678930031181e-05
9.089999999999999192e-01 9.999965536551317627e-05
9.091666666666666785e-01 9.999956249503304413e-05
9.093333333333333268e-01 9.999953883186354356e-05
9.094999999999999751e-01 9.999985062303879204e-05
9.096666666666666234e-01 9.999969401641789154e-05
9.098333333333332718e-01 9.999984169985326444e-05
9.099999999999999201e-01 9.999986011410602594e-05
9.101666666666666794e-01 9.999948670411340198e-05
9.103333333333333277e-01 9.999990523016082534e-05
9.104999999999999760e-01 9.999962452881570939e-05
9.106666666666666243e-01 9.999960802470109255e-05
9.108333333333332726e-01 9.999957080147569535e-05
9.109999999999999210e-01 9.999958705506096503e-05
9.111666666666666803e-01 9.999974347635962187e-05
9.113333333333333286e-01 9.999948746212692697e-05
9.114999999999999769e-01 9.999940359212868674e-05
9.116666666666666252e-01 9.999977653165148333e-05
9.118333333333332735e-01 9.999941240305794074e-05
9.119999999999999218e-01 9.999979225242867529e-05
9.121666666666666812e-01 9.999960578680449762e-05
9.123333333333333295e-01 9.999996244502201074e-05
9.124999999999999778e-01 9.999971044331687649e-05
9.126666666666666261e-01 9.999954814809268748e-05
9.128333333333332744e-01 9.999969839816850981e-05
9.129999999999999227e-01 9.999948493736454539e-05
9.131666666666666821e-01 9.999955417191414377e-05
9.133333333333333304e-01 9.999969287824077388e-05
9.134999999999999787e-01 9.999971282273049141e-05
9.136666666666666270e-01 9.999981448292381641e-05
9.138333333333332753e-01 9.999978726392827206e-05
9.139999999999999236e-01 9.999977968311409471e-05
9.141666666666666829e-01 9.999953905171581037e-05
9.143333333333333313e-01 9.999969928098544135e-05
9.144999999999999796e-01 9.999950979329440043e-05
9.146666666666666279e-01 9.999938416423238331e-05
9.148333333333332762e-01 9.999954523261842898e-05
9.149999999999999245e-01 9.999984423002757669e-05
9.151666666666666838e-01 9.999961739526132850e-05
9.153333333333333321e-01 9.999966701506383092e-05
9.154999999999999805e-01 9.999947534245013704e-05
9.156666666666666288e-01 9.999983742655121530e-05
9.158333333333332771e-01 9.999974749781626504e-05
9.159999999999999254e-01 9.999960926553772250e-05
9.161666666666666847e-01 9.999972975628070233e-05
9.163333333333333330e-01 9.999949454033292247e-05
9.164999999999999813e-01 9.999958225150349734e-05
9.166666666666666297e-01 9.999960142442656640e-05
9.168333333333332780e-01 9.999980712549696061e-05
9.169999999999999263e-01 9.999973356790000322e-05
9.171666666666666856e-01 9.999955163028450373e-05
9.173333333333333339e-01 9.999947165648820097e-05
9.174999999999999822e-01 9.999959020371107466e-05
9.176666666666666305e-01 9.999985518625551276e-05
9.178333333333332789e-01 9.999980081730682499e-05
9.179999999999999272e-01 9.999937501116741285e-05
9.181666666666666865e-01 9.999976415680672276e-05
9.183333333333333348e-01 9.999939027436205170e-05
9.184999999999999831e-01 9.999978899876836753e-05
9.186666666666666314e-01 9.999970199723672395e-05
9.188333333333332797e-01 9.999978554229771639e-05
9.189999999999999281e-01 9.999957384713668168e-05
9.191666666666666874e-01 9.999965149151941268e-05
9.193333333333333357e-01 9.999923304155753018e-05
9.194999999999999840e-01 9.999953711379624543e-05
9.196666666666666323e-01 9.999946388464149040e-05
9.198333333333332806e-01 9.999955321130202007e-05
9.199999999999999289e-01 9.999960436518260352e-05
9.201666666666666883e-01 9.999935479122048023e-05
9.203333333333333366e-01 9.999949036083798331e-05
9.204999999999999849e-01 9.999959987607476048e-05
9.206666666666666332e-01 9.999932409914070249e-05
9.208333333333332815e-01 9.999970077610767754e-05
9.209999999999999298e-01 9.999963994967884997e-05
9.211666666666666892e-01 9.999982025366333416e-05
9.213333333333333375e-01 9.999982786141673710e-05
9.214999999999999858e-01 9.999975933013903852e-05
9.216666666666666341e-01 9.999948825268379661e-05
9.218333333333332824e-01 9.999948016481097722e-05
9.219999999999999307e-01 9.999971520839871959e-05
9.221666666666666901e-01 9.999963354258907967e-05
9.223333333333333384e-01 9.999968820816070958e-05
9.224999999999999867e-01 9.999941604698298688e-05
9.226666666666666350e-01 9.999994885917104709e-05
9.228333333333332833e-01 9.999972115984351448e-05
9.229999999999999316e-01 9.999949577055555197e-05
9.231666666666666909e-01 9.999936924850712575e-05
9.233333333333333393e-01 9.999959403140903957e-05
9.234999999999999876e-01 9.999941954163269267e-05
9.236666666666666359e-01 9.999987365895269382e-05
9.238333333333332842e-01 9.999994074752100999e-05
9.239999999999999325e-01 9.999938785116663188e-05
9.241666666666665808e-01 9.999940135885900590e-05
9.243333333333333401e-01 9.999972858183263098e-05
9.244999999999999885e-01 9.999949989845305224e-05
9.246666666666666368e-01 9.999981750994365399e-05
9.248333333333332851e-01 9.999985651722705993e-05
9.249999999999999334e-01 9.999929977638619865e-05
9.251666666666665817e-01 9.999960860090720825e-05
9.253333333333333410e-01 9.999918527833292104e-05
9.254999999999999893e-01 9.999973381909036134e-05
9.256666666666666377e-01 9.999942368007872114e-05
9.258333333333332860e-01 9.999952543801349540e-05
9.259999999999999343e-01 9.999944702446093457e-05
9.261666666666665826e-01 9.999961188130799378e-05
9.263333333333333419e-01 9.999936611365339389e-05
9.264999999999999902e-01 9.999935349904643018e-05
9.266666666666666385e-01 9.999944763034068795e-05
9.268333333333332869e-01 9.999955432796550376e-05
9.269999999999999352e-01 9.999962150622325203e-05
9.271666666666665835e-01 9.999944843651870183e-05
9.273333333333333428e-01 9.999909944847605451e-05
9.274999999999999911e-01 9.999948337786402405e-05
9.276666666666666394e-01 9.999940634704527511e-05
9.278333333333332877e-01 9.999945030710155982e-05
9.279999999999999361e-01 9.999933034169159872e-05
9.281666666666665844e-01 9.999939557125353074e-05
9.283333333333333437e-01 9.999957417749522493e-05
9.284999999999999920e-01 9.999966280313740967e-05
9.286666666666666403e-01 9.999986455440464572e-05
9.288333333333332886e-01 9.999932230464375128e-05
9.289999999999999369e-01 9.999938095201905107e-05
9.291666666666665853e-01 9.999953261584284409e-05
9.293333333333333446e-01 9.999968311654445336e-05
9.294999999999999929e-01 9.999980010102078572e-05
9.296666666666666412e-01 9.999983148357418847e-05
9.298333333333332895e-01 9.999941802641456592e-05
9.299999999999999378e-01 9.999948106029195934e-05
9.301666666666665861e-01 9.999943838306986506e-05
9.303333333333333455e-01 9.999971606531925185e-05
9.304999999999999938e-01 9.999942212412713232e-05
9.306666666666666421e-01 9.999909904538628862e-05
9.308333333333332904e-01 9.999968789244124024e-05
9.309999999999999387e-01 9.999930616202090900e-05
9.311666666666665870e-01 9.999957367680624356e-05
9.313333333333333464e-01 9.999943270707622729e-05
9.314999999999999947e-01 9.999950729778565015e-05
9.316666666666666430e-01 9.999932179582260309e-05
9.318333333333332913e-01 9.999937396452281677e-05
9.319999999999999396e-01 9.999956962431564135e-05
9.321666666666665879e-01 9.999954953741098114e-05
9.323333333333333472e-01 9.999953654262790223e-05
9.324999999999999956e-01 9.999958247460931935e-05
9.326666666666666439e-01 9.999955105991153125e-05
9.328333333333332922e-01 9.999930602509089089e-05
9.329999999999999405e-01 9.999932277220458291e-05
9.331666666666665888e-01 9.999962353700378437e-05
9.333333333333333481e-01 9.999959651846026751e-05
9.334999999999999964e-01 9.999947179300629002e-05
9.336666666666666448e-01 9.999960110976400445e-05
9.338333333333332931e-01 9.999936017272390996e-05
9.339999999999999414e-01 9.999925661151896959e-05
9.341666666666665897e-01 9.999976845689043580e-05
9.343333333333333490e-01 9.999932035765967341e-05
9.344999999999999973e-01 9.999946505267206067e-05
9.346666666666666456e-01 9.999940000412874022e-05
9.348333333333332940e-01 9.999963547034672936e-05
9.349999999999999423e-01 9.999949256646220282e-05
9.351666666666665906e-01 9.999934277419180492e-05
9.353333333333333499e-01 9.999970621814981240e-05
9.354999999999999982e-01 9.999932193686325175e-05
9.356666666666666465e-01 9.999948286832616401e-05
9.358333333333332948e-01 9.999929965830958896e-05
9.359999999999999432e-01 9.999940884674961674e-05
9.361666666666665915e-01 9.999950315602643537e-05
9.363333333333333508e-01 9.999956272801819766e-05
9.364999999999999991e-01 9.999978804026542364e-05
9.366666666666666474e-01 9.999958702433436376e-05
9.368333333333332957e-01 9.999960608645836759e-05
9.369999999999999440e-01 9.999913674288185865e-05
9.371666666666665924e-01 9.999960807951519665e-05
9.373333333333333517e-01 9.999933819615516536e-05
9.375000000000000000e-01 9.999934247759507337e-05
9.376666666666666483e-01 9.999948465039124653e-05
9.378333333333332966e-01 9.999906609708536780e-05
9.379999999999999449e-01 9.999959022503657246e-05
9.381666666666665932e-01 9.999949154936351185e-05
9.383333333333333526e-01 9.999940661000224901e-05
9.385000000000000009e-01 9.999958784466357413e-05
9.386666666666666492e-01 9.999944318491376478e-05
9.388333333333332975e-01 9.999941843391826793e-05
9.389999999999999458e-01 9.999966210904733346e-05
9.391666666666665941e-01 9.999915857445294191e-05
9.393333333333333535e-01 9.999951778651882317e-05
9.395000000000000018e-01 9.999955310522080638e-05
9.396666666666666501e-01 9.999947750308072533e-05
9.398333333333332984e-01 9.999958814036640810e-05
9.399999999999999467e-01 9.999937713639016725e-05
9.401666666666665950e-01 9.999950076368259823e-05
9.403333333333333544e-01 9.999953795798608932e-05
9.405000000000000027e-01 9.999935968347017153e-05
9.406666666666666510e-01 9.999932755555425684e-05
9.408333333333332993e-01 9.999948354258401408e-05
9.409999999999999476e-01 9.999906720063359662e-05
9.411666666666665959e-01 9.999928465126696974e-05
9.413333333333333552e-01 9.999952409345587857e-05
9.415000000000000036e-01 9.999961439749682985e-05
9.416666666666666519e-01 9.999934496849736032e-05
9.418333333333333002e-01 9.999939444026657083e-05
9.419999999999999485e-01 9.999933911986282249e-05
9.421666666666665968e-01 9.999943407368094622e-05
9.423333333333333561e-01 9.999965944359909481e-05
9.425000000000000044e-01 9.999942053249947799e-05
9.426666666666666528e-01 9.999969325998644791e-05
9.428333333333333011e-01 9.999950408408496872e-05
9.429999999999999494e-01 9.999950927732566297e-05
9.431666666666665977e-01 9.999958243256206174e-05
9.433333333333333570e-01 9.999981024069692600e-05
9.435000000000000053e-01 9.999913234332515771e-05
9.436666666666666536e-01 9.999911660295747603e-05
9.438333333333333020e-01 9.999940378180375818e-05
9.439999999999999503e-01 9.999902033788904963e-05
9.441666666666665986e-01 9.999946967857247209e-05
9.443333333333332469e-01 9.999918631897266339e-05
9.445000000000000062e-01 9.999944083580511846e-05
9.446666666666666545e-01 9.999934387484086357e-05
9.448333333333333028e-01 9.999942542699143491e-05
9.449999999999999512e-01 9.999936834833976105e-05
9.451666666666665995e-01 9.999951189302672149e-05
9.453333333333332478e-01 9.999930608649160451e-05
9.455000000000000071e-01 9.999938746867050021e-05
9.456666666666666554e-01 9.999903506082654552e-05
9.458333333333333037e-01 9.999920242128554652e-05
9.459999999999999520e-01 9.999929748161376722e-05
9.461666666666666003e-01 9.999934247756235757e-05
9.463333333333332487e-01 9.999923073457940819e-05
9.465000000000000080e-01 9.999900684969461511e-05
9.466666666666666563e-01 9.999934682803305198e-05
9.468333333333333046e-01 9.999949022566888572e-05
9.469999999999999529e-01 9.999928827417715557e-05
9.471666666666666012e-01 9.999984317478124583e-05
9.473333333333332495e-01 9.999948289357521328e-05
9.475000000000000089e-01 9.999939381952850431e-05
9.476666666666666572e-01 9.999932063519155001e-05
9.478333333333333055e-01 9.999930793759408707e-05
9.479999999999999538e-01 9.999920695831114115e-05
9.481666666666666021e-01 9.999935695148359175e-05
9.483333333333332504e-01 9.999954732221896206e-05
9.485000000000000098e-01 9.999937673885414568e-05
9.486666666666666581e-01 9.999905554522689499e-05
9.488333333333333064e-01 9.999917818740028939e-05
9.489999999999999547e-01 9.999927887855965215e-05
9.491666666666666030e-01 9.999937985445617389e-05
9.493333333333332513e-01 9.999901532827517789e-05
9.495000000000000107e-01 9.999920331349401346e-05
9.496666666666666590e-01 9.999915837622427427e-05
9.498333333333333073e-01 9.999939077478297764e-05
9.499999999999999556e-01 9.999939262848243611e-05
9.501666666666666039e-01 9.999931245469288602e-05
9.503333333333332522e-01 9.999891729724333161e-05
9.505000000000000115e-01 9.999928962476266542e-05
9.506666666666666599e-01 9.999907179305060590e-05
9.508333333333333082e-01 9.999919762783844026e-05
9.509999999999999565e-01 9.999924343618452960e-05
9.511666666666666048e-01 9.999899862319639712e-05
9.513333333333332531e-01 9.999907736753160044e-05
9.515000000000000124e-01 9.999903624365400888e-05
9.516666666666666607e-01 9.999974199345931217e-05
9.518333333333333091e-01 9.999954494432009954e-05
9.519999999999999574e-01 9.999933419941059323e-05
9.521666666666666057e-01 9.999940691899866199e-05
9.523333333333332540e-01 9.999959460206483974e-05
9.525000000000000133e-01 9.999911444340476088e-05
9.526666666666666616e-01 9.999921465845538788e-05
9.528333333333333099e-01 9.999921899103693618e-05
9.529999999999999583e-01 9.999919177077360713e-05
9.531666666666666066e-01 9.999936570278168560e-05
9.533333333333332549e-01 9.999906453088140061e-05
9.535000000000000142e-01 9.999924181339853114e-05
9.536666666666666625e-01 9.999921866546926548e-05
9.538333333333333108e-01 9.999916596574237246e-05
9.539999999999999591e-01 9.999919013771507768e-05
9.541666666666666075e-01 9.999939760488460677e-05
9.543333333333332558e-01 9.999959750495297469e-05
9.545000000000000151e-01 9.999909384914590512e-05
9.546666666666666634e-01 9.999915458549483874e-05
9.548333333333333117e-01 9.999937838233668270e-05
9.549999999999999600e-01 9.999938626928684955e-05
9.551666666666666083e-01 9.999907157179341636e-05
9.553333333333332567e-01 9.999915501753850824e-05
9.555000000000000160e-01 9.999896035034234066e-05
9.556666666666666643e-01 9.999916357532998728e-05
9.558333333333333126e-01 9.999923707921926888e-05
9.559999999999999609e-01 9.999941356712647035e-05
9.561666666666666092e-01 9.999897468899880996e-05
9.563333333333332575e-01 9.999904237865415025e-05
9.565000000000000169e-01 9.999913111668333628e-05
9.566666666666666652e-01 9.999945124692414752e-05
9.568333333333333135e-01 9.999909368255313201e-05
9.569999999999999618e-01 9.999947764318339004e-05
9.571666666666666101e-01 9.999952303781534536e-05
9.573333333333332584e-01 9.999889298993744834e-05
9.575000000000000178e-01 9.999909090690883428e-05
9.576666666666666661e-01 9.999888805483234870e-05
9.578333333333333144e-01 9.999947082267741092e-05
9.579999999999999627e-01 9.999904089491899132e-05
9.581666666666666110e-01 9.999918586666230083e-05
9.583333333333332593e-01 9.999908083882993602e-05
9.585000000000000187e-01 9.999951099425559236e-05
9.586666666666666670e-01 9.999907659486595045e-05
9.588333333333333153e-01 9.999945205219629694e-05
9.589999999999999636e-01 9.999934680588192068e-05
9.591666666666666119e-01 9.999918429780977681e-05
9.593333333333332602e-01 9.999919723309613664e-05
9.595000000000000195e-01 9.999902900263495879e-05
9.596666666666666679e-01 9.999945953189187079e-05
9.598333333333333162e-01 9.999909434016162116e-05
9.599999999999999645e-01 9.999875807546688890e-05
9.601666666666666128e-01 9.999881235322708600e-05
9.603333333333332611e-01 9.999940569081246233e-05
9.605000000000000204e-01 9.999905679108767715e-05
9.606666666666666687e-01 9.999920460626034961e-05
9.608333333333333171e-01 9.999982927820860539e-05
9.609999999999999654e-01 9.999934296077253625e-05
9.611666666666666137e-01 9.999916487356525603e-05
9.613333333333332620e-01 9.999940144008396322e-05
9.615000000000000213e-01 9.999918566737828435e-05
9.616666666666666696e-01 9.999953294024148734e-05
9.618333333333333179e-01 9.999915269830887460e-05
9.619999999999999662e-01 9.999946416119357350e-05
9.621666666666666146e-01 9.999957797466662386e-05
9.623333333333332629e-01 9.999943218673312709e-05
9.625000000000000222e-01 9.999904903314430090e-05
9.626666666666666705e-01 9.999895587612758654e-05
9.628333333333333188e-01 9.999921704530717180e-05
9.629999999999999671e-01 9.999945357029850989e-05
9.631666666666666154e-01 9.999881819074566487e-05
9.633333333333332638e-01 9.999904714465143946e-05
9.635000000000000231e-01 9.999910506357332241e-05
9.636666666666666714e-01 9.999901155457845007e-05
9.638333333333333197e-01 9.999914796568069907e-05
9.639999999999999680e-01 9.999913532649553618e-05
9.641666666666666163e-01 9.999893141762254104e-05
9.643333333333332646e-01 9.999908596256774159e-05
9.644999999999999130e-01 9.999902925417592078e-05
9.646666666666666723e-01 9.999910054658795811e-05
9.648333333333333206e-01 9.999942599589557095e-05
9.649999999999999689e-01 9.999922279689439370e-05
9.651666666666666172e-01 9.999912748952050295e-05
9.653333333333332655e-01 9.999863219308622480e-05
9.654999999999999138e-01 9.999913376592612702e-05
9.656666666666666732e-01 9.999900489669129072e-05
9.658333333333333215e-01 9.999900577825286522e-05
9.659999999999999698e-01 9.999873507894773057e-05
9.661666666666666181e-01 9.999946337549138172e-05
9.663333333333332664e-01 9.999888459719845704e-05
9.664999999999999147e-01 9.999905200046146166e-05
9.666666666666666741e-01 9.999909859232996787e-05
9.668333333333333224e-01 9.999906634114965806e-05
9.669999999999999707e-01 9.999901957654473358e-05
9.671666666666666190e-01 9.999906472201239294e-05
9.673333333333332673e-01 9.999939238879593738e-05
9.674999999999999156e-01 9.999890275330128536e-05
9.676666666666666750e-01 9.999939650868279635e-05
9.678333333333333233e-01 9.999892406783379467e-05
9.679999999999999716e-01 9.999935057906019658e-05
9.681666666666666199e-01 9.999904610232905600e-05
9.683333333333332682e-01 9.999909047758525184e-05
9.684999999999999165e-01 9.999880744864899956e-05
9.686666666666666758e-01 9.999895983707543501e-05
9.688333333333333242e-01 9.999929232541504348e-05
9.689999999999999725e-01 9.999959431877533461e-05
9.691666666666666208e-01 9.999918956097652385e-05
9.693333333333332691e-01 9.999962355325078432e-05
9.694999999999999174e-01 9.999880069427787574e-05
9.696666666666666767e-01 9.999905179365100856e-05
9.698333333333333250e-01 9.999931649296511186e-05
9.699999999999999734e-01 9.999876989314279577e-05
9.701666666666666217e-01 9.999897985669473880e-05
9.703333333333332700e-01 9.999916357841660245e-05
9.704999999999999183e-01 9.999908810213736386e-05
9.706666666666666776e-01 9.999903085553038648e-05
9.708333333333333259e-01 9.999909563340885518e-05
9.709999999999999742e-01 9.999922048377789848e-05
9.711666666666666226e-01 9.999889752594981539e-05
9.713333333333332709e-01 9.999888958147978239e-05
9.714999999999999192e-01 9.999926097999198727e-05
9.716666666666666785e-01 9.999914472853602945e-05
9.718333333333333268e-01 9.999906818933936372e-05
9.719999999999999751e-01 9.999926669620232925e-05
9.721666666666666234e-01 9.999927446231026285e-05
9.723333333333332718e-01 9.999904926826278483e-05
9.724999999999999201e-01 9.999888827432775037e-05
9.726666666666666794e-01 9.999892026528090405e-05
9.728333333333333277e-01 9.999882546852116084e-05
9.729999999999999760e-01 9.999915623623854876e-05
9.731666666666666243e-01 9.999936259387236963e-05
9.733333333333332726e-01 9.999874592396429287e-05
9.734999999999999210e-01 9.999914901354170222e-05
9.736666666666666803e-01 9.999888009610414911e-05
9.738333333333333286e-01 9.999924921355611205e-05
9.739999999999999769e-01 9.999911444843049874e-05
9.741666666666666252e-01 9.999926098356099109e-05
9.743333333333332735e-01 9.999911648310835842e-05
9.744999999999999218e-01 9.999893601346741812e-05
9.746666666666666812e-01 9.999869971651633653e-05
9.748333333333333295e-01 9.999940061576987618e-05
9.749999999999999778e-01 9.999902992633788608e-05
9.751666666666666261e-01 9.999898450655493403e-05
9.753333333333332744e-01 9.999909585540156748e-05
9.754999999999999227e-01 9.999885609219009899e-05
9.756666666666666821e-01 9.999885966298358085e-05
9.758333333333333304e-01 9.999912617484916296e-05
9.759999999999999787e-01 9.999893727773402294e-05
9.761666666666666270e-01 9.999913998093938584e-05
9.763333333333332753e-01 9.999886729151482396e-05
9.764999999999999236e-01 9.999900831263457308e-05
9.766666666666666829e-01 9.999876050649977584e-05
9.768333333333333313e-01 9.999915899049823258e-05
9.769999999999999796e-01 9.999889347167075393e-05
9.771666666666666279e-01 9.999885305319156212e-05
9.773333333333332762e-01 9.999903760953331524e-05
9.774999999999999245e-01 9.999925890708205546e-05
9.776666666666666838e-01 9.999905115902313314e-05
9.778333333333333321e-01 9.999894172758400307e-05
9.779999999999999805e-01 9.999903966494593161e-05
9.781666666666666288e-01 9.999904755978635267e-05
9.783333333333332771e-01 9.999879691108581371e-05
9.784999999999999254e-01 9.999881770975582382e-05
9.786666666666666847e-01 9.999909009767452223e-05
9.788333333333333330e-01 9.999897728385112150e-05
9.789999999999999813e-01 9.999892507145106860e-05
9.791666666666666297e-01 9.999899779009857842e-05
9.793333333333332780e-01 9.999883620200355528e-05
9.794999999999999263e-01 9.999932941034023496e-05
9.796666666666666856e-01 9.999920921602245235e-05
9.798333333333333339e-01 9.999857941386339232e-05
9.799999999999999822e-01 9.999911441539834154e-05
9.801666666666666305e-01 9.999926846834040247e-05
9.803333333333332789e-01 9.999855605328043372e-05
9.804999999999999272e-01 9.999879759596727298e-05
9.806666666666666865e-01 9.999904191570447112e-05
9.808333333333333348e-01 9.999941516858373196e-05
9.809999999999999831e-01 9.999909245552766565e-05
9.811666666666666314e-01 9.999911152260811326e-05
9.813333333333332797e-01 9.999898685041591986e-05
9.814999999999999281e-01 9.999903533181343242e-05
9.816666666666666874e-01 9.999887799641606350e-05
9.818333333333333357e-01 9.999904220645129498e-05
9.819999999999999840e-01 9.999872542412025596e-05
9.821666666666666323e-01 9.999858392195354188e-05
9.823333333333332806e-01 9.999895695409201867e-05
9.824999999999999289e-01 9.999855396017098873e-05
9.826666666666666883e-01 9.999866787818447952e-05
9.828333333333333366e-01 9.999878819876076286e-05
9.829999999999999849e-01 9.999891742505652404e-05
9.831666666666666332e-01 9.999909752541741835e-05
9.833333333333332815e-01 9.999873643140972334e-05
9.834999999999999298e-01 9.999887188910526654e-05
9.836666666666666892e-01 9.999939985263616576e-05
9.838333333333333375e-01 9.999871011456396670e-05
9.839999999999999858e-01 9.999877174353512591e-05
9.841666666666666341e-01 9.999859146498015644e-05
9.843333333333332824e-01 9.999886764530266446e-05
9.844999999999999307e-01 9.999858464865463050e-05
9.846666666666665790e-01 9.999873812723485784e-05
9.848333333333333384e-01 9.999907539227785894e-05
9.849999999999999867e-01 9.999910829569042458e-05
9.851666666666666350e-01 9.999871043032614005e-05
9.853333333333332833e-01 9.999898399740838966e-05
9.854999999999999316e-01 9.999914619173280782e-05
9.856666666666665799e-01 9.999889960197682844e-05
9.858333333333333393e-01 9.999869265998995280e-05
9.859999999999999876e-01 9.999888172382351140e-05
9.861666666666666359e-01 9.999881289857623866e-05
9.863333333333332842e-01 9.999914245677873003e-05
9.864999999999999325e-01 9.999853774419325007e-05
9.866666666666665808e-01 9.999877709269563931e-05
9.868333333333333401e-01 9.999867649094576765e-05
9.869999999999999885e-01 9.999891194406870874e-05
9.871666666666666368e-01 9.999904002652833192e-05
9.873333333333332851e-01 9.999851076376392546e-05
9.874999999999999334e-01 9.999893411215921924e-05
9.876666666666665817e-01 9.999891296232492105e-05
9.878333333333333410e-01 9.999876683580743216e-05
9.879999999999999893e-01 9.999914937645328018e-05
9.881666666666666377e-01 9.999879238517631356e-05
9.883333333333332860e-01 9.999869151417533557e-05
9.884999999999999343e-01 9.999907946856664463e-05
9.886666666666665826e-01 9.999896297378075378e-05
9.888333333333333419e-01 9.999876547170459106e-05
9.889999999999999902e-01 9.999876176132747917e-05
9.891666666666666385e-01 9.999910036001965444e-05
9.893333333333332869e-01 9.999883008708466774e-05
9.894999999999999352e-01 9.999837438440943355e-05
9.896666666666665835e-01 9.999885518581185504e-05
9.898333333333333428e-01 9.999906874735731035e-05
9.899999999999999911e-01 9.999909650258045186e-05
9.901666666666666394e-01 9.999917378528161871e-05
9.903333333333332877e-01 9.999898345154375307e-05
9.904999999999999361e-01 9.999867401873710482e-05
9.906666666666665844e-01 9.999890175939224230e-05
9.908333333333333437e-01 9.999882204183729742e-05
9.909999999999999920e-01 9.999892013442670071e-05
9.911666666666666403e-01 9.999875261162433505e-05
9.913333333333332886e-01 9.999920857660442265e-05
9.914999999999999369e-01 9.999859626286651494e-05
9.916666666666665853e-01 9.999854535938883357e-05
9.918333333333333446e-01 9.999876108353285319e-05
9.919999999999999929e-01 9.999911439946810481e-05
9.921666666666666412e-01 9.999876067552269324e-05
9.923333333333332895e-01 9.999877975164149740e-05
9.924999999999999378e-01 9.999889657778047016e-05
9.926666666666665861e-01 9.999866772840349438e-05
9.928333333333333455e-01 9.999900466796332479e-05
9.929999999999999938e-01 9.999884703805487693e-05
9.931666666666666421e-01 9.999902211538487051e-05
9.933333333333332904e-01 9.999870500087591567e-05
9.934999999999999387e-01 9.999882689157527245e-05
9.936666666666665870e-01 9.999862734355709421e-05
9.938333333333333464e-01 9.999905991514718704e-05
9.939999999999999947e-01 9.999864068052616945e-05
9.941666666666666430e-01 9.999902168995080916e-05
9.943333333333332913e-01 9.999880846271585468e-05
9.944999999999999396e-01 9.999905847748763888e-05
9.946666666666665879e-01 9.999856536164751270e-05
9.948333333333333472e-01 9.999896143285773851e-05
9.949999999999999956e-01 9.999872067142592412e-05
9.951666666666666439e-01 9.999856380503419464e-05
9.953333333333332922e-01 9.999902082459407270e-05
9.954999999999999405e-01 9.999865252684324182e-05
9.956666666666665888e-01 9.999864530075116198e-05
9.958333333333333481e-01 9.999855572078168893e-05
9.959999999999999964e-01 9.999859413077258861e-05
9.961666666666666448e-01 9.999854993583138423e-05
9.963333333333332931e-01 9.999876239009895524e-05
9.964999999999999414e-01 9.999859733126854140e-05
9.966666666666665897e-01 9.999847820122705717e-05
9.968333333333333490e-01 9.999853378475027422e-05
9.969999999999999973e-01 9.999890997052438815e-05
9.971666666666666456e-01 9.999895286364816047e-05
9.973333333333332940e-01 9.999857815084817365e-05
9.974999999999999423e-01 9.999837764950345281e-05
9.976666666666665906e-01 9.999901026082862058e-05
9.978333333333333499e-01 9.999899468768834974e-05
9.979999999999999982e-01 9.999890038618313294e-05
9.981666666666666465e-01 9.999828393077682593e-05
9.983333333333332948e-01 9.999858690236107506e-05
9.984999999999999432e-01 9.999872920993629053e-05
9.986666666666665915e-01 9.999917638926243820e-05
9.988333333333333508e-01 9.999895752704855006e-05
9.989999999999999991e-01 9.999872626714116728e-05
9.991666666666666474e-01 9.999856930044302369e-05
9.993333333333332957e-01 9.999867723819739346e-05
9.994999999999999440e-01 9.999850010584356485e-05
9.996666666666665924e-01 9.999884281880971155e-05
9.998333333333333517e-01 9.999862791478031159e-05
